# IPC-compatible surface mesh — generated by stanford2ipc.py
# vertices 11625  faces 20707

v 0.09600000083 0.05206238106 0.09854066372
v -0.03575000167 0.04960532859 0.05132688582
v -0.03525000066 0.04964176193 0.05168710649
v -0.03475000337 0.04962961748 0.05156703293
v -0.03425000235 0.04965390638 0.05180720985
v -0.02575000189 0.0495810397 0.0510867238
v -0.02525000088 0.04960532859 0.05132688582
v -0.02475000173 0.04960532859 0.05132688582
v -0.02425000072 0.04960532859 0.05132688582
v -0.02375000156 0.04959318414 0.05120679736
v -0.02325000055 0.0495810397 0.0510867238
v -0.03650000319 0.0502967611 0.05120463669
v -0.03600000218 0.05034511536 0.05168496072
v -0.03550000116 0.05035720766 0.05180504918
v -0.03500000015 0.05036929622 0.05192515254
v -0.03450000286 0.05036929622 0.05192515254
v -0.03400000185 0.05038138479 0.0520452112
v -0.02650000155 0.0502484031 0.05072429776
v -0.02600000054 0.0503330268 0.05156487226
v -0.02550000139 0.05034511536 0.05168496072
v -0.02500000037 0.05035720766 0.05180504918
v -0.02450000122 0.0503330268 0.05156487226
v -0.02400000021 0.0503330268 0.05156487226
v -0.02350000106 0.05032093823 0.05144481361
v -0.02300000191 0.05030884966 0.05132472515
v -0.03674999997 0.05103644356 0.0515627265
v -0.03625000268 0.05107254535 0.05192300677
v -0.03575000167 0.05108457804 0.05204306543
v -0.03525000066 0.05109661445 0.05216315389
v -0.03475000337 0.05109661445 0.05216315389
v -0.03425000235 0.05108457804 0.05204306543
v -0.03375000134 0.05108457804 0.05204306543
v -0.02675000206 0.05102441087 0.05144265294
v -0.02625000104 0.05106051266 0.05180290341
v -0.02575000189 0.05107254535 0.05192300677
v -0.02525000088 0.05107254535 0.05192300677
v -0.02475000173 0.05107254535 0.05192300677
v -0.02425000072 0.05106051266 0.05180290341
v -0.02375000156 0.05103644356 0.0515627265
v -0.02325000055 0.05102441087 0.05144265294
v -0.0227500014 0.05102441087 0.05144265294
v -0.03700000048 0.05175184086 0.05168065429
v -0.03650000319 0.05178777501 0.05204091966
v -0.03600000218 0.05179975182 0.05216100812
v -0.03550000116 0.05181173235 0.05228111148
v -0.03500000015 0.05179975182 0.05216100812
v -0.03450000286 0.05179975182 0.05216100812
v -0.03400000185 0.05179975182 0.05216100812
v -0.02750000171 0.05169194937 0.0510802418
v -0.0270000007 0.05175184086 0.05168065429
v -0.02650000155 0.0517757982 0.0519208461
v -0.02600000054 0.05178777501 0.05204091966
v -0.02550000139 0.05178777501 0.05204091966
v -0.02500000037 0.05178777501 0.05204091966
v -0.02450000122 0.05178777501 0.05204091966
v -0.02400000021 0.05175184086 0.05168065429
v -0.02350000106 0.05173986033 0.05156056583
v -0.02300000191 0.05171590298 0.05132041872
v -0.037750002 0.05240750313 0.05119815469
v -0.03725000098 0.05247903988 0.05191870034
v -0.03674999997 0.05250288546 0.05215886235
v -0.03625000268 0.05251481012 0.05227896571
v -0.03575000167 0.05252673104 0.05239905417
v -0.03525000066 0.05251481012 0.05227896571
v -0.03475000337 0.05250288546 0.05215886235
v -0.03425000235 0.05250288546 0.05215886235
v -0.03375000134 0.05249096081 0.05203877389
v -0.02775000222 0.05243134871 0.05143834651
v -0.02725000121 0.05246711895 0.05179859698
v -0.02675000206 0.05249096081 0.05203877389
v -0.02625000104 0.05250288546 0.05215886235
v -0.02575000189 0.05250288546 0.05215886235
v -0.02525000088 0.05251481012 0.05227896571
v -0.02475000173 0.05250288546 0.05215886235
v -0.02425000072 0.05249096081 0.05203877389
v -0.02375000156 0.05244326964 0.05155842006
v -0.02325000055 0.05244326964 0.05155842006
v -0.0227500014 0.05243134871 0.05143834651
v -0.0380000025 0.05315855518 0.05167634785
v -0.03750000149 0.05319415778 0.05203662813
v -0.03700000048 0.05322976038 0.0523969084
v -0.03650000319 0.05322976038 0.0523969084
v -0.03600000218 0.05322976038 0.0523969084
v -0.03550000116 0.05322976038 0.0523969084
v -0.03500000015 0.0532178916 0.05227681994
v -0.03450000286 0.0532178916 0.05227681994
v -0.03400000185 0.05319415778 0.05203662813
v -0.03350000083 0.05315855518 0.05167634785
v -0.02850000188 0.05312295258 0.05131609738
v -0.02800000086 0.05315855518 0.05167634785
v -0.02750000171 0.05319415778 0.05203662813
v -0.0270000007 0.0532178916 0.05227681994
v -0.02650000155 0.0532178916 0.05227681994
v -0.02600000054 0.05322976038 0.0523969084
v -0.02550000139 0.05322976038 0.0523969084
v -0.02500000037 0.0532178916 0.05227681994
v -0.02450000122 0.05320602655 0.05215671659
v -0.02400000021 0.05317042395 0.05179645121
v -0.02350000106 0.0531466864 0.05155625939
v -0.02300000191 0.05313482136 0.05143618584
v -0.03825000301 0.05386799574 0.05179768801
v -0.037750002 0.05391513556 0.05227802694
v -0.03725000098 0.05395048857 0.05263827741
v -0.03674999997 0.05396227539 0.05275836587
v -0.03625000268 0.05395048857 0.05263827741
v -0.03575000167 0.05393870175 0.05251818895
v -0.03525000066 0.05392691866 0.0523981154
v -0.03475000337 0.05392691866 0.0523981154
v -0.03425000235 0.05390334874 0.05215793848
v -0.03375000134 0.05389156193 0.05203785002
v -0.02925000153 0.05378549919 0.0509570986
v -0.02875000052 0.05385620892 0.05167758465
v -0.02825000137 0.05389156193 0.05203785002
v -0.02775000222 0.05392691866 0.0523981154
v -0.02725000121 0.05392691866 0.0523981154
v -0.02675000206 0.05393870175 0.05251818895
v -0.02625000104 0.05395048857 0.05263827741
v -0.02575000189 0.05393870175 0.05251818895
v -0.02525000088 0.05392691866 0.0523981154
v -0.02475000173 0.05392691866 0.0523981154
v -0.02425000072 0.05390334874 0.05215793848
v -0.02375000156 0.05385620892 0.05167758465
v -0.02325000055 0.0538444221 0.05155751109
v -0.03850000352 0.05460067093 0.05215916038
v -0.0380000025 0.05464748293 0.0526394695
v -0.03750000149 0.05465918407 0.05275955796
v -0.03700000048 0.05467088521 0.05287963152
v -0.03650000319 0.05467088521 0.05287963152
v -0.03600000218 0.05465918407 0.05275955796
v -0.03550000116 0.05464748293 0.0526394695
v -0.03500000015 0.05464748293 0.0526394695
v -0.03450000286 0.05460067093 0.05215916038
v -0.03400000185 0.0545889698 0.05203907192
v -0.03350000083 0.0545655638 0.0517989248
v -0.02950000204 0.05451875553 0.05131861567
v -0.02900000103 0.0545889698 0.05203907192
v -0.02850000188 0.0546123758 0.05227924883
v -0.02800000086 0.05462407693 0.05239932239
v -0.02750000171 0.05464748293 0.0526394695
v -0.0270000007 0.05465918407 0.05275955796
v -0.02650000155 0.05465918407 0.05275955796
v -0.02600000054 0.05465918407 0.05275955796
v -0.02550000139 0.05463577807 0.05251938105
v -0.02500000037 0.05462407693 0.05239932239
v -0.02450000122 0.0546123758 0.05227924883
v -0.02400000021 0.0545655638 0.0517989248
v -0.02350000106 0.05454216152 0.05155876279
v -0.02300000191 0.05450705439 0.05119852722
v -0.03925000131 0.05526313558 0.0518001616
v -0.0387500003 0.05533285439 0.05252058804
v -0.03825000301 0.05536771566 0.05288080871
v -0.037750002 0.05539095402 0.05312095582
v -0.03725000098 0.05539095402 0.05312095582
v -0.03674999997 0.05539095402 0.05312095582
v -0.03625000268 0.05539095402 0.05312095582
v -0.03575000167 0.0553444773 0.0526406765
v -0.03525000066 0.05535609648 0.05276073515
v -0.03475000337 0.05533285439 0.05252058804
v -0.03425000235 0.05529799685 0.05216036737
v -0.03375000134 0.05527475849 0.05192025006
v -0.03325000033 0.0552515164 0.05168007314
v -0.02975000069 0.05527475849 0.05192025006
v -0.02925000153 0.05530961603 0.05228045583
v -0.02875000052 0.0553444773 0.0526406765
v -0.02825000137 0.05535609648 0.05276073515
v -0.02775000222 0.05536771566 0.05288080871
v -0.02725000121 0.05536771566 0.05288080871
v -0.02675000206 0.05536771566 0.05288080871
v -0.02625000104 0.05536771566 0.05288080871
v -0.02575000189 0.05535609648 0.05276073515
v -0.02525000088 0.05533285439 0.05252058804
v -0.02475000173 0.05532123893 0.05240052938
v -0.02425000072 0.05526313558 0.0518001616
v -0.02375000156 0.05523989722 0.05156001449
v -0.02325000055 0.05521665886 0.05131988227
v -0.03950000182 0.05598378181 0.05204153061
v -0.0390000008 0.05606454238 0.0528820008
v -0.03850000352 0.05608762056 0.05312211812
v -0.0380000025 0.05611069128 0.05336225033
v -0.03750000149 0.05612223223 0.05348232388
v -0.03700000048 0.05611069128 0.05336225033
v -0.03650000319 0.05611069128 0.05336225033
v -0.03600000218 0.05608762056 0.05312211812
v -0.03550000116 0.05606454238 0.0528820008
v -0.03500000015 0.05604146793 0.05264186859
v -0.03450000286 0.05599531904 0.05216158926
v -0.03400000185 0.05596070737 0.0518013984
v -0.03350000083 0.05593763292 0.05156125128
v -0.03000000119 0.05600685626 0.05228167772
v -0.02950000204 0.05605300516 0.05276192725
v -0.02900000103 0.05607607961 0.05300205946
v -0.02850000188 0.05608762056 0.05312211812
v -0.02800000086 0.05608762056 0.05312211812
v -0.02750000171 0.05608762056 0.05312211812
v -0.0270000007 0.05607607961 0.05300205946
v -0.02650000155 0.05607607961 0.05300205946
v -0.02600000054 0.05606454238 0.0528820008
v -0.02550000139 0.05605300516 0.05276192725
v -0.02500000037 0.05602993071 0.05252178013
v -0.02450000122 0.05598378181 0.05204153061
v -0.02400000021 0.05592609569 0.05144120753
v -0.02350000106 0.05592609569 0.05144120753
v -0.01649999991 0.05592609569 0.05144120753
v -0.01600000076 0.05594917014 0.05168132484
v -0.01550000068 0.05597224459 0.05192147195
v -0.03925000131 0.05677283183 0.05300323665
v -0.0387500003 0.05680719391 0.05336341262
v -0.03825000301 0.05683010444 0.05360354483
v -0.037750002 0.05684155971 0.05372358859
v -0.03725000098 0.05683010444 0.05360354483
v -0.03674999997 0.05683010444 0.05360354483
v -0.03625000268 0.05681864917 0.05348348618
v -0.03575000167 0.05679574236 0.05324336886
v -0.03525000066 0.05677283183 0.05300323665
v -0.03475000337 0.05672701076 0.05252298713
v -0.03425000235 0.05669264868 0.05216281116
v -0.03375000134 0.05665828288 0.05180263519
v -0.03075000085 0.05669264868 0.05216281116
v -0.0302500017 0.05673846602 0.05264306068
v -0.02975000069 0.05677283183 0.05300323665
v -0.02925000153 0.05679574236 0.05324336886
v -0.02875000052 0.05680719391 0.05336341262
v -0.02825000137 0.05680719391 0.05336341262
v -0.02775000222 0.05680719391 0.05336341262
v -0.02725000121 0.05680719391 0.05336341262
v -0.02675000206 0.0567842871 0.05312329531
v -0.02625000104 0.0567842871 0.05312329531
v -0.02575000189 0.05674992129 0.05276311934
v -0.02525000088 0.05673846602 0.05264306068
v -0.02475000173 0.05671555921 0.05240294337
v -0.02425000072 0.05663537234 0.05156250298
v -0.02375000156 0.05662391707 0.05144245923
v -0.01725000143 0.05665828288 0.05180263519
v -0.01675000042 0.05666973814 0.05192270875
v -0.01625000127 0.05666973814 0.05192270875
v -0.01575000025 0.05668119341 0.0520427525
v -0.0152500011 0.05670410395 0.05228288472
v -0.03950000182 0.0574695766 0.05300441384
v -0.0390000008 0.05751506612 0.05348463356
v -0.03850000352 0.05754918233 0.05384479463
v -0.0380000025 0.05756055564 0.05396485329
v -0.03750000149 0.05756055564 0.05396485329
v -0.03700000048 0.05754918233 0.05384479463
v -0.03650000319 0.05754918233 0.05384479463
v -0.03600000218 0.05753780901 0.05372472107
v -0.03550000116 0.05750369281 0.05336457491
v -0.03500000015 0.05748094991 0.0531244725
v -0.03450000286 0.05741271749 0.05240415037
v -0.03400000185 0.05737859756 0.0520439744
v -0.03350000083 0.05726487562 0.05084344745
v -0.03100000136 0.0574468337 0.05276431143
v -0.03050000221 0.05748094991 0.0531244725
v -0.03000000119 0.05750369281 0.05336457491
v -0.02950000204 0.05751506612 0.05348463356
v -0.02900000103 0.05751506612 0.05348463356
v -0.02850000188 0.05752643943 0.05360469222
v -0.02800000086 0.05751506612 0.05348463356
v -0.02750000171 0.05750369281 0.05336457491
v -0.0270000007 0.05750369281 0.05336457491
v -0.02650000155 0.05749232322 0.05324453115
v -0.02600000054 0.05745820329 0.05288435519
v -0.02550000139 0.05743546039 0.05264425278
v -0.02500000037 0.05743546039 0.05264425278
v -0.02450000122 0.05734448135 0.05168381333
v -0.02400000021 0.05728762224 0.05108356476
v -0.01850000024 0.05732173845 0.05144371092
v -0.01800000109 0.05735585466 0.05180387199
v -0.01750000007 0.05738997087 0.05216403306
v -0.01700000092 0.05741271749 0.05240415037
v -0.01649999991 0.05740134418 0.05228409171
v -0.01600000076 0.05740134418 0.05228409171
v -0.01550000068 0.05738997087 0.05216403306
v -0.0150000006 0.05738997087 0.05216403306
v -0.03975000232 0.05815503374 0.05288554728
v -0.03925000131 0.05823406205 0.05372586846
v -0.0387500003 0.05826793239 0.05408602953
v -0.03825000301 0.05829051137 0.05432613194
v -0.037750002 0.05829051137 0.05432613194
v -0.03725000098 0.05829051137 0.05432613194
v -0.03674999997 0.05827922001 0.05420607328
v -0.03625000268 0.05826793239 0.05408602953
v -0.03575000167 0.05825664103 0.05396597087
v -0.03525000066 0.05822277069 0.05360583961
v -0.03475000337 0.05814374238 0.05276550353
v -0.03425000235 0.05808729306 0.05216525495
v -0.03375000134 0.05804213509 0.05168505013
v -0.03125 0.05818890408 0.05324569345
v -0.03075000085 0.05822277069 0.05360583961
v -0.0302500017 0.05822277069 0.05360583961
v -0.02975000069 0.05823406205 0.05372586846
v -0.02925000153 0.05823406205 0.05372586846
v -0.02875000052 0.05823406205 0.05372586846
v -0.02825000137 0.05822277069 0.05360583961
v -0.02775000222 0.05822277069 0.05360583961
v -0.02725000121 0.05821148306 0.05348579586
v -0.02675000206 0.05820019171 0.0533657223
v -0.02625000104 0.05816632137 0.05300559103
v -0.02575000189 0.05815503374 0.05288554728
v -0.02525000088 0.05814374238 0.05276550353
v -0.02475000173 0.05807600543 0.05204519629
v -0.02425000072 0.05797439814 0.0509647727
v -0.01925000176 0.05801955611 0.05144497752
v -0.01875000075 0.05806471407 0.05192516744
v -0.01825000159 0.05809858441 0.05228531361
v -0.01775000058 0.05810987577 0.05240535736
v -0.01725000143 0.0581211634 0.05252538621
v -0.01675000042 0.05810987577 0.05240535736
v -0.01625000127 0.0581211634 0.05252538621
v -0.01575000025 0.0581211634 0.05252538621
v -0.0152500011 0.05807600543 0.05204519629
v -0.03950000182 0.05893031135 0.05372700095
v -0.0390000008 0.05899755657 0.05444727838
v -0.03850000352 0.05900876224 0.05456732213
v -0.0380000025 0.05901996791 0.05468735099
v -0.03750000149 0.05901996791 0.05468735099
v -0.03700000048 0.05900876224 0.05456732213
v -0.03650000319 0.05898634717 0.05432723463
v -0.03600000218 0.05898634717 0.05432723463
v -0.03550000116 0.0589751415 0.05420719087
v -0.03500000015 0.05891910568 0.053606987
v -0.03450000286 0.05886306986 0.05300676823
v -0.03400000185 0.05878461897 0.05216647685
v -0.03200000152 0.05889669061 0.05336688459
v -0.03150000051 0.05891910568 0.053606987
v -0.03100000136 0.05894152075 0.05384705961
v -0.03050000221 0.05895272642 0.05396710336
v -0.03000000119 0.05894152075 0.05384705961
v -0.02950000204 0.05895272642 0.05396710336
v -0.02900000103 0.05894152075 0.05384705961
v -0.02850000188 0.05894152075 0.05384705961
v -0.02800000086 0.05893031135 0.05372700095
v -0.02750000171 0.05891910568 0.053606987
v -0.0270000007 0.05890789628 0.05348694324
v -0.02650000155 0.05887427554 0.05312681198
v -0.02600000054 0.05887427554 0.05312681198
v -0.02550000139 0.05885186046 0.05288672447
v -0.02500000037 0.05881823972 0.05252659321
v -0.02450000122 0.05868375301 0.05108611286
v -0.0195000004 0.0587622039 0.05192640424
v -0.01900000125 0.05880703405 0.05240656435
v -0.01850000024 0.05881823972 0.05252659321
v -0.01800000109 0.05884065479 0.05276668072
v -0.01750000007 0.05882944539 0.05264665186
v -0.01700000092 0.05882944539 0.05264665186
v -0.01649999991 0.05882944539 0.05264665186
v -0.01600000076 0.05882944539 0.05264665186
v -0.01550000068 0.05879582465 0.0522865206
v -0.03975000232 0.05967105925 0.05420829356
v -0.03925000131 0.059737809 0.05492854118
v -0.0387500003 0.05974893272 0.05504855514
v -0.03825000301 0.05974893272 0.05504855514
v -0.037750002 0.05974893272 0.05504855514
v -0.03725000098 0.059737809 0.05492854118
v -0.03674999997 0.059737809 0.05492854118
v -0.03625000268 0.05971556157 0.05468843877
v -0.03575000167 0.05970443785 0.05456842482
v -0.03525000066 0.05968218669 0.05432835221
v -0.03475000337 0.0596376881 0.0538481921
v -0.03425000235 0.05961543694 0.05360813439
v -0.03375000134 0.05962656066 0.05372814834
v -0.03325000033 0.05964881182 0.05396823585
v -0.03275000304 0.05964881182 0.05396823585
v -0.03225000203 0.05964881182 0.05396823585
v -0.03175000101 0.05964881182 0.05396823585
v -0.03125 0.05967105925 0.05420829356
v -0.03075000085 0.05968218669 0.05432835221
v -0.0302500017 0.05967105925 0.05420829356
v -0.02975000069 0.05965993926 0.0540882796
v -0.02925000153 0.05967105925 0.05420829356
v -0.02875000052 0.05964881182 0.05396823585
v -0.02825000137 0.0596376881 0.0538481921
v -0.02775000222 0.05962656066 0.05372814834
v -0.02725000121 0.05961543694 0.05360813439
v -0.02675000206 0.05960431322 0.05348809063
v -0.02625000104 0.05957093835 0.05312797427
v -0.02575000189 0.05955981463 0.05300794542
v -0.02525000088 0.05950419232 0.05240777135
v -0.02475000173 0.05943744257 0.05168753862
v -0.02025000006 0.05947081745 0.05204765499
v -0.01975000091 0.05949306488 0.0522877425
v -0.01925000176 0.05952643976 0.05264784396
v -0.01875000075 0.0595375672 0.05276787281
v -0.01825000159 0.0595375672 0.05276787281
v -0.01775000058 0.05954869092 0.05288790166
v -0.01725000143 0.0595375672 0.05276787281
v -0.01675000042 0.0595375672 0.05276787281
v -0.01625000127 0.05952643976 0.05264784396
v -0.01575000025 0.05949306488 0.0522877425
v -0.0152500011 0.05944856629 0.05180758238
v -0.04150000215 0.06042218953 0.05480957031
v -0.04100000113 0.06048844382 0.05552974343
v -0.04050000012 0.06051052734 0.05576983094
v -0.04000000283 0.06048844382 0.05552974343
v -0.03950000182 0.06049948558 0.05564978719
v -0.0390000008 0.06048844382 0.05552974343
v -0.03850000352 0.06048844382 0.05552974343
v -0.0380000025 0.06047740206 0.05540972948
v -0.03750000149 0.0604663603 0.05528970063
v -0.03700000048 0.0604663603 0.05528970063
v -0.03650000319 0.06045531482 0.05516965687
v -0.03600000218 0.06044427305 0.05504962802
v -0.03550000116 0.06043323129 0.05492961407
v -0.03500000015 0.06042218953 0.05480957031
v -0.03450000286 0.06038906425 0.05444948375
v -0.03400000185 0.06037802249 0.0543294549
v -0.03350000083 0.06037802249 0.0543294549
v -0.03299999982 0.06038906425 0.05444948375
v -0.03250000253 0.06040010601 0.05456951261
v -0.03200000152 0.06038906425 0.05444948375
v -0.03150000051 0.06038906425 0.05444948375
v -0.03100000136 0.06038906425 0.05444948375
v -0.03050000221 0.06038906425 0.05444948375
v -0.03000000119 0.06038906425 0.05444948375
v -0.02950000204 0.06036697701 0.05420941114
v -0.02900000103 0.06036697701 0.05420941114
v -0.02850000188 0.06034489349 0.05396936834
v -0.02800000086 0.06033385172 0.05384932458
v -0.02750000171 0.06033385172 0.05384932458
v -0.0270000007 0.0603117682 0.05360928178
v -0.02650000155 0.06027864292 0.05324919522
v -0.02600000054 0.06025655568 0.05300912261
v -0.02550000139 0.0602234304 0.05264903605
v -0.02500000037 0.06013509259 0.05168877542
v -0.02150000073 0.06016821787 0.05204887688
v -0.02100000158 0.06019030511 0.05228894949
v -0.02050000057 0.0602234304 0.05264903605
v -0.02000000142 0.06023447216 0.0527690649
v -0.0195000004 0.06023447216 0.0527690649
v -0.01900000125 0.06025655568 0.05300912261
v -0.01850000024 0.06025655568 0.05300912261
v -0.01800000109 0.06025655568 0.05300912261
v -0.01750000007 0.06024551392 0.05288909376
v -0.01700000092 0.06023447216 0.0527690649
v -0.01649999991 0.06021238863 0.0525289923
v -0.01600000076 0.06017926335 0.05216890574
v -0.01550000068 0.06014613435 0.05180881917
v -0.04175000265 0.06115058437 0.05517072976
v -0.04125000164 0.06120538339 0.05577085912
v -0.04075000063 0.06122729927 0.05601090193
v -0.04025000334 0.06122729927 0.05601090193
v -0.03975000232 0.06122729927 0.05601090193
v -0.03925000131 0.06122729927 0.05601090193
v -0.0387500003 0.06121633947 0.05589087307
v -0.03825000301 0.06120538339 0.05577085912
v -0.037750002 0.06119441986 0.05565083027
v -0.03725000098 0.06118346006 0.05553080142
v -0.03674999997 0.06117250398 0.05541078746
v -0.03625000268 0.06117250398 0.05541078746
v -0.03575000167 0.06115058437 0.05517072976
v -0.03525000066 0.06115058437 0.05517072976
v -0.03475000337 0.06112866476 0.05493070185
v -0.03425000235 0.06112866476 0.05493070185
v -0.03375000134 0.06111770496 0.0548106581
v -0.03325000033 0.06111770496 0.0548106581
v -0.03275000304 0.06111770496 0.0548106581
v -0.03225000203 0.06112866476 0.05493070185
v -0.03175000101 0.06111770496 0.0548106581
v -0.03125 0.06110674515 0.05469062924
v -0.03075000085 0.06109578535 0.05457061529
v -0.0302500017 0.06110674515 0.05469062924
v -0.02975000069 0.06110674515 0.05469062924
v -0.02925000153 0.06108482555 0.05445060134
v -0.02875000052 0.06106290594 0.05421052873
v -0.02825000137 0.06104098633 0.05397048593
v -0.02775000222 0.06104098633 0.05397048593
v -0.02725000121 0.06103002653 0.05385047197
v -0.02675000206 0.06098618731 0.05337037146
v -0.02625000104 0.06094234809 0.05289027095
v -0.02575000189 0.06090947241 0.05253019929
v -0.02525000088 0.06086563319 0.05205009878
v -0.02225000039 0.0608875528 0.05229015648
v -0.02175000124 0.06092043221 0.05265022814
v -0.02125000022 0.0609533079 0.0530102998
v -0.02075000107 0.06096427143 0.05313032866
v -0.02025000006 0.06097523123 0.05325035751
v -0.01975000091 0.06096427143 0.05313032866
v -0.01925000176 0.06096427143 0.05313032866
v -0.01875000075 0.06096427143 0.05313032866
v -0.01825000159 0.0609533079 0.0530102998
v -0.01775000058 0.06094234809 0.05289027095
v -0.01725000143 0.06093139201 0.052770257
v -0.01675000042 0.06090947241 0.05253019929
v -0.01625000127 0.0608875528 0.05229015648
v -0.01575000025 0.06082179397 0.05156999826
v -0.04200000316 0.06186759844 0.05541184545
v -0.04150000215 0.06192198396 0.05601193011
v -0.04100000113 0.0619328618 0.05613194406
v -0.04050000012 0.06194373965 0.05625197291
v -0.04000000283 0.06194373965 0.05625197291
v -0.03950000182 0.06194373965 0.05625197291
v -0.0390000008 0.0619328618 0.05613194406
v -0.03850000352 0.06192198396 0.05601193011
v -0.0380000025 0.06191110611 0.05589190125
v -0.03750000149 0.06190022826 0.0557719022
v -0.03700000048 0.06188935041 0.05565187335
v -0.03650000319 0.06188935041 0.05565187335
v -0.03600000218 0.06187847257 0.0555318445
v -0.03550000116 0.06186759844 0.05541184545
v -0.03500000015 0.0618567206 0.05529183149
v -0.03450000286 0.06184584275 0.05517180264
v -0.03400000185 0.06184584275 0.05517180264
v -0.03350000083 0.0618349649 0.05505177379
v -0.03299999982 0.06182409078 0.05493177474
v -0.03250000253 0.06182409078 0.05493177474
v -0.03200000152 0.0618349649 0.05505177379
v -0.03150000051 0.0618349649 0.05505177379
v -0.03100000136 0.06182409078 0.05493177474
v -0.03050000221 0.06182409078 0.05493177474
v -0.03000000119 0.06181321293 0.05481174588
v -0.02950000204 0.06180233508 0.05469171703
v -0.02900000103 0.06180233508 0.05469171703
v -0.02850000188 0.06178057939 0.05445170403
v -0.02800000086 0.06174794957 0.05409164727
v -0.02750000171 0.06174794957 0.05409164727
v -0.0270000007 0.06169356406 0.0534915477
v -0.02650000155 0.06167181209 0.0532515198
v -0.02600000054 0.06159567088 0.05241139233
v -0.02550000139 0.06157391518 0.05217134953
v -0.02500000037 0.06156303734 0.05205132067
v -0.02250000089 0.06165005639 0.05301147699
v -0.02200000174 0.06167181209 0.0532515198
v -0.02150000073 0.06168268621 0.05337151885
v -0.02100000158 0.06169356406 0.0534915477
v -0.02050000057 0.06170444191 0.05361157656
v -0.02000000142 0.06169356406 0.0534915477
v -0.0195000004 0.06167181209 0.0532515198
v -0.01900000125 0.06168268621 0.05337151885
v -0.01850000024 0.06165005639 0.05301147699
v -0.01800000109 0.06163917854 0.05289146304
v -0.01750000007 0.0616283007 0.05277144909
v -0.01700000092 0.06160654873 0.05253139138
v -0.01649999991 0.06156303734 0.05205132067
v -0.01600000076 0.06154128537 0.05181129277
v -0.04225000367 0.06255189329 0.05529288948
v -0.04175000265 0.06261666119 0.05601294339
v -0.04125000164 0.06264904886 0.05637298524
v -0.04075000063 0.06265984476 0.0564929992
v -0.04025000334 0.06265984476 0.0564929992
v -0.03975000232 0.06265984476 0.0564929992
v -0.03925000131 0.06264904886 0.05637298524
v -0.0387500003 0.06262745708 0.05613295734
v -0.03825000301 0.06261666119 0.05601294339
v -0.037750002 0.06261666119 0.05601294339
v -0.03725000098 0.06258428097 0.05565291643
v -0.03674999997 0.06258428097 0.05565291643
v -0.03625000268 0.06257348508 0.05553288758
v -0.03575000167 0.06256268919 0.05541290343
v -0.03525000066 0.06256268919 0.05541290343
v -0.03475000337 0.06255189329 0.05529288948
v -0.03425000235 0.06255189329 0.05529288948
v -0.03375000134 0.0625410974 0.05517286062
v -0.03325000033 0.0625410974 0.05517286062
v -0.03275000304 0.0625410974 0.05517286062
v -0.03225000203 0.0625410974 0.05517286062
v -0.03175000101 0.0625410974 0.05517286062
v -0.03125 0.0625410974 0.05517286062
v -0.03075000085 0.06253030896 0.05505286157
v -0.0302500017 0.0625410974 0.05517286062
v -0.02975000069 0.06251951307 0.05493286252
v -0.02925000153 0.06251951307 0.05493286252
v -0.02875000052 0.06251951307 0.05493286252
v -0.02825000137 0.06249792129 0.05469280481
v -0.02775000222 0.06247633323 0.05445280671
v -0.02725000121 0.06244394928 0.05409276485
v -0.02675000206 0.06238997728 0.05349270999
v -0.02625000104 0.06233600155 0.05289264023
v -0.02575000189 0.06226044148 0.05205255747
v -0.02525000088 0.06226044148 0.05205255747
v -0.02375000156 0.06235759333 0.05313266814
v -0.02325000055 0.06237918139 0.05337268114
v -0.0227500014 0.06240077317 0.05361270905
v -0.02225000039 0.06241156533 0.0537327081
v -0.02175000124 0.06241156533 0.0537327081
v -0.02125000022 0.06241156533 0.0537327081
v -0.02075000107 0.06241156533 0.0537327081
v -0.02025000006 0.06241156533 0.0537327081
v -0.01975000091 0.06238997728 0.05349270999
v -0.01925000176 0.06238997728 0.05349270999
v -0.01875000075 0.06237918139 0.05337268114
v -0.01825000159 0.06233600155 0.05289264023
v -0.01775000058 0.06232520938 0.05277262628
v -0.01725000143 0.06230362132 0.05253259838
v -0.01675000042 0.06227123737 0.05217257142
v -0.01625000127 0.06221726164 0.05157250166
v -0.04300000146 0.06317209452 0.0544539094
v -0.04250000045 0.0632256493 0.05505393445
v -0.04200000316 0.06330063939 0.05589397252
v -0.04150000215 0.06334348768 0.05637399852
v -0.04100000113 0.0633649081 0.05661401153
v -0.04050000012 0.06337562203 0.05673402548
v -0.04000000283 0.0633649081 0.05661401153
v -0.03950000182 0.06335419416 0.05649401248
v -0.0390000008 0.06334348768 0.05637399852
v -0.03850000352 0.06333277375 0.05625399947
v -0.0380000025 0.06331134588 0.05601397157
v -0.03750000149 0.06328992546 0.05577398837
v -0.03700000048 0.06326849759 0.05553394556
v -0.03650000319 0.0632577911 0.05541396141
v -0.03600000218 0.06324707717 0.05529394746
v -0.03550000116 0.06324707717 0.05529394746
v -0.03500000015 0.06324707717 0.05529394746
v -0.03450000286 0.06323636323 0.05517393351
v -0.03400000185 0.06323636323 0.05517393351
v -0.03350000083 0.06323636323 0.05517393351
v -0.03299999982 0.06324707717 0.05529394746
v -0.03250000253 0.06324707717 0.05529394746
v -0.03200000152 0.06323636323 0.05517393351
v -0.03150000051 0.06323636323 0.05517393351
v -0.03100000136 0.06323636323 0.05517393351
v -0.03050000221 0.06323636323 0.05517393351
v -0.03000000119 0.06324707717 0.05529394746
v -0.02950000204 0.06323636323 0.05517393351
v -0.02900000103 0.06323636323 0.05517393351
v -0.02850000188 0.0632256493 0.05505393445
v -0.02800000086 0.0632256493 0.05505393445
v -0.02750000171 0.06320422888 0.05481392145
v -0.0270000007 0.06318280846 0.05457390845
v -0.02650000155 0.06315066665 0.05421388149
v -0.02600000054 0.06306497008 0.05325385928
v -0.02550000139 0.06307568401 0.05337384343
v -0.02500000037 0.06306497008 0.05325385928
v -0.02450000122 0.06309711188 0.05361385643
v -0.02400000021 0.06310781837 0.05373385549
v -0.02350000106 0.0631185323 0.05385386944
v -0.02300000191 0.06312924623 0.05397388339
v -0.02250000089 0.06315066665 0.05421388149
v -0.02200000174 0.06313996017 0.05409389734
v -0.02150000073 0.06313996017 0.05409389734
v -0.02100000158 0.06312924623 0.05397388339
v -0.02050000057 0.06312924623 0.05397388339
v -0.02000000142 0.06310781837 0.05373385549
v -0.0195000004 0.06308639795 0.05349385738
v -0.01900000125 0.06307568401 0.05337384343
v -0.01850000024 0.06304354966 0.05301383138
v -0.01800000109 0.06302212179 0.05277381837
v -0.01750000007 0.06300070137 0.05253379047
v -0.01700000092 0.06294713914 0.05193378031
v -0.04275000095 0.06392098963 0.05505500734
v -0.04225000367 0.06399539858 0.0558950007
v -0.04175000265 0.06402728707 0.05625501275
v -0.04125000164 0.06405917555 0.0566150099
v -0.04075000063 0.06406980753 0.05673502386
v -0.04025000334 0.06408043206 0.05685500801
v -0.03975000232 0.06408043206 0.05685500801
v -0.03925000131 0.06405917555 0.0566150099
v -0.0387500003 0.06404854357 0.05649501085
v -0.03825000301 0.06401665509 0.0561349988
v -0.037750002 0.06399539858 0.0558950007
v -0.03725000098 0.06397414207 0.05565500259
v -0.03674999997 0.06395287812 0.05541500449
v -0.03625000268 0.06394225359 0.05529500544
v -0.03575000167 0.06394225359 0.05529500544
v -0.03525000066 0.06394225359 0.05529500544
v -0.03475000337 0.06393162161 0.05517500639
v -0.03425000235 0.06393162161 0.05517500639
v -0.03375000134 0.06393162161 0.05517500639
v -0.03325000033 0.06394225359 0.05529500544
v -0.03275000304 0.06394225359 0.05529500544
v -0.03225000203 0.06394225359 0.05529500544
v -0.03175000101 0.06394225359 0.05529500544
v -0.03125 0.06393162161 0.05517500639
v -0.03075000085 0.06393162161 0.05517500639
v -0.0302500017 0.06394225359 0.05529500544
v -0.02975000069 0.06394225359 0.05529500544
v -0.02925000153 0.06395287812 0.05541500449
v -0.02875000052 0.06395287812 0.05541500449
v -0.02825000137 0.06394225359 0.05529500544
v -0.02775000222 0.06393162161 0.05517500639
v -0.02725000121 0.06393162161 0.05517500639
v -0.02675000206 0.0639103651 0.05493502319
v -0.02625000104 0.06389973313 0.05481500924
v -0.02575000189 0.06389973313 0.05481500924
v -0.02525000088 0.06388910115 0.05469499528
v -0.02475000173 0.06387847662 0.05457501113
v -0.02425000072 0.06386784464 0.05445501208
v -0.02375000156 0.06386784464 0.05445501208
v -0.02325000055 0.06386784464 0.05445501208
v -0.0227500014 0.06386784464 0.05445501208
v -0.02225000039 0.06386784464 0.05445501208
v -0.02175000124 0.06385721266 0.05433501303
v -0.02125000022 0.06384658813 0.05421499908
v -0.02075000107 0.06383595616 0.05409501493
v -0.02025000006 0.06382532418 0.05397500098
v -0.01975000091 0.06380406767 0.05373498797
v -0.01925000176 0.06378281116 0.05349500477
v -0.01875000075 0.06376154721 0.05325502157
v -0.01825000159 0.06371903419 0.05277501047
v -0.01775000058 0.06368714571 0.05241501331
v -0.01725000143 0.06362336874 0.05169500411
v -0.04250000045 0.06469016522 0.05589602888
v -0.04200000316 0.06474290043 0.05649600923
v -0.04150000215 0.06476400048 0.05673600733
v -0.04100000113 0.06477454305 0.05685599148
v -0.04050000012 0.06478509307 0.05697597563
v -0.04000000283 0.06478509307 0.05697597563
v -0.03950000182 0.06477454305 0.05685599148
v -0.0390000008 0.06475345045 0.05661600828
v -0.03850000352 0.06473235786 0.05637601018
v -0.0380000025 0.06471125782 0.05613602698
v -0.03750000149 0.06467962265 0.05577605963
v -0.03700000048 0.06467962265 0.05577605963
v -0.03650000319 0.06465852261 0.05553604662
v -0.03600000218 0.06464798003 0.05541606247
v -0.03550000116 0.06463743001 0.05529607832
v -0.03500000015 0.06463743001 0.05529607832
v -0.03450000286 0.06463743001 0.05529607832
v -0.03400000185 0.06463743001 0.05529607832
v -0.03350000083 0.06463743001 0.05529607832
v -0.03299999982 0.06463743001 0.05529607832
v -0.03250000253 0.06463743001 0.05529607832
v -0.03200000152 0.06463743001 0.05529607832
v -0.03150000051 0.06462688744 0.05517607927
v -0.03100000136 0.06462688744 0.05517607927
v -0.03050000221 0.06463743001 0.05529607832
v -0.03000000119 0.06464798003 0.05541606247
v -0.02950000204 0.06463743001 0.05529607832
v -0.02900000103 0.06464798003 0.05541606247
v -0.02850000188 0.06465852261 0.05553604662
v -0.02800000086 0.06464798003 0.05541606247
v -0.02750000171 0.06464798003 0.05541606247
v -0.0270000007 0.06464798003 0.05541606247
v -0.02650000155 0.06462688744 0.05517607927
v -0.02600000054 0.06462688744 0.05517607927
v -0.02550000139 0.06462688744 0.05517607927
v -0.02500000037 0.06460579485 0.05493609607
v -0.02450000122 0.06460579485 0.05493609607
v -0.02400000021 0.06459524482 0.05481609702
v -0.02350000106 0.06459524482 0.05481609702
v -0.02300000191 0.06459524482 0.05481609702
v -0.02250000089 0.06459524482 0.05481609702
v -0.02200000174 0.06457415223 0.05457611382
v -0.02150000073 0.06456360221 0.05445611477
v -0.02100000158 0.06455305964 0.05433611572
v -0.02050000057 0.06454250962 0.05421611667
v -0.02000000142 0.06452141702 0.05397613347
v -0.0195000004 0.06450031698 0.05373613536
v -0.01900000125 0.06445813179 0.05325618386
v -0.01850000024 0.0644370392 0.05301618576
v -0.01800000109 0.06438430399 0.05241622031
v -0.01750000007 0.06432101876 0.0516962409
v -0.04275000095 0.06536400318 0.05565708876
v -0.04225000367 0.06542678922 0.05637702346
v -0.04175000265 0.06546864659 0.05685697496
v -0.04125000164 0.06548957527 0.05709695816
v -0.04075000063 0.06550003588 0.05721692741
v -0.04025000334 0.06550003588 0.05721692741
v -0.03975000232 0.06548957527 0.05709695816
v -0.03925000131 0.0654791072 0.05697695911
v -0.0387500003 0.06545817852 0.05673699081
v -0.03825000301 0.06541632116 0.05625703931
v -0.037750002 0.06540586054 0.05613704026
v -0.03725000098 0.06539539248 0.05601705611
v -0.03674999997 0.0653744638 0.05577710271
v -0.03625000268 0.06536400318 0.05565708876
v -0.03575000167 0.06536400318 0.05565708876
v -0.03525000066 0.06535353512 0.05553708971
v -0.03475000337 0.06535353512 0.05553708971
v -0.03425000235 0.0653430745 0.05541712046
v -0.03375000134 0.0653430745 0.05541712046
v -0.03325000033 0.0653430745 0.05541712046
v -0.03275000304 0.06533260643 0.05529713631
v -0.03225000203 0.06533260643 0.05529713631
v -0.03175000101 0.06532214582 0.05517713726
v -0.03125 0.06532214582 0.05517713726
v -0.03075000085 0.06533260643 0.05529713631
v -0.0302500017 0.0653430745 0.05541712046
v -0.02975000069 0.0653430745 0.05541712046
v -0.02925000153 0.0653430745 0.05541712046
v -0.02875000052 0.0653430745 0.05541712046
v -0.02825000137 0.06535353512 0.05553708971
v -0.02775000222 0.06535353512 0.05553708971
v -0.02725000121 0.06535353512 0.05553708971
v -0.02675000206 0.06535353512 0.05553708971
v -0.02625000104 0.06535353512 0.05553708971
v -0.02575000189 0.06535353512 0.05553708971
v -0.02525000088 0.0653430745 0.05541712046
v -0.02475000173 0.06533260643 0.05529713631
v -0.02425000072 0.06532214582 0.05517713726
v -0.02375000156 0.06532214582 0.05517713726
v -0.02325000055 0.06531167775 0.05505715311
v -0.0227500014 0.06531167775 0.05505715311
v -0.02225000039 0.06530121714 0.05493718386
v -0.02175000124 0.06529074907 0.05481718481
v -0.02125000022 0.06526982039 0.05457721651
v -0.02075000107 0.06524889171 0.0543372333
v -0.02025000006 0.06522796303 0.05409726501
v -0.01975000091 0.06520703435 0.0538572669
v -0.01925000176 0.06516517699 0.0533773154
v -0.01875000075 0.06514424831 0.0531373471
v -0.01825000159 0.06508146226 0.0524174273
v -0.04300000146 0.06603816897 0.05541817844
v -0.04250000045 0.06611084193 0.05625805259
v -0.04200000316 0.06615237147 0.05673798919
v -0.04150000215 0.06618351489 0.05709792674
v -0.04100000113 0.06620427966 0.05733789504
v -0.04050000012 0.066193901 0.05721789598
v -0.04000000283 0.066193901 0.05721789598
v -0.03950000182 0.066193901 0.05721789598
v -0.0390000008 0.06617313623 0.05697794259
v -0.03850000352 0.0661316067 0.05649802089
v -0.0380000025 0.06612122804 0.05637802184
v -0.03750000149 0.06611084193 0.05625805259
v -0.03700000048 0.06610046327 0.05613806844
v -0.03650000319 0.0660796985 0.05589810014
v -0.03600000218 0.06606931984 0.05577813089
v -0.03550000116 0.06606931984 0.05577813089
v -0.03500000015 0.06605893373 0.05565813184
v -0.03450000286 0.06605893373 0.05565813184
v -0.03400000185 0.06604855508 0.05553814769
v -0.03350000083 0.06605893373 0.05565813184
v -0.03299999982 0.06603816897 0.05541817844
v -0.03250000253 0.06603816897 0.05541817844
v -0.03200000152 0.06602779031 0.05529819429
v -0.03150000051 0.06602779031 0.05529819429
v -0.03100000136 0.06603816897 0.05541817844
v -0.03050000221 0.06604855508 0.05553814769
v -0.03000000119 0.06603816897 0.05541817844
v -0.02950000204 0.06604855508 0.05553814769
v -0.02900000103 0.06604855508 0.05553814769
v -0.02850000188 0.06604855508 0.05553814769
v -0.02800000086 0.06604855508 0.05553814769
v -0.02750000171 0.06605893373 0.05565813184
v -0.0270000007 0.06605893373 0.05565813184
v -0.02650000155 0.06605893373 0.05565813184
v -0.02600000054 0.06605893373 0.05565813184
v -0.02550000139 0.06605893373 0.05565813184
v -0.02500000037 0.06604855508 0.05553814769
v -0.02450000122 0.06603816897 0.05541817844
v -0.02400000021 0.06603816897 0.05541817844
v -0.02350000106 0.06602779031 0.05529819429
v -0.02300000191 0.0660174042 0.05517821014
v -0.02250000089 0.06602779031 0.05529819429
v -0.02200000174 0.06599663943 0.05493825674
v -0.02150000073 0.06597587466 0.05469827354
v -0.02100000158 0.065965496 0.05457830429
v -0.02050000057 0.06594473124 0.05433833599
v -0.02000000142 0.06591358781 0.05397839844
v -0.0195000004 0.06587205827 0.05349846184
v -0.01900000125 0.06584091485 0.05313852429
v -0.01850000024 0.06580977142 0.05277857184
v -0.04275000095 0.066795066 0.05613908172
v -0.04225000367 0.06684656441 0.05673897266
v -0.04175000265 0.06688775867 0.05721886456
v -0.04125000164 0.06689805537 0.05733884871
v -0.04075000063 0.06691865623 0.05757880211
v -0.04025000334 0.06689805537 0.05733884871
v -0.03975000232 0.06690835953 0.05745881796
v -0.03925000131 0.06688775867 0.05721886456
v -0.0387500003 0.06686715782 0.05697891116
v -0.03825000301 0.06683626026 0.05661898851
v -0.037750002 0.06682596356 0.05649901927
v -0.03725000098 0.0668156594 0.05637903512
v -0.03674999997 0.0668053627 0.05625908077
v -0.03625000268 0.06678476185 0.05601911247
v -0.03575000167 0.06678476185 0.05601911247
v -0.03525000066 0.06678476185 0.05601911247
v -0.03475000337 0.06678476185 0.05601911247
v -0.03425000235 0.06676416844 0.05577917397
v -0.03375000134 0.06676416844 0.05577917397
v -0.03325000033 0.06675386429 0.05565918982
v -0.03275000304 0.06674356759 0.05553920567
v -0.03225000203 0.06674356759 0.05553920567
v -0.03175000101 0.06674356759 0.05553920567
v -0.03125 0.06673327088 0.05541923642
v -0.03075000085 0.06674356759 0.05553920567
v -0.0302500017 0.06674356759 0.05553920567
v -0.02975000069 0.06674356759 0.05553920567
v -0.02925000153 0.06674356759 0.05553920567
v -0.02875000052 0.06674356759 0.05553920567
v -0.02825000137 0.06674356759 0.05553920567
v -0.02775000222 0.06674356759 0.05553920567
v -0.02725000121 0.06675386429 0.05565918982
v -0.02675000206 0.06674356759 0.05553920567
v -0.02625000104 0.06675386429 0.05565918982
v -0.02575000189 0.06675386429 0.05565918982
v -0.02525000088 0.06676416844 0.05577917397
v -0.02475000173 0.06675386429 0.05565918982
v -0.02425000072 0.06675386429 0.05565918982
v -0.02375000156 0.06673327088 0.05541923642
v -0.02325000055 0.06672296673 0.05529926717
v -0.0227500014 0.06673327088 0.05541923642
v -0.02225000039 0.06672296673 0.05529926717
v -0.02175000124 0.06668177247 0.05481934547
v -0.02125000022 0.06667146832 0.05469936132
v -0.02075000107 0.06664057076 0.05433945358
v -0.02025000006 0.0666096732 0.05397951603
v -0.01975000091 0.06657877564 0.05361959338
v -0.01925000176 0.06652727723 0.05301971734
v -0.01875000075 0.06648608297 0.05253979564
v -0.04300000146 0.06744879484 0.0556602329
v -0.04250000045 0.06751009822 0.05638004839
v -0.04200000316 0.06757139415 0.05709987879
v -0.04150000215 0.06760204583 0.05745977163
v -0.04100000113 0.06762248278 0.05769971013
v -0.04050000012 0.06762248278 0.05769971013
v -0.04000000283 0.06761226803 0.05757975578
v -0.03950000182 0.06761226803 0.05757975578
v -0.0390000008 0.06757139415 0.05709987879
v -0.03850000352 0.0675611794 0.05697989464
v -0.0380000025 0.06754074991 0.05673997104
v -0.03750000149 0.06753052771 0.05661998689
v -0.03700000048 0.06752031296 0.05650001764
v -0.03650000319 0.06752031296 0.05650001764
v -0.03600000218 0.06749987602 0.05626009405
v -0.03550000116 0.06748966128 0.0561401099
v -0.03500000015 0.06748966128 0.0561401099
v -0.03450000286 0.06747944653 0.05602014065
v -0.03400000185 0.06746922433 0.0559001714
v -0.03350000083 0.06746922433 0.0559001714
v -0.03299999982 0.06745900959 0.05578021705
v -0.03250000253 0.06744879484 0.0556602329
v -0.03200000152 0.06745900959 0.05578021705
v -0.03150000051 0.06744879484 0.0556602329
v -0.03100000136 0.06745900959 0.05578021705
v -0.03050000221 0.06744879484 0.0556602329
v -0.03000000119 0.06744879484 0.0556602329
v -0.02950000204 0.06744879484 0.0556602329
v -0.02900000103 0.06744879484 0.0556602329
v -0.02850000188 0.06744879484 0.0556602329
v -0.02800000086 0.06744879484 0.0556602329
v -0.02750000171 0.0674385801 0.05554024875
v -0.0270000007 0.0674385801 0.05554024875
v -0.02650000155 0.0674385801 0.05554024875
v -0.02600000054 0.06745900959 0.05578021705
v -0.02550000139 0.06745900959 0.05578021705
v -0.02500000037 0.06745900959 0.05578021705
v -0.02450000122 0.06746922433 0.0559001714
v -0.02400000021 0.06746922433 0.0559001714
v -0.02350000106 0.0674283579 0.0554202944
v -0.02300000191 0.0674385801 0.05554024875
v -0.02250000089 0.0674283579 0.0554202944
v -0.02200000174 0.06739770621 0.05506037176
v -0.02150000073 0.06737727672 0.05482043326
v -0.02100000158 0.06734662503 0.05446054041
v -0.02050000057 0.06729554385 0.05386067927
v -0.02000000142 0.06727510691 0.05362074077
v -0.0195000004 0.06721380353 0.05290092528
v -0.01900000125 0.06716272235 0.05230107903
v -0.04325000197 0.06815386564 0.05578124523
v -0.04275000095 0.06820453703 0.05638104677
v -0.04225000367 0.06825520843 0.05698086321
v -0.04175000265 0.06830587983 0.05758069456
v -0.04125000164 0.06831601262 0.05770066381
v -0.04075000063 0.06832614541 0.05782061815
v -0.04025000334 0.06831601262 0.05770066381
v -0.03975000232 0.06832614541 0.05782061815
v -0.03925000131 0.06830587983 0.05758069456
v -0.0387500003 0.06827547401 0.05722080171
v -0.03825000301 0.06825520843 0.05698086321
v -0.037750002 0.06824506819 0.05686090887
v -0.03725000098 0.0682349354 0.05674095452
v -0.03674999997 0.06822480261 0.05662098527
v -0.03625000268 0.06821466982 0.05650101602
v -0.03575000167 0.06821466982 0.05650101602
v -0.03525000066 0.06819439679 0.05626110733
v -0.03475000337 0.06819439679 0.05626110733
v -0.03425000235 0.068184264 0.05614112318
v -0.03375000134 0.068184264 0.05614112318
v -0.03325000033 0.06817413121 0.05602115393
v -0.03275000304 0.06816399843 0.05590119958
v -0.03225000203 0.06816399843 0.05590119958
v -0.03175000101 0.06816399843 0.05590119958
v -0.03125 0.06816399843 0.05590119958
v -0.03075000085 0.06816399843 0.05590119958
v -0.0302500017 0.06815386564 0.05578124523
v -0.02975000069 0.06815386564 0.05578124523
v -0.02925000153 0.06816399843 0.05590119958
v -0.02875000052 0.06815386564 0.05578124523
v -0.02825000137 0.06815386564 0.05578124523
v -0.02775000222 0.0681437254 0.05566127598
v -0.02725000121 0.06815386564 0.05578124523
v -0.02675000206 0.0681437254 0.05566127598
v -0.02625000104 0.0681437254 0.05566127598
v -0.02575000189 0.06816399843 0.05590119958
v -0.02525000088 0.06816399843 0.05590119958
v -0.02475000173 0.06817413121 0.05602115393
v -0.02425000072 0.06817413121 0.05602115393
v -0.02375000156 0.06815386564 0.05578124523
v -0.02325000055 0.0681437254 0.05566127598
v -0.0227500014 0.06813359261 0.05554129183
v -0.02225000039 0.06811332703 0.05530138314
v -0.02175000124 0.06808292121 0.05494150519
v -0.02125000022 0.06803224981 0.05434167385
v -0.02075000107 0.06802211702 0.0542217046
v -0.02025000006 0.06795117259 0.05338194966
v -0.01975000091 0.06791063398 0.05290210247
v -0.01925000176 0.06787010282 0.05242225528
v -0.04300000146 0.0688989684 0.05638206005
v -0.04250000045 0.06895928085 0.05710181594
v -0.04200000316 0.06899948418 0.05758164823
v -0.04150000215 0.06902963668 0.05794152617
v -0.04100000113 0.06902963668 0.05794152617
v -0.04050000012 0.06902963668 0.05794152617
v -0.04000000283 0.06901958585 0.05782155693
v -0.03950000182 0.06901958585 0.05782155693
v -0.0390000008 0.06899948418 0.05758164823
v -0.03850000352 0.06897938251 0.05734172463
v -0.0380000025 0.06895928085 0.05710181594
v -0.03750000149 0.06894922256 0.05698184669
v -0.03700000048 0.06893917173 0.05686189234
v -0.03650000319 0.0689291209 0.0567419529
v -0.03600000218 0.06891907007 0.05662198365
v -0.03550000116 0.06891907007 0.05662198365
v -0.03500000015 0.0688989684 0.05638206005
v -0.03450000286 0.0688989684 0.05638206005
v -0.03400000185 0.06888891757 0.0562621206
v -0.03350000083 0.06887885928 0.05614215136
v -0.03299999982 0.06887885928 0.05614215136
v -0.03250000253 0.06885875762 0.05590222776
v -0.03200000152 0.06887885928 0.05614215136
v -0.03150000051 0.06886880845 0.05602218211
v -0.03100000136 0.06887885928 0.05614215136
v -0.03050000221 0.06886880845 0.05602218211
v -0.03000000119 0.06886880845 0.05602218211
v -0.02950000204 0.06885875762 0.05590222776
v -0.02900000103 0.06885875762 0.05590222776
v -0.02850000188 0.06885875762 0.05590222776
v -0.02800000086 0.06885875762 0.05590222776
v -0.02750000171 0.06884870678 0.05578228831
v -0.0270000007 0.06884870678 0.05578228831
v -0.02650000155 0.06884870678 0.05578228831
v -0.02600000054 0.06885875762 0.05590222776
v -0.02550000139 0.06886880845 0.05602218211
v -0.02500000037 0.06887885928 0.05614215136
v -0.02450000122 0.06886880845 0.05602218211
v -0.02400000021 0.06886880845 0.05602218211
v -0.02350000106 0.06886880845 0.05602218211
v -0.02300000191 0.06885875762 0.05590222776
v -0.02250000089 0.06882860512 0.05554234982
v -0.02200000174 0.06879844517 0.05518248677
v -0.02150000073 0.06875824183 0.05470263958
v -0.02100000158 0.06870798022 0.05410286784
v -0.02050000057 0.06866777688 0.05362303555
v -0.02000000142 0.06857730448 0.05254340172
v -0.0195000004 0.06855720282 0.05230350792
v -0.04325000197 0.06956349313 0.05602321029
v -0.04275000095 0.06964324415 0.05698283017
v -0.04225000367 0.06969308853 0.0575826019
v -0.04175000265 0.06973296404 0.05806238949
v -0.04125000164 0.06974294037 0.05818234384
v -0.04075000063 0.06974294037 0.05818234384
v -0.04025000334 0.06973296404 0.05806238949
v -0.03975000232 0.06971302629 0.0578224957
v -0.03925000131 0.06971302629 0.0578224957
v -0.0387500003 0.06968311965 0.05746263266
v -0.03825000301 0.06968311965 0.05746263266
v -0.037750002 0.0696631819 0.05722272396
v -0.03725000098 0.06965321302 0.05710279942
v -0.03674999997 0.06965321302 0.05710279942
v -0.03625000268 0.06963327527 0.05686287582
v -0.03575000167 0.06963327527 0.05686287582
v -0.03525000066 0.06962330639 0.05674293637
v -0.03475000337 0.06960336864 0.05650302768
v -0.03425000235 0.06959339976 0.05638307333
v -0.03375000134 0.06959339976 0.05638307333
v -0.03325000033 0.06959339976 0.05638307333
v -0.03275000304 0.06958343089 0.05626313388
v -0.03225000203 0.06957346201 0.05614316463
v -0.03175000101 0.06958343089 0.05626313388
v -0.03125 0.06958343089 0.05626313388
v -0.03075000085 0.06958343089 0.05626313388
v -0.0302500017 0.06957346201 0.05614316463
v -0.02975000069 0.06957346201 0.05614316463
v -0.02925000153 0.06957346201 0.05614316463
v -0.02875000052 0.06957346201 0.05614316463
v -0.02825000137 0.06957346201 0.05614316463
v -0.02775000222 0.06956349313 0.05602321029
v -0.02725000121 0.06956349313 0.05602321029
v -0.02675000206 0.06956349313 0.05602321029
v -0.02625000104 0.06956349313 0.05602321029
v -0.02575000189 0.06956349313 0.05602321029
v -0.02525000088 0.06957346201 0.05614316463
v -0.02475000173 0.06958343089 0.05626313388
v -0.02425000072 0.06958343089 0.05626313388
v -0.02375000156 0.06957346201 0.05614316463
v -0.02325000055 0.06957346201 0.05614316463
v -0.0227500014 0.06955351681 0.05590325594
v -0.02225000039 0.06953357905 0.05566336215
v -0.02175000124 0.06947376579 0.05494366586
v -0.02125000022 0.06945382804 0.05470374227
v -0.02075000107 0.06937406957 0.05374412239
v -0.04300000146 0.07031749934 0.05674393475
v -0.04250000045 0.07037682086 0.05746358633
v -0.04200000316 0.07041636109 0.05794338882
v -0.04150000215 0.07044602185 0.05830322206
v -0.04100000113 0.07044602185 0.05830322206
v -0.04050000012 0.07044602185 0.05830322206
v -0.04000000283 0.07043613493 0.05818326771
v -0.03950000182 0.07042624801 0.05806331336
v -0.0390000008 0.07038670778 0.05758354068
v -0.03850000352 0.07037682086 0.05746358633
v -0.0380000025 0.07036693394 0.05734364688
v -0.03750000149 0.07036693394 0.05734364688
v -0.03700000048 0.07035703957 0.05722369254
v -0.03650000319 0.07035703957 0.05722369254
v -0.03600000218 0.07033727318 0.05698379874
v -0.03550000116 0.07032738626 0.0568638593
v -0.03500000015 0.07032738626 0.0568638593
v -0.03450000286 0.0702977255 0.05650402606
v -0.03400000185 0.07028783858 0.05638407171
v -0.03350000083 0.0702977255 0.05650402606
v -0.03299999982 0.0702977255 0.05650402606
v -0.03250000253 0.0702977255 0.05650402606
v -0.03200000152 0.07028783858 0.05638407171
v -0.03150000051 0.07028783858 0.05638407171
v -0.03100000136 0.07028783858 0.05638407171
v -0.03050000221 0.07028783858 0.05638407171
v -0.03000000119 0.07027795166 0.05626414716
v -0.02950000204 0.07027795166 0.05626414716
v -0.02900000103 0.07027795166 0.05626414716
v -0.02850000188 0.07027795166 0.05626414716
v -0.02800000086 0.07027795166 0.05626414716
v -0.02750000171 0.07026806474 0.05614419281
v -0.0270000007 0.07026806474 0.05614419281
v -0.02650000155 0.07027795166 0.05626414716
v -0.02600000054 0.07027795166 0.05626414716
v -0.02550000139 0.07027795166 0.05626414716
v -0.02500000037 0.07027795166 0.05626414716
v -0.02450000122 0.0702977255 0.05650402606
v -0.02400000021 0.0702977255 0.05650402606
v -0.02350000106 0.07028783858 0.05638407171
v -0.02300000191 0.07027795166 0.05626414716
v -0.02250000089 0.07025817782 0.05602423847
v -0.02200000174 0.07023840398 0.05578435957
v -0.02150000073 0.07017908245 0.05506467819
v -0.02100000158 0.07015930861 0.0548247844
v -0.02050000057 0.07008021325 0.05386520922
v -0.02000000142 0.07006043941 0.05362533033
v -0.04275000095 0.07107051462 0.05746455491
v -0.04225000367 0.07110972703 0.05794431269
v -0.04175000265 0.07113914192 0.05830413103
v -0.04125000164 0.07114894688 0.05842407048
v -0.04075000063 0.07114894688 0.05842407048
v -0.04025000334 0.07113914192 0.05830413103
v -0.03975000232 0.07111953199 0.05806423724
v -0.03925000131 0.07110972703 0.05794431269
v -0.0387500003 0.07109992206 0.05782435834
v -0.03825000301 0.07108031958 0.05758449435
v -0.037750002 0.07107051462 0.05746455491
v -0.03725000098 0.07106070966 0.05734460056
v -0.03674999997 0.07106070966 0.05734460056
v -0.03625000268 0.07105090469 0.05722466111
v -0.03575000167 0.07104109973 0.05710473657
v -0.03525000066 0.07103129476 0.05698478222
v -0.03475000337 0.07103129476 0.05698478222
v -0.03425000235 0.07101168483 0.05674491823
v -0.03375000134 0.07100187987 0.05662496388
v -0.03325000033 0.07100187987 0.05662496388
v -0.03275000304 0.07100187987 0.05662496388
v -0.03225000203 0.07099208236 0.05650503933
v -0.03175000101 0.07099208236 0.05650503933
v -0.03125 0.07099208236 0.05650503933
v -0.03075000085 0.07099208236 0.05650503933
v -0.0302500017 0.07099208236 0.05650503933
v -0.02975000069 0.07098227739 0.05638508499
v -0.02925000153 0.07098227739 0.05638508499
v -0.02875000052 0.07098227739 0.05638508499
v -0.02825000137 0.07098227739 0.05638508499
v -0.02775000222 0.07098227739 0.05638508499
v -0.02725000121 0.07098227739 0.05638508499
v -0.02675000206 0.07098227739 0.05638508499
v -0.02625000104 0.07099208236 0.05650503933
v -0.02575000189 0.07098227739 0.05638508499
v -0.02525000088 0.07099208236 0.05650503933
v -0.02475000173 0.07100187987 0.05662496388
v -0.02425000072 0.07100187987 0.05662496388
v -0.02375000156 0.07099208236 0.05650503933
v -0.02325000055 0.07099208236 0.05650503933
v -0.0227500014 0.07098227739 0.05638508499
v -0.02225000039 0.0709528625 0.05602526665
v -0.02175000124 0.07091364264 0.05554549396
v -0.02125000022 0.07085482031 0.05482587218
v -0.02075000107 0.07082540542 0.05446605384
v -0.02025000006 0.07075677812 0.05362647772
v -0.01975000091 0.07062932104 0.05206725001
v -0.04300000146 0.07176420838 0.05746550858
v -0.04250000045 0.07181281596 0.05806516111
v -0.04200000316 0.07183226198 0.05830504
v -0.04150000215 0.07184198499 0.05842497945
v -0.04100000113 0.07185170054 0.05854488909
v -0.04050000012 0.07184198499 0.05842497945
v -0.04000000283 0.07183226198 0.05830504
v -0.03950000182 0.07181281596 0.05806516111
v -0.0390000008 0.07180309296 0.05794523656
v -0.03850000352 0.07179336995 0.05782529712
v -0.0380000025 0.07178364694 0.05770537257
v -0.03750000149 0.07177393138 0.05758544803
v -0.03700000048 0.07176420838 0.05746550858
v -0.03650000319 0.07175448537 0.05734556913
v -0.03600000218 0.07175448537 0.05734556913
v -0.03550000116 0.07174476236 0.05722562969
v -0.03500000015 0.0717350468 0.05710570514
v -0.03450000286 0.0717253238 0.0569857657
v -0.03400000185 0.0717253238 0.0569857657
v -0.03350000083 0.07171560079 0.05686582625
v -0.03299999982 0.07171560079 0.05686582625
v -0.03250000253 0.07171560079 0.05686582625
v -0.03200000152 0.07169615477 0.05662596226
v -0.03150000051 0.07169615477 0.05662596226
v -0.03100000136 0.07169615477 0.05662596226
v -0.03050000221 0.07169615477 0.05662596226
v -0.03000000119 0.07168643177 0.05650603771
v -0.02950000204 0.07169615477 0.05662596226
v -0.02900000103 0.07169615477 0.05662596226
v -0.02850000188 0.07169615477 0.05662596226
v -0.02800000086 0.07169615477 0.05662596226
v -0.02750000171 0.07168643177 0.05650603771
v -0.0270000007 0.07168643177 0.05650603771
v -0.02650000155 0.07168643177 0.05650603771
v -0.02600000054 0.07170587778 0.0567459017
v -0.02550000139 0.07170587778 0.0567459017
v -0.02500000037 0.07170587778 0.0567459017
v -0.02450000122 0.07171560079 0.05686582625
v -0.02400000021 0.07170587778 0.0567459017
v -0.02350000106 0.07170587778 0.0567459017
v -0.02300000191 0.07169615477 0.05662596226
v -0.02250000089 0.07167670876 0.05638609827
v -0.02200000174 0.07163782418 0.05590635538
v -0.02150000073 0.07157949358 0.05518676341
v -0.02100000158 0.0714725554 0.0538674891
v -0.02050000057 0.07142394781 0.05326783657
v -0.04325000197 0.07244826108 0.05734652281
v -0.04275000095 0.07250609249 0.05806608498
v -0.04225000367 0.07254464924 0.05854579806
v -0.04175000265 0.07255429029 0.05866572261
v -0.04125000164 0.07255429029 0.05866572261
v -0.04075000063 0.07254464924 0.05854579806
v -0.04025000334 0.07253500819 0.05842588842
v -0.03975000232 0.07253500819 0.05842588842
v -0.03925000131 0.07251573354 0.05818602443
v -0.0387500003 0.07250609249 0.05806608498
v -0.03825000301 0.07249645144 0.05794617534
v -0.037750002 0.07248681784 0.05782623589
v -0.03725000098 0.07246753573 0.0575863868
v -0.03674999997 0.07246753573 0.0575863868
v -0.03625000268 0.07244826108 0.05734652281
v -0.03575000167 0.07244826108 0.05734652281
v -0.03525000066 0.07243862003 0.05722659826
v -0.03475000337 0.07243862003 0.05722659826
v -0.03425000235 0.07242897898 0.05710667372
v -0.03375000134 0.07242897898 0.05710667372
v -0.03325000033 0.07241933793 0.05698673427
v -0.03275000304 0.07241933793 0.05698673427
v -0.03225000203 0.07241933793 0.05698673427
v -0.03175000101 0.07240006328 0.05674690008
v -0.03125 0.07240970433 0.05686680973
v -0.03075000085 0.07240006328 0.05674690008
v -0.0302500017 0.07240006328 0.05674690008
v -0.02975000069 0.07240006328 0.05674690008
v -0.02925000153 0.07240006328 0.05674690008
v -0.02875000052 0.07240006328 0.05674690008
v -0.02825000137 0.07240006328 0.05674690008
v -0.02775000222 0.07240970433 0.05686680973
v -0.02725000121 0.07240970433 0.05686680973
v -0.02675000206 0.07240006328 0.05674690008
v -0.02625000104 0.07240970433 0.05686680973
v -0.02575000189 0.07241933793 0.05698673427
v -0.02525000088 0.07241933793 0.05698673427
v -0.02475000173 0.07241933793 0.05698673427
v -0.02425000072 0.07241933793 0.05698673427
v -0.02375000156 0.07241933793 0.05698673427
v -0.02325000055 0.07240970433 0.05686680973
v -0.0227500014 0.07239042222 0.05662696064
v -0.02225000039 0.07235186547 0.05614724755
v -0.02175000124 0.07234222442 0.05602732301
v -0.02125000022 0.07218800485 0.05410848558
v -0.04300000146 0.07319936901 0.05806700885
v -0.04250000045 0.07323759794 0.05854669213
v -0.04200000316 0.07326626778 0.05890648067
v -0.04150000215 0.07326626778 0.05890648067
v -0.04100000113 0.07325670868 0.05878655612
v -0.04050000012 0.07324714959 0.05866661668
v -0.04000000283 0.07322803885 0.05842678249
v -0.03950000182 0.07322803885 0.05842678249
v -0.0390000008 0.07320892811 0.0581869334
v -0.03850000352 0.07320892811 0.0581869334
v -0.0380000025 0.07318981737 0.05794709921
v -0.03750000149 0.07318025827 0.05782717466
v -0.03700000048 0.07317069918 0.05770725012
v -0.03650000319 0.07317069918 0.05770725012
v -0.03600000218 0.07315158844 0.05746741593
v -0.03550000116 0.07315158844 0.05746741593
v -0.03500000015 0.07314202935 0.05734749138
v -0.03450000286 0.07313247025 0.05722756684
v -0.03400000185 0.07313247025 0.05722756684
v -0.03350000083 0.07313247025 0.05722756684
v -0.03299999982 0.07312291861 0.05710765719
v -0.03250000253 0.07312291861 0.05710765719
v -0.03200000152 0.07313247025 0.05722756684
v -0.03150000051 0.07312291861 0.05710765719
v -0.03100000136 0.07311335951 0.05698771775
v -0.03050000221 0.07311335951 0.05698771775
v -0.03000000119 0.07311335951 0.05698771775
v -0.02950000204 0.07311335951 0.05698771775
v -0.02900000103 0.07311335951 0.05698771775
v -0.02850000188 0.07311335951 0.05698771775
v -0.02800000086 0.07311335951 0.05698771775
v -0.02750000171 0.07312291861 0.05710765719
v -0.0270000007 0.07312291861 0.05710765719
v -0.02650000155 0.07313247025 0.05722756684
v -0.02600000054 0.07313247025 0.05722756684
v -0.02550000139 0.07313247025 0.05722756684
v -0.02500000037 0.07313247025 0.05722756684
v -0.02450000122 0.07312291861 0.05710765719
v -0.02400000021 0.07312291861 0.05710765719
v -0.02350000106 0.07312291861 0.05710765719
v -0.02300000191 0.07309424877 0.05674788356
v -0.02250000089 0.0730369091 0.05602835119
v -0.02200000174 0.07302735001 0.05590842664
v -0.02150000073 0.07287444174 0.05398967862
v -0.02100000158 0.0728648901 0.05386975408
v -0.04325000197 0.07388317585 0.05794803798
v -0.04275000095 0.07394002378 0.05866751075
v -0.04225000367 0.07396844774 0.05902726948
v -0.04175000265 0.07397791743 0.05914717913
v -0.04125000164 0.07396844774 0.05902726948
v -0.04075000063 0.07396844774 0.05902726948
v -0.04025000334 0.07394002378 0.05866751075
v -0.03975000232 0.07393054664 0.0585476011
v -0.03925000131 0.07392107695 0.05842769146
v -0.0387500003 0.07392107695 0.05842769146
v -0.03825000301 0.07390213013 0.05818785727
v -0.037750002 0.07389265299 0.05806793272
v -0.03725000098 0.07388317585 0.05794803798
v -0.03674999997 0.07387370616 0.05782811344
v -0.03625000268 0.07386422902 0.05770818889
v -0.03575000167 0.07385475934 0.05758829415
v -0.03525000066 0.0738452822 0.0574683696
v -0.03475000337 0.0738452822 0.0574683696
v -0.03425000235 0.0738452822 0.0574683696
v -0.03375000134 0.0738452822 0.0574683696
v -0.03325000033 0.0738452822 0.0574683696
v -0.03275000304 0.07383580506 0.05734844506
v -0.03225000203 0.07383580506 0.05734844506
v -0.03175000101 0.07383580506 0.05734844506
v -0.03125 0.07382633537 0.05722852051
v -0.03075000085 0.07383580506 0.05734844506
v -0.0302500017 0.07382633537 0.05722852051
v -0.02975000069 0.07382633537 0.05722852051
v -0.02925000153 0.07382633537 0.05722852051
v -0.02875000052 0.07383580506 0.05734844506
v -0.02825000137 0.07383580506 0.05734844506
v -0.02775000222 0.07383580506 0.05734844506
v -0.02725000121 0.0738452822 0.0574683696
v -0.02675000206 0.07385475934 0.05758829415
v -0.02625000104 0.07385475934 0.05758829415
v -0.02575000189 0.07385475934 0.05758829415
v -0.02525000088 0.07383580506 0.05734844506
v -0.02475000173 0.07383580506 0.05734844506
v -0.02425000072 0.07382633537 0.05722852051
v -0.02375000156 0.07382633537 0.05722852051
v -0.02325000055 0.07378844172 0.05674888194
v -0.0227500014 0.07376948744 0.05650904775
v -0.02225000039 0.073684223 0.05542980134
v -0.02175000124 0.07365579903 0.05507004261
v -0.04350000247 0.07460471243 0.05830869079
v -0.04300000146 0.07464227825 0.05878832936
v -0.04250000045 0.0746704489 0.0591480583
v -0.04200000316 0.07467984408 0.05926796794
v -0.04150000215 0.07467984408 0.05926796794
v -0.04100000113 0.07466106117 0.05902813375
v -0.04050000012 0.07466106117 0.05902813375
v -0.04000000283 0.07464227825 0.05878832936
v -0.03950000182 0.07462349534 0.05854849517
v -0.0390000008 0.07462349534 0.05854849517
v -0.03850000352 0.07461410016 0.05842860043
v -0.0380000025 0.07460471243 0.05830869079
v -0.03750000149 0.07459531724 0.05818878114
v -0.03700000048 0.07458592951 0.0580688566
v -0.03650000319 0.07457653433 0.05794896185
v -0.03600000218 0.07455775142 0.05770914257
v -0.03550000116 0.07455775142 0.05770914257
v -0.03500000015 0.07455775142 0.05770914257
v -0.03450000286 0.07455775142 0.05770914257
v -0.03400000185 0.07454836369 0.05758923292
v -0.03350000083 0.07455775142 0.05770914257
v -0.03299999982 0.07454836369 0.05758923292
v -0.03250000253 0.07454836369 0.05758923292
v -0.03200000152 0.0745389685 0.05746932328
v -0.03150000051 0.0745389685 0.05746932328
v -0.03100000136 0.0745389685 0.05746932328
v -0.03050000221 0.0745389685 0.05746932328
v -0.03000000119 0.07452958077 0.05734941363
v -0.02950000204 0.0745389685 0.05746932328
v -0.02900000103 0.07454836369 0.05758923292
v -0.02850000188 0.07454836369 0.05758923292
v -0.02800000086 0.07455775142 0.05770914257
v -0.02750000171 0.07455775142 0.05770914257
v -0.0270000007 0.0745671466 0.05782905221
v -0.02650000155 0.0745671466 0.05782905221
v -0.02600000054 0.0745671466 0.05782905221
v -0.02550000139 0.07454836369 0.05758923292
v -0.02500000037 0.0745389685 0.05746932328
v -0.02450000122 0.07452958077 0.05734941363
v -0.02400000021 0.07452018559 0.05722948909
v -0.02350000106 0.07448261976 0.05674986541
v -0.02300000191 0.07446383685 0.05651004612
v -0.02250000089 0.07430417836 0.05447158217
v -0.02200000174 0.07433235645 0.05483131111
v -0.04375000298 0.07529783249 0.05830959976
v -0.04325000197 0.07535368949 0.05902901292
v -0.04275000095 0.07538161427 0.05938871205
v -0.04225000367 0.07539092749 0.05950863659
v -0.04175000265 0.07539092749 0.05950863659
v -0.04125000164 0.07537230849 0.05926883221
v -0.04075000063 0.07536299527 0.05914892256
v -0.04025000334 0.07535368949 0.05902901292
v -0.03975000232 0.07533507049 0.05878920853
v -0.03925000131 0.07532576472 0.05866929889
v -0.0387500003 0.07532576472 0.05866929889
v -0.03825000301 0.07530714571 0.0584295094
v -0.037750002 0.07530714571 0.0584295094
v -0.03725000098 0.07529783249 0.05830959976
v -0.03674999997 0.07527921349 0.05806978047
v -0.03625000268 0.07526990771 0.05794988573
v -0.03575000167 0.07526990771 0.05794988573
v -0.03525000066 0.07526990771 0.05794988573
v -0.03475000337 0.07526990771 0.05794988573
v -0.03425000235 0.07526990771 0.05794988573
v -0.03375000134 0.07526060194 0.05782997608
v -0.03325000033 0.07525128871 0.05771008134
v -0.03275000304 0.07526060194 0.05782997608
v -0.03225000203 0.07526060194 0.05782997608
v -0.03175000101 0.07524198294 0.0575901866
v -0.03125 0.07525128871 0.05771008134
v -0.03075000085 0.07525128871 0.05771008134
v -0.0302500017 0.07525128871 0.05771008134
v -0.02975000069 0.07524198294 0.0575901866
v -0.02925000153 0.07525128871 0.05771008134
v -0.02875000052 0.07526060194 0.05782997608
v -0.02825000137 0.07526990771 0.05794988573
v -0.02775000222 0.07527921349 0.05806978047
v -0.02725000121 0.07527921349 0.05806978047
v -0.02675000206 0.07528852671 0.05818969011
v -0.02625000104 0.07526990771 0.05794988573
v -0.02575000189 0.07525128871 0.05771008134
v -0.02525000088 0.07524198294 0.0575901866
v -0.02475000173 0.07523266971 0.05747027695
v -0.02425000072 0.07521405071 0.05723045766
v -0.02375000156 0.07518612593 0.05687074363
v -0.02325000055 0.07515820116 0.0565110445
v -0.0227500014 0.07514888793 0.05639113486
v -0.04350000247 0.07602785528 0.0587901026
v -0.04300000146 0.07607398927 0.05938957632
v -0.04250000045 0.07608321309 0.05950948596
v -0.04200000316 0.07609243691 0.0596293807
v -0.04150000215 0.07608321309 0.05950948596
v -0.04100000113 0.076064758 0.05926969647
v -0.04050000012 0.07605553418 0.05914980173
v -0.04000000283 0.0760370791 0.05891001225
v -0.03950000182 0.0760370791 0.05891001225
v -0.0390000008 0.07602785528 0.0587901026
v -0.03850000352 0.07601862401 0.05867019296
v -0.0380000025 0.07600940019 0.05855029821
v -0.03750000149 0.07600017637 0.05843041837
v -0.03700000048 0.0759909451 0.05831050873
v -0.03650000319 0.07598172128 0.05819061399
v -0.03600000218 0.07597249746 0.05807070434
v -0.03550000116 0.07597249746 0.05807070434
v -0.03500000015 0.07598172128 0.05819061399
v -0.03450000286 0.07597249746 0.05807070434
v -0.03400000185 0.07597249746 0.05807070434
v -0.03350000083 0.07596326619 0.0579508245
v -0.03299999982 0.07596326619 0.0579508245
v -0.03250000253 0.07597249746 0.05807070434
v -0.03200000152 0.07595404238 0.05783091486
v -0.03150000051 0.07595404238 0.05783091486
v -0.03100000136 0.07595404238 0.05783091486
v -0.03050000221 0.07596326619 0.0579508245
v -0.03000000119 0.07595404238 0.05783091486
v -0.02950000204 0.07596326619 0.0579508245
v -0.02900000103 0.07597249746 0.05807070434
v -0.02850000188 0.07598172128 0.05819061399
v -0.02800000086 0.0759909451 0.05831050873
v -0.02750000171 0.0759909451 0.05831050873
v -0.0270000007 0.0759909451 0.05831050873
v -0.02650000155 0.07598172128 0.05819061399
v -0.02600000054 0.07596326619 0.0579508245
v -0.02550000139 0.07593558729 0.05759112537
v -0.02500000037 0.07592636347 0.05747123063
v -0.02450000122 0.07588022947 0.05687172711
v -0.02400000021 0.07586177438 0.05663195252
v -0.02350000106 0.0758433193 0.05639214814
v -0.04375000298 0.07673892379 0.05903077126
v -0.04325000197 0.07676635683 0.05939042568
v -0.04275000095 0.07678464055 0.05963023007
v -0.04225000367 0.07679378986 0.05975012481
v -0.04175000265 0.07678464055 0.05963023007
v -0.04125000164 0.07677549869 0.05951033533
v -0.04075000063 0.07675721496 0.05927056074
v -0.04025000334 0.07674806565 0.059150666
v -0.03975000232 0.07674806565 0.059150666
v -0.03925000131 0.07673892379 0.05903077126
v -0.0387500003 0.07672978193 0.05891089141
v -0.03825000301 0.07671149075 0.05867108703
v -0.037750002 0.07671149075 0.05867108703
v -0.03725000098 0.07670234889 0.05855119228
v -0.03674999997 0.07669320703 0.05843131244
v -0.03625000268 0.07668405771 0.0583114326
v -0.03575000167 0.07668405771 0.0583114326
v -0.03525000066 0.07668405771 0.0583114326
v -0.03475000337 0.07668405771 0.0583114326
v -0.03425000235 0.07668405771 0.0583114326
v -0.03375000134 0.07668405771 0.0583114326
v -0.03325000033 0.07667491585 0.05819152296
v -0.03275000304 0.07667491585 0.05819152296
v -0.03225000203 0.07667491585 0.05819152296
v -0.03175000101 0.07666577399 0.05807162821
v -0.03125 0.07666577399 0.05807162821
v -0.03075000085 0.07667491585 0.05819152296
v -0.0302500017 0.07667491585 0.05819152296
v -0.02975000069 0.07667491585 0.05819152296
v -0.02925000153 0.07668405771 0.0583114326
v -0.02875000052 0.07669320703 0.05843131244
v -0.02825000137 0.07669320703 0.05843131244
v -0.02775000222 0.07670234889 0.05855119228
v -0.02725000121 0.07670234889 0.05855119228
v -0.02675000206 0.07669320703 0.05843131244
v -0.02625000104 0.07667491585 0.05819152296
v -0.02575000189 0.07663834095 0.05771195889
v -0.02525000088 0.07661090791 0.05735228956
v -0.02475000173 0.07655604184 0.056632936
v -0.02425000072 0.07632744312 0.05363565683
v -0.02375000156 0.07630915195 0.05339586735
v -0.04400000349 0.07744967192 0.05927142501
v -0.04350000247 0.07748591155 0.05975097418
v -0.04300000146 0.0774949789 0.05987083912
v -0.04250000045 0.0774949789 0.05987083912
v -0.04200000316 0.0774949789 0.05987083912
v -0.04150000215 0.07747685164 0.05963107944
v -0.04100000113 0.07745873183 0.05939128995
v -0.04050000012 0.07744967192 0.05927142501
v -0.04000000283 0.07744967192 0.05927142501
v -0.03950000182 0.07744060457 0.05915153027
v -0.0390000008 0.07743154466 0.05903165042
v -0.03850000352 0.07742248476 0.05891177058
v -0.0380000025 0.07742248476 0.05891177058
v -0.03750000149 0.07741342485 0.05879187584
v -0.03700000048 0.07740436494 0.0586719811
v -0.03650000319 0.07739529759 0.05855210125
v -0.03600000218 0.07738623768 0.05843222141
v -0.03550000116 0.07739529759 0.05855210125
v -0.03500000015 0.07739529759 0.05855210125
v -0.03450000286 0.07739529759 0.05855210125
v -0.03400000185 0.07738623768 0.05843222141
v -0.03350000083 0.07738623768 0.05843222141
v -0.03299999982 0.07738623768 0.05843222141
v -0.03250000253 0.07738623768 0.05843222141
v -0.03200000152 0.07737717777 0.05831234157
v -0.03150000051 0.07737717777 0.05831234157
v -0.03100000136 0.07738623768 0.05843222141
v -0.03050000221 0.07739529759 0.05855210125
v -0.03000000119 0.07739529759 0.05855210125
v -0.02950000204 0.07739529759 0.05855210125
v -0.02900000103 0.07740436494 0.0586719811
v -0.02850000188 0.07739529759 0.05855210125
v -0.02800000086 0.07739529759 0.05855210125
v -0.02750000171 0.07741342485 0.05879187584
v -0.0270000007 0.07739529759 0.05855210125
v -0.02650000155 0.07737717777 0.05831234157
v -0.02600000054 0.0773409307 0.0578327924
v -0.02550000139 0.07731374353 0.05747313797
v -0.02500000037 0.07726843655 0.05687369406
v -0.02450000122 0.07703284174 0.05375666916
v -0.02400000021 0.07700565457 0.05339702964
v -0.04425000027 0.07815109938 0.05939215422
v -0.04375000298 0.07818701118 0.05987167358
v -0.04325000197 0.07820497453 0.06011144817
v -0.04275000095 0.07820497453 0.06011144817
v -0.04225000367 0.07819599658 0.05999155343
v -0.04175000265 0.07818701118 0.05987167358
v -0.04125000164 0.07816905528 0.0596319288
v -0.04075000063 0.07816007733 0.05951204896
v -0.04025000334 0.07815109938 0.05939215422
v -0.03975000232 0.07815109938 0.05939215422
v -0.03925000131 0.07813314348 0.05915240943
v -0.0387500003 0.07814212143 0.05927228928
v -0.03825000301 0.07812416553 0.05903251469
v -0.037750002 0.07811518759 0.05891264975
v -0.03725000098 0.07810620219 0.05879276991
v -0.03674999997 0.07811518759 0.05891264975
v -0.03625000268 0.07810620219 0.05879276991
v -0.03575000167 0.07809722424 0.05867287517
v -0.03525000066 0.07810620219 0.05879276991
v -0.03475000337 0.07810620219 0.05879276991
v -0.03425000235 0.07810620219 0.05879276991
v -0.03375000134 0.07809722424 0.05867287517
v -0.03325000033 0.07809722424 0.05867287517
v -0.03275000304 0.07809722424 0.05867287517
v -0.03225000203 0.07809722424 0.05867287517
v -0.03175000101 0.07809722424 0.05867287517
v -0.03125 0.07810620219 0.05879276991
v -0.03075000085 0.07810620219 0.05879276991
v -0.0302500017 0.07810620219 0.05879276991
v -0.02975000069 0.07810620219 0.05879276991
v -0.02925000153 0.07810620219 0.05879276991
v -0.02875000052 0.07811518759 0.05891264975
v -0.02825000137 0.07809722424 0.05867287517
v -0.02775000222 0.07809722424 0.05867287517
v -0.02725000121 0.07810620219 0.05879276991
v -0.02675000206 0.07806131244 0.0581933707
v -0.02625000104 0.07803437114 0.05783373117
v -0.02575000189 0.07800743729 0.05747409165
v -0.04450000077 0.07883457839 0.05927315354
v -0.04400000349 0.07888795435 0.05999237299
v -0.04350000247 0.07891464233 0.06035201252
v -0.04300000146 0.07891464233 0.06035201252
v -0.04250000045 0.07890574634 0.06023213267
v -0.04200000316 0.07887905836 0.05987250805
v -0.04150000215 0.07887905836 0.05987250805
v -0.04100000113 0.07887016237 0.05975264311
v -0.04050000012 0.07886126637 0.05963276327
v -0.04000000283 0.07884347439 0.05939300358
v -0.03950000182 0.07884347439 0.05939300358
v -0.0390000008 0.07884347439 0.05939300358
v -0.03850000352 0.07883457839 0.05927315354
v -0.0380000025 0.0788256824 0.0591532737
v -0.03750000149 0.07880789042 0.05891352892
v -0.03700000048 0.07880789042 0.05891352892
v -0.03650000319 0.07881677896 0.05903339386
v -0.03600000218 0.07881677896 0.05903339386
v -0.03550000116 0.07881677896 0.05903339386
v -0.03500000015 0.07881677896 0.05903339386
v -0.03450000286 0.07881677896 0.05903339386
v -0.03400000185 0.07880789042 0.05891352892
v -0.03350000083 0.07881677896 0.05903339386
v -0.03299999982 0.07880789042 0.05891352892
v -0.03250000253 0.07879898697 0.05879364908
v -0.03200000152 0.07880789042 0.05891352892
v -0.03150000051 0.07880789042 0.05891352892
v -0.03100000136 0.07881677896 0.05903339386
v -0.03050000221 0.0788256824 0.0591532737
v -0.03000000119 0.0788256824 0.0591532737
v -0.02950000204 0.07880789042 0.05891352892
v -0.02900000103 0.07881677896 0.05903339386
v -0.02850000188 0.07880789042 0.05891352892
v -0.02800000086 0.07879898697 0.05879364908
v -0.02750000171 0.07878119498 0.05855388939
v -0.0270000007 0.07874561101 0.05807439983
v -0.02650000155 0.07872781903 0.05783466995
v -0.02600000054 0.07871002704 0.05759492517
v -0.02550000139 0.07852320373 0.0550775677
v -0.04475000128 0.0795622915 0.05975349247
v -0.04425000027 0.07959754765 0.06023293734
v -0.04375000298 0.07961517572 0.06047268212
v -0.04325000197 0.07962398976 0.06059254706
v -0.04275000095 0.07961517572 0.06047268212
v -0.04225000367 0.07960636169 0.06035281718
v -0.04175000265 0.07957991958 0.05999320745
v -0.04125000164 0.07957110554 0.05987334251
v -0.04075000063 0.07957110554 0.05987334251
v -0.04025000334 0.07955347747 0.05963361263
v -0.03975000232 0.07955347747 0.05963361263
v -0.03925000131 0.07954466343 0.05951374769
v -0.0387500003 0.07954466343 0.05951374769
v -0.03825000301 0.07953584939 0.05939386785
v -0.037750002 0.07951822132 0.05915413797
v -0.03725000098 0.07951822132 0.05915413797
v -0.03674999997 0.07951822132 0.05915413797
v -0.03625000268 0.07951822132 0.05915413797
v -0.03575000167 0.07951822132 0.05915413797
v -0.03525000066 0.07953584939 0.05939386785
v -0.03475000337 0.07951822132 0.05915413797
v -0.03425000235 0.07951822132 0.05915413797
v -0.03375000134 0.07952703536 0.05927401781
v -0.03325000033 0.07952703536 0.05927401781
v -0.03275000304 0.07950940728 0.05903427303
v -0.03225000203 0.07951822132 0.05915413797
v -0.03175000101 0.07952703536 0.05927401781
v -0.03125 0.07951822132 0.05915413797
v -0.03075000085 0.07952703536 0.05927401781
v -0.0302500017 0.07952703536 0.05927401781
v -0.02975000069 0.07952703536 0.05927401781
v -0.02925000153 0.07952703536 0.05927401781
v -0.02875000052 0.07951822132 0.05915413797
v -0.02825000137 0.07950059325 0.05891442299
v -0.02775000222 0.07947415113 0.05855479836
v -0.02725000121 0.07943889499 0.0580753237
v -0.02675000206 0.07941245288 0.05771572888
v -0.02625000104 0.07920973748 0.05495879054
v -0.02575000189 0.07922736555 0.05519852042
v -0.04500000179 0.08026314527 0.05987417698
v -0.04450000077 0.0803155303 0.06059335172
v -0.04400000349 0.08034172654 0.06095293164
v -0.04350000247 0.08034172654 0.06095293164
v -0.04300000146 0.08032426238 0.06071320176
v -0.04250000045 0.08030679822 0.06047348678
v -0.04200000316 0.08029806614 0.06035362184
v -0.04150000215 0.08028060943 0.06011390686
v -0.04100000113 0.08027187735 0.05999404192
v -0.04050000012 0.08026314527 0.05987417698
v -0.04000000283 0.08026314527 0.05987417698
v -0.03950000182 0.08024568111 0.059634462
v -0.0390000008 0.08023694903 0.05951459706
v -0.03850000352 0.08023694903 0.05951459706
v -0.0380000025 0.08022821695 0.05939471722
v -0.03750000149 0.08021948487 0.05927486718
v -0.03700000048 0.08023694903 0.05951459706
v -0.03650000319 0.08023694903 0.05951459706
v -0.03600000218 0.08022821695 0.05939471722
v -0.03550000116 0.08022821695 0.05939471722
v -0.03500000015 0.08023694903 0.05951459706
v -0.03450000286 0.08023694903 0.05951459706
v -0.03400000185 0.08022821695 0.05939471722
v -0.03350000083 0.08023694903 0.05951459706
v -0.03299999982 0.08022821695 0.05939471722
v -0.03250000253 0.08022821695 0.05939471722
v -0.03200000152 0.08023694903 0.05951459706
v -0.03150000051 0.08022821695 0.05939471722
v -0.03100000136 0.08023694903 0.05951459706
v -0.03050000221 0.08023694903 0.05951459706
v -0.03000000119 0.08023694903 0.05951459706
v -0.02950000204 0.08021948487 0.05927486718
v -0.02900000103 0.08022821695 0.05939471722
v -0.02850000188 0.0802020207 0.0590351522
v -0.02800000086 0.08017583191 0.05867555737
v -0.02750000171 0.08008851856 0.05747695267
v -0.0270000007 0.080027394 0.05663792789
v -0.02650000155 0.07990515977 0.05495987833
v -0.02550000139 0.07609993219 0.007539518178
v -0.04575000331 0.0809032917 0.0591558814
v -0.04525000229 0.08097248524 0.06011472642
v -0.04475000128 0.08101572841 0.06071399152
v -0.04425000027 0.08103302866 0.0609537214
v -0.04375000298 0.08105032146 0.06119340658
v -0.04325000197 0.08104167879 0.06107357144
v -0.04275000095 0.08101572841 0.06071399152
v -0.04225000367 0.08100707829 0.06059414148
v -0.04175000265 0.08099843562 0.06047429144
v -0.04125000164 0.08098113537 0.06023457646
v -0.04075000063 0.08096383512 0.05999486148
v -0.04025000334 0.08096383512 0.05999486148
v -0.03975000232 0.08096383512 0.05999486148
v -0.03925000131 0.08094654232 0.0597551614
v -0.0387500003 0.08094654232 0.0597551614
v -0.03825000301 0.0809378922 0.05963531137
v -0.037750002 0.0809378922 0.05963531137
v -0.03725000098 0.0809378922 0.05963531137
v -0.03674999997 0.0809378922 0.05963531137
v -0.03625000268 0.0809378922 0.05963531137
v -0.03575000167 0.0809378922 0.05963531137
v -0.03525000066 0.0809378922 0.05963531137
v -0.03475000337 0.08094654232 0.0597551614
v -0.03425000235 0.0809378922 0.05963531137
v -0.03375000134 0.0809378922 0.05963531137
v -0.03325000033 0.08094654232 0.0597551614
v -0.03275000304 0.08094654232 0.0597551614
v -0.03225000203 0.08094654232 0.0597551614
v -0.03175000101 0.08094654232 0.0597551614
v -0.03125 0.08094654232 0.0597551614
v -0.03075000085 0.0809378922 0.05963531137
v -0.0302500017 0.0809378922 0.05963531137
v -0.02975000069 0.0809378922 0.05963531137
v -0.02925000153 0.08091194183 0.05927573144
v -0.02875000052 0.0809032917 0.0591558814
v -0.02825000137 0.08083410561 0.05819703639
v -0.02775000222 0.08077356219 0.05735804141
v -0.02725000121 0.08075626194 0.05711834133
v -0.02675000206 0.08068707585 0.05615949631
v -0.02625000104 0.0782045573 0.02470316738
v -0.02575000189 0.07779229432 0.01961690933
v -0.0455000028 0.08163009584 0.05963614583
v -0.04500000179 0.081707187 0.06071478128
v -0.04450000077 0.08174145222 0.06119418144
v -0.04400000349 0.08175002038 0.06131404638
v -0.04350000247 0.08175002038 0.06131404638
v -0.04300000146 0.08174145222 0.06119418144
v -0.04250000045 0.081707187 0.06071478128
v -0.04200000316 0.081707187 0.06071478128
v -0.04150000215 0.08169005811 0.06047509611
v -0.04100000113 0.08168148994 0.06035524607
v -0.04050000012 0.08167292178 0.06023539603
v -0.04000000283 0.08167292178 0.06023539603
v -0.03950000182 0.08165579289 0.05999569595
v -0.0390000008 0.08164722472 0.05987584591
v -0.03850000352 0.08165579289 0.05999569595
v -0.0380000025 0.08164722472 0.05987584591
v -0.03750000149 0.08164722472 0.05987584591
v -0.03700000048 0.08164722472 0.05987584591
v -0.03650000319 0.08164722472 0.05987584591
v -0.03600000218 0.08164722472 0.05987584591
v -0.03550000116 0.08163866401 0.05975601077
v -0.03500000015 0.08164722472 0.05987584591
v -0.03450000286 0.08164722472 0.05987584591
v -0.03400000185 0.08164722472 0.05987584591
v -0.03350000083 0.08164722472 0.05987584591
v -0.03299999982 0.08164722472 0.05987584591
v -0.03250000253 0.08165579289 0.05999569595
v -0.03200000152 0.08165579289 0.05999569595
v -0.03150000051 0.08164722472 0.05987584591
v -0.03100000136 0.08165579289 0.05999569595
v -0.03050000221 0.08163866401 0.05975601077
v -0.03000000119 0.08163866401 0.05975601077
v -0.02950000204 0.08163009584 0.05963614583
v -0.02900000103 0.08158726245 0.05903689563
v -0.02850000188 0.08150160313 0.05783841014
v -0.02800000086 0.08146733791 0.05735900998
v -0.02750000171 0.08145876974 0.05723915994
v -0.0270000007 0.08138167113 0.05616050959
v -0.02650000155 0.07979495823 0.0356388092
v -0.01300000027 0.07113351673 -0.07501841336
v -0.04575000331 0.08238168806 0.06047590077
v -0.04525000229 0.08241562545 0.06095527112
v -0.04475000128 0.08244956285 0.06143465638
v -0.04425000027 0.08245804161 0.06155447662
v -0.04375000298 0.08245804161 0.06155447662
v -0.04325000197 0.08244956285 0.06143465638
v -0.04275000095 0.08243259043 0.0611949414
v -0.04225000367 0.08241562545 0.06095527112
v -0.04175000265 0.08239866048 0.06071557105
v -0.04125000164 0.08239017427 0.06059573591
v -0.04075000063 0.08238168806 0.06047590077
v -0.04025000334 0.0823732093 0.06035605073
v -0.03975000232 0.0823732093 0.06035605073
v -0.03925000131 0.08234775811 0.05999651551
v -0.0387500003 0.08235623688 0.06011638045
v -0.03825000301 0.08235623688 0.06011638045
v -0.037750002 0.08234775811 0.05999651551
v -0.03725000098 0.08235623688 0.06011638045
v -0.03674999997 0.08235623688 0.06011638045
v -0.03625000268 0.08234775811 0.05999651551
v -0.03575000167 0.08235623688 0.06011638045
v -0.03525000066 0.08234775811 0.05999651551
v -0.03475000337 0.08234775811 0.05999651551
v -0.03425000235 0.08234775811 0.05999651551
v -0.03375000134 0.08235623688 0.06011638045
v -0.03325000033 0.08235623688 0.06011638045
v -0.03275000304 0.08235623688 0.06011638045
v -0.03225000203 0.08236472309 0.06023620069
v -0.03175000101 0.08236472309 0.06023620069
v -0.03125 0.08235623688 0.06011638045
v -0.03075000085 0.08235623688 0.06011638045
v -0.0302500017 0.0823392719 0.05987668037
v -0.02975000069 0.08231382072 0.05951716006
v -0.02925000153 0.08227988333 0.0590377748
v -0.02875000052 0.08224594593 0.05855838954
v -0.02825000137 0.08212717623 0.0568805933
v -0.02725000121 0.08047855645 0.0353846103
v -0.02675000206 0.08050922304 0.03576614708
v -0.02625000104 0.08050922304 0.03576614708
v -0.02575000189 0.0801922977 0.03182355314
v -0.02475000173 0.07903704047 0.01745212823
v -0.02375000156 0.07228360325 -0.07016509771
v -0.01975000091 0.0722726509 -0.07030782849
v -0.04600000381 0.083073318 0.06047670543
v -0.0455000028 0.08311532438 0.06107589602
v -0.04500000179 0.0831489265 0.06155523658
v -0.04450000077 0.08316572756 0.06179490685
v -0.04400000349 0.08316572756 0.06179490685
v -0.04350000247 0.0831573233 0.06167507172
v -0.04300000146 0.08314052224 0.06143540144
v -0.04250000045 0.08312372118 0.06119571626
v -0.04200000316 0.08310692012 0.06095606089
v -0.04150000215 0.08309851587 0.06083621085
v -0.04100000113 0.08309011906 0.06071636081
v -0.04050000012 0.08308171481 0.06059654057
v -0.04000000283 0.08308171481 0.06059654057
v -0.03950000182 0.083073318 0.06047670543
v -0.0390000008 0.08305650949 0.06023702025
v -0.03850000352 0.083073318 0.06047670543
v -0.0380000025 0.08306491375 0.06035685539
v -0.03750000149 0.08306491375 0.06035685539
v -0.03700000048 0.08306491375 0.06035685539
v -0.03650000319 0.08305650949 0.06023702025
v -0.03600000218 0.08305650949 0.06023702025
v -0.03550000116 0.08306491375 0.06035685539
v -0.03500000015 0.08305650949 0.06023702025
v -0.03450000286 0.08305650949 0.06023702025
v -0.03400000185 0.08306491375 0.06035685539
v -0.03350000083 0.08306491375 0.06035685539
v -0.03299999982 0.083073318 0.06047670543
v -0.03250000253 0.08306491375 0.06035685539
v -0.03200000152 0.08306491375 0.06035685539
v -0.03150000051 0.08306491375 0.06035685539
v -0.03100000136 0.08305650949 0.06023702025
v -0.03050000221 0.08304811269 0.06011720002
v -0.03000000119 0.08300610632 0.05951800942
v -0.02950000204 0.082980901 0.05915848911
v -0.02900000103 0.08294729888 0.05867913365
v -0.02850000188 0.08287168294 0.05760061741
v -0.02800000086 0.08264485002 0.05436499417
v -0.02750000171 0.08249363303 0.05220791698
v -0.02650000155 0.08135576546 0.03754704446
v -0.02600000054 0.08091793954 0.03207773715
v -0.02550000139 0.08090776205 0.03195056319
v -0.02500000037 0.07970629632 0.01694180071
v -0.02450000122 0.07977756858 0.01783216745
v -0.02300000191 0.07307934761 -0.06987946481
v -0.0195000004 0.07305765152 -0.07016497105
v -0.0462500006 0.0837483108 0.06023783982
v -0.04575000331 0.08380654454 0.06107667089
v -0.04525000229 0.08383981884 0.06155598164
v -0.04475000128 0.08386477083 0.06191548705
v -0.04425000027 0.08386477083 0.06191548705
v -0.04375000298 0.08387309313 0.06203530729
v -0.04325000197 0.08385645598 0.06179565191
v -0.04275000095 0.08384813368 0.06167581677
v -0.04225000367 0.08382318169 0.06131632626
v -0.04175000265 0.08381485939 0.06119649112
v -0.04125000164 0.08380654454 0.06107667089
v -0.04075000063 0.0837899074 0.06083700061
v -0.04025000334 0.08377327025 0.06059733033
v -0.03975000232 0.08377327025 0.06059733033
v -0.03925000131 0.08376494795 0.06047751009
v -0.0387500003 0.08376494795 0.06047751009
v -0.03825000301 0.08377327025 0.06059733033
v -0.037750002 0.08377327025 0.06059733033
v -0.03725000098 0.08376494795 0.06047751009
v -0.03674999997 0.08377327025 0.06059733033
v -0.03625000268 0.08375662565 0.06035767496
v -0.03575000167 0.08376494795 0.06047751009
v -0.03525000066 0.08376494795 0.06047751009
v -0.03475000337 0.08376494795 0.06047751009
v -0.03425000235 0.08376494795 0.06047751009
v -0.03375000134 0.08377327025 0.06059733033
v -0.03325000033 0.08377327025 0.06059733033
v -0.03275000304 0.0837815851 0.06071715057
v -0.03225000203 0.08377327025 0.06059733033
v -0.03175000101 0.08376494795 0.06047751009
v -0.03125 0.08375662565 0.06035767496
v -0.03075000085 0.0837483108 0.06023783982
v -0.0302500017 0.08370671421 0.05963869393
v -0.02975000069 0.08366512507 0.05903953314
v -0.02925000153 0.08364848793 0.05879986286
v -0.02875000052 0.08355697989 0.05748172104
v -0.02775000222 0.08225185424 0.03996427357
v -0.02725000121 0.0822924152 0.04047310352
v -0.02675000206 0.0822924152 0.04047310352
v -0.02625000104 0.0820896104 0.03792901337
v -0.02575000189 0.08200848848 0.03691136092
v -0.02525000088 0.08160287142 0.03182317317
v -0.02475000173 0.08044686913 0.01732183248
v -0.02425000072 0.08046714962 0.01757623255
v -0.01925000176 0.07384244353 -0.07002209127
v -0.04600000381 0.08448129147 0.06083779037
v -0.0455000028 0.08453070372 0.06155672669
v -0.04500000179 0.0845554173 0.06191623211
v -0.04450000077 0.08456365019 0.06203603745
v -0.04400000349 0.08457188308 0.06215585768
v -0.04350000247 0.08457188308 0.06215585768
v -0.04300000146 0.0845554173 0.06191623211
v -0.04250000045 0.08453070372 0.06155672669
v -0.04200000316 0.08452247083 0.06143692136
v -0.04150000215 0.08451423049 0.06131708622
v -0.04100000113 0.08449776471 0.06107744575
v -0.04050000012 0.08448129147 0.06083779037
v -0.04000000283 0.08446481824 0.06059813499
v -0.03950000182 0.08446481824 0.06059813499
v -0.0390000008 0.08447305113 0.06071794033
v -0.03850000352 0.08447305113 0.06071794033
v -0.0380000025 0.08447305113 0.06071794033
v -0.03750000149 0.08448129147 0.06083779037
v -0.03700000048 0.08446481824 0.06059813499
v -0.03650000319 0.08446481824 0.06059813499
v -0.03600000218 0.08447305113 0.06071794033
v -0.03550000116 0.08446481824 0.06059813499
v -0.03500000015 0.08447305113 0.06071794033
v -0.03450000286 0.08447305113 0.06071794033
v -0.03400000185 0.08447305113 0.06071794033
v -0.03350000083 0.08448129147 0.06083779037
v -0.03299999982 0.08448952436 0.06095761061
v -0.03250000253 0.08448129147 0.06083779037
v -0.03200000152 0.08447305113 0.06071794033
v -0.03150000051 0.08446481824 0.06059813499
v -0.03100000136 0.08444010466 0.06023865938
v -0.03050000221 0.08441539854 0.05987916887
v -0.03000000119 0.08434951305 0.05892059207
v -0.02950000204 0.08431656659 0.05844128132
v -0.02850000188 0.08392946422 0.05280949175
v -0.02800000086 0.08378945291 0.05077244341
v -0.02750000171 0.0829847753 0.04034650326
v -0.0270000007 0.08299487829 0.04047372937
v -0.02650000155 0.08277270198 0.03767494857
v -0.02600000054 0.0827929005 0.0379294008
v -0.02550000139 0.08270201087 0.03678443283
v -0.02500000037 0.08251013607 0.03436730802
v -0.02450000122 0.08207588643 0.02889698744
v -0.01800000109 0.07460574061 -0.07016471773
v -0.0462500006 0.08514820784 0.06047910452
v -0.04575000331 0.08520527929 0.06131784618
v -0.04525000229 0.08522973955 0.06167730689
v -0.04475000128 0.08526235819 0.06215658784
v -0.04425000027 0.08527050912 0.06227640808
v -0.04375000298 0.08527866751 0.06239621341
v -0.04325000197 0.08527050912 0.06227640808
v -0.04275000095 0.08526235819 0.06215658784
v -0.04225000367 0.08523789793 0.06179712713
v -0.04175000265 0.08522158861 0.06155748665
v -0.04125000164 0.08522158861 0.06155748665
v -0.04075000063 0.08520527929 0.06131784618
v -0.04025000334 0.08518897742 0.0610782057
v -0.03975000232 0.08518897742 0.0610782057
v -0.03925000131 0.08518081903 0.06095840037
v -0.0387500003 0.08518897742 0.0610782057
v -0.03825000301 0.08518081903 0.06095840037
v -0.037750002 0.08518081903 0.06095840037
v -0.03725000098 0.08518081903 0.06095840037
v -0.03674999997 0.08518081903 0.06095840037
v -0.03625000268 0.0851726681 0.06083856523
v -0.03575000167 0.0851726681 0.06083856523
v -0.03525000066 0.0851726681 0.06083856523
v -0.03475000337 0.08518897742 0.0610782057
v -0.03425000235 0.08518897742 0.0610782057
v -0.03375000134 0.08518897742 0.0610782057
v -0.03325000033 0.08519712836 0.06119801104
v -0.03275000304 0.08519712836 0.06119801104
v -0.03225000203 0.08518897742 0.0610782057
v -0.03175000101 0.0851726681 0.06083856523
v -0.03125 0.08513189852 0.06023946404
v -0.03075000085 0.0851155892 0.05999982357
v -0.0302500017 0.08508297801 0.05952055752
v -0.02975000069 0.08496882766 0.0578430891
v -0.02925000153 0.08480575681 0.05544669926
v -0.02875000052 0.08458560705 0.05221158266
v -0.02825000137 0.08446329832 0.050414294
v -0.02775000222 0.08401916921 0.04454568028
v -0.02725000121 0.08365710825 0.03996543586
v -0.02675000206 0.08365710825 0.03996543586
v -0.02625000104 0.08346602321 0.03754810244
v -0.02575000189 0.08344590664 0.03729362786
v -0.02525000088 0.08320453018 0.03424014151
v -0.02475000173 0.08323470503 0.0346218273
v -0.02425000072 0.08279218525 0.02902375162
v -0.02375000156 0.08277206868 0.02876930684
v -0.0227500014 0.07549560815 -0.06859426945
v -0.04600000381 0.08587212116 0.06095917523
v -0.0455000028 0.08592054248 0.06167803705
v -0.04500000179 0.08594475687 0.06203748286
v -0.04450000077 0.08596090227 0.06227712333
v -0.04400000349 0.08597704023 0.062516734
v -0.04350000247 0.08597704023 0.062516734
v -0.04300000146 0.08597704023 0.062516734
v -0.04250000045 0.08596897125 0.06239691377
v -0.04200000316 0.08595282584 0.06215730309
v -0.04150000215 0.08594475687 0.06203748286
v -0.04100000113 0.08592861891 0.06179785728
v -0.04050000012 0.08592054248 0.06167803705
v -0.04000000283 0.0859124735 0.06155823171
v -0.03950000182 0.08590440452 0.06143842638
v -0.0390000008 0.08590440452 0.06143842638
v -0.03850000352 0.08589632809 0.06131862104
v -0.0380000025 0.08588825911 0.0611987859
v -0.03750000149 0.08588825911 0.0611987859
v -0.03700000048 0.08588825911 0.0611987859
v -0.03650000319 0.08588019013 0.06107898057
v -0.03600000218 0.08588825911 0.0611987859
v -0.03550000116 0.08588825911 0.0611987859
v -0.03500000015 0.08588825911 0.0611987859
v -0.03450000286 0.08590440452 0.06143842638
v -0.03400000185 0.0859124735 0.06155823171
v -0.03350000083 0.0859124735 0.06155823171
v -0.03299999982 0.08590440452 0.06143842638
v -0.03250000253 0.08588825911 0.0611987859
v -0.03200000152 0.08588019013 0.06107898057
v -0.03150000051 0.08583983034 0.06047990918
v -0.03100000136 0.0858156234 0.06012047827
v -0.03050000221 0.08577526361 0.05952140689
v -0.03000000119 0.0857026279 0.05844309926
v -0.02950000204 0.08547662944 0.05508832633
v -0.02900000103 0.08528292924 0.05221280456
v -0.02850000188 0.08527485281 0.05209296942
v -0.02800000086 0.08476035297 0.04505565763
v -0.02750000171 0.08448993415 0.04162015021
v -0.0270000007 0.08433970064 0.03971154988
v -0.02650000155 0.08436974883 0.04009325802
v -0.02550000139 0.08397913724 0.03513086587
v -0.02500000037 0.08391904086 0.03436741233
v -0.02450000122 0.08370871097 0.03169535846
v -0.02400000021 0.083718732 0.03182259947
v -0.02350000106 0.08345831931 0.02851432562
v -0.02250000089 0.07627891749 -0.06845134497
v -0.01850000024 0.07616425306 -0.07002169639
v -0.0462500006 0.08654744178 0.06072032452
v -0.04575000331 0.08660335839 0.06155897677
v -0.04525000229 0.08663531393 0.06203821301
v -0.04475000128 0.08665128797 0.06227782369
v -0.04425000027 0.08666726947 0.06251743436
v -0.04375000298 0.08667525649 0.0626372546
v -0.04325000197 0.08667525649 0.0626372546
v -0.04275000095 0.08667525649 0.0626372546
v -0.04225000367 0.08667525649 0.0626372546
v -0.04175000265 0.08666726947 0.06251743436
v -0.04125000164 0.08665928245 0.06239762902
v -0.04075000063 0.08664330095 0.06215801835
v -0.04025000334 0.08662732691 0.06191842258
v -0.03975000232 0.08662732691 0.06191842258
v -0.03925000131 0.08661134541 0.06167878211
v -0.0387500003 0.08661134541 0.06167878211
v -0.03825000301 0.08660335839 0.06155897677
v -0.037750002 0.08659537137 0.06143918633
v -0.03725000098 0.08659537137 0.06143918633
v -0.03674999997 0.08659537137 0.06143918633
v -0.03625000268 0.08660335839 0.06155897677
v -0.03575000167 0.08660335839 0.06155897677
v -0.03525000066 0.08660335839 0.06155897677
v -0.03475000337 0.08661134541 0.06167878211
v -0.03425000235 0.08661933988 0.06179860234
v -0.03375000134 0.08661134541 0.06167878211
v -0.03325000033 0.08661134541 0.06167878211
v -0.03275000304 0.08660335839 0.06155897677
v -0.03225000203 0.08658738434 0.061319381
v -0.03175000101 0.08656341583 0.06095995009
v -0.03125 0.0864995122 0.0600014776
v -0.03075000085 0.08645157516 0.05928264558
v -0.0302500017 0.08636370301 0.05796477199
v -0.02975000069 0.08605214953 0.05329228938
v -0.02925000153 0.08602019399 0.05281306803
v -0.02875000052 0.08597226441 0.05209419131
v -0.02825000137 0.08546131849 0.04505671561
v -0.02775000222 0.08543139696 0.04467494786
v -0.02725000121 0.08525186777 0.04238440096
v -0.02675000206 0.08505238593 0.03983935714
v -0.02625000104 0.08507233113 0.04009385407
v -0.02575000189 0.0849326998 0.03831230849
v -0.02525000088 0.08474318683 0.03589449823
v -0.02475000173 0.08474318683 0.03589449823
v -0.02425000072 0.08440407366 0.03156790882
v -0.02375000156 0.08441404253 0.03169514984
v -0.02325000055 0.08387544006 0.02482349426
v -0.0227500014 0.07705169171 -0.06845118105
v -0.02225000039 0.07708264142 -0.06802289933
v -0.02175000124 0.07704137266 -0.06859394908
v -0.02125000022 0.07706201077 -0.06830841303
v -0.02075000107 0.07705169171 -0.06845118105
v -0.02025000006 0.07702073455 -0.06887946278
v -0.01825000159 0.07692787051 -0.0701643303
v -0.01725000143 0.07691755891 -0.07030707598
v -0.04600000381 0.08727052808 0.06120032072
v -0.0455000028 0.08731796592 0.06191915274
v -0.04500000179 0.08734168857 0.06227853894
v -0.04450000077 0.08735749871 0.06251813471
v -0.04400000349 0.08737330884 0.06275776029
v -0.04350000247 0.0873812139 0.06287753582
v -0.04300000146 0.0873812139 0.06287753582
v -0.04250000045 0.0873812139 0.06287753582
v -0.04200000316 0.0873812139 0.06287753582
v -0.04150000215 0.0873812139 0.06287753582
v -0.04100000113 0.08736540377 0.06263795495
v -0.04050000012 0.08736540377 0.06263795495
v -0.04000000283 0.08734959364 0.06239832938
v -0.03950000182 0.08733377606 0.06215873361
v -0.0390000008 0.08732587099 0.06203894317
v -0.03850000352 0.08731796592 0.06191915274
v -0.0380000025 0.08731006086 0.0617993325
v -0.03750000149 0.08731006086 0.0617993325
v -0.03700000048 0.08730215579 0.06167952716
v -0.03650000319 0.08731006086 0.0617993325
v -0.03600000218 0.08731796592 0.06191915274
v -0.03550000116 0.08731796592 0.06191915274
v -0.03500000015 0.08732587099 0.06203894317
v -0.03450000286 0.08732587099 0.06203894317
v -0.03400000185 0.08732587099 0.06203894317
v -0.03350000083 0.08731006086 0.0617993325
v -0.03299999982 0.08729425073 0.06155972183
v -0.03250000253 0.08727843314 0.06132014096
v -0.03200000152 0.08725471795 0.06096072495
v -0.03150000051 0.0871598497 0.05952312052
v -0.03100000136 0.08715193719 0.05940330029
v -0.03050000221 0.08671711385 0.05281424522
v -0.03000000119 0.08676454425 0.05353304744
v -0.02950000204 0.08668548614 0.05233503878
v -0.02900000103 0.08667758107 0.05221523345
v -0.02850000188 0.08613248914 0.04467597604
v -0.02800000086 0.08610269427 0.04429419339
v -0.02750000171 0.08602323383 0.04327607155
v -0.0270000007 0.08568552881 0.03894905001
v -0.02650000155 0.08572525531 0.03945812583
v -0.02600000054 0.08566565812 0.03869453073
v -0.02550000139 0.08543721586 0.03576742858
v -0.02500000037 0.08544714749 0.03589469939
v -0.02450000122 0.08539748192 0.03525838256
v -0.02350000106 0.08490085602 0.02889511734
v -0.02300000191 0.08462274075 0.02533169836
v -0.02150000073 0.07783466578 -0.06830824912
v -0.02100000158 0.07781424373 -0.06859378517
v -0.02050000057 0.07782445103 -0.06845101714
v -0.01750000007 0.07770191133 -0.07016420364
v -0.0462500006 0.0879303664 0.06072190404
v -0.04575000331 0.08798513561 0.06156048179
v -0.04525000229 0.08801642805 0.06203965843
v -0.04475000128 0.08804772049 0.06251883507
v -0.04425000027 0.08806336671 0.06275844574
v -0.04375000298 0.08807901293 0.06299802661
v -0.04325000197 0.08807901293 0.06299802661
v -0.04275000095 0.08807901293 0.06299802661
v -0.04225000367 0.08807901293 0.06299802661
v -0.04175000265 0.08807901293 0.06299802661
v -0.04125000164 0.08807901293 0.06299802661
v -0.04075000063 0.08807118982 0.06287822127
v -0.04025000334 0.08807118982 0.06287822127
v -0.03975000232 0.08807118982 0.06287822127
v -0.03925000131 0.0880555436 0.0626386404
v -0.0387500003 0.08804772049 0.06251883507
v -0.03825000301 0.08803989738 0.06239904463
v -0.037750002 0.08803207427 0.0622792542
v -0.03725000098 0.08802425116 0.06215946376
v -0.03674999997 0.08803207427 0.0622792542
v -0.03625000268 0.08803207427 0.0622792542
v -0.03575000167 0.08803207427 0.0622792542
v -0.03525000066 0.08803207427 0.0622792542
v -0.03475000337 0.08803207427 0.0622792542
v -0.03425000235 0.08801642805 0.06203965843
v -0.03375000134 0.08800078183 0.06180007756
v -0.03325000033 0.08798513561 0.06156048179
v -0.03275000304 0.08796948195 0.06132090092
v -0.03225000203 0.08793818951 0.06084170938
v -0.03175000101 0.08785995841 0.05964376032
v -0.03125 0.08779736608 0.05868539214
v -0.03075000085 0.08754701912 0.05485194921
v -0.0302500017 0.08743748814 0.05317482352
v -0.02975000069 0.08738272637 0.05233626068
v -0.02925000153 0.08735142648 0.05185706913
v -0.02875000052 0.086962156 0.04633161426
v -0.02825000137 0.08681379259 0.04442247748
v -0.02775000222 0.08672477305 0.04327696562
v -0.02725000121 0.08655662835 0.04111325741
v -0.02675000206 0.08654674143 0.04098598659
v -0.02625000104 0.08638848364 0.0389495343
v -0.02575000189 0.08636870235 0.03869498521
v -0.02525000088 0.08611153811 0.03538578004
v -0.02475000173 0.08612142503 0.03551306576
v -0.02425000072 0.0860324055 0.03436756134
v -0.02375000156 0.08561699092 0.02902192622
v -0.02325000055 0.08564665914 0.02940375358
v -0.02125000022 0.07856690884 -0.06887914985
v -0.01775000058 0.07846584916 -0.07030683011
v -0.04600000381 0.08864506334 0.06108208001
v -0.0455000028 0.08869150281 0.06180080771
v -0.04500000179 0.08872246742 0.06227996945
v -0.04450000077 0.08874569088 0.06263934076
v -0.04400000349 0.08876117319 0.06287890673
v -0.04350000247 0.0887766555 0.0631185025
v -0.04300000146 0.08878439665 0.06323829293
v -0.04250000045 0.08878439665 0.06323829293
v -0.04200000316 0.0887766555 0.0631185025
v -0.04150000215 0.08878439665 0.06323829293
v -0.04100000113 0.08878439665 0.06323829293
v -0.04050000012 0.0887766555 0.0631185025
v -0.04000000283 0.08876891434 0.06299869716
v -0.03950000182 0.08876891434 0.06299869716
v -0.0390000008 0.08876891434 0.06299869716
v -0.03850000352 0.08876117319 0.06287890673
v -0.0380000025 0.08874569088 0.06263934076
v -0.03750000149 0.08874569088 0.06263934076
v -0.03700000048 0.08874569088 0.06263934076
v -0.03650000319 0.08874569088 0.06263934076
v -0.03600000218 0.08873794973 0.06251953542
v -0.03550000116 0.08873794973 0.06251953542
v -0.03500000015 0.08873020858 0.06239974499
v -0.03450000286 0.08872246742 0.06227996945
v -0.03400000185 0.08869924396 0.06192061305
v -0.03350000083 0.08868376166 0.06168101728
v -0.03299999982 0.0886682868 0.06144145131
v -0.03250000253 0.08864506334 0.06108208001
v -0.03200000152 0.08856765181 0.05988417566
v -0.03150000051 0.08841282874 0.05748839676
v -0.03100000136 0.0880799666 0.05233746767
v -0.03050000221 0.08811093122 0.05281662941
v -0.03000000119 0.0880799666 0.05233746767
v -0.02950000204 0.08765286207 0.04620552063
v -0.02900000103 0.08765286207 0.04620552063
v -0.02850000188 0.08753466606 0.0446780324
v -0.02800000086 0.08752481639 0.04455074668
v -0.02750000171 0.08726873249 0.04124122858
v -0.0270000007 0.08728843182 0.04149581492
v -0.02650000155 0.08726873249 0.04124122858
v -0.02600000054 0.08711114526 0.03920461237
v -0.02550000139 0.08697324991 0.03742256016
v -0.02500000037 0.08678611368 0.03500406444
v -0.02450000122 0.08677626401 0.03487677127
v -0.02400000021 0.08672701567 0.03424033523
v -0.02350000106 0.08653987944 0.03182183951
v -0.02300000191 0.08613605052 0.02660297602
v -0.01900000125 0.07929000258 -0.06959286332
v -0.01850000024 0.0792599991 -0.0700211674
v -0.04575000331 0.0893483758 0.06120200455
v -0.04525000229 0.08938668668 0.06180094182
v -0.04475000128 0.08942500502 0.0623998642
v -0.04425000027 0.08944799006 0.0627592504
v -0.04375000298 0.0894633159 0.06299880147
v -0.04325000197 0.08947098255 0.06311860681
v -0.04275000095 0.08947098255 0.06311860681
v -0.04225000367 0.08947864175 0.06323839724
v -0.04175000265 0.08947864175 0.06323839724
v -0.04125000164 0.08948630095 0.06335817277
v -0.04075000063 0.08948630095 0.06335817277
v -0.04025000334 0.08947098255 0.06311860681
v -0.03975000232 0.08947864175 0.06323839724
v -0.03925000131 0.08947098255 0.06311860681
v -0.0387500003 0.08947864175 0.06323839724
v -0.03825000301 0.0894633159 0.06299880147
v -0.037750002 0.0894633159 0.06299880147
v -0.03725000098 0.08945565671 0.06287902594
v -0.03674999997 0.08945565671 0.06287902594
v -0.03625000268 0.08944799006 0.0627592504
v -0.03575000167 0.08944033086 0.06263945997
v -0.03525000066 0.08944033086 0.06263945997
v -0.03475000337 0.08941733837 0.06228008866
v -0.03425000235 0.08940201253 0.06204052269
v -0.03375000134 0.08937902749 0.06168115139
v -0.03325000033 0.08937136084 0.06156136096
v -0.03275000304 0.08935604244 0.06132180989
v -0.03225000203 0.08925642818 0.05976457894
v -0.03175000101 0.08911849558 0.05760842562
v -0.03125 0.08885796368 0.05353565514
v -0.03075000085 0.08878134191 0.0523377955
v -0.0302500017 0.08876601607 0.05209819973
v -0.02975000069 0.08840701729 0.04684242606
v -0.02925000153 0.088367939 0.04633328319
v -0.02875000052 0.08824092895 0.04467859864
v -0.02825000137 0.08824092895 0.04467859864
v -0.02775000222 0.08794783056 0.04086008668
v -0.02725000121 0.0879869163 0.04136922956
v -0.02675000206 0.08799668401 0.04149651527
v -0.02625000104 0.0878110528 0.03907811642
v -0.02575000189 0.08776220679 0.03844171762
v -0.02525000088 0.08764496446 0.0369143039
v -0.02475000173 0.08745934069 0.03449590504
v -0.02425000072 0.08743979782 0.03424134851
v -0.02375000156 0.08722486347 0.03144110739
v -0.02325000055 0.08725417405 0.0318229571
v -0.0227500014 0.08688291907 0.02698617429
v -0.01925000176 0.08007795364 -0.06930632144
v -0.01875000075 0.08002831787 -0.07002016902
v -0.04600000381 0.08999086171 0.06036366522
v -0.0455000028 0.09004395455 0.06120215356
v -0.04500000179 0.0900894627 0.06192088127
v -0.04450000077 0.09011979401 0.06239999831
v -0.04400000349 0.09013496339 0.06263957918
v -0.04350000247 0.09015013278 0.06287913024
v -0.04300000146 0.09016530216 0.06311872602
v -0.04250000045 0.09016530216 0.06311872602
v -0.04200000316 0.09017288685 0.06323850155
v -0.04150000215 0.09017288685 0.06323850155
v -0.04100000113 0.09018047154 0.06335827708
v -0.04050000012 0.09018047154 0.06335827708
v -0.04000000283 0.09017288685 0.06323850155
v -0.03950000182 0.09018047154 0.06335827708
v -0.0390000008 0.09018047154 0.06335827708
v -0.03850000352 0.09017288685 0.06323850155
v -0.0380000025 0.09016530216 0.06311872602
v -0.03750000149 0.09016530216 0.06311872602
v -0.03700000048 0.09015013278 0.06287913024
v -0.03650000319 0.09015013278 0.06287913024
v -0.03600000218 0.09014254808 0.06275936961
v -0.03550000116 0.09014254808 0.06275936961
v -0.03500000015 0.09013496339 0.06263957918
v -0.03450000286 0.09009704739 0.0620406419
v -0.03400000185 0.0900894627 0.06192088127
v -0.03350000083 0.09006670862 0.06156150997
v -0.03299999982 0.09005153924 0.061321944
v -0.03250000253 0.08995294571 0.05976475775
v -0.03200000152 0.08980125934 0.05736905336
v -0.03150000051 0.0895358026 0.05317661166
v -0.03100000136 0.08949030191 0.05245789886
v -0.03050000221 0.08913131803 0.04709745944
v -0.03000000119 0.08914100379 0.04722473025
v -0.02950000204 0.08910224587 0.04671564698
v -0.02900000103 0.08891812712 0.04429733753
v -0.02850000188 0.08893750608 0.04455189407
v -0.02800000086 0.08888905495 0.04391552508
v -0.02750000171 0.08866617829 0.04098810256
v -0.0270000007 0.08868555725 0.04124265909
v -0.02650000155 0.08849175274 0.03869709373
v -0.02600000054 0.08846268058 0.03831525892
v -0.02550000139 0.08840453625 0.03755160421
v -0.02500000037 0.08821073174 0.03500602394
v -0.02450000122 0.08814289421 0.03411507607
v -0.02400000021 0.08811382949 0.03373324871
v -0.02350000106 0.08792001754 0.03118766844
v -0.02300000191 0.0877552852 0.02902394533
v -0.02250000089 0.0877552852 0.02902394533
v -0.02150000073 0.08087545633 -0.06887704879
v -0.02100000158 0.08086559922 -0.06901981682
v -0.0195000004 0.08080648631 -0.06987639517
v -0.01900000125 0.08079662919 -0.07001916319
v -0.01850000024 0.08079662919 -0.07001916319
v -0.01800000109 0.08074736595 -0.07073296607
v -0.04575000331 0.09070950747 0.06072317064
v -0.04525000229 0.09075453877 0.06144188344
v -0.04475000128 0.0907920748 0.06204077601
v -0.04425000027 0.09080708772 0.06228034198
v -0.04375000298 0.09082960337 0.06263969839
v -0.04325000197 0.09084461629 0.06287924945
v -0.04275000095 0.09085211903 0.06299902499
v -0.04225000367 0.09085962921 0.06311883032
v -0.04175000265 0.09086713195 0.06323860586
v -0.04125000164 0.09087463468 0.06335838139
v -0.04075000063 0.09087463468 0.06335838139
v -0.04025000334 0.09086713195 0.06323860586
v -0.03975000232 0.09087463468 0.06335838139
v -0.03925000131 0.09087463468 0.06335838139
v -0.0387500003 0.09087463468 0.06335838139
v -0.03825000301 0.09085962921 0.06311883032
v -0.037750002 0.09086713195 0.06323860586
v -0.03725000098 0.09086713195 0.06323860586
v -0.03674999997 0.09085211903 0.06299902499
v -0.03625000268 0.09084461629 0.06287924945
v -0.03575000167 0.09083710611 0.06275947392
v -0.03525000066 0.09082209319 0.06251989305
v -0.03475000337 0.09080708772 0.06228034198
v -0.03425000235 0.09077706188 0.06180121005
v -0.03375000134 0.09076204896 0.06156164408
v -0.03325000033 0.09073202312 0.06108252704
v -0.03275000304 0.09062694013 0.05940556526
v -0.03225000203 0.09062694013 0.05940556526
v -0.03175000101 0.09018408507 0.05233845115
v -0.03125 0.09019158781 0.05245822668
v -0.03075000085 0.08985529095 0.04735246301
v -0.0302500017 0.0898456797 0.04722519219
v -0.02975000069 0.0898264572 0.04697066545
v -0.02925000153 0.08974956721 0.04595245421
v -0.02875000052 0.08958618343 0.04378883541
v -0.02825000137 0.08959579468 0.04391612113
v -0.02775000222 0.08933630586 0.04047973454
v -0.02725000121 0.08936513215 0.04086154699
v -0.02675000206 0.08924980462 0.03933428973
v -0.02625000104 0.08919213712 0.03857064247
v -0.02575000189 0.08907680959 0.03704337776
v -0.02525000088 0.0889806971 0.03577063978
v -0.02475000173 0.0889710933 0.03564337641
v -0.02425000072 0.08879809827 0.03335246444
v -0.02375000156 0.08866354078 0.03157065064
v -0.02325000055 0.088500157 0.02940699458
v -0.0227500014 0.08850976825 0.02953427285
v -0.02225000039 0.08847132325 0.02902517468
v -0.02175000124 0.0816334039 -0.06901884079
v -0.02125000022 0.08166274428 -0.06859056652
v -0.02075000107 0.0816334039 -0.06901884079
v -0.01925000176 0.08154539019 -0.07030367851
v -0.01875000075 0.08154539019 -0.07030367851
v -0.0455000028 0.09140539169 0.06072331965
v -0.04500000179 0.09144996107 0.06144201756
v -0.04450000077 0.09148710221 0.06204091012
v -0.04400000349 0.09150195867 0.06228047609
v -0.04350000247 0.09151680768 0.06252001226
v -0.04300000146 0.09153166413 0.06275959313
v -0.04250000045 0.09153909236 0.06287935376
v -0.04200000316 0.09155394882 0.06311893463
v -0.04150000215 0.09156137705 0.06323871017
v -0.04100000113 0.09156137705 0.06323871017
v -0.04050000012 0.09156880528 0.0633584857
v -0.04000000283 0.09156880528 0.0633584857
v -0.03950000182 0.09156880528 0.0633584857
v -0.0390000008 0.09156137705 0.06323871017
v -0.03850000352 0.09156137705 0.06323871017
v -0.0380000025 0.09156137705 0.06323871017
v -0.03750000149 0.09156137705 0.06323871017
v -0.03700000048 0.09155394882 0.06311893463
v -0.03650000319 0.09153166413 0.06275959313
v -0.03600000218 0.0915242359 0.0626398176
v -0.03550000116 0.09150937945 0.06240023673
v -0.03500000015 0.09150195867 0.06228047609
v -0.03450000286 0.09147967398 0.06192114949
v -0.03400000185 0.09144253284 0.06132224202
v -0.03350000083 0.09140539169 0.06072331965
v -0.03299999982 0.09127169847 0.05856730044
v -0.03250000253 0.09127911925 0.05868707597
v -0.03200000152 0.09057894349 0.04760746658
v -0.03150000051 0.09058847278 0.0477347225
v -0.03100000136 0.09055987746 0.04735292494
v -0.03050000221 0.09054081887 0.04709839821
v -0.03000000119 0.09052175283 0.04684385657
v -0.02950000204 0.09046456963 0.04608026147
v -0.02900000103 0.09024534374 0.04315309227
v -0.02850000188 0.09026440978 0.0434076339
v -0.02800000086 0.09020721912 0.0426440239
v -0.02750000171 0.09005472064 0.04060775042
v -0.0270000007 0.09001659602 0.04009868205
v -0.02650000155 0.08995940536 0.03933508694
v -0.02600000054 0.08968299627 0.03564433008
v -0.02550000139 0.08970206231 0.03589885682
v -0.02500000037 0.0897115916 0.03602612764
v -0.02450000122 0.08968299627 0.03564433008
v -0.02400000021 0.08944471925 0.0324626416
v -0.02350000106 0.08939705789 0.03182630241
v -0.02300000191 0.08920643479 0.02928096056
v -0.02250000089 0.08918736875 0.02902641147
v -0.02100000158 0.08241090924 -0.06887510419
v -0.01900000125 0.08230414242 -0.07044542581
v -0.04475000128 0.09214538336 0.06144216657
v -0.04425000027 0.09216742963 0.06180147827
v -0.04375000298 0.09218947589 0.06216081977
v -0.04325000197 0.09220417589 0.06240035594
v -0.04275000095 0.09221887589 0.0626399368
v -0.04225000367 0.09223357588 0.06287947297
v -0.04175000265 0.09224092215 0.0629992485
v -0.04125000164 0.09224827588 0.06311903894
v -0.04075000063 0.09225562215 0.06323882937
v -0.04025000334 0.09225562215 0.06323882937
v -0.03975000232 0.09225562215 0.06323882937
v -0.03925000131 0.09224827588 0.06311903894
v -0.0387500003 0.09225562215 0.06323882937
v -0.03825000301 0.09225562215 0.06323882937
v -0.037750002 0.09224827588 0.06311903894
v -0.03725000098 0.09224827588 0.06311903894
v -0.03674999997 0.09222622961 0.06275971234
v -0.03625000268 0.09221152961 0.06252013147
v -0.03575000167 0.09220417589 0.06240035594
v -0.03525000066 0.09218212962 0.06204104424
v -0.03475000337 0.09216008335 0.06168170273
v -0.03425000235 0.09213802963 0.06132237613
v -0.03375000134 0.09210128337 0.06072348356
v -0.03325000033 0.09193225205 0.05796861649
v -0.03275000304 0.09129283577 0.04773515463
v -0.03225000203 0.09129283577 0.04773515463
v -0.03175000101 0.09130228311 0.04786242545
v -0.03125 0.09128338099 0.04760791361
v -0.03075000085 0.09123612195 0.04697160423
v -0.0302500017 0.09119831771 0.04646253586
v -0.02975000069 0.09107544273 0.04480814934
v -0.02925000153 0.09090530872 0.04251743853
v -0.02875000052 0.09094312042 0.0430264771
v -0.02825000137 0.09089586139 0.04239015281
v -0.02775000222 0.0907446295 0.04035395384
v -0.02725000121 0.0907446295 0.04035395384
v -0.02675000206 0.09064065665 0.03895407915
v -0.02625000104 0.09059340507 0.03831777722
v -0.02575000189 0.09038545936 0.03551801294
v -0.02525000088 0.09041381627 0.03589979559
v -0.02475000173 0.09039491415 0.03564528376
v -0.02425000072 0.0901491642 0.03233646601
v -0.02375000156 0.09015861899 0.03246373683
v -0.0227500014 0.08982780576 0.02800954878
v -0.02225000039 0.08962931484 0.02533704787
v -0.04450000077 0.09281899035 0.06108297408
v -0.04400000349 0.09285534173 0.06168183684
v -0.04350000247 0.09286988527 0.06192140281
v -0.04300000146 0.09289897233 0.06240049005
v -0.04250000045 0.09291350842 0.06264005601
v -0.04200000316 0.09292805195 0.06287959218
v -0.04150000215 0.09292805195 0.06287959218
v -0.04100000113 0.09294259548 0.06311915815
v -0.04050000012 0.09293532372 0.06299936771
v -0.04000000283 0.09293532372 0.06299936771
v -0.03950000182 0.09293532372 0.06299936771
v -0.0390000008 0.09294259548 0.06311915815
v -0.03850000352 0.09294259548 0.06311915815
v -0.0380000025 0.09293532372 0.06299936771
v -0.03750000149 0.09292805195 0.06287959218
v -0.03700000048 0.09291350842 0.06264005601
v -0.03650000319 0.09289170057 0.06228072941
v -0.03600000218 0.0928844288 0.06216093898
v -0.03550000116 0.0928626135 0.06180161238
v -0.03500000015 0.0928407982 0.06144230068
v -0.03450000286 0.09281899035 0.06108297408
v -0.03400000185 0.09279717505 0.06072363257
v -0.03350000083 0.09200656414 0.04786285758
v -0.03299999982 0.09201592952 0.0479901284
v -0.03250000253 0.09200656414 0.04786285758
v -0.03200000152 0.09199719131 0.04773560166
v -0.03150000051 0.09197844565 0.04748110473
v -0.03100000136 0.09195032716 0.04709932208
v -0.03050000221 0.09179099649 0.0449359566
v -0.03000000119 0.09179099649 0.0449359566
v -0.02950000204 0.09175351262 0.04442694783
v -0.02900000103 0.091622293 0.0426453352
v -0.02850000188 0.091622293 0.0426453352
v -0.02800000086 0.09158480912 0.04213632643
v -0.02750000171 0.09141610563 0.03984570503
v -0.0270000007 0.09139735997 0.0395911783
v -0.02650000155 0.09130363911 0.03831861913
v -0.02600000054 0.09109745175 0.03551897407
v -0.02550000139 0.09110682458 0.03564623743
v -0.02500000037 0.09105058759 0.03488268703
v -0.02450000122 0.09086313844 0.03233756125
v -0.02400000021 0.09087251127 0.03246482462
v -0.02300000191 0.09041327238 0.02622924
v -0.02250000089 0.09043201804 0.02648375928
v -0.04375000298 0.09350744635 0.06096334755
v -0.04325000197 0.09355060756 0.06168198586
v -0.04275000095 0.09357937425 0.06216107309
v -0.04225000367 0.09360095114 0.06252038479
v -0.04175000265 0.0936081484 0.06264016032
v -0.04125000164 0.09361533821 0.06275993586
v -0.04075000063 0.09361533821 0.06275993586
v -0.04025000334 0.09361533821 0.06275993586
v -0.03975000232 0.09360095114 0.06252038479
v -0.03925000131 0.09361533821 0.06275993586
v -0.0387500003 0.09362253547 0.06287969649
v -0.03825000301 0.09361533821 0.06275993586
v -0.037750002 0.0936081484 0.06264016032
v -0.03725000098 0.09359376132 0.06240060925
v -0.03674999997 0.09355779737 0.06180176139
v -0.03625000268 0.09355779737 0.06180176139
v -0.03575000167 0.0935434103 0.06156221032
v -0.03525000066 0.09352183342 0.06120288372
v -0.03475000337 0.09349305928 0.06072379649
v -0.03425000235 0.09348586947 0.06060403585
v -0.03375000134 0.09272941947 0.04811780155
v -0.03325000033 0.09272941947 0.04811780155
v -0.03275000304 0.0927201286 0.04799056053
v -0.03225000203 0.09267366678 0.04735428095
v -0.03175000101 0.09265507758 0.04709979892
v -0.03125 0.09265507758 0.04709979892
v -0.03075000085 0.09249710292 0.04493650794
v -0.0302500017 0.09249710292 0.04493650794
v -0.02975000069 0.09245993197 0.04442752898
v -0.02925000153 0.09231124818 0.04239149392
v -0.02875000052 0.09232053906 0.04251874983
v -0.02825000137 0.09223690629 0.04137347639
v -0.02775000222 0.09207892418 0.03921022266
v -0.02725000121 0.09203246236 0.03857395053
v -0.02675000206 0.09197670966 0.03781045228
v -0.02625000104 0.09180943668 0.03551993519
v -0.02575000189 0.09182801843 0.03577442467
v -0.02525000088 0.09173509479 0.03450191766
v -0.02475000173 0.09153065085 0.0317023918
v -0.02425000072 0.09153065085 0.0317023918
v -0.02375000156 0.09132621437 0.0289028585
v -0.02325000055 0.09130762517 0.02864837646
v -0.0227500014 0.09114035964 0.02635784447
v -0.02225000039 0.09116823971 0.02673959732
v -0.04300000146 0.09421030432 0.0610832721
v -0.04250000045 0.0942529887 0.0618018955
v -0.04200000316 0.094260104 0.06192167103
v -0.04150000215 0.09427432716 0.0621612072
v -0.04100000113 0.09428855777 0.06240072846
v -0.04050000012 0.09428144246 0.06228096783
v -0.04000000283 0.09427432716 0.0621612072
v -0.03950000182 0.09427432716 0.0621612072
v -0.0390000008 0.09428855777 0.06240072846
v -0.03850000352 0.09428144246 0.06228096783
v -0.0380000025 0.09427432716 0.0621612072
v -0.03750000149 0.09427432716 0.0621612072
v -0.03700000048 0.09420318902 0.06096351147
v -0.03650000319 0.09421741217 0.06120303273
v -0.03600000218 0.09421741217 0.06120303273
v -0.03550000116 0.09419607371 0.06084373593
v -0.03500000015 0.09416761249 0.0603646487
v -0.03450000286 0.09343354404 0.04811823368
v -0.03400000185 0.09343354404 0.04811823368
v -0.03350000083 0.09342432767 0.04799097776
v -0.03299999982 0.09341511875 0.04786372185
v -0.03250000253 0.09336905181 0.04722748697
v -0.03200000152 0.09332298487 0.04659126699
v -0.03150000051 0.09317556769 0.04455533624
v -0.03100000136 0.09319400042 0.04480983317
v -0.03050000221 0.09319400042 0.04480983317
v -0.03000000119 0.09312029183 0.04379186034
v -0.02950000204 0.09298209101 0.0418831706
v -0.02900000103 0.09299130738 0.04201042652
v -0.02850000188 0.09291759878 0.04099245369
v -0.02800000086 0.09276097268 0.03882928193
v -0.02750000171 0.09276097268 0.03882928193
v -0.0270000007 0.09267805517 0.03768406063
v -0.02650000155 0.09250300378 0.03526640683
v -0.02600000054 0.09253064543 0.03564814478
v -0.02550000139 0.09250300378 0.03526640683
v -0.02500000037 0.09238322824 0.03361220658
v -0.02450000122 0.09222660959 0.03144903481
v -0.02400000021 0.09224503487 0.03170351684
v -0.02350000106 0.0920515582 0.02903135121
v -0.02300000191 0.09203312546 0.02877687663
v -0.02250000089 0.09184886515 0.02623194456
v -0.02200000174 0.09037646651 0.005842991173
v -0.02150000073 0.09015692025 0.002476580441
v -0.04325000197 0.09478634596 0.05904737115
v -0.04275000095 0.0948144868 0.05952644348
v -0.04225000367 0.09480745345 0.05940666795
v -0.04175000265 0.0948355943 0.05988574028
v -0.04125000164 0.09485670924 0.06024503708
v -0.04075000063 0.09487781674 0.06060434878
v -0.04025000334 0.09489188343 0.06084388494
v -0.03975000232 0.09490595758 0.06108342111
v -0.03925000131 0.09492706507 0.06144273281
v -0.0387500003 0.09489188343 0.06084388494
v -0.03825000301 0.09492706507 0.06144273281
v -0.037750002 0.09493410587 0.06156247854
v -0.03725000098 0.09485670924 0.06024503708
v -0.03674999997 0.09485670924 0.06024503708
v -0.03625000268 0.09480745345 0.05940666795
v -0.03575000167 0.09413766861 0.04811865091
v -0.03525000066 0.0941285342 0.0479914099
v -0.03475000337 0.09411939979 0.04786415398
v -0.03425000235 0.09411026537 0.04773691297
v -0.03375000134 0.09410113096 0.04760968685
v -0.03325000033 0.09410113096 0.04760968685
v -0.03275000304 0.09402806312 0.04659175873
v -0.03225000203 0.09398239106 0.04595555365
v -0.03175000101 0.09383625537 0.04391972721
v -0.03125 0.09387278557 0.04442869127
v -0.03075000085 0.09386365116 0.04430143535
v -0.02925000153 0.09344350547 0.03844838589
v -0.02875000052 0.09345263243 0.03857561201
v -0.02825000137 0.09344350547 0.03844838589
v -0.02775000222 0.09345263243 0.03857561201
v -0.02725000121 0.0932790935 0.03615805507
v -0.02675000206 0.09325169027 0.03577632457
v -0.02625000104 0.09321516007 0.03526737541
v -0.02575000189 0.09316948801 0.03463117033
v -0.02525000088 0.09298681468 0.03208635002
v -0.02475000173 0.09298681468 0.03208635002
v -0.02425000072 0.09295941144 0.03170463443
v -0.02375000156 0.09274934232 0.02877812088
v -0.02325000055 0.0927676037 0.02903258801
v -0.0227500014 0.09251186252 0.02546986192
v -0.02225000039 0.09111565351 0.005979821086
v -0.02175000124 0.09114180505 0.006383806467
v -0.02125000022 0.09090646356 0.002747923136
v -0.04250000045 0.09547637403 0.05892780423
v -0.04200000316 0.09549725056 0.05928710103
v -0.04150000215 0.09551116824 0.0595266223
v -0.04100000113 0.09552508593 0.05976615846
v -0.04050000012 0.095545955 0.06012545526
v -0.04000000283 0.09555291384 0.06024521589
v -0.03950000182 0.09555987269 0.06036497653
v -0.0390000008 0.09553203732 0.05988591909
v -0.0380000025 0.094715029 0.04633776844
v -0.03750000149 0.09551116824 0.0595266223
v -0.03700000048 0.094796516 0.04748289287
v -0.03650000319 0.09482368082 0.04786458611
v -0.03600000218 0.09484178573 0.04811906815
v -0.03550000116 0.09483273327 0.04799184203
v -0.03500000015 0.09477840364 0.04722841084
v -0.03450000286 0.09472408146 0.04646500945
v -0.03400000185 0.09473313391 0.04659225047
v -0.03350000083 0.09474219382 0.04671949148
v -0.03299999982 0.09458826482 0.04455648363
v -0.03250000253 0.09452489018 0.04366584122
v -0.03200000152 0.09450677782 0.04341137409
v -0.03150000051 0.09452489018 0.04366584122
v -0.03100000136 0.09437096864 0.04150284827
v -0.03050000221 0.09435285628 0.04124838114
v -0.03000000119 0.09430758655 0.04061220586
v -0.02950000204 0.09418082982 0.03883092105
v -0.02900000103 0.09418082982 0.03883092105
v -0.02850000188 0.0941355601 0.03819473833
v -0.02800000086 0.09399974346 0.0362862125
v -0.02750000171 0.09399069101 0.03615898639
v -0.0270000007 0.09399069101 0.03615898639
v -0.02650000155 0.09394542128 0.03552281111
v -0.02600000054 0.09388203919 0.03463216871
v -0.02550000139 0.09366473556 0.03157853335
v -0.02500000037 0.09370095283 0.03208745271
v -0.02450000122 0.09369190037 0.03196023405
v -0.02400000021 0.09343837947 0.02839764208
v -0.02350000106 0.09348364919 0.0290338248
v -0.02300000191 0.09182874858 0.005712673068
v -0.02250000089 0.09185469896 0.006116680801
v -0.02200000174 0.09186334908 0.006251350045
v -0.037750002 0.09542025626 0.04633826017
v -0.03725000098 0.09526768327 0.04417537153
v -0.03674999997 0.09530358762 0.04468429089
v -0.03625000268 0.09533050656 0.04506596923
v -0.03575000167 0.09530358762 0.04468429089
v -0.03525000066 0.09532153606 0.04493874311
v -0.03425000235 0.09522280842 0.04353921115
v -0.03375000134 0.09526768327 0.04417537153
v -0.03325000033 0.09527666122 0.04430259764
v -0.03275000304 0.09522280842 0.04353921115
v -0.03225000203 0.09521383792 0.04341199994
v -0.03175000101 0.09520485997 0.04328477383
v -0.03125 0.09507024288 0.04137632251
v -0.03075000085 0.09507024288 0.04137632251
v -0.0302500017 0.09486382455 0.03845005482
v -0.02975000069 0.09488177299 0.0387044996
v -0.02925000153 0.09488177299 0.0387044996
v -0.02875000052 0.0948099792 0.03768666089
v -0.02825000137 0.09467535466 0.03577821702
v -0.02775000222 0.09470228106 0.03615991771
v -0.02725000121 0.09470228106 0.03615991771
v -0.02675000206 0.09464842826 0.03539653122
v -0.02625000104 0.09455868602 0.03412424028
v -0.02575000189 0.09453175962 0.03374255449
v -0.02525000088 0.09438816458 0.03170687705
v -0.02475000173 0.09438816458 0.03170687705
v -0.02425000072 0.09411892295 0.02789001167
v -0.02375000156 0.09417277575 0.0286533758
v -0.02325000055 0.09253352135 0.005310826004
v -0.0227500014 0.09257644415 0.005984179676
v -0.02225000039 0.09256786108 0.005849517882
v -0.02175000124 0.09252493829 0.005176141858
v -0.04000000283 0.09586752206 0.0426492691
v -0.03950000182 0.09588531405 0.04290372133
v -0.0390000008 0.09588531405 0.04290372133
v -0.03850000352 0.09588531405 0.04290372133
v -0.03700000048 0.09597426653 0.04417595267
v -0.03650000319 0.0960098505 0.04468485713
v -0.03550000116 0.09580525756 0.04175870121
v -0.03450000286 0.09587641805 0.04277649522
v -0.03400000185 0.09592978656 0.043539837
v -0.03350000083 0.09594757855 0.04379428923
v -0.03299999982 0.09569851309 0.04023201764
v -0.03250000253 0.09575188905 0.04099535942
v -0.03200000152 0.09574299306 0.04086813331
v -0.03150000051 0.09574299306 0.04086813331
v -0.03050000221 0.0955561921 0.03819642961
v -0.03000000119 0.09557398409 0.03845088929
v -0.02950000204 0.09557398409 0.03845088929
v -0.02900000103 0.09547613561 0.03705141693
v -0.02850000188 0.09536939859 0.03552472591
v -0.02800000086 0.09538718313 0.03577916324
v -0.02750000171 0.09537829459 0.03565195203
v -0.0270000007 0.09530712664 0.03463415802
v -0.02650000155 0.09524486214 0.03374359012
v -0.02600000054 0.09522707015 0.03348913789
v -0.02550000139 0.09505806863 0.03107188642
v -0.02400000021 0.09482678771 0.0277640596
v -0.02350000106 0.09323868901 0.004908941686
v -0.02300000191 0.09328128397 0.005582325161
v -0.02250000089 0.09328128397 0.005582325161
v -0.02200000174 0.09327276796 0.005447633564
v -0.02150000073 0.09327276796 0.005447633564
v -0.03925000131 0.09653098881 0.04201383889
v -0.0387500003 0.09655743092 0.04239548743
v -0.037750002 0.09643401206 0.04061442614
v -0.03725000098 0.09647808969 0.041250512
v -0.03674999997 0.09648691118 0.04137773812
v -0.03625000268 0.09651335329 0.04175938666
v -0.03575000167 0.09652216733 0.04188661277
v -0.03525000066 0.09650453925 0.04163217545
v -0.03475000337 0.09646927565 0.04112330079
v -0.03425000235 0.09640756994 0.0402327776
v -0.03325000033 0.09624888748 0.0379428491
v -0.03275000304 0.09641638398 0.04035998881
v -0.03225000203 0.09628415108 0.03845172375
v -0.03175000101 0.09628415108 0.03845172375
v -0.03125 0.09620480239 0.03730674088
v -0.03075000085 0.09622243792 0.03756119311
v -0.0302500017 0.09624006599 0.03781561553
v -0.02975000069 0.09621362388 0.03743396699
v -0.02925000153 0.09600204229 0.03438071162
v -0.02875000052 0.09604612738 0.03501681238
v -0.02825000137 0.09606375545 0.03527125716
v -0.02775000222 0.09600204229 0.03438071162
v -0.02725000121 0.09596678615 0.03387185186
v -0.02625000104 0.09573757648 0.03056416661
v -0.02575000189 0.09574639052 0.03069136292
v -0.02525000088 0.09561415762 0.02878310531
v -0.02475000173 0.09554363042 0.02776534855
v -0.02375000156 0.0940714106 0.006519824266
v -0.02325000055 0.09398651123 0.005180433393
v -0.0227500014 0.09400342405 0.005449794233
v -0.02225000039 0.09400342405 0.005449794233
v -0.02175000124 0.09400342405 0.005449794233
v -0.02125000022 0.09400342405 0.005449794233
v -0.02075000107 0.09372445196 0.001005150378
v -0.03850000352 0.09705545753 0.03934304416
v -0.0380000025 0.09710787982 0.04010631144
v -0.03750000149 0.09715155512 0.04074239731
v -0.03700000048 0.09713408351 0.04048795998
v -0.03650000319 0.09709040821 0.03985190392
v -0.03600000218 0.09710787982 0.04010631144
v -0.03550000116 0.09709040821 0.03985190392
v -0.03500000015 0.09712535143 0.04036073387
v -0.03450000286 0.09709914029 0.03997910023
v -0.03400000185 0.09691568464 0.0373076275
v -0.03350000083 0.09695935994 0.03794369847
v -0.03299999982 0.09699431062 0.03845255822
v -0.03250000253 0.09698557109 0.03832533211
v -0.03200000152 0.09696809947 0.03807090223
v -0.03150000051 0.09691568464 0.0373076275
v -0.03100000136 0.09678463638 0.03539942205
v -0.03050000221 0.0967759043 0.03527222574
v -0.03000000119 0.09674969316 0.03489056975
v -0.02950000204 0.0966623351 0.03361844271
v -0.02900000103 0.09669727832 0.03412729502
v -0.02850000188 0.09667980671 0.03387288004
v -0.02800000086 0.09665359557 0.03349122405
v -0.02750000171 0.09649634361 0.03120138496
v -0.0270000007 0.09649634361 0.03120138496
v -0.02650000155 0.09648761153 0.03107418865
v -0.02600000054 0.09627794474 0.02802105248
v -0.02550000139 0.09631288797 0.02852991223
v -0.02500000037 0.09623426199 0.02738500386
v -0.02450000122 0.09488889575 0.00779414922
v -0.02400000021 0.0948190093 0.006776459515
v -0.02350000106 0.09470053017 0.004913203418
v -0.02300000191 0.09471730888 0.00518257916
v -0.02250000089 0.09472569823 0.005317278206
v -0.02200000174 0.09471730888 0.00518257916
v -0.02150000073 0.09472569823 0.005317278206
v -0.02100000158 0.09443211555 0.0006030127406
v -0.037750002 0.09769581258 0.03832617402
v -0.03475000337 0.09753133357 0.03590922058
v -0.03175000101 0.09741014242 0.03412831575
v -0.03125 0.09747073799 0.03501877189
v -0.03075000085 0.09748805314 0.03527319431
v -0.0302500017 0.0973322317 0.03298345208
v -0.02975000069 0.09734088928 0.03311064839
v -0.02925000153 0.09729760885 0.03247462213
v -0.02875000052 0.09730625898 0.03260181099
v -0.02775000222 0.09720238298 0.03107533604
v -0.02725000121 0.09721104056 0.0312025249
v -0.02675000206 0.09716776013 0.03056650609
v -0.02575000189 0.09564419091 0.008177928627
v -0.02525000088 0.09565284848 0.008305124938
v -0.02475000173 0.09565284848 0.008305124938
v -0.02425000072 0.09560091048 0.007541887462
v -0.02375000156 0.09544809908 0.005184724927
v -0.02325000055 0.09543977678 0.00505001843
v -0.0227500014 0.09543977678 0.00505001843
v -0.02225000039 0.09543145448 0.004915341735
v -0.02175000124 0.09542313218 0.004780635238
v -0.03500000015 0.09821736068 0.03552856296
v -0.03450000286 0.09818305075 0.03501974791
v -0.03350000083 0.09808870405 0.03362052143
v -0.03299999982 0.09814874083 0.03451094031
v -0.03200000152 0.09808870405 0.03362052143
v -0.02900000103 0.09779708087 0.0292956531
v -0.02850000188 0.09767699987 0.02751480043
v -0.02600000054 0.09641616791 0.008816055954
v -0.02550000139 0.0964075923 0.00868884474
v -0.02500000037 0.09639043361 0.008434444666
v -0.02450000122 0.09633897245 0.007671236992
v -0.02400000021 0.0962119177 0.005725696683
v -0.02350000106 0.09618715197 0.005321584642
v -0.02300000191 0.09613760561 0.004513338208
v -0.02250000089 0.09613760561 0.004513338208
v -0.02200000174 0.09612935036 0.004378646612
v -0.02150000073 0.09612935036 0.004378646612
v -0.02100000158 0.09607155621 0.003435716033
v -0.03525000066 0.09867441654 0.03171360493
v -0.03475000337 0.09869141132 0.03196801245
v -0.03425000235 0.09863192588 0.03107763082
v -0.0302500017 0.09852995723 0.02955126017
v -0.02875000052 0.09836850315 0.02713451535
v -0.02825000137 0.09841099381 0.02777050436
v -0.02775000222 0.09723832458 0.01021731645
v -0.02725000121 0.09723832458 0.01021731645
v -0.02675000206 0.09718734026 0.009454138577
v -0.02625000104 0.09717034549 0.009199738503
v -0.02575000189 0.09716184437 0.009072557092
v -0.02525000088 0.09711086005 0.008309364319
v -0.02475000173 0.09703437984 0.007164597511
v -0.02425000072 0.09697520733 0.006266705692
v -0.02375000156 0.09695063531 0.00586257875
v -0.02325000055 0.09683595598 0.003976605833
v -0.0227500014 0.09683595598 0.003976605833
v -0.02225000039 0.0968523398 0.004246041179
v -0.02175000124 0.09684415162 0.004111327231
v -0.02125000022 0.09683595598 0.003976605833
v -0.02075000107 0.09680319577 0.003437779844
v -0.02025000006 0.09656565636 -0.0004688277841
v -0.03500000015 0.09938037395 0.03158754855
v -0.03000000119 0.09805873781 0.01161846519
v -0.02950000204 0.09806715697 0.0117456615
v -0.02900000103 0.09806715697 0.0117456615
v -0.02850000188 0.09802506864 0.01110969484
v -0.02800000086 0.09799139202 0.01060093194
v -0.02750000171 0.09795772284 0.0100921616
v -0.0270000007 0.09794088453 0.009837791324
v -0.02650000155 0.09791563451 0.009456209838
v -0.02600000054 0.09789037704 0.009074643254
v -0.02550000139 0.09778936207 0.007548339665
v -0.02500000037 0.0977641046 0.00716676563
v -0.02450000122 0.09774726629 0.006912365556
v -0.02400000021 0.0976729691 0.005730032921
v -0.02350000106 0.09758359194 0.004248142242
v -0.02300000191 0.09755921364 0.003844000399
v -0.02250000089 0.09755921364 0.003844000399
v -0.02200000174 0.09755109251 0.003709279001
v -0.02150000073 0.09755109251 0.003709279001
v -0.02100000158 0.09755921364 0.003844000399
v -0.03674999997 0.09987802804 0.02828183025
v -0.03425000235 0.09892743826 0.01378259808
v -0.03375000134 0.09891909361 0.01365542412
v -0.03325000033 0.09891909361 0.01365542412
v -0.03275000304 0.09886072576 0.01276512444
v -0.03225000203 0.09888574481 0.01314668357
v -0.03175000101 0.09887740016 0.01301948726
v -0.03125 0.09886072576 0.01276512444
v -0.03075000085 0.09883570671 0.01238355786
v -0.0302500017 0.09881903231 0.01212918758
v -0.02975000069 0.09880235791 0.01187482476
v -0.02925000153 0.09878567606 0.01162043959
v -0.02875000052 0.09874399006 0.01098450273
v -0.02825000137 0.09872730821 0.01073013991
v -0.02775000222 0.09869395196 0.01022139192
v -0.02725000121 0.09866894037 0.009839840233
v -0.02675000206 0.09864392132 0.0094582811
v -0.02625000104 0.09857721627 0.00844078511
v -0.02575000189 0.09851050377 0.007423296571
v -0.02525000088 0.09850216657 0.007296122611
v -0.02475000173 0.09849382937 0.007168926299
v -0.02425000072 0.09836320579 0.005058579147
v -0.02375000156 0.09833902121 0.004654414952
v -0.02325000055 0.09829872847 0.003980793059
v -0.0227500014 0.09825842828 0.003307186067
v -0.02225000039 0.09825842828 0.003307186067
v -0.02175000124 0.09825842828 0.003307186067
v -0.02125000022 0.09825842828 0.003307186067
v -0.02075000107 0.09816171229 0.001690514386
v -0.04700000212 0.09920702875 0.006916724145
v -0.0465000011 0.09924832731 0.00755263865
v -0.04400000349 0.09943002462 0.01035061479
v -0.04350000247 0.0994630605 0.01085934043
v -0.04300000146 0.09948783368 0.01124087721
v -0.04250000045 0.09949609637 0.01136806607
v -0.04200000316 0.09950435162 0.01149523258
v -0.04150000215 0.09951261431 0.01162242144
v -0.04050000012 0.09957868606 0.01263987273
v -0.04000000283 0.09961172193 0.01314859092
v -0.03950000182 0.09963650256 0.01353013515
v -0.0390000008 0.09964475781 0.01365731657
v -0.03850000352 0.09964475781 0.01365731657
v -0.0380000025 0.09964475781 0.01365731657
v -0.03750000149 0.09964475781 0.01365731657
v -0.03700000048 0.0996530205 0.01378448308
v -0.03650000319 0.09964475781 0.01365731657
v -0.03600000218 0.09966953844 0.01403885335
v -0.03550000116 0.09966953844 0.01403885335
v -0.03500000015 0.09967779368 0.01416604221
v -0.03450000286 0.09967779368 0.01416604221
v -0.03400000185 0.09968605638 0.01429321617
v -0.03350000083 0.09967779368 0.01416604221
v -0.03299999982 0.09966953844 0.01403885335
v -0.03250000253 0.09964475781 0.01365731657
v -0.03200000152 0.09964475781 0.01365731657
v -0.03150000051 0.09963650256 0.01353013515
v -0.03100000136 0.09960346669 0.01302140951
v -0.03050000221 0.09956216812 0.01238550246
v -0.03000000119 0.09951261431 0.01162242144
v -0.02950000204 0.09948783368 0.01124087721
v -0.02900000103 0.0994630605 0.01085934043
v -0.02850000188 0.09944654256 0.01060497016
v -0.02800000086 0.09941350669 0.01009624451
v -0.02750000171 0.09938872606 0.009714700282
v -0.0270000007 0.09934743494 0.009078815579
v -0.02650000155 0.09929788113 0.008315719664
v -0.02600000054 0.09926484525 0.007806994021
v -0.02550000139 0.09924006462 0.007425449789
v -0.02500000037 0.09921529144 0.007043920457
v -0.02450000122 0.09915000945 0.006003819406
v -0.02400000021 0.09908606112 0.004926010966
v -0.02350000106 0.0990620777 0.004521802068
v -0.02300000191 0.09897414595 0.003039784729
v -0.02250000089 0.09896615148 0.002905063331
v -0.02200000174 0.09896615148 0.002905063331
v -0.02150000073 0.09896615148 0.002905063331
v -0.02100000158 0.09892617911 0.002231411636
v -0.02050000057 0.09890219569 0.00182723254
v -0.04725000262 0.09991237521 0.006537385285
v -0.04675000161 0.09997781366 0.007554791868
v -0.0462500006 0.1000023484 0.007936313748
v -0.04425000027 0.1001332253 0.009971126914
v -0.04375000298 0.1001823023 0.01073417068
v -0.04325000197 0.1002150178 0.01124287397
v -0.04275000095 0.1002313793 0.01149721444
v -0.04225000367 0.1002477333 0.01175157726
v -0.04175000265 0.1002640948 0.01200591773
v -0.04125000164 0.1002722755 0.01213309914
v -0.04075000063 0.1002886295 0.01238744706
v -0.04025000334 0.1003131717 0.01276898384
v -0.03975000232 0.1003458872 0.01327766478
v -0.03925000131 0.100354068 0.01340484619
v -0.0387500003 0.1003704295 0.01365920901
v -0.03825000301 0.1003786102 0.01378636807
v -0.037750002 0.1003786102 0.01378636807
v -0.03725000098 0.1003867835 0.01391355693
v -0.03674999997 0.1003867835 0.01391355693
v -0.03625000268 0.1003949642 0.01404073089
v -0.03575000167 0.1004113257 0.01429507881
v -0.03525000066 0.1004113257 0.01429507881
v -0.03475000337 0.1004113257 0.01429507881
v -0.03425000235 0.1004113257 0.01429507881
v -0.03375000134 0.100403145 0.0141679123
v -0.03325000033 0.100403145 0.0141679123
v -0.03275000304 0.1003704295 0.01365920901
v -0.03225000203 0.1003704295 0.01365920901
v -0.03175000101 0.1003786102 0.01378636807
v -0.03125 0.1003786102 0.01378636807
v -0.03075000085 0.100354068 0.01340484619
v -0.0302500017 0.100304991 0.01264180243
v -0.02975000069 0.1001904756 0.01086135209
v -0.02925000153 0.1001823023 0.01073417068
v -0.02875000052 0.1001495793 0.01022546738
v -0.02825000137 0.1001168638 0.009716764092
v -0.02775000222 0.1001005024 0.009462423623
v -0.02725000121 0.1000759676 0.009080901742
v -0.02675000206 0.1000350639 0.008445009589
v -0.02625000104 0.1000023484 0.007936313748
v -0.02575000189 0.09996963292 0.007427610457
v -0.02525000088 0.09992055595 0.006664566696
v -0.02475000173 0.09988041222 0.006006002426
v -0.02425000072 0.09985662252 0.005601800978
v -0.02375000156 0.09980113059 0.004658654332
v -0.02325000055 0.09975355864 0.003850251436
v -0.0227500014 0.09967427701 0.002502910793
v -0.02225000039 0.09967427701 0.002502910793
v -0.02175000124 0.09968220443 0.002637624741
v -0.02125000022 0.09966634959 0.002368167043
v -0.02075000107 0.09965841472 0.002233430743
v -0.04750000313 0.100610815 0.006008185446
v -0.04700000212 0.1006749049 0.007048264146
v -0.0465000011 0.1007154062 0.007684111595
v -0.04600000381 0.1007397026 0.008065626025
v -0.0455000028 0.1007559001 0.008319959044
v -0.04500000179 0.1008045077 0.009082987905
v -0.04450000077 0.1008288041 0.009464487433
v -0.04400000349 0.1008693054 0.01010033488
v -0.04350000247 0.1009098068 0.01073618233
v -0.04300000146 0.1009422019 0.01124487072
v -0.04250000045 0.1009584069 0.01149919629
v -0.04200000316 0.1009746045 0.01175355166
v -0.04150000215 0.1009989008 0.01213505864
v -0.04100000113 0.1009989008 0.01213505864
v -0.04050000012 0.1010232046 0.01251655817
v -0.04000000283 0.1010394022 0.01277091354
v -0.03950000182 0.1010556072 0.01302524656
v -0.0390000008 0.101063706 0.01315242052
v -0.03850000352 0.1010718048 0.01327957213
v -0.0380000025 0.1010880023 0.0135339275
v -0.03750000149 0.1010880023 0.0135339275
v -0.03700000048 0.1010880023 0.0135339275
v -0.03650000319 0.1010961011 0.01366110146
v -0.03600000218 0.1011123061 0.01391543448
v -0.03550000116 0.1011285037 0.0141697824
v -0.03500000015 0.1011285037 0.0141697824
v -0.03450000286 0.1011285037 0.0141697824
v -0.03400000185 0.1011366025 0.01429694146
v -0.03350000083 0.1011285037 0.0141697824
v -0.03299999982 0.1010718048 0.01327957213
v -0.03250000253 0.1010799035 0.01340675354
v -0.03200000152 0.1010880023 0.0135339275
v -0.03150000051 0.1010961011 0.01366110146
v -0.03100000136 0.1010880023 0.0135339275
v -0.03050000221 0.1010556072 0.01302524656
v -0.03000000119 0.101047501 0.0128980726
v -0.02950000204 0.1008774042 0.01022750139
v -0.02900000103 0.1008612067 0.009973175824
v -0.02850000188 0.1008450016 0.009718820453
v -0.02800000086 0.1008288041 0.009464487433
v -0.02750000171 0.1007964015 0.008955806494
v -0.0270000007 0.1007640064 0.008447125554
v -0.02650000155 0.1007397026 0.008065626025
v -0.02600000054 0.1006668061 0.006921082735
v -0.02550000139 0.1006587073 0.006793931127
v -0.02500000037 0.1006186754 0.006142936647
v -0.02450000122 0.1005950943 0.005738712847
v -0.02400000021 0.1005400494 0.004795528948
v -0.02350000106 0.100453563 0.003313370049
v -0.02300000191 0.1003670767 0.001831226051
v -0.02250000089 0.1003906578 0.0022354424
v -0.02200000174 0.1003906578 0.0022354424
v -0.02150000073 0.1003749371 0.001965969801
v -0.02100000158 0.1003827974 0.00210069865
v -0.02050000057 0.1003513485 0.0015617311
v -0.04775000364 0.1013256162 0.005740880966
v -0.04725000262 0.101372622 0.006541773677
v -0.04675000161 0.1014047042 0.007050439715
v -0.04575000331 0.1014768854 0.008194923401
v -0.04525000229 0.1015169844 0.008830733597
v -0.04475000128 0.1015490666 0.009339392185
v -0.04425000027 0.101573132 0.009720876813
v -0.04375000298 0.1015971899 0.01010237634
v -0.04325000197 0.1016292721 0.01061103493
v -0.04275000095 0.1016613543 0.01111969352
v -0.04225000367 0.1016773954 0.01137403399
v -0.04175000265 0.1017014608 0.01175552607
v -0.04125000164 0.1017175019 0.01200983673
v -0.04075000063 0.101733543 0.01226418465
v -0.04025000334 0.1017576009 0.01264567673
v -0.03975000232 0.101773642 0.01289999485
v -0.03925000131 0.1017816663 0.01302716136
v -0.0387500003 0.1017816663 0.01302716136
v -0.03825000301 0.1017816663 0.01302716136
v -0.037750002 0.101773642 0.01289999485
v -0.03725000098 0.1017816663 0.01302716136
v -0.03674999997 0.1017816663 0.01302716136
v -0.03625000268 0.1017976999 0.01328147948
v -0.03575000167 0.1018057242 0.01340865344
v -0.03525000066 0.1018137485 0.01353581995
v -0.03475000337 0.1018297821 0.01379013807
v -0.03425000235 0.1018297821 0.01379013807
v -0.03375000134 0.1018297821 0.01379013807
v -0.03325000033 0.1017816663 0.01302716136
v -0.03275000304 0.101773642 0.01289999485
v -0.03225000203 0.1017816663 0.01302716136
v -0.03175000101 0.1017976999 0.01328147948
v -0.03125 0.1018057242 0.01340865344
v -0.03075000085 0.1017976999 0.01328147948
v -0.0302500017 0.1017656252 0.01277284324
v -0.02975000069 0.1017415598 0.01239133626
v -0.02925000153 0.101573132 0.009720876813
v -0.02875000052 0.1015651077 0.009593732655
v -0.02825000137 0.1015410498 0.009212218225
v -0.02775000222 0.1015250087 0.008957900107
v -0.02725000121 0.1014929265 0.008449241519
v -0.02675000206 0.10145282 0.007813408971
v -0.02625000104 0.101412721 0.007177598774
v -0.02575000189 0.1013966799 0.006923258305
v -0.02525000088 0.101372622 0.006541773677
v -0.02475000173 0.1013178155 0.005606129766
v -0.02425000072 0.101278834 0.004932411015
v -0.02375000156 0.1012164578 0.003854423761
v -0.02325000055 0.1011306867 0.002372205257
v -0.0227500014 0.1010994986 0.001833215356
v -0.02225000039 0.1010917053 0.001698471606
v -0.02175000124 0.1010839045 0.001563712955
v -0.02125000022 0.1010917053 0.001698471606
v -0.02075000107 0.1010839045 0.001563712955
v -0.04800000042 0.1020406783 0.005473531783
v -0.04750000313 0.1020793393 0.006147310138
v -0.04700000212 0.1021106839 0.006671130657
v -0.04600000381 0.1021742076 0.00768840313
v -0.0455000028 0.102221854 0.008451350033
v -0.04500000179 0.1022615582 0.00908716023
v -0.04450000077 0.1022853851 0.009468629956
v -0.04400000349 0.1023092046 0.009850107133
v -0.04350000247 0.1023250893 0.0101044178
v -0.04300000146 0.1023489088 0.01048590988
v -0.04250000045 0.1023727357 0.01086737961
v -0.04200000316 0.1023965552 0.01124885678
v -0.04150000215 0.1024124399 0.01150316745
v -0.04100000113 0.1024442017 0.01201180369
v -0.04050000012 0.1024680287 0.01239328086
v -0.04000000283 0.1024839059 0.01264760643
v -0.03950000182 0.1024997905 0.0129019171
v -0.0390000008 0.1024997905 0.0129019171
v -0.03850000352 0.1024997905 0.0129019171
v -0.0380000025 0.1024918482 0.01277477294
v -0.03750000149 0.1024997905 0.0129019171
v -0.03700000048 0.1025077328 0.01302908361
v -0.03650000319 0.1025077328 0.01302908361
v -0.03600000218 0.1025156751 0.01315624267
v -0.03550000116 0.1025156751 0.01315624267
v -0.03500000015 0.10252361 0.01328338683
v -0.03450000286 0.10252361 0.01328338683
v -0.03400000185 0.1025156751 0.01315624267
v -0.03350000083 0.1024918482 0.01277477294
v -0.03299999982 0.1024918482 0.01277477294
v -0.03250000253 0.1024839059 0.01264760643
v -0.03200000152 0.1024839059 0.01264760643
v -0.03150000051 0.1024918482 0.01277477294
v -0.03100000136 0.1024839059 0.01264760643
v -0.03050000221 0.1024839059 0.01264760643
v -0.03000000119 0.102452144 0.0121389702
v -0.02950000204 0.1024283245 0.01175749302
v -0.02900000103 0.1022615582 0.00908716023
v -0.02850000188 0.1022536159 0.00895999372
v -0.02800000086 0.1022536159 0.00895999372
v -0.02750000171 0.1022059768 0.008197046816
v -0.0270000007 0.1021662652 0.007561244071
v -0.02650000155 0.1021583304 0.007434077561
v -0.02600000054 0.1021186262 0.006798297167
v -0.02550000139 0.1021106839 0.006671130657
v -0.02500000037 0.1020638719 0.005877807736
v -0.02450000122 0.1020174846 0.005069278181
v -0.02400000021 0.1019401699 0.003721751273
v -0.02350000106 0.1018937826 0.002913236618
v -0.02300000191 0.1018473953 0.002104714513
v -0.02250000089 0.101801008 0.001296192408
v -0.02200000174 0.101785548 0.001026704907
v -0.02150000073 0.101785548 0.001026704907
v -0.02100000158 0.1017546207 0.0004876852036
v -0.02050000057 0.1016541123 -0.001264117658
v -0.04825000092 0.102733016 0.004801914096
v -0.04775000364 0.1027943417 0.005879983306
v -0.04725000262 0.1028250009 0.00641900301
v -0.04575000331 0.1029193401 0.007944852114
v -0.04525000229 0.1029507816 0.008453465998
v -0.04475000128 0.1029979512 0.0092163831
v -0.04425000027 0.1030215397 0.009597860277
v -0.04375000298 0.1030529812 0.01010645926
v -0.04325000197 0.1030608416 0.01023361087
v -0.04275000095 0.1030765697 0.01048793644
v -0.04225000367 0.1030844301 0.0106150806
v -0.04175000265 0.1031080112 0.01099653542
v -0.04125000164 0.1031237394 0.01125085354
v -0.04075000063 0.1031551808 0.01175946742
v -0.04025000334 0.1031709015 0.01201376319
v -0.03975000232 0.1031866297 0.01226808131
v -0.03925000131 0.1032102108 0.01264954358
v -0.0387500003 0.1032180712 0.01277670264
v -0.03825000301 0.1032102108 0.01264954358
v -0.037750002 0.1032180712 0.01277670264
v -0.03725000098 0.1032259315 0.01290383935
v -0.03674999997 0.1032259315 0.01290383935
v -0.03625000268 0.1032416597 0.01315815747
v -0.03575000167 0.1032495201 0.01328529418
v -0.03525000066 0.1032495201 0.01328529418
v -0.03475000337 0.1032495201 0.01328529418
v -0.03425000235 0.1032495201 0.01328529418
v -0.03375000134 0.1032259315 0.01290383935
v -0.03325000033 0.1032259315 0.01290383935
v -0.03275000304 0.1032102108 0.01264954358
v -0.03225000203 0.1031866297 0.01226808131
v -0.03175000101 0.1031787694 0.0121409297
v -0.03125 0.1031866297 0.01226808131
v -0.03075000085 0.1031866297 0.01226808131
v -0.0302500017 0.1031787694 0.0121409297
v -0.02975000069 0.1031473204 0.01163230836
v -0.02925000153 0.1031001508 0.01086939126
v -0.02875000052 0.1029665098 0.008707769215
v -0.02825000137 0.1029586494 0.008580625057
v -0.02775000222 0.1029272005 0.008072011173
v -0.02725000121 0.1029036194 0.007690548897
v -0.02675000206 0.1028878912 0.007436230779
v -0.02625000104 0.1028485894 0.006800480187
v -0.02575000189 0.1028250009 0.00641900301
v -0.02525000088 0.1027790084 0.005610451102
v -0.02475000173 0.1027483419 0.005071416497
v -0.02425000072 0.1026946828 0.004128105938
v -0.02375000156 0.1026410237 0.00318479538
v -0.02325000055 0.1025950313 0.002376243472
v -0.0227500014 0.102510713 0.0008938908577
v -0.02225000039 0.1024877131 0.0004896223545
v -0.02175000124 0.1024877131 0.0004896223545
v -0.02125000022 0.1024800465 0.0003548562527
v -0.02075000107 0.1024647132 8.534640074e-05
v -0.02025000006 0.1024033874 -0.0009927302599
v -0.04850000143 0.1034412012 0.004399746656
v -0.04800000042 0.1034944057 0.005343101919
v -0.04750000313 0.1035324037 0.006016910076
v -0.04700000212 0.1035552025 0.006421200931
v -0.0465000011 0.1035941094 0.007056958973
v -0.04600000381 0.1036252379 0.007565550506
v -0.0455000028 0.1036485881 0.00794699043
v -0.04500000179 0.103687495 0.008582733572
v -0.04450000077 0.1037264019 0.009218461812
v -0.04400000349 0.1037575305 0.009727053344
v -0.04350000247 0.1037808806 0.01010850072
v -0.04300000146 0.103788659 0.01023565233
v -0.04250000045 0.1038042232 0.010489963
v -0.04200000316 0.1038197875 0.01074425131
v -0.04150000215 0.1038275734 0.01087140292
v -0.04100000113 0.103850916 0.01125284284
v -0.04050000012 0.1038586944 0.01137999445
v -0.04000000283 0.1038664803 0.01150713116
v -0.03950000182 0.1038976088 0.01201572269
v -0.0390000008 0.1038976088 0.01201572269
v -0.03850000352 0.1039131731 0.01227003336
v -0.0380000025 0.1039209515 0.01239717007
v -0.03750000149 0.1039287373 0.01252432168
v -0.03700000048 0.1039287373 0.01252432168
v -0.03650000319 0.1039443016 0.01277862489
v -0.03600000218 0.1039598584 0.01303291321
v -0.03550000116 0.1039676443 0.01316007227
v -0.03500000015 0.1039754227 0.01328720152
v -0.03450000286 0.1039832085 0.01341436058
v -0.03400000185 0.1039754227 0.01328720152
v -0.03350000083 0.1039676443 0.01316007227
v -0.03299999982 0.1039598584 0.01303291321
v -0.03250000253 0.1039365157 0.01265148073
v -0.03200000152 0.1038976088 0.01201572269
v -0.03150000051 0.1038976088 0.01201572269
v -0.03100000136 0.1039053872 0.01214288175
v -0.03050000221 0.1039053872 0.01214288175
v -0.03000000119 0.1038742587 0.01163428277
v -0.02950000204 0.1038586944 0.01137999445
v -0.02900000103 0.1038353518 0.01099853963
v -0.02850000188 0.1036563665 0.008074142039
v -0.02800000086 0.1036485881 0.00794699043
v -0.02750000171 0.1036330238 0.007692702115
v -0.0270000007 0.1035785526 0.006802663207
v -0.02650000155 0.1035629883 0.00654835999
v -0.02600000054 0.1035248041 0.005882158875
v -0.02550000139 0.1035020053 0.005477845669
v -0.02500000037 0.103471607 0.004938811064
v -0.02450000122 0.1034488007 0.004534497857
v -0.02400000021 0.1033804044 0.003321617842
v -0.02350000106 0.1033347994 0.002513036132
v -0.02300000191 0.1032892019 0.00170443207
v -0.02250000089 0.1032055989 0.0002220124006
v -0.02200000174 0.1032055989 0.0002220124006
v -0.02150000073 0.1032055989 0.0002220124006
v -0.02100000158 0.1031979993 8.726119995e-05
v -0.02050000057 0.1031903997 -4.750490189e-05
v -0.04825000092 0.1041949913 0.004806168377
v -0.04775000364 0.1042251289 0.005345255136
v -0.04675000161 0.1043085158 0.006804846227
v -0.0462500006 0.1043470204 0.007440544665
v -0.04575000331 0.104377836 0.007949121296
v -0.04525000229 0.1043932363 0.008203424513
v -0.04475000128 0.1044240445 0.008711971343
v -0.04425000027 0.1044548601 0.009220547974
v -0.04375000298 0.1044779643 0.009601987898
v -0.04325000197 0.1045010686 0.009983412921
v -0.04275000095 0.1045241803 0.01036483794
v -0.04225000367 0.1045395806 0.01061911881
v -0.04175000265 0.1045395806 0.01061911881
v -0.04125000164 0.1045626923 0.01100054383
v -0.04075000063 0.1045780927 0.0112548396
v -0.04025000334 0.1045857966 0.01138198376
v -0.03975000232 0.1046012044 0.01163626462
v -0.03925000131 0.1046012044 0.01163626462
v -0.0387500003 0.1046012044 0.01163626462
v -0.03825000301 0.1046089083 0.01176340878
v -0.037750002 0.1046166047 0.01189056039
v -0.03725000098 0.1046320125 0.01214484125
v -0.03674999997 0.1046397164 0.01227198541
v -0.03625000268 0.1046628207 0.01265341043
v -0.03575000167 0.1046705246 0.01278055459
v -0.03525000066 0.1046782285 0.01290768385
v -0.03475000337 0.1046936288 0.01316197962
v -0.03425000235 0.1046936288 0.01316197962
v -0.03375000134 0.1046936288 0.01316197962
v -0.03325000033 0.1046782285 0.01290768385
v -0.03275000304 0.1046782285 0.01290768385
v -0.03225000203 0.1046166047 0.01189056039
v -0.03175000101 0.1046243086 0.01201768965
v -0.03125 0.1046243086 0.01201768965
v -0.03075000085 0.1046243086 0.01201768965
v -0.0302500017 0.1046012044 0.01163626462
v -0.02975000069 0.1045857966 0.01138198376
v -0.02925000153 0.1045626923 0.01100054383
v -0.02875000052 0.1045472845 0.01074626297
v -0.02825000137 0.1043470204 0.007440544665
v -0.02775000222 0.1043393239 0.007313422859
v -0.02725000121 0.1043008119 0.006677702069
v -0.02675000206 0.1042854041 0.006423406303
v -0.02625000104 0.1042552665 0.005884334445
v -0.02575000189 0.1042326614 0.005480006337
v -0.02525000088 0.1042100638 0.00507569313
v -0.02475000173 0.1041874588 0.004671387374
v -0.02425000072 0.1041573212 0.004132300615
v -0.02375000156 0.1040669084 0.00251506269
v -0.02325000055 0.1040292382 0.001841202378
v -0.0227500014 0.1039915681 0.001167334616
v -0.02225000039 0.1039086878 -0.0003151521087
v -0.02175000124 0.1039162204 -0.0001803711057
v -0.02125000022 0.1039162204 -0.0001803711057
v -0.02075000107 0.1039011553 -0.0004499033093
v -0.02025000006 0.1038032025 -0.002201937139
v -0.04850000143 0.1048886329 0.004134401679
v -0.04700000212 0.1050006598 0.006156057119
v -0.0465000011 0.1050460935 0.006934151053
v -0.04600000381 0.1050842032 0.007569849491
v -0.0455000028 0.1051070765 0.007951259613
v -0.04500000179 0.1051375642 0.008459806442
v -0.04450000077 0.1051528081 0.008714079857
v -0.04400000349 0.1051756814 0.00909550488
v -0.04350000247 0.1051985472 0.009476915002
v -0.04300000146 0.1052214205 0.009858325124
v -0.04250000045 0.1052442864 0.0102397278
v -0.04200000316 0.1052519083 0.01036687195
v -0.04150000215 0.1052747741 0.01074828207
v -0.04100000113 0.1052900255 0.01100254804
v -0.04050000012 0.1053052694 0.0112568289
v -0.04000000283 0.1053205132 0.01151110232
v -0.03950000182 0.1053281352 0.01163823903
v -0.0390000008 0.1053281352 0.01163823903
v -0.03850000352 0.1053357571 0.01176538318
v -0.0380000025 0.1053128913 0.01138397306
v -0.03750000149 0.1053281352 0.01163823903
v -0.03700000048 0.1053281352 0.01163823903
v -0.03650000319 0.1053357571 0.01176538318
v -0.03600000218 0.1053433865 0.01189252734
v -0.03550000116 0.1053662524 0.01227393746
v -0.03500000015 0.1053814963 0.01252820343
v -0.03450000286 0.1053891182 0.01265534759
v -0.03400000185 0.1053891182 0.01265534759
v -0.03350000083 0.1053814963 0.01252820343
v -0.03299999982 0.1053662524 0.01227393746
v -0.03250000253 0.1053586304 0.01214679331
v -0.03200000152 0.1053128913 0.01138397306
v -0.03150000051 0.1053205132 0.01151110232
v -0.03100000136 0.1053205132 0.01151110232
v -0.03050000221 0.1053281352 0.01163823903
v -0.03000000119 0.1053128913 0.01138397306
v -0.02950000204 0.1052747741 0.01074828207
v -0.02900000103 0.1052595302 0.01049401611
v -0.02850000188 0.1052519083 0.01036687195
v -0.02800000086 0.1050537154 0.007061302662
v -0.02750000171 0.1050308421 0.00667989254
v -0.0270000007 0.1050081328 0.006290838122
v -0.02650000155 0.1049857214 0.005886510015
v -0.02600000054 0.1049633175 0.005482159555
v -0.02550000139 0.1049483791 0.005212619901
v -0.02500000037 0.1048960984 0.004269182682
v -0.02450000122 0.1048736945 0.003864854574
v -0.02400000021 0.1048064753 0.002651847899
v -0.02350000106 0.104769133 0.001977980137
v -0.02300000191 0.1047243178 0.001169301569
v -0.02250000089 0.1046272293 -0.0005827918649
v -0.02200000174 0.1046122909 -0.0008523613214
v -0.02150000073 0.1046122909 -0.0008523613214
v -0.02100000158 0.1045898795 -0.001256689429
v -0.02050000057 0.1045450717 -0.002065338194
v -0.04675000161 0.1057457998 0.006427802145
v -0.0462500006 0.1057835147 0.007063478231
v -0.04575000331 0.1058136895 0.007572002709
v -0.04525000229 0.1058363169 0.007953390479
v -0.04475000128 0.1058664918 0.008461922407
v -0.04425000027 0.1058891267 0.008843317628
v -0.04375000298 0.1059042141 0.009097591043
v -0.04325000197 0.1059117541 0.009224705398
v -0.04275000095 0.1059343889 0.00960611552
v -0.04225000367 0.1059419289 0.009733229876
v -0.04175000265 0.1059645563 0.01011463255
v -0.04125000164 0.1059947312 0.01062316447
v -0.04075000063 0.1060098186 0.01087743044
v -0.04025000334 0.106024906 0.01113168895
v -0.03975000232 0.1060399935 0.01138596237
v -0.03925000131 0.1060475335 0.01151308417
v -0.0387500003 0.1060475335 0.01151308417
v -0.03825000301 0.1060399935 0.01138596237
v -0.037750002 0.106032446 0.01125882566
v -0.03725000098 0.106032446 0.01125882566
v -0.03674999997 0.106032446 0.01125882566
v -0.03625000268 0.1060399935 0.01138596237
v -0.03575000167 0.1060475335 0.01151308417
v -0.03525000066 0.1060550809 0.01164022088
v -0.03475000337 0.1060550809 0.01164022088
v -0.03425000235 0.1060626209 0.01176735759
v -0.03375000134 0.1060475335 0.01151308417
v -0.03325000033 0.1060475335 0.01151308417
v -0.03275000304 0.1060399935 0.01138596237
v -0.03225000203 0.1060022786 0.01075029373
v -0.03175000101 0.1060173586 0.01100455225
v -0.03125 0.1060098186 0.01087743044
v -0.03075000085 0.106024906 0.01113168895
v -0.0302500017 0.1060098186 0.01087743044
v -0.02975000069 0.1059871912 0.01049604267
v -0.02925000153 0.1059721038 0.0102417618
v -0.02875000052 0.1059721038 0.0102417618
v -0.02825000137 0.1057608873 0.00668207556
v -0.02775000222 0.1057533473 0.006554938853
v -0.02725000121 0.105738394 0.006293036044
v -0.02675000206 0.1057161912 0.005888685584
v -0.02625000104 0.1056865752 0.005349554121
v -0.02575000189 0.1056717709 0.005079977214
v -0.02525000088 0.1056125462 0.004001706839
v -0.02475000173 0.1055977419 0.003732152283
v -0.02425000072 0.1055607274 0.003058224916
v -0.02375000156 0.1055089012 0.002114750445
v -0.02325000055 0.1054274663 0.0006321296096
v -0.0227500014 0.1053830534 -0.000176563859
v -0.02225000039 0.1052868143 -0.001928731799
v -0.02175000124 0.1053090245 -0.00152438879
v -0.02125000022 0.1053016186 -0.001659177244
v -0.02075000107 0.1052868143 -0.001928731799
v -0.02025000006 0.1052646041 -0.00233309716
v -0.0465000011 0.1064834595 0.006557136774
v -0.04600000381 0.1065207794 0.007192775607
v -0.0455000028 0.1065506339 0.007701285183
v -0.04500000179 0.1065804884 0.00820979476
v -0.04450000077 0.1065954193 0.008464030921
v -0.04400000349 0.1066103429 0.008718281984
v -0.04350000247 0.1066178083 0.008845411241
v -0.04300000146 0.1066401973 0.00922678411
v -0.04250000045 0.1066551283 0.009481050074
v -0.04200000316 0.1066625938 0.009608179331
v -0.04150000215 0.1066849828 0.00998955965
v -0.04100000113 0.1066999137 0.01024380326
v -0.04050000012 0.1067223027 0.01062518358
v -0.04000000283 0.1067297682 0.01075231284
v -0.03950000182 0.1067446917 0.01100655645
v -0.0390000008 0.1067521572 0.01113369316
v -0.03850000352 0.1067521572 0.01113369316
v -0.0380000025 0.1067446917 0.01100655645
v -0.03750000149 0.1067446917 0.01100655645
v -0.03700000048 0.1067521572 0.01113369316
v -0.03650000319 0.1067596227 0.01126082242
v -0.03600000218 0.1067670882 0.01138795167
v -0.03550000116 0.1067670882 0.01138795167
v -0.03500000015 0.1067670882 0.01138795167
v -0.03450000286 0.1067521572 0.01113369316
v -0.03400000185 0.1067521572 0.01113369316
v -0.03350000083 0.1067297682 0.01075231284
v -0.03299999982 0.1067148373 0.01049806923
v -0.03250000253 0.1067073718 0.01037093997
v -0.03200000152 0.1066999137 0.01024380326
v -0.03150000051 0.1066999137 0.01024380326
v -0.03100000136 0.1067073718 0.01037093997
v -0.03050000221 0.1067073718 0.01037093997
v -0.03000000119 0.1066849828 0.00998955965
v -0.02950000204 0.1066700518 0.009735293686
v -0.02900000103 0.1066775173 0.009862430394
v -0.02850000188 0.1066327393 0.009099677205
v -0.02800000086 0.106475994 0.006430000067
v -0.02750000171 0.1064686552 0.006295226514
v -0.0270000007 0.1064466462 0.005890861154
v -0.02650000155 0.1064099595 0.005216911435
v -0.02600000054 0.1063806117 0.00467775017
v -0.02550000139 0.1063512564 0.004138596356
v -0.02500000037 0.1063292474 0.003734230995
v -0.02450000122 0.1063072383 0.003329865634
v -0.02400000021 0.1062191874 0.00171238929
v -0.02350000106 0.1061898395 0.001173228025
v -0.02300000191 0.1061384752 0.0002297013998
v -0.02200000174 0.1059917286 -0.002466067672
v -0.02150000073 0.1060137451 -0.002061702311
v -0.02100000158 0.1060137451 -0.002061702311
v -0.02050000057 0.1059990674 -0.002331286669
v -0.04925000295 0.1069880426 0.002388365567
v -0.04675000161 0.1071771085 0.005893036723
v -0.0462500006 0.1072135791 0.006559327245
v -0.04575000331 0.1072505042 0.007194943726
v -0.04525000229 0.1072726548 0.007576301694
v -0.04475000128 0.1073021889 0.008084788918
v -0.04425000027 0.1073169634 0.00833902508
v -0.04375000298 0.1073243469 0.008466146886
v -0.04325000197 0.107353881 0.008974634111
v -0.04275000095 0.1073612645 0.009101763368
v -0.04225000367 0.107376039 0.009355999529
v -0.04175000265 0.1073981896 0.009737350047
v -0.04125000164 0.1074129567 0.00999160856
v -0.04075000063 0.1074203402 0.01011871547
v -0.04025000334 0.1074277237 0.01024583727
v -0.03975000232 0.1074424982 0.01050009578
v -0.03925000131 0.1074424982 0.01050009578
v -0.0387500003 0.1074572653 0.0107543245
v -0.03825000301 0.1074424982 0.01050009578
v -0.037750002 0.1074498817 0.01062720269
v -0.03725000098 0.1074572653 0.0107543245
v -0.03674999997 0.1074646488 0.01088145375
v -0.03625000268 0.1074794158 0.01113568991
v -0.03575000167 0.1074794158 0.01113568991
v -0.03525000066 0.1074794158 0.01113568991
v -0.03475000337 0.1074720323 0.01100856066
v -0.03425000235 0.1074646488 0.01088145375
v -0.03375000134 0.1074572653 0.0107543245
v -0.03325000033 0.1074498817 0.01062720269
v -0.03275000304 0.1074203402 0.01011871547
v -0.03225000203 0.1074129567 0.00999160856
v -0.03175000101 0.1074129567 0.00999160856
v -0.03125 0.1074055731 0.009864486754
v -0.03075000085 0.1074129567 0.00999160856
v -0.0302500017 0.1073981896 0.009737350047
v -0.02975000069 0.1073981896 0.009737350047
v -0.02925000153 0.1073834226 0.009483121336
v -0.02875000052 0.107353881 0.008974634111
v -0.02825000137 0.107339114 0.008720383048
v -0.02775000222 0.1071843803 0.006027825177
v -0.02725000121 0.1071698368 0.005758240819
v -0.02675000206 0.1071334779 0.005084253848
v -0.02625000104 0.1071043909 0.004545077682
v -0.02575000189 0.1070971191 0.004410289228
v -0.02525000088 0.1070534885 0.003601506352
v -0.02475000173 0.1070316732 0.003197126091
v -0.02425000072 0.1069589555 0.00184918195
v -0.02375000156 0.106944412 0.001579575241
v -0.02325000055 0.1068571582 -3.795325756e-05
v -0.0227500014 0.1068135202 -0.0008467361331
v -0.02225000039 0.1066899076 -0.003138251603
v -0.02175000124 0.1067189947 -0.002599067986
v -0.02125000022 0.1067189947 -0.002599067986
v -0.02075000107 0.1067044511 -0.002868644893
v -0.02025000006 0.1066535488 -0.003812216222
v -0.04950000346 0.1076913923 0.001851178706
v -0.04900000244 0.1077274233 0.002525188029
v -0.04800000042 0.1077850685 0.003603585064
v -0.04750000313 0.1078283042 0.004412397742
v -0.0465000011 0.1079075709 0.005895212293
v -0.04600000381 0.1079363972 0.00643440336
v -0.0455000028 0.1079656184 0.006942868233
v -0.04500000179 0.1080021411 0.007578454912
v -0.04450000077 0.1080167517 0.007832676172
v -0.04400000349 0.1080313623 0.008086919785
v -0.04350000247 0.1080532745 0.008468255401
v -0.04300000146 0.108060576 0.008595384657
v -0.04250000045 0.1080824956 0.008976727724
v -0.04200000316 0.1081117094 0.009485192597
v -0.04150000215 0.1081263199 0.009739413857
v -0.04100000113 0.1081409305 0.00999365747
v -0.04050000012 0.1081482396 0.01012075692
v -0.04000000283 0.1081482396 0.01012075692
v -0.03950000182 0.1081482396 0.01012075692
v -0.0390000008 0.1081555411 0.01024787873
v -0.03850000352 0.1081555411 0.01024787873
v -0.0380000025 0.1081482396 0.01012075692
v -0.03750000149 0.1081555411 0.01024787873
v -0.03700000048 0.1081628501 0.01037500054
v -0.03650000319 0.1081701517 0.01050212234
v -0.03600000218 0.1081847623 0.0107563436
v -0.03550000116 0.1081774533 0.0106292218
v -0.03500000015 0.1081701517 0.01050212234
v -0.03450000286 0.1081774533 0.0106292218
v -0.03400000185 0.1081628501 0.01037500054
v -0.03350000083 0.1081555411 0.01024787873
v -0.03299999982 0.1081409305 0.00999365747
v -0.03250000253 0.1081263199 0.009739413857
v -0.03200000152 0.1081190184 0.009612314403
v -0.03150000051 0.1081263199 0.009739413857
v -0.03100000136 0.1081190184 0.009612314403
v -0.03050000221 0.1081190184 0.009612314403
v -0.03000000119 0.1081263199 0.009739413857
v -0.02950000204 0.1081044078 0.009358070791
v -0.02900000103 0.1080751866 0.008849605918
v -0.02850000188 0.108067885 0.008722484112
v -0.02800000086 0.1078859568 0.005490794778
v -0.02750000171 0.1078859568 0.005490794778
v -0.0270000007 0.1078643352 0.005086392164
v -0.02650000155 0.1078355163 0.004547193646
v -0.02600000054 0.1078210995 0.004277594388
v -0.02550000139 0.1077562496 0.003064379096
v -0.02500000037 0.1077418327 0.002794779837
v -0.02450000122 0.1077058017 0.002120770514
v -0.02400000021 0.1076769829 0.001581557095
v -0.02350000106 0.1076049209 0.00023355335
v -0.02300000191 0.1075688899 -0.000440441072
v -0.02250000089 0.1074824184 -0.002058058977
v -0.02200000174 0.1074031517 -0.003540873528
v -0.02150000073 0.1074103564 -0.003406070173
v -0.02100000158 0.1074031517 -0.003540873528
v -0.02050000057 0.107359916 -0.004349678755
v -0.04925000295 0.108416684 0.001718357205
v -0.04825000092 0.108495228 0.003201238811
v -0.04775000364 0.1085452139 0.004144884646
v -0.04725000262 0.108573772 0.004684120417
v -0.04675000161 0.1085951924 0.005088537931
v -0.0462500006 0.108623758 0.005627766252
v -0.04575000331 0.108652316 0.006167002022
v -0.04525000229 0.1086882725 0.006817951798
v -0.04475000128 0.1087171733 0.00732639432
v -0.04425000027 0.1087316275 0.00758060813
v -0.04375000298 0.1087605283 0.0080890432
v -0.04325000197 0.1087749749 0.008343264461
v -0.04275000095 0.108782202 0.008470371366
v -0.04225000367 0.1088111028 0.008978813887
v -0.04175000265 0.108832784 0.009360149503
v -0.04125000164 0.1088472307 0.009614378214
v -0.04075000063 0.1088544577 0.009741470218
v -0.04025000334 0.1088616848 0.009868592024
v -0.03975000232 0.1088689044 0.009995706379
v -0.03925000131 0.1088689044 0.009995706379
v -0.0387500003 0.1088689044 0.009995706379
v -0.03825000301 0.1088689044 0.009995706379
v -0.037750002 0.1088616848 0.009868592024
v -0.03725000098 0.1088689044 0.009995706379
v -0.03674999997 0.1088761315 0.01012279838
v -0.03625000268 0.1088761315 0.01012279838
v -0.03575000167 0.1088833585 0.01024991274
v -0.03525000066 0.1088689044 0.009995706379
v -0.03475000337 0.1088616848 0.009868592024
v -0.03425000235 0.1088689044 0.009995706379
v -0.03375000134 0.1088472307 0.009614378214
v -0.03325000033 0.1088400036 0.009487263858
v -0.03275000304 0.1088400036 0.009487263858
v -0.03225000203 0.1088255569 0.009233027697
v -0.03175000101 0.108832784 0.009360149503
v -0.03125 0.1088255569 0.009233027697
v -0.03075000085 0.1088255569 0.009233027697
v -0.0302500017 0.1088183299 0.009105935693
v -0.02975000069 0.1088038832 0.008851706982
v -0.02925000153 0.1087894291 0.008597493172
v -0.02875000052 0.1087749749 0.008343264461
v -0.02825000137 0.1087677553 0.008216165006
v -0.02775000222 0.1086023375 0.005223348737
v -0.02725000121 0.1085880548 0.004953749478
v -0.02675000206 0.108573772 0.004684120417
v -0.02625000104 0.1085237935 0.003740467131
v -0.02575000189 0.1084809527 0.002931632102
v -0.02525000088 0.1084595323 0.002527214587
v -0.02475000173 0.1084452495 0.002257585526
v -0.02425000072 0.1083881259 0.001179121435
v -0.02375000156 0.1083452851 0.0003702864051
v -0.02325000055 0.1083024442 -0.0004385486245
v -0.0227500014 0.1082239002 -0.00192143023
v -0.02225000039 0.1082024723 -0.002325862646
v -0.02175000124 0.108109653 -0.004078350961
v -0.02125000022 0.1080953702 -0.004347957671
v -0.02075000107 0.1080953702 -0.004347957671
v -0.04800000042 0.1092411503 0.003472931683
v -0.04750000313 0.1092835963 0.004281803966
v -0.04700000212 0.1093118936 0.004821062088
v -0.0465000011 0.1093331203 0.005225494504
v -0.04600000381 0.109354347 0.00562992692
v -0.0455000028 0.1093755662 0.006034366786
v -0.04500000179 0.1094039381 0.006565913558
v -0.04450000077 0.1094253734 0.006947219372
v -0.04400000349 0.1094468161 0.007328554988
v -0.04350000247 0.1094682515 0.007709868252
v -0.04300000146 0.1094753966 0.007836960256
v -0.04250000045 0.109503977 0.008345380425
v -0.04200000316 0.1095325649 0.008853800595
v -0.04150000215 0.10953971 0.0089809075
v -0.04100000113 0.1095540002 0.009235113859
v -0.04050000012 0.1095682904 0.00948933512
v -0.04000000283 0.1095754355 0.009616442025
v -0.03950000182 0.1095754355 0.009616442025
v -0.0390000008 0.1095754355 0.009616442025
v -0.03850000352 0.1095825806 0.009743526578
v -0.0380000025 0.1095754355 0.009616442025
v -0.03750000149 0.1095825806 0.009743526578
v -0.03700000048 0.1095968783 0.009997755289
v -0.03650000319 0.1095968783 0.009997755289
v -0.03600000218 0.1095968783 0.009997755289
v -0.03550000116 0.1095897257 0.009870648384
v -0.03500000015 0.1095825806 0.009743526578
v -0.03450000286 0.1095897257 0.009870648384
v -0.03400000185 0.1095897257 0.009870648384
v -0.03350000083 0.1095754355 0.009616442025
v -0.03299999982 0.1095682904 0.00948933512
v -0.03250000253 0.1095540002 0.009235113859
v -0.03200000152 0.10953971 0.0089809075
v -0.03150000051 0.10953971 0.0089809075
v -0.03100000136 0.10953971 0.0089809075
v -0.03050000221 0.10953971 0.0089809075
v -0.03000000119 0.1095111221 0.00847248733
v -0.02950000204 0.1095111221 0.00847248733
v -0.02900000103 0.1094968319 0.008218288422
v -0.02850000188 0.1094825417 0.007964067161
v -0.02800000086 0.1094825417 0.007964067161
v -0.02750000171 0.1093189716 0.004955880344
v -0.0270000007 0.1092765257 0.00414698571
v -0.02650000155 0.1092482209 0.003607727587
v -0.02600000054 0.109205775 0.002798855305
v -0.02550000139 0.1091916263 0.002529241145
v -0.02500000037 0.109163329 0.001989983022
v -0.02450000122 0.109120883 0.001181088388
v -0.02400000021 0.1090855077 0.0005070343614
v -0.02350000106 0.1090289056 -0.0005714744329
v -0.02300000191 0.1090006083 -0.001110732555
v -0.02250000089 0.1089369357 -0.002324059606
v -0.02200000174 0.1088166684 -0.004615880549
v -0.02150000073 0.1087954417 -0.005020312965
v -0.02100000158 0.1087529957 -0.005829185247
v -0.02050000057 0.1087388471 -0.006098821759
v -0.02000000142 0.1086115018 -0.008525460958
v -0.04775000364 0.1099728048 0.003475002944
v -0.04725000262 0.1100148559 0.004283905029
v -0.04675000161 0.1100428924 0.004823185503
v -0.0462500006 0.1100709289 0.005362465978
v -0.04575000331 0.1100989655 0.005901739001
v -0.04525000229 0.1101129875 0.006171375513
v -0.04475000128 0.110127002 0.006441004574
v -0.04425000027 0.1101411358 0.006695210934
v -0.04375000298 0.1101552695 0.006949402392
v -0.04325000197 0.1101623327 0.007076509297
v -0.04275000095 0.1101976633 0.007712014019
v -0.04225000367 0.1102259308 0.008220419288
v -0.04175000265 0.1102400646 0.008474595845
v -0.04125000164 0.1102612615 0.008855894208
v -0.04075000063 0.1102683246 0.008983001113
v -0.04025000334 0.1102753952 0.009110108018
v -0.03975000232 0.1102824584 0.009237192571
v -0.03925000131 0.1102824584 0.009237192571
v -0.0387500003 0.1102824584 0.009237192571
v -0.03825000301 0.1102824584 0.009237192571
v -0.037750002 0.1102965921 0.009491398931
v -0.03725000098 0.1103036627 0.009618505836
v -0.03674999997 0.1103107259 0.009745590389
v -0.03625000268 0.1103107259 0.009745590389
v -0.03575000167 0.1103107259 0.009745590389
v -0.03525000066 0.1103107259 0.009745590389
v -0.03475000337 0.1103107259 0.009745590389
v -0.03425000235 0.1103107259 0.009745590389
v -0.03375000134 0.1103036627 0.009618505836
v -0.03325000033 0.1103036627 0.009618505836
v -0.03275000304 0.1102965921 0.009491398931
v -0.03225000203 0.1102683246 0.008983001113
v -0.03175000101 0.1102541983 0.008728794754
v -0.03125 0.1102541983 0.008728794754
v -0.03075000085 0.1102541983 0.008728794754
v -0.0302500017 0.1102471277 0.0086017102
v -0.02975000069 0.1102259308 0.008220419288
v -0.02925000153 0.110232994 0.008347503841
v -0.02875000052 0.1102047339 0.007839098573
v -0.02825000137 0.1101976633 0.007712014019
v -0.02775000222 0.1100148559 0.004283905029
v -0.02725000121 0.1100078449 0.004149079323
v -0.02675000206 0.1099728048 0.003475002944
v -0.02625000104 0.1099377573 0.002800889313
v -0.02575000189 0.1099097207 0.00226161629
v -0.02525000088 0.1098957062 0.001991987228
v -0.02475000173 0.1098676696 0.001452706754
v -0.02425000072 0.1097975746 0.0001045167446
v -0.02375000156 0.10978356 -0.0001651346684
v -0.02325000055 0.109734498 -0.00110886991
v -0.0227500014 0.1096363664 -0.002996332943
v -0.02225000039 0.1095873043 -0.003940068185
v -0.02175000124 0.1094961911 -0.005692727864
v -0.02125000022 0.1094961911 -0.005692727864
v -0.02075000107 0.1094821692 -0.005962356925
v -0.02025000006 0.1094751582 -0.006097182631
v -0.04700000212 0.1107322201 0.004016347229
v -0.0465000011 0.1107669398 0.004690483212
v -0.04600000381 0.1108016595 0.005364619195
v -0.0455000028 0.1108224839 0.005769088864
v -0.04500000179 0.1108433157 0.006173565984
v -0.04450000077 0.1108572036 0.006443202496
v -0.04400000349 0.1108711809 0.006697401404
v -0.04350000247 0.1108851507 0.006951577961
v -0.04300000146 0.1108921394 0.007078684866
v -0.04250000045 0.1109061092 0.007332876325
v -0.04200000316 0.1109340563 0.007841236889
v -0.04150000215 0.1109480336 0.008095435798
v -0.04100000113 0.1109620035 0.008349619806
v -0.04050000012 0.1109759808 0.008603811264
v -0.04000000283 0.110982962 0.008730895817
v -0.03950000182 0.1109899506 0.008857995272
v -0.0390000008 0.110982962 0.008730895817
v -0.03850000352 0.1109969392 0.008985094726
v -0.0380000025 0.1110039279 0.00911219418
v -0.03750000149 0.1110109091 0.009239271283
v -0.03700000048 0.1110178977 0.009366370738
v -0.03650000319 0.1110248864 0.009493470192
v -0.03600000218 0.1110248864 0.009493470192
v -0.03550000116 0.111031875 0.009620569646
v -0.03500000015 0.111031875 0.009620569646
v -0.03450000286 0.1110248864 0.009493470192
v -0.03400000185 0.1110248864 0.009493470192
v -0.03350000083 0.1110248864 0.009493470192
v -0.03299999982 0.1110248864 0.009493470192
v -0.03250000253 0.1110109091 0.009239271283
v -0.03200000152 0.1109689921 0.00847671181
v -0.03150000051 0.1109689921 0.00847671181
v -0.03100000136 0.1109689921 0.00847671181
v -0.03050000221 0.1109689921 0.00847671181
v -0.03000000119 0.1109550223 0.008222542703
v -0.02950000204 0.1109480336 0.008095435798
v -0.02900000103 0.1109340563 0.007841236889
v -0.02850000188 0.1109130979 0.007459960878
v -0.02800000086 0.110899128 0.00720577687
v -0.02750000171 0.1107252836 0.003881536424
v -0.0270000007 0.1106975079 0.003342233598
v -0.02650000155 0.110676676 0.002937756479
v -0.02600000054 0.1106489003 0.002398461103
v -0.02550000139 0.1106280759 0.001993991435
v -0.02500000037 0.1105933562 0.001319848001
v -0.02450000122 0.1105447486 0.0003760755062
v -0.02400000021 0.1105169803 -0.0001632273197
v -0.02350000106 0.1104544923 -0.001376643777
v -0.02300000191 0.1103989407 -0.002455256879
v -0.02250000089 0.110371165 -0.002994559705
v -0.02200000174 0.1102531329 -0.005286581814
v -0.02150000073 0.110239245 -0.005556240678
v -0.02100000158 0.1102184132 -0.005960717797
v -0.02050000057 0.1102184132 -0.005960717797
v -0.02000000142 0.1100239977 -0.009735815227
v -0.01900000125 0.1080960408 -0.04716252163
v -0.01850000024 0.1080739796 -0.04759043828
v -0.01800000109 0.1080886871 -0.04730516672
v -0.01750000007 0.1080813333 -0.04744781554
v -0.01649999991 0.1080666259 -0.04773308709
v -0.04675000161 0.1114567295 0.003883622587
v -0.0462500006 0.1114911139 0.004557773471
v -0.04575000331 0.1115186289 0.005097091198
v -0.04525000229 0.1115392596 0.005501583219
v -0.04475000128 0.1115736514 0.006175749004
v -0.04425000027 0.1115805283 0.006310589612
v -0.04375000298 0.1115943119 0.006572499871
v -0.04325000197 0.1116012186 0.006699591875
v -0.04275000095 0.1116219386 0.007080860436
v -0.04225000367 0.1116288453 0.007207944989
v -0.04175000265 0.1116495728 0.00758921355
v -0.04125000164 0.1116633862 0.007843375206
v -0.04075000063 0.1116702929 0.00797047466
v -0.04025000334 0.1116771996 0.008097566664
v -0.03975000232 0.1116771996 0.008097566664
v -0.03925000131 0.1116841063 0.008224666119
v -0.0387500003 0.111691013 0.008351735771
v -0.03825000301 0.1116979197 0.008478827775
v -0.037750002 0.111691013 0.008351735771
v -0.03725000098 0.111711733 0.008732996881
v -0.03674999997 0.1117255464 0.008987180889
v -0.03625000268 0.1117255464 0.008987180889
v -0.03575000167 0.1117255464 0.008987180889
v -0.03525000066 0.1117324606 0.009114280343
v -0.03475000337 0.1117324606 0.009114280343
v -0.03425000235 0.1117393672 0.009241349995
v -0.03375000134 0.1117324606 0.009114280343
v -0.03325000033 0.1117324606 0.009114280343
v -0.03275000304 0.1117186397 0.008860088885
v -0.03225000203 0.1116979197 0.008478827775
v -0.03175000101 0.1116702929 0.00797047466
v -0.03125 0.1116771996 0.008097566664
v -0.03075000085 0.1116771996 0.008097566664
v -0.0302500017 0.1116771996 0.008097566664
v -0.02975000069 0.1116633862 0.007843375206
v -0.02925000153 0.1116495728 0.00758921355
v -0.02875000052 0.1116426662 0.007462114096
v -0.02825000137 0.1116012186 0.006699591875
v -0.02775000222 0.1114292145 0.003344297409
v -0.02725000121 0.1114223376 0.003209464252
v -0.02675000206 0.1114154607 0.003074623644
v -0.02625000104 0.1113810763 0.002400480211
v -0.02575000189 0.1113466844 0.001726314425
v -0.02525000088 0.1113054156 0.0009173303843
v -0.02475000173 0.111284785 0.0005128458142
v -0.02425000072 0.1112366393 -0.0004309788346
v -0.02375000156 0.1111884937 -0.001374796033
v -0.02325000055 0.1111541092 -0.002048954368
v -0.0227500014 0.1111128405 -0.002857938409
v -0.02225000039 0.1110165566 -0.004745595157
v -0.02175000124 0.1110096723 -0.004880413413
v -0.02125000022 0.1109821647 -0.005419746041
v -0.02075000107 0.1109477729 -0.006093904376
v -0.02025000006 0.1109202653 -0.006633229554
v -0.01975000091 0.1107895896 -0.009195014834
v -0.01475000102 0.1088089123 -0.04801793769
v -0.0465000011 0.1121677384 0.003481201828
v -0.0455000028 0.1122290418 0.004694730043
v -0.04500000179 0.1122562885 0.005234077573
v -0.04450000077 0.1122767255 0.005638584495
v -0.04400000349 0.1122835428 0.005773425102
v -0.04350000247 0.1123039722 0.006177939475
v -0.04300000146 0.1123175994 0.006447605789
v -0.04250000045 0.112338081 0.006828866899
v -0.04200000316 0.1123517379 0.007083028555
v -0.04150000215 0.1123722196 0.007464267313
v -0.04100000113 0.1123790517 0.007591359317
v -0.04050000012 0.1123858765 0.007718451321
v -0.04000000283 0.1123927012 0.007845520973
v -0.03950000182 0.1123995334 0.007972605526
v -0.0390000008 0.1123995334 0.007972605526
v -0.03850000352 0.1123995334 0.007972605526
v -0.0380000025 0.1123995334 0.007972605526
v -0.03750000149 0.1124063581 0.00809969008
v -0.03700000048 0.112420015 0.008353859186
v -0.03650000319 0.1124131903 0.008226789534
v -0.03600000218 0.1124131903 0.008226789534
v -0.03550000116 0.112420015 0.008353859186
v -0.03500000015 0.1124268398 0.008480936289
v -0.03450000286 0.112433672 0.008608028293
v -0.03400000185 0.112433672 0.008608028293
v -0.03350000083 0.112420015 0.008353859186
v -0.03299999982 0.1124063581 0.00809969008
v -0.03250000253 0.1123585701 0.007210113108
v -0.03200000152 0.1123653948 0.007337205112
v -0.03150000051 0.1123722196 0.007464267313
v -0.03100000136 0.1123790517 0.007591359317
v -0.03050000221 0.1123722196 0.007464267313
v -0.03000000119 0.1123653948 0.007337205112
v -0.02950000204 0.1123585701 0.007210113108
v -0.02900000103 0.1123449132 0.006955936551
v -0.02850000188 0.1123175994 0.006447605789
v -0.02800000086 0.1123039722 0.006177939475
v -0.02750000171 0.1121609211 0.00334636122
v -0.0270000007 0.1121404842 0.002941846848
v -0.02650000155 0.1120928004 0.001997992396
v -0.02600000054 0.1120655537 0.001458637416
v -0.02550000139 0.1120451167 0.001054130495
v -0.02500000037 0.111997433 0.0001102685928
v -0.02450000122 0.1119497493 -0.0008336082101
v -0.02400000021 0.1119361222 -0.001103281975
v -0.02350000106 0.1119020656 -0.001777477562
v -0.02300000191 0.1118271351 -0.003260686994
v -0.02250000089 0.1117862612 -0.004069700837
v -0.02200000174 0.1117658243 -0.004474207759
v -0.02150000073 0.1117453873 -0.004878714681
v -0.02100000158 0.1117113307 -0.005552917719
v -0.02050000057 0.1116704568 -0.006361931562
v -0.02000000142 0.1115955189 -0.007845140994
v -0.0195000004 0.1115478352 -0.008789002895
v -0.01900000125 0.1113979742 -0.01175542921
v -0.04525000229 0.1129331142 0.004157468677
v -0.04475000128 0.1129668429 0.004831701517
v -0.04425000027 0.1129735932 0.004966549575
v -0.04375000298 0.112993829 0.005371071398
v -0.04325000197 0.1130005792 0.005505897105
v -0.04275000095 0.113034308 0.006180129945
v -0.04225000367 0.113047801 0.00644980371
v -0.04175000265 0.1130613014 0.006703972816
v -0.04125000164 0.1130815446 0.007085204124
v -0.04075000063 0.1130882874 0.007212281227
v -0.04025000334 0.1131017879 0.007466427982
v -0.03975000232 0.1131085381 0.007593512535
v -0.03925000131 0.1131152809 0.007720597088
v -0.0387500003 0.1131017879 0.007466427982
v -0.03825000301 0.1131085381 0.007593512535
v -0.037750002 0.1131220311 0.00784765929
v -0.03725000098 0.1131287813 0.007974743843
v -0.03674999997 0.1131355315 0.008101820946
v -0.03625000268 0.1131287813 0.007974743843
v -0.03575000167 0.1131355315 0.008101820946
v -0.03525000066 0.1131287813 0.007974743843
v -0.03475000337 0.1131287813 0.007974743843
v -0.03425000235 0.1131220311 0.00784765929
v -0.03375000134 0.1131152809 0.007720597088
v -0.03325000033 0.1131017879 0.007466427982
v -0.03275000304 0.1130815446 0.007085204124
v -0.03225000203 0.1130747944 0.006958112121
v -0.03175000101 0.1130747944 0.006958112121
v -0.03125 0.1130747944 0.006958112121
v -0.03075000085 0.1130680442 0.006831049919
v -0.0302500017 0.1130680442 0.006831049919
v -0.02975000069 0.1130613014 0.006703972816
v -0.02925000153 0.113047801 0.00644980371
v -0.02875000052 0.1130140722 0.005775600672
v -0.02825000137 0.1130005792 0.005505897105
v -0.02775000222 0.1128723994 0.002943888307
v -0.02725000121 0.1128588989 0.00267419219
v -0.02675000206 0.1128116772 0.001730293036
v -0.02625000104 0.1127981842 0.00146061182
v -0.02575000189 0.1127509624 0.0005167126656
v -0.02525000088 0.1127104834 -0.0002923607826
v -0.02475000173 0.1126969904 -0.0005620419979
v -0.02425000072 0.1126767471 -0.0009665712714
v -0.02375000156 0.1126160324 -0.002180166543
v -0.02325000055 0.1125418246 -0.003663443029
v -0.0227500014 0.1125485674 -0.003528594971
v -0.02225000039 0.1125215814 -0.004067972302
v -0.02175000124 0.1124945953 -0.004607349634
v -0.02125000022 0.1124608666 -0.005281552672
v -0.02075000107 0.1124338806 -0.005820930004
v -0.02025000006 0.1123934016 -0.006629996002
v -0.01975000091 0.1123124436 -0.008248113096
v -0.01925000176 0.1122922078 -0.008652634919
v -0.04800000042 0.1134306043 -0.0005601495504
v -0.04450000077 0.1136711091 0.004294425249
v -0.04400000349 0.1136911511 0.004698969424
v -0.04350000247 0.1137045175 0.004968680441
v -0.04300000146 0.1137245595 0.005373224616
v -0.04250000045 0.1137446016 0.005777768791
v -0.04200000316 0.1137579605 0.006047457457
v -0.04150000215 0.1137780026 0.006452001631
v -0.04100000113 0.1137846708 0.006579078734
v -0.04050000012 0.1137913391 0.006706163287
v -0.04000000283 0.1138113439 0.007087379694
v -0.03950000182 0.1138113439 0.007087379694
v -0.0390000008 0.1138046756 0.00696028769
v -0.03850000352 0.1138180122 0.007214449346
v -0.0380000025 0.1138246804 0.007341526449
v -0.03750000149 0.1138380244 0.007595665753
v -0.03700000048 0.1138446927 0.007722742856
v -0.03650000319 0.1138446927 0.007722742856
v -0.03600000218 0.1138446927 0.007722742856
v -0.03550000116 0.1138446927 0.007722742856
v -0.03500000015 0.1138446927 0.007722742856
v -0.03450000286 0.1138380244 0.007595665753
v -0.03400000185 0.1138313487 0.0074685812
v -0.03350000083 0.1138313487 0.0074685812
v -0.03299999982 0.1138246804 0.007341526449
v -0.03250000253 0.1137980074 0.006833232939
v -0.03200000152 0.1137980074 0.006833232939
v -0.03150000051 0.1137980074 0.006833232939
v -0.03100000136 0.1137913391 0.006706163287
v -0.03050000221 0.1137913391 0.006706163287
v -0.03000000119 0.1137780026 0.006452001631
v -0.02950000204 0.1137780026 0.006452001631
v -0.02900000103 0.1137446016 0.005777768791
v -0.02850000188 0.1137312353 0.005508057773
v -0.02800000086 0.1135642156 0.002136826515
v -0.02750000171 0.1135708988 0.002271682024
v -0.0270000007 0.1135441735 0.001732282341
v -0.02650000155 0.1135107726 0.0010580495
v -0.02600000054 0.1134773716 0.0003837868571
v -0.02550000139 0.1134573296 -2.075731754e-05
v -0.02500000037 0.1134372875 -0.0004252940416
v -0.02450000122 0.113383837 -0.001504100859
v -0.02400000021 0.1133170351 -0.002852588892
v -0.02350000106 0.1132969856 -0.003257155418
v -0.02300000191 0.1132836267 -0.003526844084
v -0.02250000089 0.1132769436 -0.003661692142
v -0.02200000174 0.1132368594 -0.004470787942
v -0.02150000073 0.1132034585 -0.005145043135
v -0.02100000158 0.1131700575 -0.005819275975
v -0.02050000057 0.1131500155 -0.00622382015
v -0.02000000142 0.1130898893 -0.007437475026
v -0.0195000004 0.1130498052 -0.008246563375
v -0.01900000125 0.1130364388 -0.008516274393
v -0.04775000364 0.114170827 -0.0004234015942
v -0.04725000262 0.1141840592 -0.0001537054777
v -0.04675000161 0.1142039075 0.0002508535981
v -0.04575000331 0.1142502129 0.00119484216
v -0.04275000095 0.1144354343 0.004970818758
v -0.04225000367 0.1144486591 0.005240514874
v -0.04175000265 0.1144685075 0.00564507395
v -0.04125000164 0.1144817397 0.005914799869
v -0.04075000063 0.1144949645 0.006184503436
v -0.04025000334 0.1145015806 0.006319366395
v -0.03975000232 0.1145081967 0.006454199553
v -0.03925000131 0.114514783 0.006581276655
v -0.0387500003 0.1145213768 0.006708346307
v -0.03825000301 0.114514783 0.006581276655
v -0.037750002 0.1145279631 0.006835415959
v -0.03725000098 0.1145411432 0.007089547813
v -0.03674999997 0.1145477295 0.007216617465
v -0.03625000268 0.1145543233 0.007343687117
v -0.03575000167 0.1145543233 0.007343687117
v -0.03525000066 0.1145543233 0.007343687117
v -0.03475000337 0.1145543233 0.007343687117
v -0.03425000235 0.1145543233 0.007343687117
v -0.03375000134 0.1145477295 0.007216617465
v -0.03325000033 0.1145477295 0.007216617465
v -0.03275000304 0.114514783 0.006581276655
v -0.03225000203 0.1145081967 0.006454199553
v -0.03175000101 0.114514783 0.006581276655
v -0.03125 0.114514783 0.006581276655
v -0.03075000085 0.1145081967 0.006454199553
v -0.0302500017 0.1145081967 0.006454199553
v -0.02975000069 0.1144883484 0.006049640477
v -0.02925000153 0.1144618914 0.005510210991
v -0.02875000052 0.114442043 0.005105651915
v -0.02825000137 0.114442043 0.005105651915
v -0.02775000222 0.114283286 0.001869134605
v -0.02725000121 0.1142634377 0.001464568079
v -0.02675000206 0.1142435968 0.001060009003
v -0.02625000104 0.1142105162 0.0003857165575
v -0.02575000189 0.1141972914 0.0001160129905
v -0.02525000088 0.1141311377 -0.001232556999
v -0.02475000173 0.1140980646 -0.001906812191
v -0.02425000072 0.1140716001 -0.002446241677
v -0.02375000156 0.1140517592 -0.002850800753
v -0.02325000055 0.114038527 -0.003120526671
v -0.0227500014 0.1140186861 -0.003525085747
v -0.02225000039 0.1139988378 -0.003929652274
v -0.02175000124 0.1139459163 -0.005008496344
v -0.02125000022 0.1139194593 -0.00554792583
v -0.02075000107 0.1138996109 -0.005952484906
v -0.02025000006 0.1138533056 -0.006896473467
v -0.01975000091 0.1138202325 -0.007570758462
v -0.01925000176 0.113793768 -0.008110180497
v -0.01875000075 0.113767311 -0.008649580181
v -0.01825000159 0.1137276217 -0.009458728135
v -0.01775000058 0.1136945486 -0.01013299078
v -0.01325000077 0.1121303439 -0.04202597588
v -0.0465000011 0.1149502248 0.0005225166678
v -0.04600000381 0.1149829701 0.001196809113
v -0.0455000028 0.1150091663 0.001736260951
v -0.04500000179 0.1150222719 0.00200599432
v -0.04450000077 0.1150419191 0.002410575747
v -0.04400000349 0.1150615662 0.002815149724
v -0.04350000247 0.1150550172 0.002680286765
v -0.04200000316 0.115146704 0.004568345845
v -0.04150000215 0.1151663586 0.004972949624
v -0.04100000113 0.1151860058 0.005377531052
v -0.04050000012 0.1151925549 0.005512371659
v -0.04000000283 0.115205653 0.005782105029
v -0.03950000182 0.1152122021 0.005916975439
v -0.0390000008 0.1152187511 0.006051823497
v -0.03850000352 0.1152253002 0.006186693907
v -0.0380000025 0.1152253002 0.006186693907
v -0.03750000149 0.1152449101 0.006583474576
v -0.03700000048 0.1152579263 0.006837598979
v -0.03650000319 0.1152644381 0.00696464628
v -0.03600000218 0.1152579263 0.006837598979
v -0.03550000116 0.1152579263 0.006837598979
v -0.03500000015 0.1152644381 0.00696464628
v -0.03450000286 0.1152644381 0.00696464628
v -0.03400000185 0.1152579263 0.006837598979
v -0.03350000083 0.1152579263 0.006837598979
v -0.03299999982 0.1152253002 0.006186693907
v -0.03250000253 0.1152187511 0.006051823497
v -0.03200000152 0.1152187511 0.006051823497
v -0.03150000051 0.1152318493 0.006321556866
v -0.03100000136 0.1152187511 0.006051823497
v -0.03050000221 0.1152187511 0.006051823497
v -0.03000000119 0.115199104 0.005647242069
v -0.02950000204 0.1151794568 0.005242660642
v -0.02900000103 0.1151598096 0.004838079214
v -0.02850000188 0.1151532531 0.004703216255
v -0.02800000086 0.1150091663 0.001736260951
v -0.02750000171 0.1150026172 0.001601390541
v -0.0270000007 0.114976421 0.001061961055
v -0.02650000155 0.1149633229 0.0007922276855
v -0.02600000054 0.1149305776 0.0001179352403
v -0.02550000139 0.1148781776 -0.0009609609842
v -0.02500000037 0.1148519814 -0.001500412822
v -0.02450000122 0.1148257852 -0.002039857209
v -0.02400000021 0.1147995889 -0.002579309046
v -0.02350000106 0.1147930399 -0.002714172006
v -0.02300000191 0.1147733927 -0.003118753433
v -0.02250000089 0.1147340909 -0.003927916288
v -0.02200000174 0.1147013456 -0.004602231085
v -0.02150000073 0.1146751493 -0.005141675472
v -0.02100000158 0.1146489531 -0.00568112731
v -0.02050000057 0.1146162078 -0.006355419755
v -0.02000000142 0.1145900041 -0.006894871593
v -0.0195000004 0.1145638078 -0.007434315979
v -0.01900000125 0.1145376116 -0.007973760366
v -0.01850000024 0.1145179644 -0.008378349245
v -0.01800000109 0.1144786701 -0.009187504649
v -0.01750000007 0.1144721135 -0.009322367609
v -0.0150000006 0.112967208 -0.04031426832
v -0.01400000043 0.1129602939 -0.04045686871
v -0.01350000035 0.1129395515 -0.04088472202
v -0.01300000027 0.1129533798 -0.04059949517
v -0.01250000019 0.1129326373 -0.04102734849
v -0.01150000095 0.1128842458 -0.04202568159
v -0.0462500006 0.1156833172 0.0005244538188
v -0.04575000331 0.1157092527 0.001063920557
v -0.04525000229 0.1157286987 0.001468516886
v -0.04475000128 0.1157546341 0.002007998526
v -0.04425000027 0.1157676056 0.002277716994
v -0.04375000298 0.1157870516 0.002682320774
v -0.04325000197 0.1157935411 0.002817191184
v -0.04275000095 0.1158000231 0.002952061594
v -0.04225000367 0.1158129871 0.003221794963
v -0.04175000265 0.1158324406 0.003626391292
v -0.04125000164 0.115845412 0.003896139562
v -0.04075000063 0.115858376 0.00416585803
v -0.04025000334 0.115858376 0.00416585803
v -0.03975000232 0.1158778295 0.00457046181
v -0.03925000131 0.1158907935 0.00484021008
v -0.0387500003 0.115897283 0.00497508049
v -0.03825000301 0.115903765 0.005109935999
v -0.037750002 0.1159426644 0.005919151008
v -0.03725000098 0.1159556359 0.006188876927
v -0.03674999997 0.1159685999 0.006458602846
v -0.03625000268 0.1159621179 0.006323754787
v -0.03575000167 0.1159621179 0.006323754787
v -0.03525000066 0.1159685999 0.006458602846
v -0.03475000337 0.1159685999 0.006458602846
v -0.03425000235 0.1159556359 0.006188876927
v -0.03375000134 0.1159621179 0.006323754787
v -0.03325000033 0.115923211 0.005514532328
v -0.03275000304 0.115923211 0.005514532328
v -0.03225000203 0.1159297004 0.005649402738
v -0.03175000101 0.1159361824 0.005784273148
v -0.03125 0.115923211 0.005514532328
v -0.03075000085 0.115923211 0.005514532328
v -0.0302500017 0.115903765 0.005109935999
v -0.02975000069 0.115897283 0.00497508049
v -0.02925000153 0.1158713475 0.004435606301
v -0.02875000052 0.115864858 0.004300735891
v -0.02825000137 0.1157481521 0.001873120666
v -0.02775000222 0.1157351881 0.001603372395
v -0.02725000121 0.1157157347 0.001198776066
v -0.02675000206 0.1157027632 0.0009290501475
v -0.02625000104 0.1156768352 0.0003895759583
v -0.02575000189 0.1156444103 -0.000284768641
v -0.02525000088 0.1156119928 -0.0009590983391
v -0.02475000173 0.1155860573 -0.001498565078
v -0.02425000072 0.1155536398 -0.002172909677
v -0.02375000156 0.1155277044 -0.002712383866
v -0.02325000055 0.1155082509 -0.003116980195
v -0.0227500014 0.1154823154 -0.003656446934
v -0.02225000039 0.11545638 -0.004195928574
v -0.02175000124 0.1154304445 -0.004735395312
v -0.02125000022 0.1154109985 -0.005139991641
v -0.02075000107 0.115385063 -0.005679473281
v -0.02025000006 0.1153591275 -0.006218917668
v -0.01975000091 0.1153331921 -0.006758391857
v -0.01925000176 0.1153137386 -0.007163010538
v -0.01875000075 0.1152942926 -0.007567606866
v -0.01825000159 0.1152748391 -0.007972203195
v -0.01775000058 0.1152424216 -0.008646532893
v -0.01725000143 0.1152164862 -0.009186007082
v -0.01475000102 0.1137544364 -0.03960093111
v -0.01425000094 0.1137544364 -0.03960093111
v -0.01375000086 0.1137475967 -0.03974355385
v -0.01325000077 0.1137133986 -0.04045661539
v -0.01275000069 0.1137133986 -0.04045661539
v -0.01225000061 0.1137065589 -0.04059923813
v -0.01175000053 0.1136997193 -0.04074185714
v -0.01125000045 0.11368604 -0.04102708027
v -0.01075000037 0.1136381626 -0.04202538729
v -0.01025000028 0.1136108041 -0.04259585589
v -0.008750000037 0.1135218814 -0.04444987327
v 0.02525000088 0.1121128947 -0.07382867485
v 0.02575000189 0.1121197343 -0.07368607819
v -0.0455000028 0.1163843125 -0.0001479908824
v -0.04500000179 0.1164484993 0.00120074302
v -0.04450000077 0.1164677516 0.001605354249
v -0.04400000349 0.1164870039 0.002009995282
v -0.04350000247 0.1164998412 0.002279736102
v -0.04300000146 0.1165126786 0.002549491823
v -0.04250000045 0.1165319309 0.002954103053
v -0.04200000316 0.1165511832 0.003358729184
v -0.04150000215 0.1165640205 0.003628462553
v -0.04100000113 0.1165768579 0.003898218274
v -0.04050000012 0.1165832728 0.004033081234
v -0.04000000283 0.1165896952 0.004167959094
v -0.03950000182 0.1165961102 0.004302836955
v -0.0390000008 0.1166089475 0.004572577775
v -0.03850000352 0.1166089475 0.004572577775
v -0.0380000025 0.1166153699 0.004707455635
v -0.03750000149 0.1166346222 0.005112074316
v -0.03700000048 0.1166410372 0.005246952176
v -0.03650000319 0.1166346222 0.005112074316
v -0.03600000218 0.1166538745 0.005516685545
v -0.03550000116 0.1166667119 0.005786448717
v -0.03500000015 0.1166667119 0.005786448717
v -0.03450000286 0.1166538745 0.005516685545
v -0.03400000185 0.1166602969 0.005651563406
v -0.03350000083 0.1165961102 0.004302836955
v -0.03299999982 0.1166089475 0.004572577775
v -0.03250000253 0.1166346222 0.005112074316
v -0.03200000152 0.1166281998 0.004977218807
v -0.03150000051 0.1166281998 0.004977218807
v -0.03100000136 0.1166217849 0.004842340946
v -0.03050000221 0.1166153699 0.004707455635
v -0.03000000119 0.1165896952 0.004167959094
v -0.02950000204 0.1165704429 0.003763340414
v -0.02900000103 0.1164870039 0.002009995282
v -0.02850000188 0.1164870039 0.002009995282
v -0.02800000086 0.1164870039 0.002009995282
v -0.02750000171 0.1164677516 0.001605354249
v -0.0270000007 0.1164420769 0.00106588006
v -0.02650000155 0.1164164096 0.0005263909698
v -0.02600000054 0.1164035723 0.0002566277981
v -0.02550000139 0.1163714826 -0.0004177242517
v -0.02500000037 0.1163393855 -0.001092106104
v -0.02450000122 0.1163137183 -0.001631602645
v -0.02400000021 0.1162752062 -0.002440832555
v -0.02350000106 0.1162623689 -0.002710595727
v -0.02300000191 0.1162367016 -0.003250084817
v -0.02250000089 0.1161981896 -0.004059322178
v -0.02200000174 0.1161853522 -0.004329062998
v -0.02150000073 0.1161660999 -0.00473369658
v -0.02100000158 0.1161404252 -0.00527317822
v -0.02050000057 0.116114758 -0.00581266731
v -0.02000000142 0.1161019206 -0.006082423031
v -0.0195000004 0.1160826683 -0.006487041712
v -0.01900000125 0.1160634086 -0.006891660392
v -0.01850000024 0.1160441563 -0.007296279073
v -0.01800000109 0.116024904 -0.007700890303
v -0.01750000007 0.1160056442 -0.008105538785
v -0.01700000092 0.11593505 -0.009589143097
v -0.01450000051 0.1145071015 -0.03960069641
v -0.01400000043 0.1145003363 -0.03974331543
v -0.01300000027 0.1158131063 -0.01215171814
v -0.01250000019 0.1157874316 -0.01269122213
v -0.0120000001 0.1157874316 -0.01269122213
v -0.01150000095 0.1144597381 -0.04059897736
v -0.01100000087 0.1144462004 -0.04088419303
v -0.01050000079 0.1144326702 -0.04116943106
v -0.01000000071 0.1144056022 -0.04173988104
v -0.009500000626 0.1143717766 -0.04245292768
v -0.009000000544 0.1143311784 -0.04330861568
v -0.008500000462 0.1143108755 -0.04373644665
v 0.02500000037 0.1128832027 -0.07382757217
v 0.02550000139 0.1128899679 -0.07368498296
v 0.02600000054 0.112896733 -0.07354236394
v -0.04675000161 0.1170415059 -0.001764647663
v -0.04575000331 0.1170986742 -0.0005507171154
v -0.04525000229 0.1171367913 0.0002585500479
v -0.04475000128 0.1171685532 0.0009329542518
v -0.04425000027 0.1171812564 0.001202702522
v -0.04375000298 0.117200315 0.001607336104
v -0.04325000197 0.1172066703 0.001742228866
v -0.04275000095 0.1172257289 0.002146862447
v -0.04225000367 0.1172511354 0.00268638134
v -0.04175000265 0.1172765419 0.003225907683
v -0.04125000164 0.1172892526 0.003495670855
v -0.04075000063 0.1173019558 0.003765419126
v -0.04025000334 0.1173083112 0.003900304437
v -0.03975000232 0.1173146591 0.004035167396
v -0.03925000131 0.1173083112 0.003900304437
v -0.0387500003 0.1173273623 0.004304938018
v -0.03825000301 0.1173210144 0.004170052707
v -0.037750002 0.1173400655 0.004574693739
v -0.03725000098 0.1173464209 0.004709579051
v -0.03674999997 0.1173527762 0.004844464362
v -0.03625000268 0.1173464209 0.004709579051
v -0.03575000167 0.1173400655 0.004574693739
v -0.03525000066 0.1173400655 0.004574693739
v -0.03475000337 0.1173400655 0.004574693739
v -0.03425000235 0.1173019558 0.003765419126
v -0.03375000134 0.1173083112 0.003900304437
v -0.03325000033 0.1173146591 0.004035167396
v -0.03275000304 0.1173273623 0.004304938018
v -0.03225000203 0.1173210144 0.004170052707
v -0.03175000101 0.1173210144 0.004170052707
v -0.03125 0.1173210144 0.004170052707
v -0.03075000085 0.1173146591 0.004035167396
v -0.0302500017 0.1172892526 0.003495670855
v -0.02975000069 0.1172765419 0.003225907683
v -0.02925000153 0.1172447801 0.002551518381
v -0.02875000052 0.1172193736 0.002011999488
v -0.02825000137 0.1172193736 0.002011999488
v -0.02775000222 0.1172066703 0.001742228866
v -0.02725000121 0.1171939671 0.001472473145
v -0.02675000206 0.1171685532 0.0009329542518
v -0.02625000104 0.1171431467 0.000393435359
v -0.02575000189 0.1171240881 -1.119822264e-05
v -0.02525000088 0.1170732677 -0.001090243459
v -0.02475000173 0.1170605645 -0.001359991729
v -0.02425000072 0.1170288026 -0.002034395933
v -0.02375000156 0.1170033887 -0.002573922276
v -0.02325000055 0.1169843301 -0.002978548408
v -0.0227500014 0.116965279 -0.003383181989
v -0.02225000039 0.1169335172 -0.004057593644
v -0.02175000124 0.1169271618 -0.004192478955
v -0.02125000022 0.1168954 -0.004866860807
v -0.02075000107 0.1168826967 -0.005136631429
v -0.02025000006 0.1168572828 -0.005676157773
v -0.01975000091 0.1168445796 -0.005945906043
v -0.01925000176 0.116825521 -0.006350532174
v -0.01875000075 0.1168128178 -0.006620302796
v -0.01825000159 0.1167937592 -0.007024943829
v -0.01775000058 0.1167747006 -0.00742957741
v -0.01725000143 0.1167683527 -0.007564462721
v -0.01425000094 0.1167492941 -0.007969096303
v -0.01325000077 0.1165460125 -0.01228523999
v -0.01275000069 0.1165523678 -0.01215035468
v -0.01225000061 0.1165523678 -0.01215035468
v -0.01175000053 0.1165587232 -0.01201549917
v -0.01125000045 0.1164888442 -0.01349914074
v -0.01075000037 0.1152062193 -0.0407413356
v -0.01025000028 0.1151861399 -0.04116915911
v -0.009750000201 0.1151660606 -0.0415969789
v -0.009250000119 0.1151392907 -0.04216741398
v -0.008750000037 0.1151125208 -0.04273785278
v -0.008249999955 0.1150924414 -0.04316567257
v -0.007750000339 0.1150389016 -0.04430654645
v 0.01725000143 0.1137739643 -0.0712595284
v 0.02025000006 0.1138208136 -0.07026126981
v 0.02775000222 0.1136401072 -0.07411170751
v -0.0465000011 0.1177757084 -0.00176281482
v -0.04600000381 0.1178008541 -0.001223273575
v -0.0455000028 0.1178322881 -0.0005488321185
v -0.04500000179 0.1178637221 0.0001256018877
v -0.04450000077 0.1178762913 0.0003953576088
v -0.04400000349 0.117901437 0.0009349063039
v -0.04350000247 0.1179203019 0.001339562237
v -0.04300000146 0.1179203019 0.001339562237
v -0.04250000045 0.1179391593 0.001744218171
v -0.04200000316 0.1179705933 0.002418652177
v -0.04150000215 0.1179894581 0.00282330066
v -0.04100000113 0.1180020273 0.003093071282
v -0.04050000012 0.1180083156 0.003227956593
v -0.04000000283 0.1180146039 0.003362849355
v -0.03950000182 0.1180083156 0.003227956593
v -0.0390000008 0.118027173 0.003632612526
v -0.03850000352 0.118027173 0.003632612526
v -0.0380000025 0.1180523261 0.004172153771
v -0.03750000149 0.1180648953 0.004441931844
v -0.03700000048 0.1180711836 0.004576809704
v -0.03650000319 0.1180648953 0.004441931844
v -0.03600000218 0.1180648953 0.004441931844
v -0.03550000116 0.118058607 0.004307046533
v -0.03500000015 0.1180648953 0.004441931844
v -0.03450000286 0.1180460379 0.004037261009
v -0.03400000185 0.118027173 0.003632612526
v -0.03350000083 0.1180334613 0.003767505288
v -0.03299999982 0.1180397496 0.003902390599
v -0.03250000253 0.1180397496 0.003902390599
v -0.03200000152 0.1180460379 0.004037261009
v -0.03150000051 0.1180397496 0.003902390599
v -0.03100000136 0.1180334613 0.003767505288
v -0.03050000221 0.1180083156 0.003227956593
v -0.03000000119 0.117995739 0.002958193421
v -0.02950000204 0.1179831699 0.002688407898
v -0.02900000103 0.117964305 0.002283759415
v -0.02850000188 0.1179517359 0.002014003694
v -0.02800000086 0.1179454476 0.001879110932
v -0.02750000171 0.117932871 0.001609317958
v -0.0270000007 0.117901437 0.0009349063039
v -0.02650000155 0.1178825796 0.0005302578211
v -0.02600000054 0.1178574339 -9.290874004e-06
v -0.02550000139 0.1178322881 -0.0005488321185
v -0.02500000037 0.1178008541 -0.001223273575
v -0.02450000122 0.1177819893 -0.001627922058
v -0.02400000021 0.1177568436 -0.002167463303
v -0.02350000106 0.1177379861 -0.002572119236
v -0.02300000191 0.1177191213 -0.002976775169
v -0.02250000089 0.1176876873 -0.003651209176
v -0.02200000174 0.1176751181 -0.003920972347
v -0.02150000073 0.1176562607 -0.00432562083
v -0.02100000158 0.1176311076 -0.004865162075
v -0.02050000057 0.1176248193 -0.005000054836
v -0.02000000142 0.1175996736 -0.005539603531
v -0.0195000004 0.1175871044 -0.005809366703
v -0.01900000125 0.1175871044 -0.005809366703
v -0.01850000024 0.1175619587 -0.006348907948
v -0.01800000109 0.1175493822 -0.00661868602
v -0.01750000007 0.1175368056 -0.006888456643
v -0.01700000092 0.1175430939 -0.006753563881
v -0.01600000076 0.1175745279 -0.006079144776
v -0.01550000068 0.1175430939 -0.006753563881
v -0.0150000006 0.1175619587 -0.006348907948
v -0.01450000051 0.1175682396 -0.006214015186
v -0.01400000043 0.1175619587 -0.006348907948
v -0.01350000035 0.1175493822 -0.00661868602
v -0.01300000027 0.1175179482 -0.007293105125
v -0.01250000019 0.1172727644 -0.01255363971
v -0.0120000001 0.1172979102 -0.01201412082
v -0.01150000095 0.1172979102 -0.01201412082
v -0.01100000087 0.1172916219 -0.01214898378
v -0.01050000079 0.1172916219 -0.01214898378
v -0.01000000071 0.1159329861 -0.04131149501
v -0.009500000626 0.1159197465 -0.04159669578
v -0.009000000544 0.1158998907 -0.04202450812
v -0.008500000462 0.1158734113 -0.04259492829
v -0.00800000038 0.1158469394 -0.0431653522
v -0.007000000216 0.1157410294 -0.04544704035
v -0.006500000134 0.1157211736 -0.04587484524
v 0.02000000142 0.1146157533 -0.06968983263
v 0.02050000057 0.1146091297 -0.06983244419
v 0.02750000171 0.1144237891 -0.07382537425
v 0.02800000086 0.1144105494 -0.07411059737
v 0.02950000204 0.1143642217 -0.07510882616
v -0.04575000331 0.1185161248 -0.001626081765
v -0.04525000229 0.1185596734 -0.0006818398833
v -0.04475000128 0.1185783371 -0.0002771764994
v -0.04425000027 0.1185845584 -0.0001422762871
v -0.04375000298 0.1186032221 0.0002623945475
v -0.04325000197 0.1186156645 0.000532194972
v -0.04275000095 0.1186467707 0.001206636429
v -0.04225000367 0.1186405495 0.001071758568
v -0.04175000265 0.1186778769 0.001881107688
v -0.04125000164 0.1186903194 0.00215087831
v -0.04075000063 0.1186965406 0.002285771072
v -0.04025000334 0.1187152043 0.002690441906
v -0.03975000232 0.1187214255 0.002825342119
v -0.03925000131 0.1187276468 0.00296023488
v -0.0387500003 0.118733868 0.003095120192
v -0.03825000301 0.1187463105 0.003364913166
v -0.037750002 0.1187587455 0.003634683788
v -0.03725000098 0.118771188 0.003904476762
v -0.03674999997 0.1187774092 0.004039354622
v -0.03625000268 0.1187774092 0.004039354622
v -0.03575000167 0.1187774092 0.004039354622
v -0.03525000066 0.118771188 0.003904476762
v -0.03475000337 0.118771188 0.003904476762
v -0.03425000235 0.1187400892 0.003230012953
v -0.03375000134 0.1187463105 0.003364913166
v -0.03325000033 0.1187525317 0.003499805927
v -0.03275000304 0.1187525317 0.003499805927
v -0.03225000203 0.1187587455 0.003634683788
v -0.03175000101 0.1187525317 0.003499805927
v -0.03125 0.1187463105 0.003364913166
v -0.03075000085 0.1187276468 0.00296023488
v -0.0302500017 0.1187152043 0.002690441906
v -0.02975000069 0.1186965406 0.002285771072
v -0.02925000153 0.1186903194 0.00215087831
v -0.02875000052 0.1186778769 0.001881107688
v -0.02825000137 0.1186716557 0.001746207476
v -0.02775000222 0.1186592132 0.001476429403
v -0.02725000121 0.1186343282 0.0009368658066
v -0.02675000206 0.1186156645 0.000532194972
v -0.02625000104 0.1185845584 -0.0001422762871
v -0.02575000189 0.1185596734 -0.0006818398833
v -0.02525000088 0.1185410097 -0.001086518168
v -0.02475000173 0.118522346 -0.001491189003
v -0.02425000072 0.1184974611 -0.002030752599
v -0.02375000156 0.1184850186 -0.002300545573
v -0.02325000055 0.1184725761 -0.002570323646
v -0.0227500014 0.1184539199 -0.002974994481
v -0.02225000039 0.1184165925 -0.00378433615
v -0.02175000124 0.1184103712 -0.003919236362
v -0.02125000022 0.1183917075 -0.004323907197
v -0.02075000107 0.1183668226 -0.004863470793
v -0.02025000006 0.1183668226 -0.004863470793
v -0.01975000091 0.1183543801 -0.005133263767
v -0.01925000176 0.1183419377 -0.00540304184
v -0.01875000075 0.1183357164 -0.005537942052
v -0.01825000159 0.1183357164 -0.005537942052
v -0.01775000058 0.1183294952 -0.005672842264
v -0.01725000143 0.1183606014 -0.004998371005
v -0.01675000042 0.1183730438 -0.004728600383
v -0.01625000127 0.1183543801 -0.005133263767
v -0.01575000025 0.1183543801 -0.005133263767
v -0.0152500011 0.1183606014 -0.004998371005
v -0.01475000102 0.1183543801 -0.005133263767
v -0.01425000094 0.1183357164 -0.005537942052
v -0.01375000086 0.118323274 -0.005807712674
v -0.01325000077 0.1183108315 -0.006077505648
v -0.01275000069 0.1182921678 -0.006482176483
v -0.01225000061 0.1182299554 -0.007831089199
v -0.01175000053 0.1182112917 -0.008235760033
v -0.01125000045 0.1180371046 -0.01201274991
v -0.01075000037 0.1180371046 -0.01201274991
v -0.01025000028 0.1180495471 -0.01174294204
v -0.009750000201 0.1166668981 -0.0417390205
v -0.009250000119 0.1166603491 -0.04188162833
v -0.008750000037 0.1166538075 -0.04202421382
v -0.008249999955 0.1166276187 -0.0425946191
v -0.007750000339 0.1166079864 -0.04302242026
v -0.007250000257 0.1165687069 -0.04387804493
v -0.006750000175 0.1165294349 -0.04473364353
v -0.006250000093 0.1164836138 -0.04573184624
v 0.01975000091 0.1153970137 -0.06940364838
v 0.02025000006 0.1153904647 -0.06954625249
v 0.02075000107 0.1153970137 -0.06940364838
v 0.02125000022 0.1153839231 -0.0696888417
v 0.02175000124 0.1153642833 -0.07011666149
v 0.02725000121 0.1151744574 -0.0742520988
v 0.02775000222 0.1151875481 -0.07396688312
v -0.0455000028 0.1192379743 -0.001894026995
v -0.04500000179 0.1192564368 -0.001489341259
v -0.04450000077 0.1192687452 -0.001219555736
v -0.04400000349 0.1192995235 -0.0005450546741
v -0.04350000247 0.1193179935 -0.0001403689384
v -0.04300000146 0.1193426102 0.0003992170095
v -0.04250000045 0.1193426102 0.0003992170095
v -0.04200000316 0.1193487719 0.000534132123
v -0.04150000215 0.1193733886 0.001073718071
v -0.04100000113 0.1193857044 0.001343503594
v -0.04050000012 0.1194041669 0.001748196781
v -0.04000000283 0.1194164827 0.002018004656
v -0.03950000182 0.1194226369 0.002152882516
v -0.0390000008 0.1194349453 0.002422690392
v -0.03850000352 0.1194410995 0.002557590604
v -0.0380000025 0.1194472536 0.002692475915
v -0.03750000149 0.1194472536 0.002692475915
v -0.03700000048 0.1194657236 0.003097169101
v -0.03650000319 0.1194595695 0.00296227634
v -0.03600000218 0.1194657236 0.003097169101
v -0.03550000116 0.1194657236 0.003097169101
v -0.03500000015 0.1194657236 0.003097169101
v -0.03450000286 0.1194595695 0.00296227634
v -0.03400000185 0.1194657236 0.003097169101
v -0.03350000083 0.1194657236 0.003097169101
v -0.03299999982 0.1194718778 0.003232069314
v -0.03250000253 0.1194657236 0.003097169101
v -0.03200000152 0.1194534153 0.002827376127
v -0.03150000051 0.1194534153 0.002827376127
v -0.03100000136 0.1194472536 0.002692475915
v -0.03050000221 0.1194349453 0.002422690392
v -0.03000000119 0.1194164827 0.002018004656
v -0.02950000204 0.1194103211 0.001883096993
v -0.02900000103 0.1194041669 0.001748196781
v -0.02850000188 0.1193980128 0.001613289118
v -0.02800000086 0.1193857044 0.001343503594
v -0.02750000171 0.1193733886 0.001073718071
v -0.0270000007 0.1193426102 0.0003992170095
v -0.02650000155 0.1193241477 -5.468726158e-06
v -0.02600000054 0.1192995235 -0.0005450546741
v -0.02550000139 0.1192749068 -0.001084655523
v -0.02500000037 0.1192687452 -0.001219555736
v -0.02450000122 0.1192379743 -0.001894026995
v -0.02400000021 0.1192318127 -0.002028934658
v -0.02350000106 0.1192071959 -0.002568528056
v -0.02300000191 0.1191948801 -0.00283831358
v -0.02250000089 0.1191702634 -0.003377906978
v -0.02200000174 0.1191517934 -0.003782600164
v -0.02150000073 0.1191394851 -0.004052400589
v -0.02100000158 0.1191271767 -0.004322186112
v -0.02050000057 0.1191148609 -0.004591993988
v -0.02000000142 0.1191087067 -0.0047268942
v -0.0195000004 0.1191087067 -0.0047268942
v -0.01900000125 0.1191087067 -0.0047268942
v -0.01850000024 0.1191087067 -0.0047268942
v -0.01800000109 0.1191148609 -0.004591993988
v -0.01750000007 0.1191271767 -0.004322186112
v -0.01700000092 0.1191394851 -0.004052400589
v -0.01649999991 0.1191456392 -0.003917500377
v -0.01600000076 0.1191456392 -0.003917500377
v -0.01550000068 0.1191394851 -0.004052400589
v -0.0150000006 0.1191271767 -0.004322186112
v -0.01450000051 0.1191210151 -0.004457093775
v -0.01400000043 0.1191025525 -0.004861779511
v -0.01350000035 0.1190963984 -0.004996679723
v -0.01300000027 0.1190779284 -0.00540137291
v -0.01250000019 0.1190533116 -0.005940966308
v -0.0120000001 0.1190040633 -0.007020153105
v -0.01150000095 0.1189671308 -0.007829524577
v -0.01100000087 0.1189425141 -0.008369125426
v -0.01050000079 0.1187947839 -0.01160665601
v -0.01000000071 0.1187947839 -0.01160665601
v -0.009500000626 0.1187886223 -0.01174155623
v -0.009000000544 0.117388308 -0.04245170951
v -0.008500000462 0.1173947826 -0.04230912775
v -0.00800000038 0.1173753589 -0.04273691773
v -0.007500000298 0.1173494756 -0.04330730811
v -0.007000000216 0.1173235849 -0.04387770221
v -0.006500000134 0.1172976941 -0.04444809631
v 0.0120000001 0.1163656861 -0.06498214602
v 0.01250000019 0.1163721606 -0.06483954191
v 0.01900000125 0.1161650419 -0.0694026649
v 0.02000000142 0.1161650419 -0.0694026649
v 0.02050000057 0.1161715165 -0.06926006079
v 0.02100000158 0.1161521003 -0.06968784332
v 0.02150000073 0.1161585748 -0.06954526901
v 0.02350000106 0.1161326841 -0.07011565566
v -0.04475000128 0.1199722439 -0.001892201602
v -0.04425000027 0.1199966073 -0.001352585852
v -0.04375000298 0.1200270504 -0.0006780773401
v -0.04325000197 0.1200270504 -0.0006780773401
v -0.04275000095 0.1200453192 -0.0002733767033
v -0.04225000367 0.1200575009 -3.553926945e-06
v -0.04175000265 0.1200757697 0.0004011467099
v -0.04125000164 0.1200757697 0.0004011467099
v -0.04075000063 0.1200940385 0.0008058622479
v -0.04025000334 0.1201184019 0.001345470548
v -0.03975000232 0.1201244891 0.001480385661
v -0.03925000131 0.1201305762 0.001615270972
v -0.0387500003 0.1201366708 0.001750186086
v -0.03825000301 0.1201427579 0.001885093749
v -0.037750002 0.120148845 0.002020001411
v -0.03725000098 0.120148845 0.002020001411
v -0.03674999997 0.1201549396 0.002154894173
v -0.03625000268 0.1201610267 0.002289801836
v -0.03575000167 0.1201610267 0.002289801836
v -0.03525000066 0.1201671138 0.002424709499
v -0.03475000337 0.1201732084 0.002559617162
v -0.03425000235 0.1201792955 0.002694502473
v -0.03375000134 0.1201792955 0.002694502473
v -0.03325000033 0.1201853827 0.002829417586
v -0.03275000304 0.1201792955 0.002694502473
v -0.03225000203 0.1201732084 0.002559617162
v -0.03175000101 0.1201671138 0.002424709499
v -0.03125 0.1201732084 0.002559617162
v -0.03075000085 0.1201610267 0.002289801836
v -0.0302500017 0.120148845 0.002020001411
v -0.02975000069 0.1201366708 0.001750186086
v -0.02925000153 0.1201305762 0.001615270972
v -0.02875000052 0.1201184019 0.001345470548
v -0.02825000137 0.1201123074 0.001210562885
v -0.02775000222 0.1201001331 0.0009407699108
v -0.02725000121 0.1200757697 0.0004011467099
v -0.02675000206 0.1200453192 -0.0002733767033
v -0.02625000104 0.120033145 -0.0005431696773
v -0.02575000189 0.1200148761 -0.0009478852153
v -0.02525000088 0.1200026944 -0.001217700541
v -0.02475000173 0.1199966073 -0.001352585852
v -0.02425000072 0.1199722439 -0.001892201602
v -0.02375000156 0.1199600622 -0.002162024379
v -0.02325000055 0.1199357063 -0.002701640129
v -0.0227500014 0.1199235246 -0.002971440554
v -0.02225000039 0.1199052557 -0.003376141191
v -0.02175000124 0.1198869869 -0.003780856729
v -0.02125000022 0.1198748052 -0.004050672054
v -0.02075000107 0.1198748052 -0.004050672054
v -0.02025000006 0.1198687181 -0.004185579717
v -0.01975000091 0.1198565364 -0.004455380142
v -0.01925000176 0.1198687181 -0.004185579717
v -0.01875000075 0.1198748052 -0.004050672054
v -0.01825000159 0.119893074 -0.003645963967
v -0.01775000058 0.1198991686 -0.003511048853
v -0.01725000143 0.1198991686 -0.003511048853
v -0.01675000042 0.1198991686 -0.003511048853
v -0.01625000127 0.119893074 -0.003645963967
v -0.01575000025 0.1198991686 -0.003511048853
v -0.0152500011 0.119893074 -0.003645963967
v -0.01475000102 0.1198869869 -0.003780856729
v -0.01425000094 0.1198808998 -0.003915764391
v -0.01375000086 0.1198687181 -0.004185579717
v -0.01325000077 0.1198443621 -0.004725195467
v -0.01275000069 0.1198321804 -0.004994995892
v -0.01225000061 0.119807817 -0.005534611642
v -0.01175000053 0.1197530106 -0.006748735905
v -0.01125000045 0.1197164729 -0.007558166981
v -0.01075000037 0.1196799353 -0.008367583156
v -0.01025000028 0.1195459589 -0.01133546978
v -0.009750000201 0.1195398718 -0.01147037745
v -0.009250000119 0.1195459589 -0.01133546978
v -0.008249999955 0.1181232408 -0.0428792052
v -0.007750000339 0.1181168482 -0.04302178323
v -0.007250000257 0.118091248 -0.04359216243
v -0.006750000175 0.1180848479 -0.04373476282
v -0.006250000093 0.1180336624 -0.04487551749
v 0.01225000061 0.1171506271 -0.06455346942
v 0.01275000069 0.1171570271 -0.06441088766
v 0.01825000159 0.1169906557 -0.06811831892
v 0.01875000075 0.116977863 -0.06840351224
v 0.01925000176 0.116977863 -0.06840351224
v 0.01975000091 0.1169650629 -0.06868869066
v 0.02025000006 0.1169266701 -0.06954427063
v 0.02075000107 0.1169458628 -0.06911649555
v 0.02125000022 0.1169458628 -0.06911649555
v 0.02175000124 0.1169330701 -0.06940167397
v 0.02225000039 0.1169266701 -0.06954427063
v 0.02325000055 0.1169010773 -0.07011464983
v 0.02375000156 0.1168946773 -0.07025723159
v -0.04400000349 0.1206884384 -0.002295121551
v -0.04350000247 0.1207185611 -0.001620568335
v -0.04300000146 0.1207245812 -0.001485653222
v -0.04250000045 0.1207486764 -0.0009460151196
v -0.04200000316 0.1207667515 -0.0005412846804
v -0.04150000215 0.1207787991 -0.0002714768052
v -0.04100000113 0.1207908466 -1.646578312e-06
v -0.04050000012 0.1208089218 0.0004030764103
v -0.04000000283 0.1208209693 0.000672891736
v -0.03950000182 0.1208330169 0.0009427219629
v -0.0390000008 0.1208450645 0.001212529838
v -0.03850000352 0.1208510846 0.001347444952
v -0.0380000025 0.1208510846 0.001347444952
v -0.03750000149 0.1208571121 0.001482360065
v -0.03700000048 0.1208631322 0.001617252827
v -0.03650000319 0.1208631322 0.001617252827
v -0.03600000218 0.1208751872 0.001887090504
v -0.03550000116 0.1208751872 0.001887090504
v -0.03500000015 0.1208751872 0.001887090504
v -0.03450000286 0.1208872348 0.002156898379
v -0.03400000185 0.1208812073 0.002022005618
v -0.03350000083 0.1208872348 0.002156898379
v -0.03299999982 0.1208932549 0.002291813493
v -0.03250000253 0.1208932549 0.002291813493
v -0.03200000152 0.1208812073 0.002022005618
v -0.03150000051 0.1208872348 0.002156898379
v -0.03100000136 0.1208751872 0.001887090504
v -0.03050000221 0.1208691597 0.001752175391
v -0.03000000119 0.1208631322 0.001617252827
v -0.02950000204 0.1208510846 0.001347444952
v -0.02900000103 0.1208450645 0.001212529838
v -0.02850000188 0.1208330169 0.0009427219629
v -0.02800000086 0.1208209693 0.000672891736
v -0.02750000171 0.1208028942 0.0002681612968
v -0.0270000007 0.1207787991 -0.0002714768052
v -0.02650000155 0.1207667515 -0.0005412846804
v -0.02600000054 0.1207486764 -0.0009460151196
v -0.02550000139 0.1207426563 -0.001080930233
v -0.02500000037 0.1207245812 -0.001485653222
v -0.02450000122 0.1207125336 -0.001755483449
v -0.02400000021 0.1206944585 -0.002160206437
v -0.02350000106 0.1206763908 -0.002564936876
v -0.02300000191 0.1206643432 -0.002834744751
v -0.02250000089 0.1206522956 -0.003104574978
v -0.02200000174 0.1206342205 -0.003509297967
v -0.02150000073 0.120622173 -0.003779113293
v -0.02100000158 0.120622173 -0.003779113293
v -0.02050000057 0.120628193 -0.00364421308
v -0.02000000142 0.1206342205 -0.003509297967
v -0.0195000004 0.1206342205 -0.003509297967
v -0.01900000125 0.1206402481 -0.003374382854
v -0.01850000024 0.1206402481 -0.003374382854
v -0.01800000109 0.1206462681 -0.003239490092
v -0.01750000007 0.1206522956 -0.003104574978
v -0.01700000092 0.1206522956 -0.003104574978
v -0.01649999991 0.1206462681 -0.003239490092
v -0.01600000076 0.1206462681 -0.003239490092
v -0.01550000068 0.1206462681 -0.003239490092
v -0.0150000006 0.1206342205 -0.003509297967
v -0.01450000051 0.1206342205 -0.003509297967
v -0.01400000043 0.120628193 -0.00364421308
v -0.01350000035 0.1206101254 -0.00404894352
v -0.01300000027 0.1205920503 -0.004453666508
v -0.01250000019 0.1205739826 -0.004858389497
v -0.0120000001 0.12054988 -0.005398035049
v -0.01150000095 0.1205016896 -0.006477311254
v -0.01100000087 0.1204534993 -0.007556594908
v -0.01050000079 0.1204354241 -0.007961317897
v -0.01000000071 0.1203028932 -0.01092933863
v -0.009500000626 0.1202968732 -0.0110642314
v -0.009000000544 0.120278798 -0.01146897674
v -0.007500000298 0.1188333109 -0.04387702048
v -0.007000000216 0.1188396364 -0.04373442382
v -0.006500000134 0.1188080087 -0.04444738477
v -0.006000000052 0.1187384352 -0.04601585492
v 0.01050000079 0.1178908423 -0.06512296945
v 0.01100000087 0.1179098189 -0.06469520181
v 0.0120000001 0.1179098189 -0.06469520181
v 0.01250000019 0.1179351211 -0.06412483752
v 0.01300000027 0.1179287955 -0.06426743418
v 0.01350000035 0.1179287955 -0.06426743418
v 0.01400000043 0.1179477721 -0.06383966655
v 0.01450000051 0.1179477721 -0.06383966655
v 0.01800000109 0.1177516878 -0.06825995445
v 0.01850000024 0.1177580133 -0.06811735779
v 0.01900000125 0.1177390367 -0.06854514778
v 0.0195000004 0.1177327111 -0.06868772209
v 0.02050000057 0.1177263856 -0.06883031875
v 0.02100000158 0.1177010834 -0.06940068305
v 0.02150000073 0.117707409 -0.06925808638
v 0.02200000174 0.1177010834 -0.06940068305
v 0.02250000089 0.1176884323 -0.06968585402
v 0.02800000086 0.1175429523 -0.07296544313
v -0.04425000027 0.1213927642 -0.003105416894
v -0.04375000298 0.1214224547 -0.002430863678
v -0.04325000197 0.1214343309 -0.002161048353
v -0.04275000095 0.1214521453 -0.001756317914
v -0.04225000367 0.1214699671 -0.001351572573
v -0.04175000265 0.1214818433 -0.001081764698
v -0.04125000164 0.1214877814 -0.0009468495846
v -0.04075000063 0.1214996576 -0.0006770342588
v -0.04025000334 0.1215115339 -0.0004071965814
v -0.03975000232 0.1215412244 0.0002673342824
v -0.03925000131 0.1215531006 0.0005371719599
v -0.0387500003 0.1215649843 0.000806979835
v -0.03825000301 0.1215649843 0.000806979835
v -0.037750002 0.1215768605 0.001076810062
v -0.03725000098 0.1215768605 0.001076810062
v -0.03674999997 0.1215827987 0.001211702824
v -0.03625000268 0.1215887368 0.001346625388
v -0.03575000167 0.1215887368 0.001346625388
v -0.03525000066 0.1215887368 0.001346625388
v -0.03475000337 0.1215946749 0.001481540501
v -0.03425000235 0.1215946749 0.001481540501
v -0.03375000134 0.1215946749 0.001481540501
v -0.03325000033 0.1215946749 0.001481540501
v -0.03275000304 0.1215946749 0.001481540501
v -0.03225000203 0.121600613 0.001616433263
v -0.03175000101 0.1215946749 0.001481540501
v -0.03125 0.1215946749 0.001481540501
v -0.03075000085 0.1215887368 0.001346625388
v -0.0302500017 0.1215827987 0.001211702824
v -0.02975000069 0.1215709224 0.0009418949485
v -0.02925000153 0.1215768605 0.001076810062
v -0.02875000052 0.1215649843 0.000806979835
v -0.02825000137 0.1215531006 0.0005371719599
v -0.02775000222 0.1215234101 -0.0001373887062
v -0.02725000121 0.1215115339 -0.0004071965814
v -0.02675000206 0.1214996576 -0.0006770342588
v -0.02625000104 0.1214877814 -0.0009468495846
v -0.02575000189 0.1214699671 -0.001351572573
v -0.02525000088 0.121464029 -0.001486487687
v -0.02475000173 0.1214462072 -0.001891210675
v -0.02425000072 0.1214402691 -0.002026125789
v -0.02375000156 0.1214283928 -0.002295963466
v -0.02325000055 0.1214046404 -0.002835586667
v -0.0227500014 0.1213987023 -0.002970501781
v -0.02225000039 0.1213927642 -0.003105416894
v -0.02175000124 0.1213808879 -0.003375224769
v -0.02125000022 0.1213808879 -0.003375224769
v -0.02075000107 0.1213749498 -0.003510139883
v -0.02025000006 0.121386826 -0.003240332007
v -0.01975000091 0.1213987023 -0.002970501781
v -0.01925000176 0.1213987023 -0.002970501781
v -0.01875000075 0.1213987023 -0.002970501781
v -0.01825000159 0.1213987023 -0.002970501781
v -0.01775000058 0.1214046404 -0.002835586667
v -0.01725000143 0.1214046404 -0.002835586667
v -0.01675000042 0.1213987023 -0.002970501781
v -0.01625000127 0.1213987023 -0.002970501781
v -0.01575000025 0.1213927642 -0.003105416894
v -0.0152500011 0.1213927642 -0.003105416894
v -0.01475000102 0.121386826 -0.003240332007
v -0.01425000094 0.1213808879 -0.003375224769
v -0.01375000086 0.1213749498 -0.003510139883
v -0.01325000077 0.1213511899 -0.004049792886
v -0.01275000069 0.1213274375 -0.004589430988
v -0.01225000061 0.1213096231 -0.004994153976
v -0.01175000053 0.1212918088 -0.005398884416
v -0.01125000045 0.1212502345 -0.006343252957
v -0.01075000037 0.1212086678 -0.007287628949
v -0.01025000028 0.1211730391 -0.008097104728
v -0.009750000201 0.1210602 -0.01066038013
v -0.009250000119 0.1210423857 -0.01106511056
v -0.008750000037 0.1210245714 -0.0114698559
v -0.006750000175 0.1195745394 -0.04444848746
v -0.006250000093 0.1195558235 -0.04487626255
v -0.005750000477 0.1195121557 -0.04587440938
v 0.01075000037 0.1186824292 -0.06483924389
v 0.01125000045 0.1187011451 -0.0644114688
v 0.01175000053 0.1187136248 -0.06412626803
v 0.01225000061 0.1187073812 -0.06426887214
v 0.01275000069 0.1187323406 -0.06369850039
v 0.01325000077 0.1187136248 -0.06412626803
v 0.01375000086 0.1187198609 -0.06398369372
v 0.01425000094 0.1187323406 -0.06369850039
v 0.01475000102 0.1187323406 -0.06369850039
v 0.0152500011 0.1187198609 -0.06398369372
v 0.02025000006 0.1185202301 -0.06854666024
v 0.02825000137 0.1183455512 -0.07253925502
v 0.02875000052 0.1183517873 -0.07239665091
v 0.02925000153 0.1183330715 -0.07282443345
v -0.04450000077 0.1221039742 -0.003780804574
v -0.04400000349 0.1221156791 -0.003510989249
v -0.04350000247 0.1221332401 -0.00310625881
v -0.04300000146 0.1221683547 -0.002296797931
v -0.04250000045 0.1221859157 -0.001892052591
v -0.04200000316 0.1221976206 -0.001622237265
v -0.04150000215 0.1222034767 -0.001487322152
v -0.04100000113 0.1222034767 -0.001487322152
v -0.04050000012 0.1222210377 -0.001082599163
v -0.04000000283 0.1222444475 -0.0005429461598
v -0.03950000182 0.1222561523 -0.0002731382847
v -0.0390000008 0.1222737134 0.0001316145062
v -0.03850000352 0.1222854182 0.0004014223814
v -0.0380000025 0.1222912744 0.0005363449454
v -0.03750000149 0.1222971231 0.0006712377071
v -0.03700000048 0.1223088279 0.0009410753846
v -0.03650000319 0.1223029792 0.0008061528206
v -0.03600000218 0.1223029792 0.0008061528206
v -0.03550000116 0.1223088279 0.0009410753846
v -0.03500000015 0.1223146841 0.001075990498
v -0.03450000286 0.1223146841 0.001075990498
v -0.03400000185 0.1223088279 0.0009410753846
v -0.03350000083 0.1223146841 0.001075990498
v -0.03299999982 0.1223088279 0.0009410753846
v -0.03250000253 0.1223146841 0.001075990498
v -0.03200000152 0.1223088279 0.0009410753846
v -0.03150000051 0.1223029792 0.0008061528206
v -0.03100000136 0.1223029792 0.0008061528206
v -0.03050000221 0.1223029792 0.0008061528206
v -0.03000000119 0.1222912744 0.0005363449454
v -0.02950000204 0.1222971231 0.0006712377071
v -0.02900000103 0.1222912744 0.0005363449454
v -0.02850000188 0.1222737134 0.0001316145062
v -0.02800000086 0.1222620085 -0.0001382231712
v -0.02750000171 0.1222385913 -0.0006778612733
v -0.0270000007 0.1222268865 -0.0009476840496
v -0.02650000155 0.1222210377 -0.001082599163
v -0.02600000054 0.1222034767 -0.001487322152
v -0.02550000139 0.1221976206 -0.001622237265
v -0.02500000037 0.1221859157 -0.001892052591
v -0.02450000122 0.1221742108 -0.002161882818
v -0.02400000021 0.1221683547 -0.002296797931
v -0.02350000106 0.122162506 -0.002431698143
v -0.02300000191 0.122144945 -0.002836428583
v -0.02250000089 0.1221390888 -0.002971343696
v -0.02200000174 0.1221390888 -0.002971343696
v -0.02150000073 0.1221390888 -0.002971343696
v -0.02100000158 0.1221332401 -0.00310625881
v -0.02050000057 0.1221390888 -0.002971343696
v -0.02000000142 0.122144945 -0.002836428583
v -0.0195000004 0.122144945 -0.002836428583
v -0.01900000125 0.1221507937 -0.002701535821
v -0.01850000024 0.1221507937 -0.002701535821
v -0.01800000109 0.122144945 -0.002836428583
v -0.01750000007 0.1221507937 -0.002701535821
v -0.01700000092 0.122144945 -0.002836428583
v -0.01649999991 0.1221507937 -0.002701535821
v -0.01600000076 0.122144945 -0.002836428583
v -0.01550000068 0.1221390888 -0.002971343696
v -0.0150000006 0.1221332401 -0.00310625881
v -0.01450000051 0.1221215352 -0.003376074135
v -0.01400000043 0.1221156791 -0.003510989249
v -0.01350000035 0.1220981181 -0.003915719688
v -0.01300000027 0.1220864132 -0.004185557365
v -0.01250000019 0.1220630035 -0.004725195467
v -0.0120000001 0.1220454425 -0.005129925907
v -0.01150000095 0.1219986156 -0.00620919466
v -0.01100000087 0.1219927669 -0.006344109774
v -0.01050000079 0.1219400913 -0.007558323443
v -0.01000000071 0.1218171716 -0.01039144397
v -0.009500000626 0.1218230277 -0.01025652885
v -0.009000000544 0.1217937618 -0.01093109697
v -0.008500000462 0.1217703521 -0.01147073507
v -0.00800000038 0.1214952543 -0.01781155169
v 0.009000000544 0.1194552109 -0.06498329341
v 0.01000000071 0.1194798127 -0.06441290677
v 0.01100000087 0.1194675118 -0.06469809264
v 0.01150000095 0.1195044219 -0.06384252757
v 0.0120000001 0.1195105761 -0.06369992346
v 0.01250000019 0.1195167303 -0.06355732679
v 0.01300000027 0.1195167303 -0.06355732679
v 0.01350000035 0.1195105761 -0.06369992346
v 0.01400000043 0.1195105761 -0.06369992346
v 0.01450000051 0.1195105761 -0.06369992346
v 0.0150000006 0.1195167303 -0.06355732679
v 0.01550000068 0.1195044219 -0.06384252757
v 0.01649999991 0.1194367558 -0.06541107595
v 0.02000000142 0.119301416 -0.06854817271
v 0.02050000057 0.1193075627 -0.0684055686
v 0.02100000158 0.1193137169 -0.06826296449
v 0.02150000073 0.1193075627 -0.0684055686
v 0.02250000089 0.119301416 -0.06854817271
v 0.02450000122 0.1192583516 -0.06954633445
v 0.02850000188 0.1191414669 -0.07225562632
v 0.02900000103 0.1191537678 -0.0719704479
v -0.04525000229 0.1227641255 -0.005670428276
v -0.04475000128 0.1228045002 -0.004726044834
v -0.04425000027 0.1228218004 -0.004321299493
v -0.04375000298 0.1228564084 -0.003511831164
v -0.04325000197 0.1228737086 -0.003107100725
v -0.04275000095 0.1228910089 -0.002702377737
v -0.04225000367 0.1228967831 -0.002567455173
v -0.04175000265 0.1229198501 -0.002027802169
v -0.04125000164 0.1229198501 -0.002027802169
v -0.04075000063 0.1229371503 -0.001623079181
v -0.04025000334 0.1229486912 -0.001353241503
v -0.03975000232 0.1229659915 -0.0009485110641
v -0.03925000131 0.122977525 -0.0006786957383
v -0.0387500003 0.1229948252 -0.0002739652991
v -0.03825000301 0.1230063587 -4.135072231e-06
v -0.037750002 0.1230178997 0.0002656802535
v -0.03725000098 0.1230236664 0.000400595367
v -0.03674999997 0.1230294332 0.000535517931
v -0.03625000268 0.1230178997 0.0002656802535
v -0.03575000167 0.1230236664 0.000400595367
v -0.03525000066 0.1230294332 0.000535517931
v -0.03475000337 0.1230351999 0.0006704106927
v -0.03425000235 0.1230351999 0.0006704106927
v -0.03375000134 0.1230294332 0.000535517931
v -0.03325000033 0.1230294332 0.000535517931
v -0.03275000304 0.1230294332 0.000535517931
v -0.03225000203 0.1230294332 0.000535517931
v -0.03175000101 0.1230178997 0.0002656802535
v -0.03125 0.1230236664 0.000400595367
v -0.03075000085 0.1230294332 0.000535517931
v -0.0302500017 0.1230236664 0.000400595367
v -0.02975000069 0.1230236664 0.000400595367
v -0.02925000153 0.1230121329 0.0001307800412
v -0.02875000052 0.123000592 -0.0001390501857
v -0.02825000137 0.1229890585 -0.0004088580608
v -0.02775000222 0.1229659915 -0.0009485110641
v -0.02725000121 0.122954458 -0.001218348742
v -0.02675000206 0.1229486912 -0.001353241503
v -0.02625000104 0.1229371503 -0.001623079181
v -0.02575000189 0.1229313836 -0.001757994294
v -0.02525000088 0.1229198501 -0.002027802169
v -0.02475000173 0.1229083166 -0.002297639847
v -0.02425000072 0.1229025498 -0.002432540059
v -0.02375000156 0.1229025498 -0.002432540059
v -0.02325000055 0.1228910089 -0.002702377737
v -0.0227500014 0.1228910089 -0.002702377737
v -0.02225000039 0.1228910089 -0.002702377737
v -0.02175000124 0.1228910089 -0.002702377737
v -0.02125000022 0.1228910089 -0.002702377737
v -0.02075000107 0.1228910089 -0.002702377737
v -0.02025000006 0.1228967831 -0.002567455173
v -0.01975000091 0.1228967831 -0.002567455173
v -0.01925000176 0.1228967831 -0.002567455173
v -0.01875000075 0.1228967831 -0.002567455173
v -0.01825000159 0.1228967831 -0.002567455173
v -0.01775000058 0.1228910089 -0.002702377737
v -0.01725000143 0.1228910089 -0.002702377737
v -0.01675000042 0.1228910089 -0.002702377737
v -0.01625000127 0.1228852421 -0.002837270498
v -0.01575000025 0.1228794754 -0.002972185612
v -0.0152500011 0.1228737086 -0.003107100725
v -0.01475000102 0.1228679419 -0.003242023289
v -0.01425000094 0.1228506416 -0.003646746278
v -0.01375000086 0.1228448749 -0.003781653941
v -0.01325000077 0.1228275672 -0.004186399281
v -0.01275000069 0.1228160337 -0.004456214607
v -0.01225000061 0.1227871999 -0.005130775273
v -0.01175000053 0.1227583587 -0.005805321038
v -0.01125000045 0.1227410585 -0.006210051477
v -0.01075000037 0.1227237582 -0.006614804268
v -0.01025000028 0.1225738004 -0.01012248546
v -0.009750000201 0.1225853339 -0.009852670133
v -0.009250000119 0.1225680336 -0.01025740057
v -0.008750000037 0.1225449666 -0.01079704612
v -0.008249999955 0.1225103587 -0.01160651445
v -0.007250000257 0.1220951006 -0.0213201344
v 0.008249999955 0.1202342361 -0.06498474628
v 0.008750000037 0.1202342361 -0.06498474628
v 0.009250000119 0.1202524304 -0.06455693394
v 0.009750000201 0.1202524304 -0.06455693394
v 0.01025000028 0.12026456 -0.06427174807
v 0.01075000037 0.1202766895 -0.06398656219
v 0.01125000045 0.1202827543 -0.06384395808
v 0.01175000053 0.1202948838 -0.06355874985
v 0.01225000061 0.1203009486 -0.06341616809
v 0.01275000069 0.1203070134 -0.06327356398
v 0.01325000077 0.1203070134 -0.06327356398
v 0.01375000086 0.1202948838 -0.06355874985
v 0.01425000094 0.1203009486 -0.06341616809
v 0.01475000102 0.1202948838 -0.06355874985
v 0.0152500011 0.1203009486 -0.06341616809
v 0.01625000127 0.1202160418 -0.06541253626
v 0.01675000042 0.1202342361 -0.06498474628
v 0.01725000143 0.120209977 -0.06555511057
v 0.02025000006 0.1200947389 -0.06826447695
v 0.02075000107 0.1200947389 -0.06826447695
v 0.02125000022 0.1200947389 -0.06826447695
v 0.02175000124 0.1200947389 -0.06826447695
v 0.02225000039 0.1200947389 -0.06826447695
v 0.0227500014 0.1200826094 -0.06854967773
v 0.02675000206 0.1199370474 -0.07197201997
v 0.02725000121 0.1199491769 -0.0716868341
v 0.02775000222 0.1199552417 -0.07154422998
v 0.02825000137 0.1199431121 -0.07182941586
v 0.02875000052 0.1199491769 -0.0716868341
v -0.04600000381 0.1234607771 -0.006750561297
v -0.0455000028 0.1234835014 -0.006210908294
v -0.04500000179 0.1235175952 -0.005401447415
v -0.04450000077 0.1235403195 -0.004861794412
v -0.04400000349 0.1235516816 -0.004591979086
v -0.04350000247 0.1235744134 -0.004052333534
v -0.04300000146 0.1236085072 -0.003242865205
v -0.04250000045 0.1236141846 -0.003107942641
v -0.04200000316 0.1236312315 -0.002703219652
v -0.04150000215 0.1236425936 -0.002433381975
v -0.04100000113 0.1236482784 -0.002298481762
v -0.04050000012 0.1236596406 -0.002028644085
v -0.04000000283 0.1236766875 -0.001623913646
v -0.03950000182 0.1236766875 -0.001623913646
v -0.0390000008 0.1236823723 -0.001488998532
v -0.03850000352 0.1237050965 -0.0009493455291
v -0.0380000025 0.1237221435 -0.0005446076393
v -0.03750000149 0.1237335056 -0.0002747997642
v -0.03700000048 0.1237448677 -4.962086678e-06
v -0.03650000319 0.1237391904 -0.0001398772001
v -0.03600000218 0.1237505525 0.0001299530268
v -0.03550000116 0.1237505525 0.0001299530268
v -0.03500000015 0.1237562373 0.0002648532391
v -0.03450000286 0.1237562373 0.0002648532391
v -0.03400000185 0.1237505525 0.0001299530268
v -0.03350000083 0.1237505525 0.0001299530268
v -0.03299999982 0.1237505525 0.0001299530268
v -0.03250000253 0.1237448677 -4.962086678e-06
v -0.03200000152 0.1237391904 -0.0001398772001
v -0.03150000051 0.1237391904 -0.0001398772001
v -0.03100000136 0.1237448677 -4.962086678e-06
v -0.03050000221 0.1237448677 -4.962086678e-06
v -0.03000000119 0.1237391904 -0.0001398772001
v -0.02950000204 0.1237335056 -0.0002747997642
v -0.02900000103 0.1237278283 -0.0004096925259
v -0.02850000188 0.1237107813 -0.0008144453168
v -0.02800000086 0.1236937344 -0.001219183207
v -0.02750000171 0.1236937344 -0.001219183207
v -0.0270000007 0.1236823723 -0.001488998532
v -0.02650000155 0.1236766875 -0.001623913646
v -0.02600000054 0.1236653253 -0.001893728971
v -0.02550000139 0.1236596406 -0.002028644085
v -0.02500000037 0.1236482784 -0.002298481762
v -0.02450000122 0.1236369163 -0.002568297088
v -0.02400000021 0.1236369163 -0.002568297088
v -0.02350000106 0.1236369163 -0.002568297088
v -0.02300000191 0.1236369163 -0.002568297088
v -0.02250000089 0.1236425936 -0.002433381975
v -0.02200000174 0.1236369163 -0.002568297088
v -0.02150000073 0.1236369163 -0.002568297088
v -0.02100000158 0.1236369163 -0.002568297088
v -0.02050000057 0.1236425936 -0.002433381975
v -0.02000000142 0.1236425936 -0.002433381975
v -0.0195000004 0.1236369163 -0.002568297088
v -0.01900000125 0.1236425936 -0.002433381975
v -0.01850000024 0.1236425936 -0.002433381975
v -0.01800000109 0.1236369163 -0.002568297088
v -0.01750000007 0.1236312315 -0.002703219652
v -0.01700000092 0.1236312315 -0.002703219652
v -0.01649999991 0.1236198694 -0.002973027527
v -0.01600000076 0.1236198694 -0.002973027527
v -0.01550000068 0.1236085072 -0.003242865205
v -0.0150000006 0.1236028224 -0.003377757967
v -0.01450000051 0.1235857755 -0.003782495856
v -0.01400000043 0.1235800982 -0.00391741097
v -0.01350000035 0.1235630512 -0.004322141409
v -0.01300000027 0.1235516816 -0.004591979086
v -0.01250000019 0.1235232726 -0.005266532302
v -0.0120000001 0.1235062256 -0.005671285093
v -0.01150000095 0.1234891862 -0.006076015532
v -0.01100000087 0.1234778166 -0.006345823407
v -0.01050000079 0.1233471334 -0.009448811412
v -0.01000000071 0.1233528182 -0.009313888848
v -0.009500000626 0.1233414561 -0.009583733976
v -0.009000000544 0.123313047 -0.01025827974
v -0.008500000462 0.1232903153 -0.01079792529
v -0.00800000038 0.1232278123 -0.01228196174
v -0.007500000298 0.1228414401 -0.02145597339
v -0.007000000216 0.1228641719 -0.02091632783
v 0.004500000272 0.1209953204 -0.06541399658
v 0.005500000436 0.120971404 -0.06598439068
v 0.006000000052 0.1210013032 -0.06527138501
v 0.006500000134 0.1210072786 -0.0651287809
v 0.007000000216 0.1210192367 -0.06484358758
v 0.007500000298 0.1210072786 -0.0651287809
v 0.00800000038 0.1210192367 -0.06484358758
v 0.008500000462 0.1210252121 -0.06470098346
v 0.009000000544 0.1210371703 -0.06441579014
v 0.009500000626 0.1210551038 -0.06398800015
v 0.01000000071 0.1210371703 -0.06441579014
v 0.01050000079 0.1210610792 -0.06384538859
v 0.01100000087 0.1210610792 -0.06384538859
v 0.01150000095 0.1210730374 -0.06356017292
v 0.0120000001 0.1210730374 -0.06356017292
v 0.01250000019 0.1210790202 -0.06341759115
v 0.01300000027 0.1210849956 -0.06327498704
v 0.01350000035 0.1210790202 -0.06341759115
v 0.01400000043 0.1210849956 -0.06327498704
v 0.01450000051 0.1210849956 -0.06327498704
v 0.0150000006 0.1210431457 -0.06427318603
v 0.01550000068 0.1210730374 -0.06356017292
v 0.0195000004 0.12081597 -0.06969197094
v 0.02000000142 0.1208398864 -0.0691215992
v 0.02150000073 0.1208578199 -0.06869377941
v 0.0270000007 0.1207322776 -0.07168839872
v 0.02750000171 0.120738253 -0.07154578716
v 0.02800000086 0.1207322776 -0.07168839872
v 0.02850000188 0.120738253 -0.07154578716
v -0.04675000161 0.1241587847 -0.00783072412
v -0.0462500006 0.1241923571 -0.007021255791
v -0.04575000331 0.1242259368 -0.00621176511
v -0.04525000229 0.1242427304 -0.005807034671
v -0.04475000128 0.1242707074 -0.005132481456
v -0.04425000027 0.1242819056 -0.004862643778
v -0.04375000298 0.1243042871 -0.004322990775
v -0.04325000197 0.1243266761 -0.003783345222
v -0.04275000095 0.1243434623 -0.003378599882
v -0.04225000367 0.1243546531 -0.003108792007
v -0.04175000265 0.1243658513 -0.002838954329
v -0.04125000164 0.1243714467 -0.002704054117
v -0.04075000063 0.1243770421 -0.002569139004
v -0.04025000334 0.1243826374 -0.00243421644
v -0.03975000232 0.1243882328 -0.002299316227
v -0.03925000131 0.1243826374 -0.00243421644
v -0.0387500003 0.1244050264 -0.001894563437
v -0.03825000301 0.1244106218 -0.001759663224
v -0.037750002 0.1244218126 -0.001489832997
v -0.03725000098 0.1244385988 -0.001085095108
v -0.03674999997 0.124449797 -0.0008152797818
v -0.03625000268 0.1244665831 -0.0004105195403
v -0.03575000167 0.1244721785 -0.0002756267786
v -0.03525000066 0.1244721785 -0.0002756267786
v -0.03475000337 0.1244777739 -0.0001407116652
v -0.03425000235 0.1244721785 -0.0002756267786
v -0.03375000134 0.1244721785 -0.0002756267786
v -0.03325000033 0.1244777739 -0.0001407116652
v -0.03275000304 0.1244665831 -0.0004105195403
v -0.03225000203 0.1244553924 -0.0006803572178
v -0.03175000101 0.1244553924 -0.0006803572178
v -0.03125 0.1244553924 -0.0006803572178
v -0.03075000085 0.1244553924 -0.0006803572178
v -0.0302500017 0.124449797 -0.0008152797818
v -0.02975000069 0.124449797 -0.0008152797818
v -0.02925000153 0.1244442016 -0.0009501799941
v -0.02875000052 0.1244385988 -0.001085095108
v -0.02825000137 0.124427408 -0.001354910433
v -0.02775000222 0.1244218126 -0.001489832997
v -0.02725000121 0.1244162172 -0.001624748111
v -0.02675000206 0.1244050264 -0.001894563437
v -0.02625000104 0.1243938282 -0.002164401114
v -0.02575000189 0.1243938282 -0.002164401114
v -0.02525000088 0.1243770421 -0.002569139004
v -0.02475000173 0.1243770421 -0.002569139004
v -0.02425000072 0.1243714467 -0.002704054117
v -0.02375000156 0.1243770421 -0.002569139004
v -0.02325000055 0.1243770421 -0.002569139004
v -0.0227500014 0.1243826374 -0.00243421644
v -0.02225000039 0.1243770421 -0.002569139004
v -0.02175000124 0.1243826374 -0.00243421644
v -0.02125000022 0.1243826374 -0.00243421644
v -0.02075000107 0.1243826374 -0.00243421644
v -0.02025000006 0.1243826374 -0.00243421644
v -0.01975000091 0.1243826374 -0.00243421644
v -0.01925000176 0.1243826374 -0.00243421644
v -0.01875000075 0.1243770421 -0.002569139004
v -0.01825000159 0.1243714467 -0.002704054117
v -0.01775000058 0.1243714467 -0.002704054117
v -0.01725000143 0.1243658513 -0.002838954329
v -0.01675000042 0.1243546531 -0.003108792007
v -0.01625000127 0.1243546531 -0.003108792007
v -0.01575000025 0.1243434623 -0.003378599882
v -0.0152500011 0.1243322715 -0.00364843756
v -0.01475000102 0.1243210807 -0.003918260336
v -0.01425000094 0.1243042871 -0.004322990775
v -0.01375000086 0.1242930964 -0.004592828453
v -0.01325000077 0.1242763102 -0.004997558892
v -0.01275000069 0.1242539212 -0.005537219346
v -0.01225000061 0.1242427304 -0.005807034671
v -0.01175000053 0.1242259368 -0.00621176511
v -0.01125000045 0.1242147461 -0.006481602788
v -0.01075000037 0.1241140142 -0.008910030127
v -0.01025000028 0.1241140142 -0.008910030127
v -0.009750000201 0.1241084114 -0.00904494524
v -0.009250000119 0.1240860298 -0.009584605694
v -0.008750000037 0.1240412593 -0.0106638819
v -0.008249999955 0.1239852905 -0.01201303303
v -0.007750000339 0.1238341928 -0.01565565914
v -0.007250000257 0.1236103326 -0.02105216682
v -0.006750000175 0.1236215308 -0.02078235149
v -0.006250000093 0.1231234521 -0.03278957307
v -0.005750000477 0.1231346428 -0.0325197354
v 0.003250000067 0.1217628196 -0.06570064276
v 0.003750000149 0.1217804924 -0.06527283788
v 0.004250000231 0.1217981651 -0.06484504044
v 0.004750000313 0.1218040586 -0.06470242888
v 0.005250000395 0.1217981651 -0.06484504044
v 0.005750000477 0.1217981651 -0.06484504044
v 0.006250000093 0.121809952 -0.06455981731
v 0.006750000175 0.1218158379 -0.06441723555
v 0.007250000257 0.1218158379 -0.06441723555
v 0.007750000339 0.1218040586 -0.06470242888
v 0.008249999955 0.1218217313 -0.06427462399
v 0.008750000037 0.1218217313 -0.06427462399
v 0.009250000119 0.1218276247 -0.06413201988
v 0.009750000201 0.1218394041 -0.0638468191
v 0.01025000028 0.1218452975 -0.06370421499
v 0.01075000037 0.1218511909 -0.06356160343
v 0.01125000045 0.1218452975 -0.06370421499
v 0.01175000053 0.1218452975 -0.06370421499
v 0.01225000061 0.1218452975 -0.06370421499
v 0.01275000069 0.1218511909 -0.06356160343
v 0.01325000077 0.1218570769 -0.06341901422
v 0.01375000086 0.1218570769 -0.06341901422
v 0.01425000094 0.1218570769 -0.06341901422
v 0.01475000102 0.1218570769 -0.06341901422
v 0.0152500011 0.1218570769 -0.06341901422
v 0.01575000025 0.1218570769 -0.06341901422
v 0.01875000075 0.1216037422 -0.06955091655
v 0.01925000176 0.121621415 -0.06912311912
v 0.01975000091 0.1216096357 -0.06940831244
v 0.02025000006 0.121621415 -0.06912311912
v 0.02175000124 0.1215919629 -0.06983610988
v 0.02675000206 0.1215212643 -0.07154735178
v 0.02725000121 0.1215153709 -0.07168996334
v 0.02775000222 0.1215212643 -0.07154735178
v 0.02825000137 0.1215212643 -0.07154735178
v 0.02875000052 0.1215094775 -0.0718325451
v -0.0465000011 0.1249408275 -0.006887197495
v -0.04600000381 0.1249628738 -0.006347537041
v -0.0455000028 0.124990426 -0.005672991276
v -0.04500000179 0.1250179857 -0.004998415709
v -0.04450000077 0.1250345111 -0.004593677819
v -0.04400000349 0.1250510514 -0.00418894738
v -0.04350000247 0.1250675768 -0.003784187138
v -0.04300000146 0.1250896156 -0.003244549036
v -0.04250000045 0.125095129 -0.003109633923
v -0.04200000316 0.1251006424 -0.002974711359
v -0.04150000215 0.1251061559 -0.002839796245
v -0.04100000113 0.1251061559 -0.002839796245
v -0.04050000012 0.1251116693 -0.002704896033
v -0.04000000283 0.1251116693 -0.002704896033
v -0.03950000182 0.1251116693 -0.002704896033
v -0.0390000008 0.1251281947 -0.002300158143
v -0.03850000352 0.1251226813 -0.002435058355
v -0.0380000025 0.1251337081 -0.002165235579
v -0.03750000149 0.1251392215 -0.002030320466
v -0.03700000048 0.1251502335 -0.00176050514
v -0.03650000319 0.1251667738 -0.001355744898
v -0.03600000218 0.1251667738 -0.001355744898
v -0.03550000116 0.1251888126 -0.0008161142468
v -0.03500000015 0.1252053529 -0.0004113540053
v -0.03450000286 0.1251998395 -0.0005462691188
v -0.03400000185 0.1251888126 -0.0008161142468
v -0.03350000083 0.1251998395 -0.0005462691188
v -0.03299999982 0.1251888126 -0.0008161142468
v -0.03250000253 0.1251832992 -0.0009510144591
v -0.03200000152 0.1251778007 -0.001085929573
v -0.03150000051 0.1251778007 -0.001085929573
v -0.03100000136 0.1251722872 -0.001220852137
v -0.03050000221 0.1251722872 -0.001220852137
v -0.03000000119 0.1251667738 -0.001355744898
v -0.02950000204 0.1251667738 -0.001355744898
v -0.02900000103 0.1251667738 -0.001355744898
v -0.02850000188 0.1251557469 -0.001625582576
v -0.02800000086 0.1251557469 -0.001625582576
v -0.02750000171 0.125144735 -0.001895397902
v -0.0270000007 0.1251392215 -0.002030320466
v -0.02650000155 0.1251337081 -0.002165235579
v -0.02600000054 0.1251226813 -0.002435058355
v -0.02550000139 0.1251171827 -0.002569980919
v -0.02500000037 0.1251116693 -0.002704896033
v -0.02450000122 0.1251061559 -0.002839796245
v -0.02400000021 0.1251116693 -0.002704896033
v -0.02350000106 0.1251116693 -0.002704896033
v -0.02300000191 0.1251171827 -0.002569980919
v -0.02250000089 0.1251171827 -0.002569980919
v -0.02200000174 0.1251226813 -0.002435058355
v -0.02150000073 0.1251226813 -0.002435058355
v -0.02100000158 0.1251226813 -0.002435058355
v -0.02050000057 0.1251171827 -0.002569980919
v -0.02000000142 0.1251171827 -0.002569980919
v -0.0195000004 0.1251171827 -0.002569980919
v -0.01900000125 0.1251171827 -0.002569980919
v -0.01850000024 0.1251171827 -0.002569980919
v -0.01800000109 0.1251116693 -0.002704896033
v -0.01750000007 0.1251061559 -0.002839796245
v -0.01700000092 0.1251006424 -0.002974711359
v -0.01649999991 0.125095129 -0.003109633923
v -0.01600000076 0.125095129 -0.003109633923
v -0.01550000068 0.1250786036 -0.003514364362
v -0.0150000006 0.1250565499 -0.004054024816
v -0.01450000051 0.1250455379 -0.004323840141
v -0.01400000043 0.1250234842 -0.004863493145
v -0.01350000035 0.1250014454 -0.005403153598
v -0.01300000027 0.124990426 -0.005672991276
v -0.01250000019 0.1249738932 -0.006077721715
v -0.0120000001 0.1249573603 -0.006482459605
v -0.01150000095 0.1248636767 -0.00877597928
v -0.01100000087 0.1248636767 -0.00877597928
v -0.01050000079 0.1248691902 -0.008641064167
v -0.01000000071 0.1248581633 -0.008910901845
v -0.009500000626 0.1248416305 -0.009315632284
v -0.009000000544 0.1247975454 -0.01039494574
v -0.008500000462 0.1247589663 -0.01133933663
v -0.00800000038 0.1246046647 -0.01511690766
v -0.007500000298 0.1246101782 -0.01498198509
v -0.007000000216 0.1243842319 -0.02051343769
v -0.006500000134 0.1243897378 -0.02037852257
v -0.006000000052 0.1238992736 -0.03238581121
v -0.005500000436 0.1239158064 -0.03198105469
v -0.005000000354 0.1238221228 -0.034274593
v 0.002000000095 0.1277936846 0.06599122286
v 0.002500000177 0.1278039664 0.06635032594
v 0.003000000026 0.1278073937 0.06647001207
v 0.003500000108 0.1277936846 0.06599122286
v 0.00400000019 0.127786845 0.06575185061
v 0.004500000272 0.122594513 -0.06441867352
v 0.005000000354 0.122588709 -0.06456126273
v 0.005500000436 0.122582905 -0.06470387429
v 0.006000000052 0.122594513 -0.06441867352
v 0.006500000134 0.122600317 -0.06427606195
v 0.007000000216 0.122606121 -0.06413345039
v 0.007500000298 0.122600317 -0.06427606195
v 0.00800000038 0.122600317 -0.06427606195
v 0.008500000462 0.1226177365 -0.06384825706
v 0.009000000544 0.122611925 -0.06399086118
v 0.009500000626 0.1226177365 -0.06384825706
v 0.01000000071 0.122611925 -0.06399086118
v 0.01050000079 0.1226235405 -0.06370563805
v 0.01100000087 0.1226235405 -0.06370563805
v 0.01150000095 0.1226177365 -0.06384825706
v 0.0120000001 0.122606121 -0.06413345039
v 0.01250000019 0.1226235405 -0.06370563805
v 0.01300000027 0.1226293445 -0.06356303394
v 0.01350000035 0.1226351485 -0.06342044473
v 0.01400000043 0.1226235405 -0.06370563805
v 0.01450000051 0.1226351485 -0.06342044473
v 0.0150000006 0.1226409525 -0.06327783316
v 0.01550000068 0.1226351485 -0.06342044473
v 0.01900000125 0.1223913431 -0.06940983236
v 0.0195000004 0.1223971546 -0.06926722825
v 0.02000000142 0.1223971546 -0.06926722825
v 0.02050000057 0.1223913431 -0.06940983236
v 0.02100000158 0.1223681271 -0.06998025626
v 0.02150000073 0.1223797351 -0.06969503313
v 0.02650000155 0.1222926676 -0.07183410972
v 0.0270000007 0.1223100796 -0.07140630484
v 0.02750000171 0.1222810522 -0.07211933285
v -0.04575000331 0.1257379353 -0.005538925529
v -0.04525000229 0.1257542223 -0.005134180188
v -0.04475000128 0.1257813424 -0.004459604621
v -0.04425000027 0.1257976145 -0.004054874182
v -0.04375000298 0.1258193254 -0.003515213728
v -0.04325000197 0.1258355975 -0.003110475838
v -0.04275000095 0.1258464456 -0.002840638161
v -0.04225000367 0.1258464456 -0.002840638161
v -0.04175000265 0.1258410215 -0.002975553274
v -0.04125000164 0.1258410215 -0.002975553274
v -0.04075000063 0.1258410215 -0.002975553274
v -0.04025000334 0.1258301735 -0.003245390952
v -0.03975000232 0.1258247495 -0.003380291164
v -0.03925000131 0.1258410215 -0.002975553274
v -0.03175000101 0.1258844286 -0.001896239817
v -0.03125 0.1258844286 -0.001896239817
v -0.03075000085 0.1258898526 -0.001761339605
v -0.0302500017 0.1258952767 -0.001626424491
v -0.02975000069 0.1258952767 -0.001626424491
v -0.02925000153 0.1258898526 -0.001761339605
v -0.02875000052 0.1258844286 -0.001896239817
v -0.02825000137 0.1258844286 -0.001896239817
v -0.02775000222 0.1258790046 -0.002031154931
v -0.02725000121 0.1258681417 -0.002300992608
v -0.02675000206 0.1258627176 -0.002435900271
v -0.02625000104 0.1258464456 -0.002840638161
v -0.02575000189 0.1258518696 -0.002705737948
v -0.02525000088 0.1258464456 -0.002840638161
v -0.02475000173 0.1258464456 -0.002840638161
v -0.02425000072 0.1258410215 -0.002975553274
v -0.02375000156 0.1258464456 -0.002840638161
v -0.02325000055 0.1258464456 -0.002840638161
v -0.0227500014 0.1258572936 -0.002570815384
v -0.02225000039 0.1258572936 -0.002570815384
v -0.02175000124 0.1258572936 -0.002570815384
v -0.02125000022 0.1258572936 -0.002570815384
v -0.02075000107 0.1258572936 -0.002570815384
v -0.02025000006 0.1258572936 -0.002570815384
v -0.01975000091 0.1258572936 -0.002570815384
v -0.01925000176 0.1258572936 -0.002570815384
v -0.01875000075 0.1258735806 -0.002166077495
v -0.01825000159 0.1258735806 -0.002166077495
v -0.01775000058 0.1258735806 -0.002166077495
v -0.01725000143 0.1258572936 -0.002570815384
v -0.01675000042 0.1258518696 -0.002705737948
v -0.01625000127 0.1258464456 -0.002840638161
v -0.01575000025 0.1258355975 -0.003110475838
v -0.0152500011 0.1258247495 -0.003380291164
v -0.01475000102 0.1258084774 -0.003785036504
v -0.01425000094 0.1257921904 -0.004189789295
v -0.01375000086 0.1257325113 -0.005673840642
v -0.01325000077 0.1257270873 -0.005808740854
v -0.01275000069 0.1257053912 -0.006348393857
v -0.01225000061 0.1256836951 -0.006888061762
v -0.01175000053 0.125613153 -0.008641928434
v -0.01125000045 0.125613153 -0.008641928434
v -0.01075000037 0.125607729 -0.008776850998
v -0.01025000028 0.1256023049 -0.008911766112
v -0.009750000201 0.1255751848 -0.00958634913
v -0.009250000119 0.1255317777 -0.01066564023
v -0.008750000037 0.1253744513 -0.01457814127
v -0.008249999955 0.1253852993 -0.01430832595
v -0.007750000339 0.1253798753 -0.01444324106
v -0.007250000257 0.1253581643 -0.01498288661
v -0.006750000175 0.1251628548 -0.01983977854
v -0.006250000093 0.1251303107 -0.02064927667
v -0.005750000477 0.124674581 -0.03198202699
v -0.005250000395 0.124685429 -0.03171220794
v -0.002250000136 0.128501907 0.06622985005
v -0.001750000054 0.1285119802 0.06658893824
v -0.0007500000065 0.1233102903 -0.06598879397
v 0.0002500000119 0.1285119802 0.06658893824
v 0.0007500000065 0.1285153478 0.06670863926
v 0.001250000088 0.1285187006 0.06682832539
v 0.001750000054 0.1285187006 0.06682832539
v 0.002250000136 0.1285220534 0.06694802642
v 0.002750000218 0.1285220534 0.06694802642
v 0.003250000067 0.1285220534 0.06694802642
v 0.003750000149 0.1285153478 0.06670863926
v 0.004250000231 0.1285119802 0.06658893824
v 0.004750000313 0.1284985542 0.06611014903
v 0.005250000395 0.1233674735 -0.06456270814
v 0.005750000477 0.1233674735 -0.06456270814
v 0.006250000093 0.1233789101 -0.06427749991
v 0.006750000175 0.1233846247 -0.06413488835
v 0.007250000257 0.1233789101 -0.06427749991
v 0.007750000339 0.1233846247 -0.06413488835
v 0.008249999955 0.1233846247 -0.06413488835
v 0.008750000037 0.1233903468 -0.06399229914
v 0.009250000119 0.1233846247 -0.06413488835
v 0.009750000201 0.1233789101 -0.06427749991
v 0.01025000028 0.1233846247 -0.06413488835
v 0.01075000037 0.1233789101 -0.06427749991
v 0.01175000053 0.1233617514 -0.0647053197
v 0.01225000061 0.1233789101 -0.06427749991
v 0.01275000069 0.1233789101 -0.06427749991
v 0.01325000077 0.1233903468 -0.06399229914
v 0.01375000086 0.1233903468 -0.06399229914
v 0.01425000094 0.1234017834 -0.06370706856
v 0.01475000102 0.1233960614 -0.06384968758
v 0.0152500011 0.1233846247 -0.06413488835
v 0.01575000025 0.1233960614 -0.06384968758
v 0.01675000042 0.123287417 -0.06655922532
v 0.01975000091 0.123167336 -0.06955397129
v 0.02025000006 0.1231616214 -0.0696965605
v 0.02075000107 0.123173058 -0.06941135973
v 0.02125000022 0.1231616214 -0.0696965605
v 0.02175000124 0.123167336 -0.06955397129
v 0.02525000088 0.1230987236 -0.07126525044
v 0.02625000104 0.1230758503 -0.0718356818
v -0.04350000247 0.1265547127 -0.003650978208
v -0.04300000146 0.1265707314 -0.003246240318
v -0.04250000045 0.1265867501 -0.002841480076
v -0.03100000136 0.1265867501 -0.002841480076
v -0.03050000221 0.1266187876 -0.002031996846
v -0.03000000119 0.1266241372 -0.001897074282
v -0.02950000204 0.1266241372 -0.001897074282
v -0.02900000103 0.1266241372 -0.001897074282
v -0.02850000188 0.1266081035 -0.002301834524
v -0.02800000086 0.1266081035 -0.002301834524
v -0.02750000171 0.1265974343 -0.0025716573
v -0.0270000007 0.1265867501 -0.002841480076
v -0.02650000155 0.1265814155 -0.00297639519
v -0.02600000054 0.1265814155 -0.00297639519
v -0.02550000139 0.1265814155 -0.00297639519
v -0.02500000037 0.1265867501 -0.002841480076
v -0.02450000122 0.1265814155 -0.00297639519
v -0.02400000021 0.1265814155 -0.00297639519
v -0.02350000106 0.1265867501 -0.002841480076
v -0.02300000191 0.1265920848 -0.002706579864
v -0.02250000089 0.1265920848 -0.002706579864
v -0.02200000174 0.1265920848 -0.002706579864
v -0.02150000073 0.1265814155 -0.00297639519
v -0.02100000158 0.1265867501 -0.002841480076
v -0.02050000057 0.1265814155 -0.00297639519
v -0.02000000142 0.1265814155 -0.00297639519
v -0.0195000004 0.1265707314 -0.003246240318
v -0.01900000125 0.1266294718 -0.00176217407
v -0.01850000024 0.1266348064 -0.001627258956
v -0.01800000109 0.1266348064 -0.001627258956
v -0.01750000007 0.1266241372 -0.001897074282
v -0.01700000092 0.126613453 -0.00216691196
v -0.01649999991 0.1266027689 -0.002436742187
v -0.01600000076 0.1265867501 -0.002841480076
v -0.01550000068 0.126576066 -0.003111317754
v -0.0150000006 0.1265600473 -0.003516055644
v -0.01450000051 0.1265547127 -0.003650978208
v -0.01400000043 0.1265440285 -0.003920800984
v -0.01350000035 0.1264799535 -0.005539774895
v -0.01300000027 0.1264586002 -0.006079435349
v -0.01250000019 0.126447916 -0.006349250674
v -0.0120000001 0.1263464689 -0.00891263783
v -0.01150000095 0.1263678223 -0.008372977376
v -0.01100000087 0.1263518035 -0.008777715266
v -0.01050000079 0.1263251007 -0.009452290833
v -0.01000000071 0.126282379 -0.01053161919
v -0.009500000626 0.1262503415 -0.01134109497
v -0.009000000544 0.1261595637 -0.013634637
v -0.008500000462 0.126154229 -0.01376955956
v -0.00800000038 0.1261488944 -0.01390448213
v -0.007500000298 0.1261328757 -0.01430922002
v -0.007000000216 0.1259139478 -0.01984069496
v -0.006500000134 0.1259032637 -0.02011053264
v -0.005500000436 0.1254387051 -0.03184809908
v -0.005000000354 0.1292361915 0.06742610037
v -0.004500000272 0.1292427629 0.06766548753
v -0.00400000019 0.1292493492 0.06790490448
v -0.003500000108 0.1292361915 0.06742610037
v -0.003000000026 0.1292361915 0.06742610037
v -0.002500000177 0.1292427629 0.06766548753
v -0.002000000095 0.1292394847 0.0675458014
v -0.001500000013 0.1292394847 0.0675458014
v -0.001000000047 0.1292394847 0.0675458014
v -0.0005000000237 0.1292394847 0.0675458014
v 0 0.1292427629 0.06766548753
v 0.0005000000237 0.1292427629 0.06766548753
v 0.001000000047 0.1292394847 0.0675458014
v 0.001500000013 0.1292361915 0.06742610037
v 0.002000000095 0.1292361915 0.06742610037
v 0.002500000177 0.1292361915 0.06742610037
v 0.003000000026 0.1292361915 0.06742610037
v 0.003500000108 0.1292328984 0.06730638444
v 0.00400000019 0.1292296052 0.06718666852
v 0.004500000272 0.129226312 0.06706698239
v 0.005000000354 0.129226312 0.06706698239
v 0.005500000436 0.1241518632 -0.06442155689
v 0.006000000052 0.1241574883 -0.06427893788
v 0.006500000134 0.1241574883 -0.06427893788
v 0.007000000216 0.1241574883 -0.06427893788
v 0.007500000298 0.124163121 -0.06413632631
v 0.00800000038 0.1241574883 -0.06427893788
v 0.008500000462 0.1241574883 -0.06427893788
v 0.009000000544 0.1291440576 0.06407442689
v 0.009500000626 0.1241405979 -0.06470676512
v 0.01000000071 0.1291308999 0.06359560788
v 0.01050000079 0.1241349652 -0.06484938413
v 0.01100000087 0.1241349652 -0.06484938413
v 0.0120000001 0.1241462305 -0.06456415355
v 0.01300000027 0.1241462305 -0.06456415355
v 0.01550000068 0.1241574883 -0.06427893788
v 0.01700000092 0.1240786538 -0.06627546996
v 0.0195000004 0.1239378676 -0.06984071434
v 0.02000000142 0.1239266098 -0.07012594491
v 0.02200000174 0.1239322424 -0.0699833259
v 0.02300000191 0.1239153445 -0.07041115314
v 0.02450000122 0.1238646656 -0.07169464976
v 0.02500000037 0.1238815561 -0.07126680017
v 0.02550000139 0.1238759235 -0.07140941918
v -0.02625000104 0.1272955388 -0.003651820123
v -0.02575000189 0.1273112893 -0.003247082233
v -0.02525000088 0.1273112893 -0.003247082233
v -0.02475000173 0.1273165494 -0.003112159669
v -0.02425000072 0.1273060441 -0.003381982446
v -0.02375000156 0.1273112893 -0.003247082233
v -0.02325000055 0.127300784 -0.003516897559
v -0.02075000107 0.1299723536 0.06874212623
v -0.02025000006 0.1299723536 0.06874212623
v -0.01975000091 0.1299884617 0.06934064627
v -0.01925000176 0.1299981326 0.06969979405
v -0.01875000075 0.1299981326 0.06969979405
v -0.01825000159 0.1299949139 0.06958007812
v -0.01775000058 0.1299981326 0.06969979405
v -0.01725000143 0.1299981326 0.06969979405
v -0.01675000042 0.1299852431 0.06922094524
v -0.01625000127 0.1299884617 0.06934064627
v -0.01575000025 0.1299852431 0.06922094524
v -0.0152500011 0.1299884617 0.06934064627
v -0.01475000102 0.1299852431 0.06922094524
v -0.01425000094 0.1299820244 0.06910124421
v -0.01375000086 0.1299787909 0.06898152828
v -0.01325000077 0.1299787909 0.06898152828
v -0.01275000069 0.1299787909 0.06898152828
v -0.01225000061 0.1299755722 0.06886184216
v -0.01175000053 0.1299755722 0.06886184216
v -0.01125000045 0.1299723536 0.06874212623
v -0.01075000037 0.1299723536 0.06874212623
v -0.01025000028 0.1299659014 0.06850269437
v -0.009750000201 0.12996912 0.0686224252
v -0.009250000119 0.12996912 0.0686224252
v -0.008750000037 0.1299659014 0.06850269437
v -0.008249999955 0.1299659014 0.06850269437
v -0.007750000339 0.1299626827 0.06838302314
v -0.007250000257 0.1299626827 0.06838302314
v -0.006750000175 0.1299594492 0.06826329231
v -0.006250000093 0.1299562305 0.06814359128
v -0.005750000477 0.1299562305 0.06814359128
v -0.005250000395 0.1299594492 0.06826329231
v -0.004750000313 0.1299562305 0.06814359128
v -0.004250000231 0.1299626827 0.06838302314
v -0.003750000149 0.1299626827 0.06838302314
v -0.003250000067 0.1299562305 0.06814359128
v -0.002750000218 0.1299562305 0.06814359128
v -0.002250000136 0.1299562305 0.06814359128
v -0.001750000054 0.1299562305 0.06814359128
v -0.001250000088 0.1299530119 0.06802387536
v -0.0007500000065 0.1299497783 0.06790417433
v -0.0002500000119 0.1299530119 0.06802387536
v 0.0002500000119 0.1299497783 0.06790417433
v 0.0007500000065 0.1299497783 0.06790417433
v 0.001250000088 0.1299497783 0.06790417433
v 0.001750000054 0.1299465597 0.0677844733
v 0.002250000136 0.129943341 0.06766475737
v 0.002750000218 0.129943341 0.06766475737
v 0.003250000067 0.1299401075 0.06754507124
v 0.003750000149 0.1299401075 0.06754507124
v 0.004250000231 0.1299336702 0.06730563939
v 0.004750000313 0.1299336702 0.06730563939
v 0.005250000395 0.1299304366 0.06718592346
v 0.005750000477 0.1299046576 0.06622830033
v 0.006250000093 0.129901439 0.0661085695
v 0.006750000175 0.1298949867 0.06586915255
v 0.007250000257 0.1298885345 0.06562975049
v 0.007750000339 0.1298885345 0.06562975049
v 0.008249999955 0.1298853159 0.06551003456
v 0.008750000037 0.1298820972 0.06539034843
v 0.009250000119 0.1298724264 0.06503120065
v 0.009750000201 0.129875645 0.06515093148
v 0.01025000028 0.1298691928 0.06491151452
v 0.01075000037 0.1298659742 0.06479179859
v 0.01125000045 0.1298659742 0.06479179859
v 0.01175000053 0.1298563033 0.06443269551
v 0.01225000061 0.1298530847 0.06431297958
v 0.01275000069 0.1298498511 0.06419326365
v 0.01325000077 0.1298466325 0.06407357752
v 0.01375000086 0.1298401803 0.06383414567
v 0.01425000094 0.1298401803 0.06383414567
v 0.01475000102 0.1298369616 0.06371442974
v 0.0152500011 0.1249139011 -0.06485082954
v 0.01725000143 0.1247198433 -0.0698422417
v 0.01875000075 0.1247309297 -0.06955703348
v 0.01925000176 0.1247198433 -0.0698422417
v 0.01975000091 0.1247143 -0.06998486072
v 0.02075000107 0.124664396 -0.07126835734
v 0.02425000072 0.1246366724 -0.07198143005
v 0.02475000173 0.124664396 -0.07126835734
v 0.02525000088 0.1246588528 -0.07141097635
v -0.02300000191 0.130681783 0.06910055876
v -0.02250000089 0.1306912452 0.06945969164
v -0.02200000174 0.1307007223 0.06981882453
v -0.02150000073 0.1307007223 0.06981882453
v -0.02100000158 0.1307007223 0.06981882453
v -0.02050000057 0.1307007223 0.06981882453
v -0.02000000142 0.1307038814 0.06993854046
v -0.0195000004 0.1307038814 0.06993854046
v -0.01900000125 0.1307101846 0.07017795742
v -0.01850000024 0.1307101846 0.07017795742
v -0.01800000109 0.1307070255 0.07005825639
v -0.01750000007 0.1307038814 0.06993854046
v -0.01700000092 0.1307070255 0.07005825639
v -0.01649999991 0.1307007223 0.06981882453
v -0.01600000076 0.1307007223 0.06981882453
v -0.01550000068 0.1306975633 0.0696991235
v -0.0150000006 0.1306944042 0.06957942247
v -0.01450000051 0.1306944042 0.06957942247
v -0.01400000043 0.1306912452 0.06945969164
v -0.01350000035 0.1306880862 0.06933997571
v -0.01300000027 0.1306912452 0.06945969164
v -0.01250000019 0.130684942 0.06922027469
v -0.0120000001 0.130684942 0.06922027469
v -0.01150000095 0.130684942 0.06922027469
v -0.01100000087 0.130681783 0.06910055876
v -0.01050000079 0.130684942 0.06922027469
v -0.01000000071 0.130681783 0.06910055876
v -0.009500000626 0.130681783 0.06910055876
v -0.009000000544 0.1306786239 0.06898085773
v -0.008500000462 0.1306754649 0.0688611567
v -0.00800000038 0.1306754649 0.0688611567
v -0.007500000298 0.1306754649 0.0688611567
v -0.007000000216 0.1306754649 0.0688611567
v -0.006500000134 0.1306723058 0.06874144077
v -0.006000000052 0.1306723058 0.06874144077
v -0.005500000436 0.1306691468 0.06862172484
v -0.005000000354 0.1306691468 0.06862172484
v -0.004500000272 0.1306691468 0.06862172484
v -0.00400000019 0.1306691468 0.06862172484
v -0.003500000108 0.1306691468 0.06862172484
v -0.003000000026 0.1306659877 0.06850199401
v -0.002500000177 0.1306691468 0.06862172484
v -0.002000000095 0.1306628436 0.06838230789
v -0.001500000013 0.1306628436 0.06838230789
v -0.001000000047 0.1306596845 0.06826259196
v -0.0005000000237 0.1306565255 0.06814287603
v 0 0.1306565255 0.06814287603
v 0.0005000000237 0.1306533664 0.0680231601
v 0.001000000047 0.1306533664 0.0680231601
v 0.001500000013 0.1306533664 0.0680231601
v 0.002000000095 0.1306502074 0.06790345907
v 0.002500000177 0.1306502074 0.06790345907
v 0.003000000026 0.1306470484 0.06778374314
v 0.003500000108 0.1306407452 0.06754434109
v 0.00400000019 0.1306407452 0.06754434109
v 0.004500000272 0.1306407452 0.06754434109
v 0.005000000354 0.1306375861 0.06742462516
v 0.005500000436 0.130631268 0.0671851784
v 0.006000000052 0.1306186467 0.06670635939
v 0.006500000134 0.1306186467 0.06670635939
v 0.007000000216 0.1306123286 0.06646692753
v 0.007500000298 0.1306060255 0.06622751057
v 0.00800000038 0.1306060255 0.06622751057
v 0.008500000462 0.1305997074 0.06598807871
v 0.009000000544 0.1305933893 0.06574866176
v 0.009500000626 0.1305870712 0.0655092299
v 0.01000000071 0.1305902302 0.06562894583
v 0.01050000079 0.130580768 0.06526982784
v 0.01100000087 0.130580768 0.06526982784
v 0.01150000095 0.130580768 0.06526982784
v 0.0120000001 0.1305744499 0.06503038108
v 0.01250000019 0.1305712909 0.06491068006
v 0.01300000027 0.1305712909 0.06491068006
v 0.01350000035 0.1305681318 0.06479097903
v 0.01400000043 0.1305649877 0.0646712631
v 0.01450000051 0.1305649877 0.0646712631
v 0.0150000006 0.1305681318 0.06479097903
v 0.01550000068 0.1305681318 0.06479097903
v 0.01600000076 0.1305712909 0.06491068006
v 0.01649999991 0.1305744499 0.06503038108
v 0.01700000092 0.1305776089 0.06515011191
v 0.01750000007 0.1305776089 0.06515011191
v 0.01800000109 0.1305744499 0.06503038108
v 0.01850000024 0.1305744499 0.06503038108
v 0.01900000125 0.1255072802 -0.06970115751
v 0.0195000004 0.1254909039 -0.07012901455
v 0.02000000142 0.1254799813 -0.07041423768
v 0.02050000057 0.1254526973 -0.07112731785
v 0.02100000158 0.1254581511 -0.07098469883
v 0.02150000073 0.1254472435 -0.07126991451
v 0.02200000174 0.1254526973 -0.07112731785
v 0.02350000106 0.1254417896 -0.07141253352
v 0.02450000122 0.1254308671 -0.071697779
v 0.02500000037 0.1254363209 -0.07155515999
v -0.02375000156 0.1314000934 0.06981816888
v -0.02325000055 0.131409362 0.07017731667
v -0.0227500014 0.1314124465 0.07029703259
v -0.02225000039 0.1314124465 0.07029703259
v -0.02175000124 0.1314155459 0.07041674852
v -0.02125000022 0.1314186305 0.07053647935
v -0.02075000107 0.1314155459 0.07041674852
v -0.02025000006 0.1314155459 0.07041674852
v -0.01975000091 0.1314155459 0.07041674852
v -0.01925000176 0.1314124465 0.07029703259
v -0.01875000075 0.1314155459 0.07041674852
v -0.01825000159 0.1314124465 0.07029703259
v -0.01775000058 0.131409362 0.07017731667
v -0.01725000143 0.1314062774 0.07005761564
v -0.01675000042 0.131409362 0.07017731667
v -0.01625000127 0.1314062774 0.07005761564
v -0.01575000025 0.131403178 0.06993789971
v -0.0152500011 0.1313970089 0.06969846785
v -0.01475000102 0.1313970089 0.06969846785
v -0.01425000094 0.1313970089 0.06969846785
v -0.01375000086 0.1313939095 0.06957875192
v -0.01325000077 0.1313939095 0.06957875192
v -0.01275000069 0.1313939095 0.06957875192
v -0.01225000061 0.1313908249 0.06945902109
v -0.01175000053 0.1313908249 0.06945902109
v -0.01125000045 0.1313877255 0.06933930516
v -0.01075000037 0.1313877255 0.06933930516
v -0.01025000028 0.1313908249 0.06945902109
v -0.009750000201 0.1313846409 0.06921960413
v -0.009250000119 0.1313846409 0.06921960413
v -0.008750000037 0.1313846409 0.06921960413
v -0.008249999955 0.1313815564 0.06909988821
v -0.007750000339 0.1313815564 0.06909988821
v -0.007250000257 0.1313815564 0.06909988821
v -0.006750000175 0.131378457 0.06898017228
v -0.006250000093 0.1313753724 0.06886047125
v -0.005750000477 0.131378457 0.06898017228
v -0.005250000395 0.1313753724 0.06886047125
v -0.004750000313 0.1313753724 0.06886047125
v -0.004250000231 0.1313722879 0.06874074042
v -0.003750000149 0.1313753724 0.06886047125
v -0.003250000067 0.1313722879 0.06874074042
v -0.002750000218 0.1313722879 0.06874074042
v -0.002250000136 0.1313691884 0.06862102449
v -0.001750000054 0.1313661039 0.06850129366
v -0.001250000088 0.1313661039 0.06850129366
v -0.0007500000065 0.1313630193 0.06838160753
v -0.0002500000119 0.1313599199 0.0682618767
v 0.0002500000119 0.1313568354 0.06814216077
v 0.0007500000065 0.1313537508 0.06802244484
v 0.001250000088 0.1313568354 0.06814216077
v 0.001750000054 0.1313568354 0.06814216077
v 0.002250000136 0.1313537508 0.06802244484
v 0.002750000218 0.1313537508 0.06802244484
v 0.003250000067 0.1313475668 0.06778302789
v 0.003750000149 0.1313475668 0.06778302789
v 0.004250000231 0.1313444823 0.06766329706
v 0.004750000313 0.1313444823 0.06766329706
v 0.005250000395 0.1313382983 0.0674238801
v 0.005750000477 0.1313352138 0.06730414927
v 0.006250000093 0.1313290298 0.06706473231
v 0.006750000175 0.1313228458 0.06682530046
v 0.007250000257 0.1313197613 0.06670559943
v 0.007750000339 0.1313197613 0.06670559943
v 0.008249999955 0.1313135773 0.06646615267
v 0.008750000037 0.1313073933 0.06622673571
v 0.009250000119 0.1313012242 0.06598728895
v 0.009750000201 0.1313012242 0.06598728895
v 0.01025000028 0.1312981248 0.06586757302
v 0.01075000037 0.1312919557 0.06562814116
v 0.01125000045 0.1312888563 0.06550842524
v 0.01175000053 0.1312919557 0.06562814116
v 0.01225000061 0.1312857717 0.06538872421
v 0.01275000069 0.1312826872 0.06526900828
v 0.01325000077 0.1312857717 0.06538872421
v 0.01375000086 0.1312826872 0.06526900828
v 0.01425000094 0.1312826872 0.06526900828
v 0.01475000102 0.1312795877 0.06514929235
v 0.0152500011 0.1312826872 0.06526900828
v 0.01575000025 0.1312826872 0.06526900828
v 0.01625000127 0.1312857717 0.06538872421
v 0.01675000042 0.1312826872 0.06526900828
v 0.01725000143 0.1312857717 0.06538872421
v 0.01775000058 0.1312857717 0.06538872421
v 0.01825000159 0.1312826872 0.06526900828
v 0.01875000075 0.1312826872 0.06526900828
v 0.01925000176 0.1312857717 0.06538872421
v 0.02025000006 0.1262515634 -0.07070100307
v 0.02075000107 0.126246199 -0.07084362209
v 0.02125000022 0.126246199 -0.07084362209
v 0.02175000124 0.1262354553 -0.07112887502
v 0.02225000039 0.1262354553 -0.07112887502
v 0.0227500014 0.1262193322 -0.07155671716
v 0.02325000055 0.1262139678 -0.07169934362
v -0.02500000037 0.1320964396 0.0696978122
v -0.02450000122 0.1321145743 0.07041612267
v -0.02400000021 0.1321236342 0.07077528536
v -0.02350000106 0.1321206242 0.07065553963
v -0.02300000191 0.1321266592 0.07089500129
v -0.02250000089 0.1321236342 0.07077528536
v -0.02200000174 0.1321236342 0.07077528536
v -0.02150000073 0.1321266592 0.07089500129
v -0.02100000158 0.1321236342 0.07077528536
v -0.02050000057 0.1321206242 0.07065553963
v -0.02000000142 0.1321206242 0.07065553963
v -0.0195000004 0.1321175992 0.07053585351
v -0.01900000125 0.1321145743 0.07041612267
v -0.01850000024 0.1321145743 0.07041612267
v -0.01800000109 0.1321115494 0.07029639184
v -0.01750000007 0.1321115494 0.07029639184
v -0.01700000092 0.1321085244 0.07017667592
v -0.01649999991 0.1321054995 0.07005695999
v -0.01600000076 0.1321024746 0.06993724406
v -0.01550000068 0.1320994496 0.06981751323
v -0.0150000006 0.1320964396 0.0696978122
v -0.01450000051 0.1320964396 0.0696978122
v -0.01400000043 0.1320964396 0.0696978122
v -0.01350000035 0.1320934147 0.06957809627
v -0.01300000027 0.1320934147 0.06957809627
v -0.01250000019 0.1320934147 0.06957809627
v -0.0120000001 0.1320934147 0.06957809627
v -0.01150000095 0.1320903897 0.06945836544
v -0.01100000087 0.1320903897 0.06945836544
v -0.01050000079 0.1320903897 0.06945836544
v -0.01000000071 0.1320873648 0.06933863461
v -0.009500000626 0.1320873648 0.06933863461
v -0.009000000544 0.1320873648 0.06933863461
v -0.008500000462 0.1320843399 0.06921893358
v -0.00800000038 0.1320843399 0.06921893358
v -0.007500000298 0.1320813149 0.06909920275
v -0.007000000216 0.1320813149 0.06909920275
v -0.006500000134 0.1320813149 0.06909920275
v -0.006000000052 0.1320813149 0.06909920275
v -0.005500000436 0.13207829 0.06897948682
v -0.005000000354 0.13207829 0.06897948682
v -0.004500000272 0.13207829 0.06897948682
v -0.00400000019 0.13207528 0.0688597858
v -0.003500000108 0.132072255 0.06874005497
v -0.003000000026 0.132072255 0.06874005497
v -0.002500000177 0.1320692301 0.06862033904
v -0.002000000095 0.1320692301 0.06862033904
v -0.001500000013 0.1320662051 0.0685005933
v -0.001000000047 0.1320662051 0.0685005933
v -0.0005000000237 0.1320631802 0.06838090718
v 0 0.1320601553 0.06826117635
v 0.0005000000237 0.1320541203 0.06802172959
v 0.001000000047 0.1320541203 0.06802172959
v 0.001500000013 0.1320541203 0.06802172959
v 0.002000000095 0.1320541203 0.06802172959
v 0.002500000177 0.1320541203 0.06802172959
v 0.003000000026 0.1320541203 0.06802172959
v 0.003500000108 0.1320541203 0.06802172959
v 0.00400000019 0.1320541203 0.06802172959
v 0.004500000272 0.1320510954 0.06790201366
v 0.005000000354 0.1320510954 0.06790201366
v 0.005500000436 0.1320389956 0.06742314994
v 0.006000000052 0.1320389956 0.06742314994
v 0.006500000134 0.1320329607 0.06718368828
v 0.007000000216 0.1320269108 0.06694425642
v 0.007500000298 0.1320238858 0.0668245405
v 0.00800000038 0.1320238858 0.0668245405
v 0.008500000462 0.132017836 0.06658510864
v 0.009000000544 0.132014811 0.06646537781
v 0.009500000626 0.1320117861 0.06634566188
v 0.01000000071 0.1320057511 0.06610621512
v 0.01050000079 0.1320057511 0.06610621512
v 0.01100000087 0.1319997013 0.06586678326
v 0.01150000095 0.1319997013 0.06586678326
v 0.0120000001 0.1319966763 0.06574706733
v 0.01250000019 0.1319936514 0.0656273514
v 0.01300000027 0.1319936514 0.0656273514
v 0.01350000035 0.1319906265 0.06550762057
v 0.01400000043 0.1319906265 0.06550762057
v 0.01450000051 0.1319906265 0.06550762057
v 0.0150000006 0.1319906265 0.06550762057
v 0.01550000068 0.1319936514 0.0656273514
v 0.01600000076 0.1319966763 0.06574706733
v 0.01649999991 0.1319906265 0.06550762057
v 0.01700000092 0.1319936514 0.0656273514
v 0.01750000007 0.1319906265 0.06550762057
v 0.01800000109 0.1319906265 0.06550762057
v 0.01850000024 0.1319906265 0.06550762057
v 0.01900000125 0.1319936514 0.0656273514
v 0.0195000004 0.1270182133 -0.07113042474
v 0.02000000142 0.1270234883 -0.07098779827
v 0.02050000057 0.1270287782 -0.07084517181
v 0.02100000158 0.1270287782 -0.07084517181
v 0.02150000073 0.1270182133 -0.07113042474
v 0.02200000174 0.1270076334 -0.07141565531
v 0.02250000089 0.1269970685 -0.07170090824
v -0.02575000189 0.1328047216 0.07005631924
v -0.02525000088 0.1328165531 0.07053522766
v -0.02475000173 0.1328224689 0.07077465951
v -0.02425000072 0.1328283697 0.07101410627
v -0.02375000156 0.1328342855 0.07125355303
v -0.02325000055 0.1328342855 0.07125355303
v -0.0227500014 0.1328342855 0.07125355303
v -0.02225000039 0.1328313351 0.0711338222
v -0.02175000124 0.1328313351 0.0711338222
v -0.02125000022 0.1328283697 0.07101410627
v -0.02075000107 0.1328283697 0.07101410627
v -0.02025000006 0.1328224689 0.07077465951
v -0.01975000091 0.1328224689 0.07077465951
v -0.01925000176 0.1328136027 0.07041548193
v -0.01875000075 0.1328136027 0.07041548193
v -0.01825000159 0.1328136027 0.07041548193
v -0.01775000058 0.1328106374 0.07029575109
v -0.01725000143 0.1328106374 0.07029575109
v -0.01675000042 0.1328047216 0.07005631924
v -0.01625000127 0.1328017712 0.06993658841
v -0.01575000025 0.1328017712 0.06993658841
v -0.0152500011 0.1328017712 0.06993658841
v -0.01475000102 0.1327958554 0.06969715655
v -0.01425000094 0.1327988207 0.06981687248
v -0.01375000086 0.1327988207 0.06981687248
v -0.01325000077 0.132792905 0.06957742572
v -0.01275000069 0.132792905 0.06957742572
v -0.01225000061 0.1327958554 0.06969715655
v -0.01175000053 0.132792905 0.06957742572
v -0.01125000045 0.132792905 0.06957742572
v -0.01075000037 0.1327899545 0.06945769489
v -0.01025000028 0.1327899545 0.06945769489
v -0.009750000201 0.1327869892 0.06933796406
v -0.009250000119 0.1327840388 0.06921824813
v -0.008750000037 0.1327840388 0.06921824813
v -0.008249999955 0.1327840388 0.06921824813
v -0.007750000339 0.1327840388 0.06921824813
v -0.007250000257 0.1327810735 0.0690985322
v -0.006750000175 0.1327840388 0.06921824813
v -0.006250000093 0.1327810735 0.0690985322
v -0.005750000477 0.132778123 0.06897880137
v -0.005250000395 0.132778123 0.06897880137
v -0.004750000313 0.1327751726 0.06885908544
v -0.004250000231 0.1327751726 0.06885908544
v -0.003750000149 0.1327722073 0.06873936951
v -0.003250000067 0.1327751726 0.06885908544
v -0.002750000218 0.1327722073 0.06873936951
v -0.002250000136 0.1327692568 0.06861963868
v -0.001750000054 0.1327663064 0.06849990785
v -0.001250000088 0.1327663064 0.06849990785
v -0.0007500000065 0.1327663064 0.06849990785
v -0.0002500000119 0.1327603906 0.06826046109
v 0.0002500000119 0.1327574253 0.06814073026
v 0.0007500000065 0.1327574253 0.06814073026
v 0.001250000088 0.1327544749 0.06802101433
v 0.001750000054 0.1327574253 0.06814073026
v 0.002250000136 0.1327574253 0.06814073026
v 0.002750000218 0.1327574253 0.06814073026
v 0.003250000067 0.1327544749 0.06802101433
v 0.003750000149 0.1327574253 0.06814073026
v 0.004250000231 0.1327544749 0.06802101433
v 0.004750000313 0.1327574253 0.06814073026
v 0.005250000395 0.1327544749 0.06802101433
v 0.005750000477 0.1327456087 0.06766185164
v 0.006250000093 0.1327426583 0.06754213572
v 0.006750000175 0.1327367425 0.06730267406
v 0.007250000257 0.1327337772 0.06718294322
v 0.007750000339 0.1327278763 0.06694349647
v 0.008249999955 0.132724911 0.06682378054
v 0.008750000037 0.1327219605 0.06670406461
v 0.009250000119 0.1327189952 0.06658433378
v 0.009750000201 0.1327130944 0.06634488702
v 0.01025000028 0.132710129 0.06622517109
v 0.01075000037 0.132710129 0.06622517109
v 0.01125000045 0.1327042282 0.06598570943
v 0.01175000053 0.1327042282 0.06598570943
v 0.01225000061 0.1327012628 0.0658659786
v 0.01275000069 0.1326983124 0.06574627757
v 0.01325000077 0.1326983124 0.06574627757
v 0.01375000086 0.1326953471 0.06562654674
v 0.01425000094 0.1326983124 0.06574627757
v 0.01475000102 0.1326953471 0.06562654674
v 0.0152500011 0.1326983124 0.06574627757
v 0.01575000025 0.1326983124 0.06574627757
v 0.01625000127 0.1326983124 0.06574627757
v 0.01675000042 0.1326953471 0.06562654674
v 0.01725000143 0.1326953471 0.06562654674
v 0.01775000058 0.1326953471 0.06562654674
v 0.01825000159 0.1326923966 0.06550681591
v 0.01875000075 0.1326923966 0.06550681591
v 0.01925000176 0.1326923966 0.06550681591
v 0.01975000091 0.1278113574 -0.07084672153
v 0.02025000006 0.1278113574 -0.07084672153
v 0.02075000107 0.1278061569 -0.07098935544
v -0.02650000155 0.1335039586 0.07005567849
v -0.02600000054 0.1335183978 0.07065430284
v -0.02550000139 0.1335241795 0.0708937794
v -0.02500000037 0.1335299611 0.07113321126
v -0.02450000122 0.1335357428 0.07137267292
v -0.02400000021 0.1335386336 0.07149238884
v -0.02350000106 0.1335415244 0.07161211967
v -0.02300000191 0.1335386336 0.07149238884
v -0.02250000089 0.1335357428 0.07137267292
v -0.02200000174 0.1335328519 0.07125294209
v -0.02150000073 0.1335299611 0.07113321126
v -0.02100000158 0.1335299611 0.07113321126
v -0.02050000057 0.1335241795 0.0708937794
v -0.02000000142 0.1335212886 0.07077403367
v -0.0195000004 0.1335183978 0.07065430284
v -0.01900000125 0.1335155219 0.07053458691
v -0.01850000024 0.1335155219 0.07053458691
v -0.01800000109 0.1335126311 0.07041485608
v -0.01750000007 0.1335097402 0.07029512525
v -0.01700000092 0.1335097402 0.07029512525
v -0.01649999991 0.1335039586 0.07005567849
v -0.01600000076 0.1335068494 0.07017539442
v -0.01550000068 0.1335039586 0.07005567849
v -0.0150000006 0.1335010678 0.06993594766
v -0.01450000051 0.1334981769 0.06981621683
v -0.01400000043 0.1334981769 0.06981621683
v -0.01350000035 0.1334981769 0.06981621683
v -0.01300000027 0.1334952861 0.0696965009
v -0.01250000019 0.1334952861 0.0696965009
v -0.0120000001 0.1334924102 0.06957677007
v -0.01150000095 0.1334924102 0.06957677007
v -0.01100000087 0.1334895194 0.06945702434
v -0.01050000079 0.1334895194 0.06945702434
v -0.01000000071 0.1334924102 0.06957677007
v -0.009500000626 0.1334895194 0.06945702434
v -0.009000000544 0.1334866285 0.06933729351
v -0.008500000462 0.1334866285 0.06933729351
v -0.00800000038 0.1334837377 0.06921757758
v -0.007500000298 0.1334837377 0.06921757758
v -0.007000000216 0.1334837377 0.06921757758
v -0.006500000134 0.1334808469 0.06909784675
v -0.006000000052 0.1334808469 0.06909784675
v -0.005500000436 0.1334779561 0.06897811592
v -0.005000000354 0.1334779561 0.06897811592
v -0.004500000272 0.1334779561 0.06897811592
v -0.00400000019 0.1334750652 0.06885839999
v -0.003500000108 0.1334750652 0.06885839999
v -0.003000000026 0.1334750652 0.06885839999
v -0.002500000177 0.1334721744 0.06873866916
v -0.002000000095 0.1334692836 0.06861893833
v -0.001500000013 0.1334663928 0.0684992075
v -0.001000000047 0.1334663928 0.0684992075
v -0.0005000000237 0.1334663928 0.0684992075
v 0 0.133460626 0.06825974584
v 0.0005000000237 0.133460626 0.06825974584
v 0.001000000047 0.133460626 0.06825974584
v 0.001500000013 0.1334577352 0.06814002991
v 0.002000000095 0.1334577352 0.06814002991
v 0.002500000177 0.133460626 0.06825974584
v 0.003000000026 0.1334577352 0.06814002991
v 0.003500000108 0.1334577352 0.06814002991
v 0.00400000019 0.1334577352 0.06814002991
v 0.004500000272 0.1334577352 0.06814002991
v 0.005000000354 0.1334577352 0.06814002991
v 0.005500000436 0.1334548444 0.06802029908
v 0.006000000052 0.1334490627 0.06778083742
v 0.006500000134 0.1334432811 0.06754140556
v 0.007000000216 0.1334404051 0.06742165983
v 0.007500000298 0.1334317327 0.06706248224
v 0.00800000038 0.1334288418 0.06694275141
v 0.008500000462 0.133425951 0.06682302058
v 0.009000000544 0.1334201694 0.06658357382
v 0.009500000626 0.1334172785 0.06646384299
v 0.01000000071 0.1334115118 0.06622439623
v 0.01050000079 0.1334144026 0.06634411216
v 0.01100000087 0.133408621 0.0661046505
v 0.01150000095 0.133408621 0.0661046505
v 0.0120000001 0.1334057301 0.06598491967
v 0.01250000019 0.1333999485 0.06574547291
v 0.01300000027 0.1333999485 0.06574547291
v 0.01350000035 0.1333970577 0.06562574208
v 0.01400000043 0.1333970577 0.06562574208
v 0.01450000051 0.1333970577 0.06562574208
v 0.0150000006 0.1333970577 0.06562574208
v 0.01550000068 0.1333970577 0.06562574208
v 0.01600000076 0.1333941668 0.06550601125
v 0.01649999991 0.1333941668 0.06550601125
v 0.01700000092 0.1333941668 0.06550601125
v 0.01750000007 0.1333941668 0.06550601125
v 0.01800000109 0.133391276 0.06538629532
v 0.01850000024 0.133391276 0.06538629532
v 0.01900000125 0.1333826184 0.06502708793
v 0.02000000142 0.1285785884 -0.07127614319
v -0.02775000222 0.134197548 0.06981556118
v -0.02725000121 0.1342088431 0.0702944845
v -0.02675000206 0.1342201233 0.07077342272
v -0.02625000104 0.1342257708 0.07101288438
v -0.02575000189 0.1342314184 0.07125234604
v -0.02525000088 0.1342342347 0.07137207687
v -0.02475000173 0.1342398822 0.07161153853
v -0.02425000072 0.1342426986 0.07173128426
v -0.02375000156 0.1342426986 0.07173128426
v -0.02325000055 0.1342426986 0.07173128426
v -0.0227500014 0.1342398822 0.07161153853
v -0.02225000039 0.1342370659 0.0714918077
v -0.02175000124 0.1342314184 0.07125234604
v -0.02125000022 0.1342285872 0.07113261521
v -0.02075000107 0.1342257708 0.07101288438
v -0.02025000006 0.1342257708 0.07101288438
v -0.01975000091 0.1342201233 0.07077342272
v -0.01925000176 0.134217307 0.07065367699
v -0.01875000075 0.134217307 0.07065367699
v -0.01825000159 0.1342144758 0.07053396106
v -0.01775000058 0.1342116594 0.07041421533
v -0.01725000143 0.1342116594 0.07041421533
v -0.01675000042 0.1342088431 0.0702944845
v -0.01625000127 0.1342060119 0.07017475367
v -0.01575000025 0.1342060119 0.07017475367
v -0.0152500011 0.1342031956 0.07005503774
v -0.01475000102 0.1342031956 0.07005503774
v -0.01425000094 0.1342031956 0.07005503774
v -0.01375000086 0.1342003644 0.06993529201
v -0.01325000077 0.134197548 0.06981556118
v -0.01275000069 0.134197548 0.06981556118
v -0.01225000061 0.134197548 0.06981556118
v -0.01175000053 0.1341947317 0.06969584525
v -0.01125000045 0.1341919005 0.06957609951
v -0.01075000037 0.1341947317 0.06969584525
v -0.01025000028 0.1341919005 0.06957609951
v -0.009750000201 0.1341919005 0.06957609951
v -0.009250000119 0.1341890842 0.06945636868
v -0.008750000037 0.1341890842 0.06945636868
v -0.008249999955 0.134186253 0.06933662295
v -0.007750000339 0.1341834366 0.06921690702
v -0.007250000257 0.134186253 0.06933662295
v -0.006750000175 0.134186253 0.06933662295
v -0.006250000093 0.1341806203 0.06909717619
v -0.005750000477 0.1341806203 0.06909717619
v -0.005250000395 0.1341806203 0.06909717619
v -0.004750000313 0.1341777891 0.06897743046
v -0.004250000231 0.1341777891 0.06897743046
v -0.003750000149 0.1341749728 0.06885771453
v -0.003250000067 0.1341777891 0.06897743046
v -0.002750000218 0.1341749728 0.06885771453
v -0.002250000136 0.1341721416 0.0687379837
v -0.001750000054 0.1341693252 0.06861825287
v -0.001250000088 0.1341693252 0.06861825287
v -0.0007500000065 0.1341693252 0.06861825287
v -0.0002500000119 0.1341665089 0.06849850714
v 0.0002500000119 0.1341636777 0.06837879121
v 0.0007500000065 0.1341665089 0.06849850714
v 0.001250000088 0.1341636777 0.06837879121
v 0.001750000054 0.1341608614 0.06825904548
v 0.002250000136 0.1341608614 0.06825904548
v 0.002750000218 0.1341608614 0.06825904548
v 0.003250000067 0.1341580302 0.06813931465
v 0.003750000149 0.1341608614 0.06825904548
v 0.004250000231 0.1341608614 0.06825904548
v 0.004750000313 0.1341608614 0.06825904548
v 0.005250000395 0.1341608614 0.06825904548
v 0.005750000477 0.1341552138 0.06801958382
v 0.006250000093 0.1341523975 0.06789985299
v 0.006750000175 0.1341439188 0.0675406605
v 0.007250000257 0.1341382861 0.06730118394
v 0.007750000339 0.1341241747 0.06670254469
v 0.008249999955 0.1341213435 0.06658279896
v 0.008750000037 0.134115696 0.0663433373
v 0.009250000119 0.1341185272 0.06646306813
v 0.009750000201 0.1341128796 0.06622362137
v 0.01025000028 0.1341072321 0.06598412991
v 0.01075000037 0.1341072321 0.06598412991
v 0.01125000045 0.1341044158 0.06586439908
v 0.01175000053 0.1341044158 0.06586439908
v 0.01225000061 0.134095937 0.06550520658
v 0.01275000069 0.1340987682 0.06562493742
v 0.01325000077 0.1340987682 0.06562493742
v 0.01375000086 0.1340987682 0.06562493742
v 0.01425000094 0.1340931207 0.06538549066
v 0.01475000102 0.1340903044 0.06526575983
v 0.0152500011 0.1340903044 0.06526575983
v 0.01575000025 0.1340903044 0.06526575983
v 0.01625000127 0.1340903044 0.06526575983
v 0.01675000042 0.1340874732 0.06514601409
v 0.01725000143 0.1340846568 0.06502626836
v 0.01775000058 0.1340846568 0.06502626836
v -0.02800000086 0.1348969191 0.06981490552
v -0.02750000171 0.1349134445 0.07053333521
v -0.0270000007 0.1349244714 0.07101227343
v -0.02650000155 0.1349299848 0.07125173509
v -0.02600000054 0.1349354833 0.07149121165
v -0.02550000139 0.1349382401 0.07161094248
v -0.02500000037 0.1349437535 0.07185043395
v -0.02450000122 0.1349437535 0.07185043395
v -0.02400000021 0.1349465102 0.07197016478
v -0.02350000106 0.1349465102 0.07197016478
v -0.02300000191 0.1349437535 0.07185043395
v -0.02250000089 0.1349437535 0.07185043395
v -0.02200000174 0.1349382401 0.07161094248
v -0.02150000073 0.1349327266 0.07137148082
v -0.02100000158 0.1349272281 0.07113200426
v -0.02050000057 0.1349244714 0.07101227343
v -0.02000000142 0.1349217147 0.0708925426
v -0.0195000004 0.1349189579 0.07077279687
v -0.01900000125 0.1349162012 0.07065305114
v -0.01850000024 0.1349162012 0.07065305114
v -0.01800000109 0.1349134445 0.07053333521
v -0.01750000007 0.1349106878 0.07041358948
v -0.01700000092 0.1349134445 0.07053333521
v -0.01649999991 0.1349079311 0.07029384375
v -0.01600000076 0.1349079311 0.07029384375
v -0.01550000068 0.1349079311 0.07029384375
v -0.0150000006 0.1349079311 0.07029384375
v -0.01450000051 0.1349051744 0.07017411292
v -0.01400000043 0.1349024177 0.07005438209
v -0.01350000035 0.1349024177 0.07005438209
v -0.01300000027 0.1349024177 0.07005438209
v -0.01250000019 0.1348969191 0.06981490552
v -0.0120000001 0.1348996609 0.06993465126
v -0.01150000095 0.1348941624 0.06969517469
v -0.01100000087 0.1348941624 0.06969517469
v -0.01050000079 0.1348941624 0.06969517469
v -0.01000000071 0.1348914057 0.06957544386
v -0.009500000626 0.1348914057 0.06957544386
v -0.009000000544 0.134888649 0.06945569813
v -0.008500000462 0.134888649 0.06945569813
v -0.00800000038 0.134888649 0.06945569813
v -0.007500000298 0.1348858923 0.0693359524
v -0.007000000216 0.1348858923 0.0693359524
v -0.006500000134 0.1348831356 0.06921623647
v -0.006000000052 0.1348831356 0.06921623647
v -0.005500000436 0.1348831356 0.06921623647
v -0.005000000354 0.1348831356 0.06921623647
v -0.004500000272 0.1348803788 0.06909649074
v -0.00400000019 0.1348748654 0.06885702908
v -0.003500000108 0.1348748654 0.06885702908
v -0.003000000026 0.1348748654 0.06885702908
v -0.002500000177 0.1348748654 0.06885702908
v -0.002000000095 0.1348748654 0.06885702908
v -0.001500000013 0.1348721087 0.06873728335
v -0.001000000047 0.1348721087 0.06873728335
v -0.0005000000237 0.134869352 0.06861755252
v 0 0.134869352 0.06861755252
v 0.0005000000237 0.1348665953 0.06849780679
v 0.001000000047 0.1348665953 0.06849780679
v 0.001500000013 0.1348665953 0.06849780679
v 0.002000000095 0.1348638535 0.06837809086
v 0.002500000177 0.1348638535 0.06837809086
v 0.003000000026 0.1348638535 0.06837809086
v 0.003500000108 0.1348638535 0.06837809086
v 0.00400000019 0.1348610967 0.06825833023
v 0.004500000272 0.1348638535 0.06837809086
v 0.005000000354 0.1348638535 0.06837809086
v 0.005500000436 0.13485834 0.0681385994
v 0.006000000052 0.13485834 0.0681385994
v 0.006500000134 0.1348528266 0.06789913774
v 0.007000000216 0.1348417997 0.06742018461
v 0.007500000298 0.1348252743 0.06670176983
v 0.00800000038 0.1348114908 0.06610308588
v 0.008500000462 0.1348114908 0.06610308588
v 0.009000000544 0.1348087341 0.06598334014
v 0.009500000626 0.1348059773 0.06586360931
v 0.01000000071 0.1348032355 0.06574387848
v 0.01050000079 0.1348032355 0.06574387848
v 0.01100000087 0.1347977221 0.06550440192
v 0.01150000095 0.1347949654 0.06538468599
v 0.0120000001 0.1347949654 0.06538468599
v 0.01250000019 0.1347922087 0.06526494026
v 0.01300000027 0.1347949654 0.06538468599
v 0.01350000035 0.1347922087 0.06526494026
v 0.01400000043 0.1347839385 0.06490573287
v 0.01450000051 0.1347839385 0.06490573287
v 0.0150000006 0.1347839385 0.06490573287
v 0.01550000068 0.1347866952 0.0650254488
v 0.01600000076 0.1347839385 0.06490573287
v 0.01649999991 0.1347729117 0.06442677975
v -0.02775000222 0.1356177777 0.07077217102
v -0.02725000121 0.1356258392 0.07113139331
v -0.02675000206 0.1356365979 0.07161034644
v -0.02625000104 0.1356419772 0.0718498528
v -0.02575000189 0.1356446594 0.07196958363
v -0.02525000088 0.1356473565 0.07208932936
v -0.02475000173 0.1356500387 0.07220907509
v -0.02425000072 0.1356500387 0.07220907509
v -0.02375000156 0.1356500387 0.07220907509
v -0.02325000055 0.1356473565 0.07208932936
v -0.0227500014 0.1356446594 0.07196958363
v -0.02225000039 0.1356419772 0.0718498528
v -0.02175000124 0.1356365979 0.07161034644
v -0.02125000022 0.1356339157 0.07149061561
v -0.02075000107 0.1356258392 0.07113139331
v -0.02025000006 0.135623157 0.07101166248
v -0.01975000091 0.1356204748 0.07089193165
v -0.01925000176 0.1356204748 0.07089193165
v -0.01875000075 0.1356177777 0.07077217102
v -0.01825000159 0.1356177777 0.07077217102
v -0.01775000058 0.1356150955 0.07065242529
v -0.01725000143 0.1356150955 0.07065242529
v -0.01675000042 0.1356123984 0.07053270936
v -0.01625000127 0.1356097162 0.07041296363
v -0.01575000025 0.1356097162 0.07041296363
v -0.0152500011 0.1356097162 0.07041296363
v -0.01475000102 0.1356097162 0.07041296363
v -0.01425000094 0.1356070191 0.070293203
v -0.01375000086 0.1356070191 0.070293203
v -0.01325000077 0.1356070191 0.070293203
v -0.01275000069 0.1356016546 0.07005374134
v -0.01225000061 0.1356016546 0.07005374134
v -0.01175000053 0.1356016546 0.07005374134
v -0.01125000045 0.1355962753 0.06981424987
v -0.01075000037 0.1355962753 0.06981424987
v -0.01025000028 0.1355935782 0.06969451904
v -0.009750000201 0.1355962753 0.06981424987
v -0.009250000119 0.1355935782 0.06969451904
v -0.008750000037 0.135590896 0.06957478821
v -0.008249999955 0.135590896 0.06957478821
v -0.007750000339 0.1355881989 0.06945502758
v -0.007250000257 0.1355881989 0.06945502758
v -0.006750000175 0.1355881989 0.06945502758
v -0.006250000093 0.1355855167 0.06933528185
v -0.005750000477 0.1355828345 0.06921555102
v -0.005250000395 0.1355855167 0.06933528185
v -0.004750000313 0.1355828345 0.06921555102
v -0.004250000231 0.1355801374 0.06909580529
v -0.003750000149 0.1355801374 0.06909580529
v -0.003250000067 0.1355801374 0.06909580529
v -0.002750000218 0.1355774552 0.06897607446
v -0.002250000136 0.1355774552 0.06897607446
v -0.001750000054 0.1355774552 0.06897607446
v -0.001250000088 0.1355774552 0.06897607446
v -0.0007500000065 0.1355747581 0.06885634363
v -0.0002500000119 0.1355720758 0.0687365979
v 0.0002500000119 0.1355720758 0.0687365979
v 0.0007500000065 0.1355720758 0.0687365979
v 0.001250000088 0.1355693787 0.06861685216
v 0.001750000054 0.1355693787 0.06861685216
v 0.002250000136 0.1355666965 0.06849710643
v 0.002750000218 0.1355666965 0.06849710643
v 0.003250000067 0.1355666965 0.06849710643
v 0.003750000149 0.1355693787 0.06861685216
v 0.004250000231 0.1355693787 0.06861685216
v 0.004750000313 0.1355693787 0.06861685216
v 0.005250000395 0.1355693787 0.06861685216
v 0.005750000477 0.1355640143 0.0683773905
v 0.006250000093 0.1355613172 0.06825762987
v 0.006750000175 0.1355559379 0.06801813841
v 0.007250000257 0.1355478764 0.06765893102
v 0.007750000339 0.135526374 0.06670100987
v 0.008249999955 0.1355048567 0.06574308872
v 0.008750000037 0.1355048567 0.06574308872
v 0.009250000119 0.1354967952 0.06538386643
v 0.009750000201 0.1354994774 0.06550359726
v 0.01025000028 0.1354940981 0.0652641207
v 0.01075000037 0.1354887336 0.06502462924
v 0.01125000045 0.1354887336 0.06502462924
v 0.01175000053 0.1354860365 0.06490489841
v 0.01225000061 0.1354860365 0.06490489841
v 0.01275000069 0.1354860365 0.06490489841
v 0.01325000077 0.1354833543 0.06478515267
v 0.01375000086 0.135477975 0.06454569101
v 0.01425000094 0.1354725957 0.06430619955
v 0.01475000102 0.1354537755 0.06346800923
v -0.02800000086 0.1363166124 0.07077156007
v -0.02750000171 0.1363271028 0.0712505281
v -0.0270000007 0.1363375783 0.07172952592
v -0.02650000155 0.1363428235 0.07196900249
v -0.02600000054 0.1363480687 0.07220849395
v -0.02550000139 0.1363506913 0.07232822478
v -0.02500000037 0.1363533139 0.07244797051
v -0.02450000122 0.1363533139 0.07244797051
v -0.02400000021 0.1363533139 0.07244797051
v -0.02350000106 0.1363506913 0.07232822478
v -0.02300000191 0.1363480687 0.07220849395
v -0.02250000089 0.1363480687 0.07220849395
v -0.02200000174 0.1363402009 0.07184927166
v -0.02150000073 0.1363349557 0.07160976529
v -0.02100000158 0.1363323331 0.07149001956
v -0.02050000057 0.1363271028 0.0712505281
v -0.02000000142 0.1363244802 0.07113078237
v -0.0195000004 0.1363218576 0.07101105154
v -0.01900000125 0.1363218576 0.07101105154
v -0.01850000024 0.136319235 0.0708913058
v -0.01800000109 0.1363218576 0.07101105154
v -0.01750000007 0.136319235 0.0708913058
v -0.01700000092 0.136319235 0.0708913058
v -0.01649999991 0.1363113672 0.07053208351
v -0.01600000076 0.1363113672 0.07053208351
v -0.01550000068 0.1363113672 0.07053208351
v -0.0150000006 0.1363113672 0.07053208351
v -0.01450000051 0.1363113672 0.07053208351
v -0.01400000043 0.1363087445 0.07041232288
v -0.01350000035 0.1363087445 0.07041232288
v -0.01300000027 0.1363087445 0.07041232288
v -0.01250000019 0.1363034993 0.07017283142
v -0.0120000001 0.1363034993 0.07017283142
v -0.01150000095 0.1363008767 0.07005310059
v -0.01100000087 0.1362982541 0.06993335485
v -0.01050000079 0.1362982541 0.06993335485
v -0.01000000071 0.1362956315 0.06981359422
v -0.009500000626 0.1362956315 0.06981359422
v -0.009000000544 0.1362930089 0.06969386339
v -0.008500000462 0.1362930089 0.06969386339
v -0.00800000038 0.1362930089 0.06969386339
v -0.007500000298 0.1362930089 0.06969386339
v -0.007000000216 0.1362903863 0.06957411766
v -0.006500000134 0.1362903863 0.06957411766
v -0.006000000052 0.136285156 0.0693346113
v -0.005500000436 0.1362877786 0.06945435703
v -0.005000000354 0.136285156 0.0693346113
v -0.004500000272 0.136285156 0.0693346113
v -0.00400000019 0.1362825334 0.06921488047
v -0.003500000108 0.1362825334 0.06921488047
v -0.003000000026 0.1362799108 0.06909513474
v -0.002500000177 0.1362825334 0.06921488047
v -0.002000000095 0.1362799108 0.06909513474
v -0.001500000013 0.1362799108 0.06909513474
v -0.001000000047 0.1362799108 0.06909513474
v -0.0005000000237 0.1362746656 0.06885565817
v 0 0.1362772882 0.068975389
v 0.0005000000237 0.1362772882 0.068975389
v 0.001000000047 0.1362772882 0.068975389
v 0.001500000013 0.136272043 0.06873589754
v 0.002000000095 0.136272043 0.06873589754
v 0.002500000177 0.136272043 0.06873589754
v 0.003000000026 0.1362694204 0.06861615181
v 0.003500000108 0.136272043 0.06873589754
v 0.00400000019 0.1362746656 0.06885565817
v 0.004500000272 0.136272043 0.06873589754
v 0.005000000354 0.136272043 0.06873589754
v 0.005500000436 0.136272043 0.06873589754
v 0.006000000052 0.1362694204 0.06861615181
v 0.006500000134 0.1362667978 0.06849640608
v 0.007000000216 0.1362641752 0.06837667525
v 0.007500000298 0.13625893 0.06813716888
v 0.00800000038 0.1362458318 0.06753847003
v 0.008500000462 0.1361960173 0.06526331604
v 0.009000000544 0.1361881495 0.06490407884
v 0.009500000626 0.1361855268 0.06478433311
v 0.01000000071 0.1361802816 0.06454484165
v 0.01050000079 0.136177659 0.06442509592
v 0.01100000087 0.136177659 0.06442509592
v 0.01150000095 0.1361619234 0.06370662153
v -0.05975000188 0.1354199797 0.01725243032
v -0.05925000459 0.1354199797 0.01725243032
v -0.02825000137 0.137012884 0.07065117359
v -0.02775000222 0.1370282173 0.07136969268
v -0.02725000121 0.1370358765 0.07172892988
v -0.02675000206 0.1370435506 0.07208818197
v -0.02625000104 0.1370460987 0.0722079277
v -0.02575000189 0.1370512098 0.07244741917
v -0.02525000088 0.1370537579 0.0725671649
v -0.02475000173 0.1370563209 0.07268692553
v -0.02425000072 0.1370563209 0.07268692553
v -0.02375000156 0.1370563209 0.07268692553
v -0.02325000055 0.1370512098 0.07244741917
v -0.0227500014 0.1370486468 0.07232767344
v -0.02225000039 0.1370435506 0.07208818197
v -0.02175000124 0.1370384395 0.07184869051
v -0.02125000022 0.1370358765 0.07172892988
v -0.02075000107 0.1370333284 0.07160916924
v -0.02025000006 0.1370282173 0.07136969268
v -0.01975000091 0.1370282173 0.07136969268
v -0.01925000176 0.1370256543 0.07124993205
v -0.01875000075 0.1370256543 0.07124993205
v -0.01825000159 0.1370231062 0.07113018632
v -0.01775000058 0.1370231062 0.07113018632
v -0.01725000143 0.1370205581 0.07101044059
v -0.01675000042 0.1370179951 0.07089069486
v -0.01625000127 0.137012884 0.07065117359
v -0.01575000025 0.137012884 0.07065117359
v -0.0152500011 0.137015447 0.07077093422
v -0.01475000102 0.137015447 0.07077093422
v -0.01425000094 0.1370103359 0.07053145766
v -0.01375000086 0.1370103359 0.07053145766
v -0.01325000077 0.137012884 0.07065117359
v -0.01275000069 0.137012884 0.07065117359
v -0.01225000061 0.1370077729 0.07041169703
v -0.01175000053 0.1370077729 0.07041169703
v -0.01125000045 0.1370026618 0.07017219067
v -0.01075000037 0.1370001137 0.07005244493
v -0.01025000028 0.1369975507 0.0699326992
v -0.009750000201 0.1370001137 0.07005244493
v -0.009250000119 0.1369950026 0.06981293857
v -0.008750000037 0.1369950026 0.06981293857
v -0.008249999955 0.1369950026 0.06981293857
v -0.007750000339 0.1369950026 0.06981293857
v -0.007250000257 0.1369924545 0.06969320774
v -0.006750000175 0.1369924545 0.06969320774
v -0.006250000093 0.1369898915 0.06957346201
v -0.005750000477 0.1369898915 0.06957346201
v -0.005250000395 0.1369898915 0.06957346201
v -0.004750000313 0.1369873434 0.06945370138
v -0.004250000231 0.1369847804 0.06933394074
v -0.003750000149 0.1369847804 0.06933394074
v -0.003250000067 0.1369847804 0.06933394074
v -0.002750000218 0.1369847804 0.06933394074
v -0.002250000136 0.1369847804 0.06933394074
v -0.001750000054 0.1369822323 0.06921420991
v -0.001250000088 0.1369822323 0.06921420991
v -0.0007500000065 0.1369822323 0.06921420991
v -0.0002500000119 0.1369796693 0.06909444928
v 0.0002500000119 0.1369796693 0.06909444928
v 0.0007500000065 0.1369796693 0.06909444928
v 0.001250000088 0.1369796693 0.06909444928
v 0.001750000054 0.1369771212 0.06897470355
v 0.002250000136 0.1369745582 0.06885497272
v 0.002750000218 0.1369720101 0.06873521209
v 0.003250000067 0.1369745582 0.06885497272
v 0.003750000149 0.1369771212 0.06897470355
v 0.004250000231 0.1369771212 0.06897470355
v 0.004750000313 0.1369771212 0.06897470355
v 0.005250000395 0.1369745582 0.06885497272
v 0.005750000477 0.1369745582 0.06885497272
v 0.006250000093 0.1369720101 0.06873521209
v 0.006750000175 0.1369720101 0.06873521209
v 0.007250000257 0.1369694471 0.06861546636
v 0.007750000339 0.136966899 0.06849570572
v 0.008249999955 0.1369592398 0.06813645363
v 0.008750000037 0.1369592398 0.06813645363
v 0.009250000119 0.1369541287 0.06789696217
v 0.009750000201 0.1369541287 0.06789696217
v 0.01025000028 0.1369285733 0.06669948995
v 0.01075000037 0.1369260252 0.06657972932
v 0.01125000045 0.1369209141 0.06634022295
v -0.06300000101 0.1361618787 0.01763242483
v -0.0625 0.1361529231 0.01737846434
v -0.06200000271 0.1361753047 0.01801336557
v -0.0615000017 0.1361708343 0.01788640022
v -0.06100000441 0.1361932158 0.018521294
v -0.0605000034 0.1362021565 0.01877526939
v -0.06000000238 0.1361976862 0.01864828169
v -0.05950000137 0.1362066418 0.01890223473
v -0.05900000408 0.1362155825 0.01915621012
v -0.05850000307 0.1362290084 0.01953715086
v -0.05800000206 0.1362290084 0.01953715086
v -0.02850000188 0.1376993507 0.07005180418
v -0.02800000086 0.1377192438 0.07100982964
v -0.02750000171 0.1377316862 0.0716085881
v -0.0270000007 0.1377416402 0.07208760083
v -0.02650000155 0.1377466172 0.07232710719
v -0.02600000054 0.1377515942 0.07256661355
v -0.02550000139 0.1377515942 0.07256661355
v -0.02500000037 0.1377540827 0.07268637419
v -0.02450000122 0.1377565712 0.07280610502
v -0.02400000021 0.1377590597 0.07292588055
v -0.02350000106 0.1377565712 0.07280610502
v -0.02300000191 0.1377565712 0.07280610502
v -0.02250000089 0.1377491057 0.07244685292
v -0.02200000174 0.1377441287 0.07220736146
v -0.02150000073 0.1377416402 0.07208760083
v -0.02100000158 0.1377366632 0.07184810936
v -0.02050000057 0.1377341747 0.07172834873
v -0.02000000142 0.1377316862 0.0716085881
v -0.0195000004 0.1377316862 0.0716085881
v -0.01900000125 0.1377316862 0.0716085881
v -0.01850000024 0.1377291977 0.07148882747
v -0.01800000109 0.1377267092 0.07136908174
v -0.01750000007 0.1377242208 0.0712493211
v -0.01700000092 0.1377242208 0.0712493211
v -0.01649999991 0.1377242208 0.0712493211
v -0.01600000076 0.1377192438 0.07100982964
v -0.01550000068 0.1377192438 0.07100982964
v -0.0150000006 0.1377192438 0.07100982964
v -0.01450000051 0.1377167553 0.07089008391
v -0.01400000043 0.1377142668 0.07077032328
v -0.01350000035 0.1377142668 0.07077032328
v -0.01300000027 0.1377142668 0.07077032328
v -0.01250000019 0.1377117783 0.07065054774
v -0.0120000001 0.1377092898 0.07053081691
v -0.01150000095 0.1377092898 0.07053081691
v -0.01100000087 0.1377068013 0.07041105628
v -0.01050000079 0.1377043128 0.07029129565
v -0.01000000071 0.1377043128 0.07029129565
v -0.009500000626 0.1377018243 0.07017154992
v -0.009000000544 0.1376993507 0.07005180418
v -0.008500000462 0.1376993507 0.07005180418
v -0.00800000038 0.1376968622 0.06993204355
v -0.007500000298 0.1376968622 0.06993204355
v -0.007000000216 0.1376943737 0.06981228292
v -0.006500000134 0.1376943737 0.06981228292
v -0.006000000052 0.1376943737 0.06981228292
v -0.005500000436 0.1376893967 0.06957279146
v -0.005000000354 0.1376893967 0.06957279146
v -0.004500000272 0.1376893967 0.06957279146
v -0.00400000019 0.1376869082 0.06945303082
v -0.003500000108 0.1376844198 0.06933327019
v -0.003000000026 0.1376844198 0.06933327019
v -0.002500000177 0.1376869082 0.06945303082
v -0.002000000095 0.1376869082 0.06945303082
v -0.001500000013 0.1376844198 0.06933327019
v -0.001000000047 0.1376844198 0.06933327019
v -0.0005000000237 0.1376844198 0.06933327019
v 0 0.1376844198 0.06933327019
v 0.0005000000237 0.1376844198 0.06933327019
v 0.001000000047 0.1376819313 0.06921352446
v 0.001500000013 0.1376819313 0.06921352446
v 0.002000000095 0.1376819313 0.06921352446
v 0.002500000177 0.1376769543 0.0689740181
v 0.003000000026 0.1376769543 0.0689740181
v 0.003500000108 0.1376794428 0.06909377873
v 0.00400000019 0.1376819313 0.06921352446
v 0.004500000272 0.1376819313 0.06921352446
v 0.005000000354 0.1376819313 0.06921352446
v 0.005500000436 0.1376794428 0.06909377873
v 0.006000000052 0.1376794428 0.06909377873
v 0.006500000134 0.1376794428 0.06909377873
v 0.007000000216 0.1376744658 0.06885428727
v 0.007500000298 0.1376744658 0.06885428727
v 0.00800000038 0.1376744658 0.06885428727
v 0.008500000462 0.1376694888 0.068614766
v 0.009000000544 0.1376694888 0.068614766
v 0.009500000626 0.1376670003 0.06849500537
v 0.01000000071 0.1376645118 0.06837527454
v 0.01050000079 0.1376620233 0.06825549901
v 0.01100000087 0.1376520693 0.06777648628
v 0.01150000095 0.1376470923 0.06753699481
v 0.0120000001 0.1376421154 0.06729747355
v 0.01250000019 0.1376371384 0.06705798209
v 0.01300000027 0.1376271993 0.06657896936
v -0.06525000185 0.1370090991 0.02105993778
v -0.06375000626 0.1369165629 0.01839333773
v -0.06325000525 0.1369297802 0.01877429336
v -0.06275000423 0.1368989497 0.01788543165
v -0.06225000322 0.1369121671 0.01826636493
v -0.06175000221 0.1369297802 0.01877429336
v -0.06125000119 0.1369253844 0.01864730567
v -0.0607500039 0.1369562149 0.01953616738
v -0.06025000289 0.1369694322 0.01991710067
v -0.05975000188 0.1369694322 0.01991710067
v -0.05925000459 0.136973843 0.02004408836
v -0.05875000358 0.136973843 0.02004408836
v -0.05825000256 0.136973843 0.02004408836
v -0.05775000155 0.1369826645 0.0202980414
v -0.05725000426 0.136973843 0.02004408836
v -0.02825000137 0.1384082586 0.07053019106
v -0.02775000222 0.1384252012 0.07136848569
v -0.02725000121 0.1384373158 0.07196727395
v -0.02675000206 0.1384445727 0.07232654095
v -0.02625000104 0.1384494156 0.07256604731
v -0.02575000189 0.1384518445 0.07268582284
v -0.02525000088 0.1384542584 0.07280556858
v -0.02475000173 0.1384566873 0.07292532921
v -0.02425000072 0.1384591013 0.07304508984
v -0.02375000156 0.1384591013 0.07304508984
v -0.02325000055 0.1384566873 0.07292532921
v -0.0227500014 0.1384566873 0.07292532921
v -0.02225000039 0.1384494156 0.07256604731
v -0.02175000124 0.1384470016 0.07244630158
v -0.02125000022 0.1384421587 0.07220679522
v -0.02075000107 0.1384373158 0.07196727395
v -0.02025000006 0.1384373158 0.07196727395
v -0.01975000091 0.1384348869 0.07184752822
v -0.01925000176 0.1384348869 0.07184752822
v -0.01875000075 0.1384324729 0.07172775269
v -0.01825000159 0.1384324729 0.07172775269
v -0.01775000058 0.1384300441 0.07160799205
v -0.01725000143 0.1384276301 0.07148823142
v -0.01675000042 0.1384276301 0.07148823142
v -0.01625000127 0.1384276301 0.07148823142
v -0.01575000025 0.1384227872 0.07124872506
v -0.0152500011 0.1384227872 0.07124872506
v -0.01475000102 0.1384227872 0.07124872506
v -0.01425000094 0.1384203583 0.07112896442
v -0.01375000086 0.1384179443 0.07100921869
v -0.01325000077 0.1384179443 0.07100921869
v -0.01275000069 0.1384179443 0.07100921869
v -0.01225000061 0.1384155303 0.07088945806
v -0.01175000053 0.1384131014 0.07076969743
v -0.01125000045 0.1384131014 0.07076969743
v -0.01075000037 0.1384106874 0.0706499368
v -0.01025000028 0.1384082586 0.07053019106
v -0.009750000201 0.1384082586 0.07053019106
v -0.009250000119 0.1384058446 0.07041043043
v -0.008750000037 0.1384034157 0.0702906549
v -0.008249999955 0.1384034157 0.0702906549
v -0.007750000339 0.1384010017 0.07017090917
v -0.007250000257 0.1384034157 0.0702906549
v -0.006750000175 0.1383985728 0.07005116343
v -0.006250000093 0.1383985728 0.07005116343
v -0.005750000477 0.1383961588 0.0699314028
v -0.005250000395 0.1383913159 0.06969189644
v -0.004750000313 0.1383937299 0.06981164217
v -0.004250000231 0.1383937299 0.06981164217
v -0.003750000149 0.1383913159 0.06969189644
v -0.003250000067 0.1383864731 0.06945236027
v -0.002750000218 0.1383913159 0.06969189644
v -0.002250000136 0.1383913159 0.06969189644
v -0.001750000054 0.1383864731 0.06945236027
v -0.001250000088 0.1383864731 0.06945236027
v -0.0007500000065 0.138388887 0.06957213581
v -0.0002500000119 0.1383913159 0.06969189644
v 0.0002500000119 0.138388887 0.06957213581
v 0.0007500000065 0.1383864731 0.06945236027
v 0.001250000088 0.1383840442 0.06933259964
v 0.001750000054 0.1383840442 0.06933259964
v 0.002250000136 0.1383816302 0.06921285391
v 0.002750000218 0.1383816302 0.06921285391
v 0.003250000067 0.1383840442 0.06933259964
v 0.003750000149 0.1383840442 0.06933259964
v 0.004250000231 0.1383864731 0.06945236027
v 0.004750000313 0.1383864731 0.06945236027
v 0.005250000395 0.1383840442 0.06933259964
v 0.005750000477 0.1383864731 0.06945236027
v 0.006250000093 0.1383840442 0.06933259964
v 0.006750000175 0.1383840442 0.06933259964
v 0.007250000257 0.1383792013 0.06909309328
v 0.007750000339 0.1383816302 0.06921285391
v 0.008249999955 0.1383792013 0.06909309328
v 0.008750000037 0.1383792013 0.06909309328
v 0.009250000119 0.1383767873 0.06897333264
v 0.009750000201 0.1383767873 0.06897333264
v 0.01025000028 0.1383719444 0.06873382628
v 0.01075000037 0.1383719444 0.06873382628
v 0.01125000045 0.1383695155 0.06861406565
v 0.01175000053 0.1383622587 0.06825479865
v 0.01225000061 0.1383598447 0.06813503802
v 0.01275000069 0.1383550018 0.06789553165
v 0.01325000077 0.1383501589 0.06765601039
v 0.01375000086 0.13834773 0.06753626466
v 0.01425000094 0.1383428872 0.06729672849
v 0.01475000102 0.1383380443 0.06705722213
v 0.0152500011 0.1383380443 0.06705722213
v 0.01575000025 0.1383380443 0.06705722213
v -0.06950000674 0.1378481984 0.02436034381
v -0.06900000572 0.1378612071 0.02474129945
v -0.06850000471 0.1378742158 0.02512223274
v -0.0680000037 0.1378872246 0.02550315857
v -0.06750000268 0.1378828883 0.02537617832
v -0.06700000167 0.1378828883 0.02537617832
v -0.06650000066 0.1377354562 0.0210589245
v -0.06599999964 0.1377484649 0.02143985778
v -0.06550000608 0.1377571374 0.02169380337
v -0.06500000507 0.1377614737 0.02182079107
v -0.06450000405 0.1377397925 0.02118589729
v -0.06400000304 0.1377354562 0.0210589245
v -0.06350000203 0.13773112 0.02093194425
v -0.06300000101 0.1376920938 0.0197891295
v -0.0625 0.1376617402 0.01890027523
v -0.06200000271 0.1376704127 0.01915425062
v -0.0615000017 0.1376920938 0.0197891295
v -0.06100000441 0.1376964301 0.01991610974
v -0.0605000034 0.1377094388 0.02029704303
v -0.06000000238 0.1377181113 0.02055101097
v -0.05950000137 0.1377181113 0.02055101097
v -0.05900000408 0.1377181113 0.02055101097
v -0.05850000307 0.1377181113 0.02055101097
v -0.05800000206 0.137713775 0.02042403072
v -0.05750000104 0.1377224475 0.02067797631
v -0.02800000086 0.13911663 0.07100860775
v -0.02750000171 0.1391307563 0.07172717154
v -0.0270000007 0.1391425282 0.0723259747
v -0.02650000155 0.1391448826 0.07244573534
v -0.02600000054 0.1391519457 0.07280501723
v -0.02550000139 0.1391519457 0.07280501723
v -0.02500000037 0.1391566545 0.0730445534
v -0.02450000122 0.1391566545 0.0730445534
v -0.02400000021 0.1391590089 0.07316431403
v -0.02350000106 0.1391590089 0.07316431403
v -0.02300000191 0.1391590089 0.07316431403
v -0.02250000089 0.1391566545 0.0730445534
v -0.02200000174 0.1391519457 0.07280501723
v -0.02150000073 0.1391495913 0.0726852715
v -0.02100000158 0.1391425282 0.0723259747
v -0.02050000057 0.1391378194 0.07208645344
v -0.02000000142 0.1391401738 0.07220622897
v -0.0195000004 0.1391378194 0.07208645344
v -0.01900000125 0.1391378194 0.07208645344
v -0.01850000024 0.139135465 0.07196669281
v -0.01800000109 0.139135465 0.07196669281
v -0.01750000007 0.1391307563 0.07172717154
v -0.01700000092 0.1391307563 0.07172717154
v -0.01649999991 0.1391284019 0.07160739601
v -0.01600000076 0.1391260475 0.07148763537
v -0.01550000068 0.1391284019 0.07160739601
v -0.0150000006 0.1391260475 0.07148763537
v -0.01450000051 0.1391260475 0.07148763537
v -0.01400000043 0.1391213387 0.07124811411
v -0.01350000035 0.1391189843 0.07112835348
v -0.01300000027 0.1391213387 0.07124811411
v -0.01250000019 0.1391189843 0.07112835348
v -0.0120000001 0.1391189843 0.07112835348
v -0.01150000095 0.13911663 0.07100860775
v -0.01100000087 0.1391142756 0.07088884711
v -0.01050000079 0.1391142756 0.07088884711
v -0.01000000071 0.1391095668 0.07064931095
v -0.009500000626 0.1391095668 0.07064931095
v -0.009000000544 0.1391095668 0.07064931095
v -0.008500000462 0.1391095668 0.07064931095
v -0.00800000038 0.1391072124 0.07052956522
v -0.007500000298 0.139104858 0.07040978968
v -0.007000000216 0.1391072124 0.07052956522
v -0.006500000134 0.1391025037 0.07029002905
v -0.006000000052 0.1391025037 0.07029002905
v -0.005500000436 0.1391001493 0.07017026842
v -0.005000000354 0.1390977949 0.07005050778
v -0.004500000272 0.1390977949 0.07005050778
v -0.00400000019 0.1390977949 0.07005050778
v -0.003500000108 0.1390930861 0.06981098652
v -0.003000000026 0.1390930861 0.06981098652
v -0.002500000177 0.1390954405 0.06993074715
v -0.002000000095 0.1390930861 0.06981098652
v -0.001500000013 0.1390930861 0.06981098652
v -0.001000000047 0.1390930861 0.06981098652
v -0.0005000000237 0.1390930861 0.06981098652
v 0 0.1390930861 0.06981098652
v 0.0005000000237 0.1390907317 0.06969122589
v 0.001000000047 0.1390907317 0.06969122589
v 0.001500000013 0.1390883774 0.06957146525
v 0.002000000095 0.1390883774 0.06957146525
v 0.002500000177 0.139086023 0.06945170462
v 0.003000000026 0.1390883774 0.06957146525
v 0.003500000108 0.1390883774 0.06957146525
v 0.00400000019 0.1390883774 0.06957146525
v 0.004500000272 0.1390907317 0.06969122589
v 0.005000000354 0.1390907317 0.06969122589
v 0.005500000436 0.1390907317 0.06969122589
v 0.006000000052 0.1390883774 0.06957146525
v 0.006500000134 0.139086023 0.06945170462
v 0.007000000216 0.1390836686 0.06933192909
v 0.007500000298 0.1390813142 0.06921218336
v 0.00800000038 0.1390836686 0.06933192909
v 0.008500000462 0.1390836686 0.06933192909
v 0.009000000544 0.1390836686 0.06933192909
v 0.009500000626 0.1390813142 0.06921218336
v 0.01000000071 0.1390813142 0.06921218336
v 0.01050000079 0.1390766054 0.06897266209
v 0.01100000087 0.1390766054 0.06897266209
v 0.01150000095 0.1390766054 0.06897266209
v 0.0120000001 0.1390718967 0.06873314083
v 0.01250000019 0.1390695423 0.06861338019
v 0.01300000027 0.1390695423 0.06861338019
v 0.01350000035 0.1390648484 0.06837385893
v 0.01400000043 0.1390601397 0.06813432276
v 0.01450000051 0.1390601397 0.06813432276
v 0.0150000006 0.1390554309 0.0678948015
v 0.01550000068 0.1390554309 0.0678948015
v 0.01600000076 0.1390554309 0.0678948015
v 0.01649999991 0.1390530765 0.06777504086
v 0.01700000092 0.1390530765 0.06777504086
v 0.01750000007 0.1390554309 0.0678948015
v -0.07075000554 0.1386922002 0.02791465074
v -0.07025000453 0.1387092769 0.02842254192
v -0.06975000352 0.1387135386 0.02854952216
v -0.0692500025 0.1387092769 0.02842254192
v -0.06875000149 0.1386922002 0.02791465074
v -0.06825000048 0.1386111528 0.02550209314
v -0.06775000691 0.1386239529 0.02588301152
v -0.0672500059 0.1386239529 0.02588301152
v -0.06675000489 0.1386239529 0.02588301152
v -0.06625000387 0.1385898143 0.02486719936
v -0.06575000286 0.1384874284 0.02181977034
v -0.06525000185 0.1385002285 0.02220069617
v -0.06475000083 0.1385002285 0.02220069617
v -0.06424999982 0.1385002285 0.02220069617
v -0.06375000626 0.1384916902 0.02194675058
v -0.06325000525 0.1384874284 0.02181977034
v -0.06275000423 0.1384831667 0.02169279009
v -0.06225000322 0.1384532899 0.02080395818
v -0.06175000221 0.1384404898 0.02042303234
v -0.06125000119 0.1384404898 0.02042303234
v -0.0607500039 0.1384447664 0.02055001259
v -0.06025000289 0.1384490281 0.02067697048
v -0.05975000188 0.1384575665 0.02093093842
v -0.05925000459 0.1384532899 0.02080395818
v -0.05875000358 0.1384532899 0.02080395818
v -0.05825000256 0.1384490281 0.02067697048
v -0.05775000155 0.1384490281 0.02067697048
v -0.05725000426 0.1384532899 0.02080395818
v -0.02775000222 0.1398221999 0.0713672936
v -0.02725000121 0.1398336291 0.07196611166
v -0.02675000206 0.1398404986 0.07232540846
v -0.02625000104 0.1398450732 0.07256494462
v -0.02575000189 0.1398496479 0.07280446589
v -0.02525000088 0.1398542225 0.07304400206
v -0.02475000173 0.1398565173 0.07316377759
v -0.02425000072 0.1398587972 0.07328353822
v -0.02375000156 0.1398587972 0.07328353822
v -0.02325000055 0.1398587972 0.07328353822
v -0.0227500014 0.1398587972 0.07328353822
v -0.02225000039 0.1398565173 0.07316377759
v -0.02175000124 0.1398565173 0.07316377759
v -0.02125000022 0.1398519427 0.07292424142
v -0.02075000107 0.1398496479 0.07280446589
v -0.02025000006 0.1398427933 0.07244516909
v -0.01975000091 0.1398427933 0.07244516909
v -0.01925000176 0.1398404986 0.07232540846
v -0.01875000075 0.1398404986 0.07232540846
v -0.01825000159 0.1398382187 0.07220564783
v -0.01775000058 0.1398382187 0.07220564783
v -0.01725000143 0.1398359239 0.07208587229
v -0.01675000042 0.1398336291 0.07196611166
v -0.01625000127 0.1398290694 0.07172659039
v -0.01575000025 0.1398290694 0.07172659039
v -0.0152500011 0.1398290694 0.07172659039
v -0.01475000102 0.1398290694 0.07172659039
v -0.01425000094 0.1398267746 0.07160681486
v -0.01375000086 0.1398244798 0.07148703933
v -0.01325000077 0.1398221999 0.0713672936
v -0.01275000069 0.1398221999 0.0713672936
v -0.01225000061 0.1398199201 0.07124751806
v -0.01175000053 0.1398199201 0.07124751806
v -0.01125000045 0.1398176253 0.07112775743
v -0.01075000037 0.1398176253 0.07112775743
v -0.01025000028 0.1398153454 0.0710079968
v -0.009750000201 0.1398130506 0.07088823617
v -0.009250000119 0.1398130506 0.07088823617
v -0.008750000037 0.1398107708 0.07076846063
v -0.008249999955 0.1398107708 0.07076846063
v -0.007750000339 0.139808476 0.0706486851
v -0.007250000257 0.139808476 0.0706486851
v -0.006750000175 0.1398039013 0.07040916383
v -0.006250000093 0.1398039013 0.07040916383
v -0.005750000477 0.1398039013 0.07040916383
v -0.005250000395 0.1398039013 0.07040916383
v -0.004750000313 0.1398016214 0.0702893883
v -0.004250000231 0.1398016214 0.0702893883
v -0.003750000149 0.1397970468 0.07004986703
v -0.003250000067 0.1397993267 0.07016962767
v -0.002750000218 0.1397993267 0.07016962767
v -0.002250000136 0.1397970468 0.07004986703
v -0.001750000054 0.1397970468 0.07004986703
v -0.001250000088 0.1397970468 0.07004986703
v -0.0007500000065 0.1397970468 0.07004986703
v -0.0002500000119 0.1397970468 0.07004986703
v 0.0002500000119 0.1397924721 0.06981033087
v 0.0007500000065 0.139794752 0.0699301064
v 0.001250000088 0.1397924721 0.06981033087
v 0.001750000054 0.1397901773 0.06969057024
v 0.002250000136 0.1397924721 0.06981033087
v 0.002750000218 0.1397924721 0.06981033087
v 0.003250000067 0.139794752 0.0699301064
v 0.003750000149 0.1397924721 0.06981033087
v 0.004250000231 0.139794752 0.0699301064
v 0.004750000313 0.139794752 0.0699301064
v 0.005250000395 0.139794752 0.0699301064
v 0.005750000477 0.1397924721 0.06981033087
v 0.006250000093 0.1397901773 0.06969057024
v 0.006750000175 0.1397878975 0.0695708096
v 0.007250000257 0.1397856027 0.06945103407
v 0.007750000339 0.1397833079 0.06933125854
v 0.008249999955 0.1397833079 0.06933125854
v 0.008750000037 0.1397856027 0.06945103407
v 0.009250000119 0.1397856027 0.06945103407
v 0.009750000201 0.1397833079 0.06933125854
v 0.01025000028 0.1397833079 0.06933125854
v 0.01075000037 0.139781028 0.0692115128
v 0.01125000045 0.139781028 0.0692115128
v 0.01175000053 0.1397787482 0.06909173727
v 0.01225000061 0.1397787482 0.06909173727
v 0.01275000069 0.1397764534 0.06897197664
v 0.01325000077 0.1397764534 0.06897197664
v 0.01375000086 0.1397741735 0.06885221601
v 0.01425000094 0.1397718787 0.06873244047
v 0.01475000102 0.1397695988 0.06861267984
v 0.0152500011 0.1397695988 0.06861267984
v 0.01575000025 0.1397695988 0.06861267984
v 0.01625000127 0.1397673041 0.06849290431
v 0.01675000042 0.1397673041 0.06849290431
v 0.01725000143 0.1397673041 0.06849290431
v 0.01775000058 0.1397650242 0.06837315857
v 0.01825000159 0.1397673041 0.06849290431
v 0.01875000075 0.1397650242 0.06837315857
v 0.01925000176 0.1397650242 0.06837315857
v -0.07150000334 0.1393980086 0.02740564197
v -0.07100000232 0.1394231915 0.02816747874
v -0.07050000131 0.139435783 0.02854840457
v -0.0700000003 0.1394441724 0.02880236506
v -0.06950000674 0.1394441724 0.02880236506
v -0.06900000572 0.139435783 0.02854840457
v -0.06850000471 0.1394148022 0.0279135406
v -0.0680000037 0.1393518597 0.02600891888
v -0.06750000268 0.139360249 0.02626286447
v -0.06700000167 0.139360249 0.02626286447
v -0.06650000066 0.1393434554 0.02575495839
v -0.06599999964 0.1393182874 0.02499312162
v -0.06550000608 0.1392175704 0.02194572985
v -0.06500000507 0.1392343491 0.02245362848
v -0.06450000405 0.1392427534 0.02270757407
v -0.06400000304 0.1392427534 0.02270757407
v -0.06350000203 0.1392343491 0.02245362848
v -0.06300000101 0.1392259598 0.02219967544
v -0.0625 0.1392217726 0.0220726952
v -0.06200000271 0.1392049789 0.02156478912
v -0.0615000017 0.1391923875 0.02118387818
v -0.06100000441 0.139179796 0.02080295235
v -0.0605000034 0.1391839981 0.02092993259
v -0.06000000238 0.1391839981 0.02092993259
v -0.05950000137 0.1391882002 0.02105691284
v -0.05900000408 0.1391882002 0.02105691284
v -0.05850000307 0.1391839981 0.02092993259
v -0.05800000206 0.139179796 0.02080295235
v -0.05750000104 0.1391756088 0.0206759721
v -0.05700000376 0.1391756088 0.0206759721
v -0.02800000086 0.14050515 0.07052831352
v -0.02750000171 0.1405184716 0.07124690711
v -0.0270000007 0.140529573 0.07184578478
v -0.02650000155 0.1405384541 0.07232484221
v -0.02600000054 0.1405428946 0.07256437838
v -0.02550000139 0.1405473351 0.07280391455
v -0.02500000037 0.1405517757 0.07304346561
v -0.02450000122 0.140553996 0.07316324115
v -0.02400000021 0.1405562162 0.07328300178
v -0.02350000106 0.1405562162 0.07328300178
v -0.02300000191 0.1405562162 0.07328300178
v -0.02250000089 0.1405584514 0.07340277731
v -0.02200000174 0.1405584514 0.07340277731
v -0.02150000073 0.1405584514 0.07340277731
v -0.02100000158 0.140553996 0.07316324115
v -0.02050000057 0.1405517757 0.07304346561
v -0.02000000142 0.1405495554 0.07292370498
v -0.0195000004 0.1405473351 0.07280391455
v -0.01900000125 0.1405428946 0.07256437838
v -0.01850000024 0.1405428946 0.07256437838
v -0.01800000109 0.1405428946 0.07256437838
v -0.01750000007 0.1405384541 0.07232484221
v -0.01700000092 0.1405384541 0.07232484221
v -0.01649999991 0.1405362338 0.07220508158
v -0.01600000076 0.1405340135 0.07208530605
v -0.01550000068 0.1405317932 0.07196553051
v -0.0150000006 0.140529573 0.07184578478
v -0.01450000051 0.140529573 0.07184578478
v -0.01400000043 0.1405273527 0.07172599435
v -0.01350000035 0.1405273527 0.07172599435
v -0.01300000027 0.1405251324 0.07160621881
v -0.01250000019 0.1405229121 0.07148644328
v -0.0120000001 0.1405229121 0.07148644328
v -0.01150000095 0.1405206919 0.07136669755
v -0.01100000087 0.1405206919 0.07136669755
v -0.01050000079 0.1405206919 0.07136669755
v -0.01000000071 0.1405184716 0.07124690711
v -0.009500000626 0.1405162513 0.07112714648
v -0.009000000544 0.1405140311 0.07100738585
v -0.008500000462 0.1405140311 0.07100738585
v -0.00800000038 0.1405118108 0.07088761032
v -0.007500000298 0.1405118108 0.07088761032
v -0.007000000216 0.1405095905 0.07076783478
v -0.006500000134 0.1405073702 0.07064805925
v -0.006000000052 0.1405073702 0.07064805925
v -0.005500000436 0.1405073702 0.07064805925
v -0.005000000354 0.14050515 0.07052831352
v -0.004500000272 0.14050515 0.07052831352
v -0.00400000019 0.1405029297 0.07040852308
v -0.003500000108 0.1405029297 0.07040852308
v -0.003000000026 0.1405029297 0.07040852308
v -0.002500000177 0.1405007094 0.07028874755
v -0.002000000095 0.1405007094 0.07028874755
v -0.001500000013 0.1405007094 0.07028874755
v -0.001000000047 0.1404984891 0.07016898692
v -0.0005000000237 0.1404984891 0.07016898692
v 0 0.1404984891 0.07016898692
v 0.0005000000237 0.1404962689 0.07004922628
v 0.001000000047 0.1404962689 0.07004922628
v 0.001500000013 0.1404940486 0.06992945075
v 0.002000000095 0.1404962689 0.07004922628
v 0.002500000177 0.1404940486 0.06992945075
v 0.003000000026 0.1404962689 0.07004922628
v 0.003500000108 0.1404984891 0.07016898692
v 0.00400000019 0.1404984891 0.07016898692
v 0.004500000272 0.1405007094 0.07028874755
v 0.005000000354 0.1404984891 0.07016898692
v 0.005500000436 0.1404962689 0.07004922628
v 0.006000000052 0.1404918283 0.06980967522
v 0.006500000134 0.140489608 0.06968991458
v 0.007000000216 0.1404873878 0.06957013905
v 0.007500000298 0.1404851675 0.06945036352
v 0.00800000038 0.1404851675 0.06945036352
v 0.008500000462 0.1404851675 0.06945036352
v 0.009000000544 0.1404851675 0.06945036352
v 0.009500000626 0.1404851675 0.06945036352
v 0.01000000071 0.1404829472 0.06933058798
v 0.01050000079 0.1404829472 0.06933058798
v 0.01100000087 0.1404851675 0.06945036352
v 0.01150000095 0.1404829472 0.06933058798
v 0.0120000001 0.1404829472 0.06933058798
v 0.01250000019 0.140480727 0.06921082735
v 0.01300000027 0.140480727 0.06921082735
v 0.01350000035 0.140480727 0.06921082735
v 0.01400000043 0.140480727 0.06921082735
v 0.01450000051 0.1404785067 0.06909106672
v 0.0150000006 0.1404762864 0.06897129118
v 0.01550000068 0.1404762864 0.06897129118
v 0.01600000076 0.1404762864 0.06897129118
v 0.01649999991 0.1404740661 0.06885153055
v 0.01700000092 0.1404762864 0.06897129118
v 0.01750000007 0.1404740661 0.06885153055
v 0.01800000109 0.1404762864 0.06897129118
v 0.01850000024 0.1404740661 0.06885153055
v 0.01900000125 0.1404740661 0.06885153055
v 0.0195000004 0.1404740661 0.06885153055
v 0.02000000142 0.1404740661 0.06885153055
v -0.07125000656 0.1401373744 0.02791243792
v -0.07075000554 0.1401538849 0.02842031419
v -0.07025000453 0.1401662678 0.02880124748
v -0.06975000352 0.1401703954 0.02892820537
v -0.0692500025 0.1401621401 0.02867426723
v -0.06875000149 0.1401580125 0.02854728699
v -0.06825000048 0.1401291192 0.02765847743
v -0.06775000691 0.1400919855 0.02651573718
v -0.0672500059 0.1400919855 0.02651573718
v -0.06675000489 0.1400878578 0.02638875693
v -0.06625000387 0.140063107 0.02562692761
v -0.06575000286 0.1400465965 0.02511903644
v -0.06525000185 0.1399681866 0.02270653844
v -0.06475000083 0.1399723142 0.02283351868
v -0.06424999982 0.1399805695 0.02308745682
v -0.06375000626 0.1399805695 0.02308745682
v -0.06325000525 0.1399723142 0.02283351868
v -0.06275000423 0.139964059 0.02257956564
v -0.06225000322 0.1399558187 0.02232562751
v -0.06175000221 0.1399393082 0.02181772888
v -0.06125000119 0.1399227977 0.0213098377
v -0.0607500039 0.1399104148 0.02092891932
v -0.06025000289 0.1399145424 0.02105590701
v -0.05975000188 0.1399145424 0.02105590701
v -0.05925000459 0.1399186701 0.0211828649
v -0.05875000358 0.1399145424 0.02105590701
v -0.05825000256 0.1399104148 0.02092891932
v -0.05775000155 0.1399063021 0.02080194652
v -0.05725000426 0.1399021745 0.02067496628
v -0.05675000325 0.1399021745 0.02067496628
v -0.05625000224 0.1399063021 0.02080194652
v -0.02725000121 0.1412127316 0.0710067749
v -0.02675000206 0.1412277967 0.07184518874
v -0.02625000104 0.1412342638 0.07220451534
v -0.02575000189 0.1412385702 0.0724440515
v -0.02525000088 0.1412428766 0.07268361747
v -0.02475000173 0.1412471831 0.07292315364
v -0.02425000072 0.1412514895 0.07316271961
v -0.02375000156 0.1412536502 0.07328246534
v -0.02325000055 0.1412536502 0.07328246534
v -0.0227500014 0.1412536502 0.07328246534
v -0.02225000039 0.1412579566 0.07352201641
v -0.02175000124 0.1412579566 0.07352201641
v -0.02125000022 0.141255796 0.07340224087
v -0.02075000107 0.141255796 0.07340224087
v -0.02025000006 0.141255796 0.07340224087
v -0.01975000091 0.141255796 0.07340224087
v -0.01925000176 0.1412536502 0.07328246534
v -0.01875000075 0.1412493438 0.07304292917
v -0.01825000159 0.1412493438 0.07304292917
v -0.01775000058 0.1412493438 0.07304292917
v -0.01725000143 0.1412493438 0.07304292917
v -0.01675000042 0.1412450224 0.0728033632
v -0.01625000127 0.1412428766 0.07268361747
v -0.01575000025 0.141240716 0.07256382704
v -0.0152500011 0.1412364095 0.07232427597
v -0.01475000102 0.1412342638 0.07220451534
v -0.01425000094 0.1412321031 0.0720847398
v -0.01375000086 0.1412299573 0.07196496427
v -0.01325000077 0.1412299573 0.07196496427
v -0.01275000069 0.1412277967 0.07184518874
v -0.01225000061 0.1412256509 0.0717254132
v -0.01175000053 0.1412256509 0.0717254132
v -0.01125000045 0.1412213445 0.07148586214
v -0.01075000037 0.1412213445 0.07148586214
v -0.01025000028 0.1412213445 0.07148586214
v -0.009750000201 0.1412191838 0.0713660866
v -0.009250000119 0.1412191838 0.0713660866
v -0.008750000037 0.141217038 0.07124631107
v -0.008249999955 0.141217038 0.07124631107
v -0.007750000339 0.1412148774 0.07112653553
v -0.007250000257 0.1412127316 0.0710067749
v -0.006750000175 0.1412127316 0.0710067749
v -0.006250000093 0.1412105709 0.07088699937
v -0.005750000477 0.1412084252 0.07076720893
v -0.005250000395 0.1412084252 0.07076720893
v -0.004750000313 0.1412084252 0.07076720893
v -0.004250000231 0.1412062645 0.0706474334
v -0.003750000149 0.1412041038 0.07052768767
v -0.003250000067 0.1412062645 0.0706474334
v -0.002750000218 0.1412062645 0.0706474334
v -0.002250000136 0.1412019581 0.07040789723
v -0.001750000054 0.1412041038 0.07052768767
v -0.001250000088 0.1412041038 0.07052768767
v -0.0007500000065 0.1412041038 0.07052768767
v -0.0002500000119 0.1412019581 0.07040789723
v 0.0002500000119 0.1411997974 0.0702881068
v 0.0007500000065 0.1411997974 0.0702881068
v 0.001250000088 0.1411976516 0.07016833127
v 0.001750000054 0.1411976516 0.07016833127
v 0.002250000136 0.1411997974 0.0702881068
v 0.002750000218 0.1411997974 0.0702881068
v 0.003250000067 0.1412019581 0.07040789723
v 0.003750000149 0.1412019581 0.07040789723
v 0.004250000231 0.1412019581 0.07040789723
v 0.004750000313 0.1412041038 0.07052768767
v 0.005250000395 0.1411976516 0.07016833127
v 0.005750000477 0.141195491 0.07004858553
v 0.006250000093 0.1411890388 0.06968925893
v 0.006750000175 0.1411868781 0.0695694834
v 0.007250000257 0.1411868781 0.0695694834
v 0.007750000339 0.1411847323 0.06944970787
v 0.008249999955 0.1411847323 0.06944970787
v 0.008750000037 0.1411847323 0.06944970787
v 0.009250000119 0.1411847323 0.06944970787
v 0.009750000201 0.1411847323 0.06944970787
v 0.01025000028 0.1411825716 0.06932991743
v 0.01075000037 0.1411847323 0.06944970787
v 0.01125000045 0.1411847323 0.06944970787
v 0.01175000053 0.1411825716 0.06932991743
v 0.01225000061 0.1411825716 0.06932991743
v 0.01275000069 0.1411825716 0.06932991743
v 0.01325000077 0.1411847323 0.06944970787
v 0.01375000086 0.1411825716 0.06932991743
v 0.01425000094 0.1411825716 0.06932991743
v 0.01475000102 0.1411825716 0.06932991743
v 0.0152500011 0.1411825716 0.06932991743
v 0.01575000025 0.1411804259 0.0692101568
v 0.01625000127 0.1411804259 0.0692101568
v 0.01675000042 0.1411782652 0.06909038126
v 0.01725000143 0.1411804259 0.0692101568
v 0.01775000058 0.1411782652 0.06909038126
v 0.01825000159 0.1411804259 0.0692101568
v 0.01875000075 0.1411782652 0.06909038126
v 0.01925000176 0.1411782652 0.06909038126
v 0.01975000091 0.1411761194 0.06897060573
v 0.02025000006 0.1411761194 0.06897060573
v 0.02075000107 0.1411761194 0.06897060573
v -0.07100000232 0.1408640295 0.02803828567
v -0.07050000131 0.1408802569 0.02854617685
v -0.0700000003 0.14088431 0.02867314965
v -0.06950000674 0.1408802569 0.02854617685
v -0.06900000572 0.1408802569 0.02854617685
v -0.06850000471 0.1408640295 0.02803828567
v -0.0680000037 0.1408275217 0.02689556032
v -0.06750000268 0.1408234686 0.02676858753
v -0.06700000167 0.1408194005 0.02664160728
v -0.06650000066 0.1408112943 0.0263876766
v -0.06599999964 0.1407869607 0.02562585473
v -0.06550000608 0.140754506 0.02461007982
v -0.06500000507 0.1407017708 0.02295944095
v -0.06450000405 0.140709877 0.02321340144
v -0.06400000304 0.140709877 0.02321340144
v -0.06350000203 0.140709877 0.02321340144
v -0.06300000101 0.1406977028 0.02283248305
v -0.0625 0.1406936496 0.02270551026
v -0.06200000271 0.1406814754 0.02232459933
v -0.0615000017 0.140665248 0.0218167156
v -0.06100000441 0.1406530887 0.02143580467
v -0.0605000034 0.1406328082 0.02080094069
v -0.06000000238 0.1406409144 0.02105489373
v -0.05950000137 0.1406368613 0.02092791349
v -0.05900000408 0.1406409144 0.02105489373
v -0.05850000307 0.1406368613 0.02092791349
v -0.05800000206 0.1406328082 0.02080094069
v -0.05750000104 0.1406287402 0.02067396045
v -0.05700000376 0.1406165808 0.02029305696
v -0.05650000274 0.140620634 0.02042002976
v -0.0270000007 0.1419093311 0.07088638842
v -0.02650000155 0.1419197619 0.07148526609
v -0.02600000054 0.1419281214 0.07196438313
v -0.02550000139 0.1419343799 0.07232370973
v -0.02500000037 0.1419385523 0.07256327569
v -0.02450000122 0.1419406384 0.07268305123
v -0.02400000021 0.1419468969 0.07304239273
v -0.02350000106 0.1419489831 0.07316218317
v -0.02300000191 0.1419489831 0.07316218317
v -0.02250000089 0.1419510692 0.0732819438
v -0.02200000174 0.1419531554 0.07340171933
v -0.02150000073 0.1419531554 0.07340171933
v -0.02100000158 0.1419531554 0.07340171933
v -0.02050000057 0.1419552416 0.07352149487
v -0.02000000142 0.1419552416 0.07352149487
v -0.0195000004 0.1419552416 0.07352149487
v -0.01900000125 0.1419531554 0.07340171933
v -0.01850000024 0.1419510692 0.0732819438
v -0.01800000109 0.1419510692 0.0732819438
v -0.01750000007 0.1419489831 0.07316218317
v -0.01700000092 0.1419510692 0.0732819438
v -0.01649999991 0.1419468969 0.07304239273
v -0.01600000076 0.1419468969 0.07304239273
v -0.01550000068 0.1419448107 0.0729226023
v -0.0150000006 0.1419427246 0.07280282676
v -0.01450000051 0.1419406384 0.07268305123
v -0.01400000043 0.1419364661 0.07244348526
v -0.01350000035 0.1419322938 0.07220394909
v -0.01300000027 0.1419322938 0.07220394909
v -0.01250000019 0.1419302076 0.07208415866
v -0.0120000001 0.1419281214 0.07196438313
v -0.01150000095 0.1419260353 0.07184460759
v -0.01100000087 0.1419260353 0.07184460759
v -0.01050000079 0.141921863 0.07160504162
v -0.01000000071 0.141921863 0.07160504162
v -0.009500000626 0.1419197619 0.07148526609
v -0.009000000544 0.1419197619 0.07148526609
v -0.008500000462 0.1419176757 0.07136549056
v -0.00800000038 0.1419176757 0.07136549056
v -0.007500000298 0.1419135034 0.07112592459
v -0.007000000216 0.1419135034 0.07112592459
v -0.006500000134 0.1419135034 0.07112592459
v -0.006000000052 0.1419135034 0.07112592459
v -0.005500000436 0.1419093311 0.07088638842
v -0.005000000354 0.1419093311 0.07088638842
v -0.004500000272 0.1419093311 0.07088638842
v -0.00400000019 0.1419072449 0.07076659799
v -0.003500000108 0.1419072449 0.07076659799
v -0.003000000026 0.1419072449 0.07076659799
v -0.002500000177 0.1419072449 0.07076659799
v -0.002000000095 0.1419051588 0.07064680755
v -0.001500000013 0.1419051588 0.07064680755
v -0.001000000047 0.1419072449 0.07076659799
v -0.0005000000237 0.1419030726 0.07052704692
v 0 0.1419030726 0.07052704692
v 0.0005000000237 0.1419030726 0.07052704692
v 0.001000000047 0.1419030726 0.07052704692
v 0.001500000013 0.1418989003 0.07028748095
v 0.002000000095 0.1418989003 0.07028748095
v 0.002500000177 0.1419030726 0.07052704692
v 0.003000000026 0.1419030726 0.07052704692
v 0.003500000108 0.1419051588 0.07064680755
v 0.00400000019 0.1419051588 0.07064680755
v 0.004500000272 0.1419051588 0.07064680755
v 0.005000000354 0.1419030726 0.07052704692
v 0.005500000436 0.1418989003 0.07028748095
v 0.006000000052 0.1418905556 0.06980836391
v 0.006500000134 0.1418842971 0.06944903731
v 0.007000000216 0.1418842971 0.06944903731
v 0.007500000298 0.1418842971 0.06944903731
v 0.00800000038 0.141882211 0.06932924688
v 0.008500000462 0.1418842971 0.06944903731
v 0.009000000544 0.141882211 0.06932924688
v 0.009500000626 0.141882211 0.06932924688
v 0.01000000071 0.141882211 0.06932924688
v 0.01050000079 0.141882211 0.06932924688
v 0.01100000087 0.1418842971 0.06944903731
v 0.01150000095 0.1418842971 0.06944903731
v 0.0120000001 0.141882211 0.06932924688
v 0.01250000019 0.141882211 0.06932924688
v 0.01300000027 0.141882211 0.06932924688
v 0.01350000035 0.1418842971 0.06944903731
v 0.01400000043 0.141882211 0.06932924688
v 0.01450000051 0.1418801248 0.06920948625
v 0.0150000006 0.141882211 0.06932924688
v 0.01550000068 0.1418842971 0.06944903731
v 0.01600000076 0.141882211 0.06932924688
v 0.01649999991 0.1418801248 0.06920948625
v 0.01700000092 0.141882211 0.06932924688
v 0.01750000007 0.1418801248 0.06920948625
v 0.01800000109 0.1418801248 0.06920948625
v 0.01850000024 0.1418801248 0.06920948625
v 0.01900000125 0.1418801248 0.06920948625
v 0.0195000004 0.1418801248 0.06920948625
v 0.02000000142 0.1418780386 0.06908969581
v 0.02050000057 0.1418801248 0.06920948625
v -0.07075000554 0.1415785849 0.0277832523
v -0.07025000453 0.141586557 0.02803718299
v -0.06975000352 0.141586557 0.02803718299
v -0.0692500025 0.141586557 0.02803718299
v -0.06875000149 0.1415825635 0.02791022509
v -0.06825000048 0.1415626258 0.02727537602
v -0.06775000691 0.1415546536 0.02702144533
v -0.0672500059 0.141550675 0.02689446509
v -0.06675000489 0.1415427029 0.0266405195
v -0.06625000387 0.1415227652 0.02600568533
v -0.06575000286 0.1415028274 0.02537082881
v -0.06525000185 0.1414709389 0.0243550688
v -0.06475000083 0.1414350569 0.02321235836
v -0.06424999982 0.1414350569 0.02321235836
v -0.06375000626 0.1414350569 0.02321235836
v -0.06325000525 0.1414350569 0.02321235836
v -0.06275000423 0.1414230913 0.02283145487
v -0.06225000322 0.1414111406 0.02245055139
v -0.06175000221 0.1413951963 0.02194267511
v -0.06125000119 0.1413792372 0.02143479139
v -0.0607500039 0.1413593143 0.02079993486
v -0.06025000289 0.1413593143 0.02079993486
v -0.05975000188 0.1413553208 0.02067296207
v -0.05925000459 0.1413553208 0.02067296207
v -0.05875000358 0.1413632929 0.02092690766
v -0.05825000256 0.1413553208 0.02067296207
v -0.05775000155 0.1413473487 0.02041903138
v -0.05725000426 0.1413393766 0.02016510069
v -0.05675000325 0.1413314044 0.01991114765
v -0.05625000224 0.1413194388 0.01953025162
v -0.05575000122 0.1412915289 0.01864146441
v -0.02625000104 0.1426101178 0.07100555301
v -0.02575000189 0.1426202208 0.07160444558
v -0.02525000088 0.142624259 0.07184402645
v -0.02475000173 0.1426282972 0.07208359241
v -0.02425000072 0.1426363736 0.07256270945
v -0.02375000156 0.1426384002 0.07268249989
v -0.02325000055 0.1426404119 0.07280227542
v -0.0227500014 0.1426424384 0.07292206585
v -0.02225000039 0.1426444501 0.07304185629
v -0.02175000124 0.1426464766 0.07316164672
v -0.02125000022 0.1426485032 0.07328140736
v -0.02075000107 0.1426485032 0.07328140736
v -0.02025000006 0.1426505148 0.07340119779
v -0.01975000091 0.1426505148 0.07340119779
v -0.01925000176 0.1426485032 0.07328140736
v -0.01875000075 0.1426485032 0.07328140736
v -0.01825000159 0.1426505148 0.07340119779
v -0.01775000058 0.1426485032 0.07328140736
v -0.01725000143 0.1426485032 0.07328140736
v -0.01675000042 0.1426464766 0.07316164672
v -0.01625000127 0.1426464766 0.07316164672
v -0.01575000025 0.1426464766 0.07316164672
v -0.0152500011 0.1426444501 0.07304185629
v -0.01475000102 0.1426444501 0.07304185629
v -0.01425000094 0.1426424384 0.07292206585
v -0.01375000086 0.1426404119 0.07280227542
v -0.01325000077 0.1426384002 0.07268249989
v -0.01275000069 0.1426363736 0.07256270945
v -0.01225000061 0.1426363736 0.07256270945
v -0.01175000053 0.1426303238 0.07220338285
v -0.01125000045 0.1426303238 0.07220338285
v -0.01075000037 0.1426282972 0.07208359241
v -0.01025000028 0.1426262707 0.07196380198
v -0.009750000201 0.142624259 0.07184402645
v -0.009250000119 0.142624259 0.07184402645
v -0.008750000037 0.1426202208 0.07160444558
v -0.008249999955 0.1426202208 0.07160444558
v -0.007750000339 0.1426181942 0.07148467004
v -0.007250000257 0.1426161826 0.07136489451
v -0.006750000175 0.142614156 0.07124510407
v -0.006250000093 0.1426161826 0.07136489451
v -0.005750000477 0.1426121444 0.07112531364
v -0.005250000395 0.1426121444 0.07112531364
v -0.004750000313 0.1426121444 0.07112531364
v -0.004250000231 0.1426101178 0.07100555301
v -0.003750000149 0.1426101178 0.07100555301
v -0.003250000067 0.1426081061 0.07088576257
v -0.002750000218 0.1426081061 0.07088576257
v -0.002250000136 0.1426081061 0.07088576257
v -0.001750000054 0.1426060796 0.07076597214
v -0.001250000088 0.1426081061 0.07088576257
v -0.0007500000065 0.1426081061 0.07088576257
v -0.0002500000119 0.142604053 0.0706461817
v 0.0002500000119 0.1426060796 0.07076597214
v 0.0007500000065 0.1426060796 0.07076597214
v 0.001250000088 0.1426060796 0.07076597214
v 0.001750000054 0.142604053 0.0706461817
v 0.002250000136 0.142604053 0.0706461817
v 0.002750000218 0.1426081061 0.07088576257
v 0.003250000067 0.1426081061 0.07088576257
v 0.003750000149 0.1426081061 0.07088576257
v 0.004250000231 0.1426081061 0.07088576257
v 0.004750000313 0.1426060796 0.07076597214
v 0.005250000395 0.1426020414 0.07052642107
v 0.005750000477 0.1426000148 0.07040663064
v 0.006250000093 0.1425858736 0.0695681572
v 0.006750000175 0.1425777972 0.06908902526
v 0.007250000257 0.1425777972 0.06908902526
v 0.007750000339 0.1425798237 0.06920880079
v 0.008249999955 0.1425798237 0.06920880079
v 0.008750000037 0.1425798237 0.06920880079
v 0.009250000119 0.1425798237 0.06920880079
v 0.009750000201 0.1425798237 0.06920880079
v 0.01025000028 0.1425798237 0.06920880079
v 0.01075000037 0.1425798237 0.06920880079
v 0.01125000045 0.1425818354 0.06932857633
v 0.01175000053 0.1425838619 0.06944836676
v 0.01225000061 0.1425798237 0.06920880079
v 0.01275000069 0.1425798237 0.06920880079
v 0.01325000077 0.1425798237 0.06920880079
v 0.01375000086 0.1425818354 0.06932857633
v 0.01425000094 0.1425818354 0.06932857633
v 0.01475000102 0.1425798237 0.06920880079
v 0.0152500011 0.1425818354 0.06932857633
v 0.01575000025 0.1425818354 0.06932857633
v 0.01625000127 0.1425798237 0.06920880079
v 0.01675000042 0.1425798237 0.06920880079
v 0.01725000143 0.1425798237 0.06920880079
v 0.01775000058 0.1425777972 0.06908902526
v 0.01825000159 0.1425777972 0.06908902526
v 0.01875000075 0.1425777972 0.06908902526
v 0.01925000176 0.1425777972 0.06908902526
v 0.01975000091 0.1425777972 0.06908902526
v 0.02025000006 0.1425777972 0.06908902526
v -0.0700000003 0.1422738135 0.0268933773
v -0.06950000674 0.1422894895 0.02740124613
v -0.06900000572 0.1422894895 0.02740124613
v -0.06850000471 0.1422855705 0.02727428079
v -0.0680000037 0.1422816515 0.02714730054
v -0.06750000268 0.1422698945 0.02676640451
v -0.06700000167 0.1422620714 0.02651247382
v -0.06650000066 0.1422463953 0.026004605
v -0.06599999964 0.1422268152 0.02536975592
v -0.06550000608 0.1422072351 0.02473493665
v -0.06500000507 0.142175898 0.02371919155
v -0.06450000405 0.1421523988 0.02295736969
v -0.06400000304 0.1421563029 0.02308434993
v -0.06350000203 0.1421563029 0.02308434993
v -0.06300000101 0.1421523988 0.02295736969
v -0.0625 0.1421406418 0.02257647365
v -0.06200000271 0.1421328038 0.02232255042
v -0.0615000017 0.1421093047 0.02156072855
v -0.06100000441 0.1420936435 0.02105288208
v -0.0605000034 0.1420779675 0.0205450058
v -0.06000000238 0.1420740485 0.020418033
v -0.05950000137 0.1420740485 0.020418033
v -0.05900000408 0.1420779675 0.0205450058
v -0.05850000307 0.1420740485 0.020418033
v -0.05800000206 0.1420662254 0.02016410977
v -0.05750000104 0.1420583874 0.01991015673
v -0.05700000376 0.1420505494 0.01965623349
v -0.05650000274 0.1420388073 0.01927531511
v -0.05600000173 0.1420348883 0.01914836466
v -0.05550000444 0.1420113891 0.0183865428
v -0.02500000037 0.1433127224 0.07124450803
v -0.02450000122 0.1433205307 0.07172365487
v -0.02400000021 0.1433224827 0.0718434453
v -0.02350000106 0.1433263868 0.07208301127
v -0.02300000191 0.1433303058 0.07232257724
v -0.02250000089 0.1433342099 0.07256215811
v -0.02200000174 0.143336162 0.07268194854
v -0.02150000073 0.143338114 0.07280172408
v -0.02100000158 0.143338114 0.07280172408
v -0.02050000057 0.1433420181 0.07304130495
v -0.02000000142 0.1433439702 0.07316111028
v -0.0195000004 0.1433420181 0.07304130495
v -0.01900000125 0.1433439702 0.07316111028
v -0.01850000024 0.1433439702 0.07316111028
v -0.01800000109 0.1433439702 0.07316111028
v -0.01750000007 0.1433420181 0.07304130495
v -0.01700000092 0.1433420181 0.07304130495
v -0.01649999991 0.1433420181 0.07304130495
v -0.01600000076 0.1433439702 0.07316111028
v -0.01550000068 0.1433420181 0.07304130495
v -0.0150000006 0.1433420181 0.07304130495
v -0.01450000051 0.1433420181 0.07304130495
v -0.01400000043 0.1433420181 0.07304130495
v -0.01350000035 0.1433400661 0.07292151451
v -0.01300000027 0.143338114 0.07280172408
v -0.01250000019 0.1433400661 0.07292151451
v -0.0120000001 0.1433400661 0.07292151451
v -0.01150000095 0.1433342099 0.07256215811
v -0.01100000087 0.1433342099 0.07256215811
v -0.01050000079 0.1433322579 0.07244236767
v -0.01000000071 0.1433283389 0.0722028017
v -0.009500000626 0.1433283389 0.0722028017
v -0.009000000544 0.1433263868 0.07208301127
v -0.008500000462 0.1433224827 0.0718434453
v -0.00800000038 0.1433205307 0.07172365487
v -0.007500000298 0.1433205307 0.07172365487
v -0.007000000216 0.1433185786 0.07160386443
v -0.006500000134 0.1433185786 0.07160386443
v -0.006000000052 0.1433166265 0.071484074
v -0.005500000436 0.1433146745 0.07136429846
v -0.005000000354 0.1433146745 0.07136429846
v -0.004500000272 0.1433127224 0.07124450803
v -0.00400000019 0.1433127224 0.07124450803
v -0.003500000108 0.1433127224 0.07124450803
v -0.003000000026 0.1433107704 0.07112471759
v -0.002500000177 0.1433107704 0.07112471759
v -0.002000000095 0.1433107704 0.07112471759
v -0.001500000013 0.1433088183 0.07100494206
v -0.001000000047 0.1433088183 0.07100494206
v -0.0005000000237 0.1433088183 0.07100494206
v 0 0.1433068663 0.07088515162
v 0.0005000000237 0.1433068663 0.07088515162
v 0.001000000047 0.1433088183 0.07100494206
v 0.001500000013 0.1433088183 0.07100494206
v 0.002000000095 0.1433088183 0.07100494206
v 0.002500000177 0.1433107704 0.07112471759
v 0.003000000026 0.1433107704 0.07112471759
v 0.003500000108 0.1433107704 0.07112471759
v 0.00400000019 0.1433107704 0.07112471759
v 0.004500000272 0.1433107704 0.07112471759
v 0.005000000354 0.1433049142 0.07076536119
v 0.005500000436 0.1433010101 0.07052579522
v 0.006000000052 0.143293187 0.07004664838
v 0.006500000134 0.1432756186 0.06896854937
v 0.007000000216 0.1432717144 0.0687289834
v 0.007500000298 0.1432736665 0.06884878874
v 0.00800000038 0.1432717144 0.0687289834
v 0.008500000462 0.1432717144 0.0687289834
v 0.009000000544 0.1432736665 0.06884878874
v 0.009500000626 0.1432736665 0.06884878874
v 0.01000000071 0.1432756186 0.06896854937
v 0.01050000079 0.1432736665 0.06884878874
v 0.01100000087 0.1432756186 0.06896854937
v 0.01150000095 0.1432775706 0.06908833981
v 0.0120000001 0.1432756186 0.06896854937
v 0.01250000019 0.1432756186 0.06896854937
v 0.01300000027 0.1432775706 0.06908833981
v 0.01350000035 0.1432756186 0.06896854937
v 0.01400000043 0.1432775706 0.06908833981
v 0.01450000051 0.1432775706 0.06908833981
v 0.0150000006 0.1432775706 0.06908833981
v 0.01550000068 0.1432756186 0.06896854937
v 0.01600000076 0.1432775706 0.06908833981
v 0.01649999991 0.1432756186 0.06896854937
v 0.01700000092 0.1432756186 0.06896854937
v 0.01750000007 0.1432736665 0.06884878874
v 0.01800000109 0.1432717144 0.0687289834
v 0.01850000024 0.1432717144 0.0687289834
v 0.01900000125 0.1432736665 0.06884878874
v 0.0195000004 0.1432736665 0.06884878874
v 0.02000000142 0.1432717144 0.0687289834
v -0.06975000352 0.1429738849 0.02613048255
v -0.0692500025 0.1429854184 0.02651139349
v -0.06875000149 0.1429854184 0.02651139349
v -0.06825000048 0.1429931223 0.02676531672
v -0.06775000691 0.1429815739 0.02638442069
v -0.0672500059 0.1429700404 0.02600353211
v -0.06675000489 0.1429700404 0.02600353211
v -0.06625000387 0.1429430991 0.0251147747
v -0.06575000286 0.1429315656 0.02473387867
v -0.06525000185 0.1429123282 0.02409903705
v -0.06475000083 0.1428777128 0.02295633405
v -0.06424999982 0.1428777128 0.02295633405
v -0.06375000626 0.1428777128 0.02295633405
v -0.06325000525 0.1428738534 0.02282938361
v -0.06275000423 0.1428661644 0.02257544547
v -0.06225000322 0.1428546309 0.02219455689
v -0.06175000221 0.142839238 0.02168668807
v -0.06125000119 0.1428238451 0.02117882669
v -0.0607500039 0.1428046077 0.02054400742
v -0.06025000289 0.1427930743 0.02016311139
v -0.05975000188 0.1427969187 0.02029006183
v -0.05925000459 0.1427930743 0.02016311139
v -0.05875000358 0.1427930743 0.02016311139
v -0.05825000256 0.1427853853 0.0199091658
v -0.05775000155 0.1427776814 0.01965525001
v -0.05725000426 0.1427661479 0.01927433163
v -0.05675000325 0.1427545995 0.0188934356
v -0.05625000224 0.142743066 0.01851254702
v -0.05575000122 0.1427353621 0.01825862378
v -0.05525000393 0.1427199841 0.0177507624
v -0.02475000173 0.1440018415 0.07064493001
v -0.02425000072 0.1440093964 0.07112410665
v -0.02375000156 0.144011274 0.07124389708
v -0.02325000055 0.144011274 0.07124389708
v -0.0227500014 0.144011274 0.07124389708
v -0.02225000039 0.144015044 0.07148347795
v -0.02175000124 0.1440188289 0.07172307372
v -0.02125000022 0.1440207064 0.07184286416
v -0.02075000107 0.1440282613 0.07232201099
v -0.02025000006 0.1440244764 0.07208244503
v -0.01975000091 0.1440301389 0.07244180143
v -0.01925000176 0.1440339088 0.0726813972
v -0.01875000075 0.1440358013 0.07280117273
v -0.01825000159 0.1440358013 0.07280117273
v -0.01775000058 0.1440320313 0.07256160676
v -0.01725000143 0.1440339088 0.0726813972
v -0.01675000042 0.1440358013 0.07280117273
v -0.01625000127 0.1440376788 0.07292097807
v -0.01575000025 0.1440395713 0.0730407685
v -0.0152500011 0.1440395713 0.0730407685
v -0.01475000102 0.1440376788 0.07292097807
v -0.01425000094 0.1440395713 0.0730407685
v -0.01375000086 0.1440376788 0.07292097807
v -0.01325000077 0.1440376788 0.07292097807
v -0.01275000069 0.1440376788 0.07292097807
v -0.01225000061 0.1440395713 0.0730407685
v -0.01175000053 0.1440376788 0.07292097807
v -0.01125000045 0.1440376788 0.07292097807
v -0.01075000037 0.1440358013 0.07280117273
v -0.01025000028 0.1440358013 0.07280117273
v -0.009750000201 0.1440339088 0.0726813972
v -0.009250000119 0.1440320313 0.07256160676
v -0.008750000037 0.1440282613 0.07232201099
v -0.008249999955 0.1440263689 0.07220223546
v -0.007750000339 0.1440263689 0.07220223546
v -0.007250000257 0.1440225989 0.07196263969
v -0.006750000175 0.1440207064 0.07184286416
v -0.006250000093 0.1440207064 0.07184286416
v -0.005750000477 0.1440169364 0.07160326838
v -0.005250000395 0.1440169364 0.07160326838
v -0.004750000313 0.144015044 0.07148347795
v -0.004250000231 0.144015044 0.07148347795
v -0.003750000149 0.144015044 0.07148347795
v -0.003250000067 0.1440131664 0.07136370242
v -0.002750000218 0.144011274 0.07124389708
v -0.002250000136 0.144011274 0.07124389708
v -0.001750000054 0.1440131664 0.07136370242
v -0.001250000088 0.144011274 0.07124389708
v -0.0007500000065 0.1440093964 0.07112410665
v -0.0002500000119 0.1440093964 0.07112410665
v 0.0002500000119 0.1440093964 0.07112410665
v 0.0007500000065 0.1440093964 0.07112410665
v 0.001250000088 0.144011274 0.07124389708
v 0.001750000054 0.144011274 0.07124389708
v 0.002250000136 0.1440131664 0.07136370242
v 0.002750000218 0.1440131664 0.07136370242
v 0.003250000067 0.1440131664 0.07136370242
v 0.003750000149 0.144015044 0.07148347795
v 0.004250000231 0.144011274 0.07124389708
v 0.004750000313 0.144011274 0.07124389708
v 0.005250000395 0.144007504 0.07100433111
v 0.005750000477 0.1440018415 0.07064493001
v 0.006250000093 0.1439886391 0.06980639696
v 0.006750000175 0.1439678967 0.06848870218
v 0.007250000257 0.1439678967 0.06848870218
v 0.007750000339 0.1439660043 0.06836892664
v 0.008249999955 0.1439660043 0.06836892664
v 0.008750000037 0.1439641267 0.06824912131
v 0.009250000119 0.1439641267 0.06824912131
v 0.009750000201 0.1439660043 0.06836892664
v 0.01025000028 0.1439660043 0.06836892664
v 0.01075000037 0.1439660043 0.06836892664
v 0.01125000045 0.1439697891 0.06860850751
v 0.01175000053 0.1439660043 0.06836892664
v 0.01225000061 0.1439678967 0.06848870218
v 0.01275000069 0.1439697891 0.06860850751
v 0.01325000077 0.1439697891 0.06860850751
v 0.01375000086 0.1439678967 0.06848870218
v 0.01425000094 0.1439660043 0.06836892664
v 0.01475000102 0.1439697891 0.06860850751
v 0.0152500011 0.1439678967 0.06848870218
v 0.01575000025 0.1439678967 0.06848870218
v 0.01625000127 0.1439660043 0.06836892664
v 0.01675000042 0.1439660043 0.06836892664
v 0.01725000143 0.1439641267 0.06824912131
v 0.01775000058 0.1439660043 0.06836892664
v 0.01825000159 0.1439622343 0.06812933087
v 0.01875000075 0.1439528018 0.0675303936
v -0.06850000471 0.143667236 0.02511370927
v -0.0680000037 0.1436823457 0.0256215632
v -0.06750000268 0.1436785609 0.0254945904
v -0.06700000167 0.143667236 0.02511370927
v -0.06650000066 0.1436483562 0.0244788751
v -0.06599999964 0.1436445713 0.02435190976
v -0.06550000608 0.1436332464 0.02397102118
v -0.06500000507 0.1436105818 0.02320924401
v -0.06450000405 0.143599242 0.02282835543
v -0.06400000304 0.143599242 0.02282835543
v -0.06350000203 0.1435916871 0.02257441729
v -0.06300000101 0.1435879171 0.02244746685
v -0.0625 0.1435652524 0.02168567479
v -0.06200000271 0.1435539275 0.02130477875
v -0.0615000017 0.1435463727 0.02105086297
v -0.06100000441 0.1435350329 0.02066995203
v -0.0605000034 0.1435123682 0.01990817487
v -0.06000000238 0.1435123682 0.01990817487
v -0.05950000137 0.1435085982 0.01978120953
v -0.05900000408 0.1435085982 0.01978120953
v -0.05850000307 0.1434972733 0.01940032095
v -0.05800000206 0.1434821635 0.01889245957
v -0.05750000104 0.143455714 0.01800371706
v -0.05700000376 0.1434632689 0.0182576552
v -0.05650000274 0.1434368342 0.0173689127
v -0.05600000173 0.1434330493 0.0172419399
v -0.05550000444 0.1434292793 0.01711497456
v -0.05500000343 0.1434254944 0.01698800176
v -0.02250000089 0.1447025687 0.07076410949
v -0.02200000174 0.1447080225 0.0711234957
v -0.02150000073 0.1447062045 0.07100372016
v -0.02050000057 0.1446916461 0.07004535198
v -0.02000000142 0.1447025687 0.07076410949
v -0.0195000004 0.1447080225 0.0711234957
v -0.01900000125 0.1447171122 0.07172247767
v -0.01850000024 0.144720763 0.07196207345
v -0.01800000109 0.1447225809 0.07208186388
v -0.01750000007 0.1447225809 0.07208186388
v -0.01700000092 0.1447262168 0.07232144475
v -0.01649999991 0.1447280347 0.07244125009
v -0.01600000076 0.1447316706 0.07268084586
v -0.01550000068 0.1447298527 0.07256104052
v -0.0150000006 0.1447316706 0.07268084586
v -0.01450000051 0.1447316706 0.07268084586
v -0.01400000043 0.1447316706 0.07268084586
v -0.01350000035 0.1447316706 0.07268084586
v -0.01300000027 0.1447334886 0.07280063629
v -0.01250000019 0.1447334886 0.07280063629
v -0.0120000001 0.1447353065 0.07292042673
v -0.01150000095 0.1447353065 0.07292042673
v -0.01100000087 0.1447353065 0.07292042673
v -0.01050000079 0.1447353065 0.07292042673
v -0.01000000071 0.1447353065 0.07292042673
v -0.009500000626 0.1447353065 0.07292042673
v -0.009000000544 0.1447353065 0.07292042673
v -0.008500000462 0.1447316706 0.07268084586
v -0.00800000038 0.1447316706 0.07268084586
v -0.007500000298 0.1447298527 0.07256104052
v -0.007000000216 0.1447280347 0.07244125009
v -0.006500000134 0.1447262168 0.07232144475
v -0.006000000052 0.1447225809 0.07208186388
v -0.005500000436 0.1447225809 0.07208186388
v -0.005000000354 0.144718945 0.07184228301
v -0.004500000272 0.1447171122 0.07172247767
v -0.00400000019 0.1447171122 0.07172247767
v -0.003500000108 0.1447152942 0.07160267234
v -0.003000000026 0.1447152942 0.07160267234
v -0.002500000177 0.1447134763 0.0714828819
v -0.002000000095 0.1447134763 0.0714828819
v -0.001500000013 0.1447152942 0.07160267234
v -0.001000000047 0.1447116584 0.07136310637
v -0.0005000000237 0.1447116584 0.07136310637
v 0 0.1447116584 0.07136310637
v 0.0005000000237 0.1447116584 0.07136310637
v 0.001000000047 0.1447134763 0.0714828819
v 0.001500000013 0.1447134763 0.0714828819
v 0.002000000095 0.1447152942 0.07160267234
v 0.002500000177 0.1447171122 0.07172247767
v 0.003000000026 0.1447134763 0.0714828819
v 0.003500000108 0.1447171122 0.07172247767
v 0.00400000019 0.1447152942 0.07160267234
v 0.004500000272 0.1447134763 0.0714828819
v 0.005000000354 0.1447116584 0.07136310637
v 0.005500000436 0.1447080225 0.0711234957
v 0.006000000052 0.1447025687 0.07076410949
v 0.006500000134 0.1446989328 0.07052454352
v 0.007000000216 0.1446607262 0.06800882518
v 0.007500000298 0.1446607262 0.06800882518
v 0.00800000038 0.1446570754 0.06776924431
v 0.008500000462 0.1446534395 0.06752966344
v 0.009000000544 0.1446534395 0.06752966344
v 0.009500000626 0.1446552575 0.06764943898
v 0.01000000071 0.1446479857 0.06717026234
v 0.01050000079 0.1446534395 0.06752966344
v 0.01100000087 0.1446516216 0.06740985811
v 0.01150000095 0.1446552575 0.06764943898
v 0.0120000001 0.1446589082 0.06788903475
v 0.01250000019 0.1446552575 0.06764943898
v 0.01300000027 0.1446552575 0.06764943898
v 0.01350000035 0.1446516216 0.06740985811
v 0.01400000043 0.1446498036 0.06729005277
v 0.01450000051 0.1446552575 0.06764943898
v 0.0150000006 0.1446570754 0.06776924431
v 0.01550000068 0.1446552575 0.06764943898
v -0.0672500059 0.1442986727 0.0219385922
v -0.06625000387 0.1443172097 0.02257338166
v -0.06575000286 0.1443357468 0.02320820838
v -0.06525000185 0.1442949772 0.0218116194
v -0.06475000083 0.1443098038 0.02231947333
v -0.06424999982 0.1443098038 0.02231947333
v -0.06375000626 0.1442764401 0.02117680758
v -0.06325000525 0.1442727298 0.02104985714
v -0.06275000423 0.1442690194 0.02092288435
v -0.06225000322 0.1442541927 0.02041503787
v -0.06175000221 0.1442541927 0.02041503787
v -0.06125000119 0.1442430615 0.02003414929
v -0.0607500039 0.1442134082 0.01901845634
v -0.06025000289 0.1442134082 0.01901845634
v -0.05975000188 0.1442096978 0.01889148355
v -0.05925000459 0.1442060024 0.0187645331
v -0.05875000358 0.144202292 0.01863757521
v -0.05775000155 0.1441541016 0.01698705554
v -0.02075000107 0.1453768611 0.06908631325
v -0.02025000006 0.1453838646 0.06956550479
v -0.01975000091 0.1453873813 0.06980510056
v -0.01875000075 0.1453926265 0.07016448677
v -0.01825000159 0.1454013884 0.07076349854
v -0.01775000058 0.1454066485 0.07112288475
v -0.01725000143 0.1454066485 0.07112288475
v -0.01675000042 0.1454049051 0.07100310922
v -0.01625000127 0.1454119086 0.07148228586
v -0.01575000025 0.1454154104 0.07172189653
v -0.0152500011 0.1454206705 0.07208129764
v -0.01475000102 0.1454224288 0.07220110297
v -0.01425000094 0.1454241723 0.07232087851
v -0.01375000086 0.1454241723 0.07232087851
v -0.01325000077 0.1454241723 0.07232087851
v -0.01275000069 0.1454259306 0.07244068384
v -0.01225000061 0.1454276741 0.07256048918
v -0.01175000053 0.1454294324 0.07268029451
v -0.01125000045 0.1454329342 0.07291989028
v -0.01075000037 0.1454294324 0.07268029451
v -0.01025000028 0.1454329342 0.07291989028
v -0.009750000201 0.1454346925 0.07303969562
v -0.009250000119 0.1454346925 0.07303969562
v -0.008750000037 0.1454329342 0.07291989028
v -0.008249999955 0.1454329342 0.07291989028
v -0.007750000339 0.1454329342 0.07291989028
v -0.007250000257 0.1454329342 0.07291989028
v -0.006750000175 0.1454311907 0.07280008495
v -0.006250000093 0.1454276741 0.07256048918
v -0.005750000477 0.1454259306 0.07244068384
v -0.005250000395 0.1454276741 0.07256048918
v -0.004750000313 0.1454224288 0.07220110297
v -0.004250000231 0.1454206705 0.07208129764
v -0.003750000149 0.1454189122 0.0719614923
v -0.003250000067 0.1454171687 0.07184170187
v -0.002750000218 0.1454189122 0.0719614923
v -0.002250000136 0.1454171687 0.07184170187
v -0.001750000054 0.1454154104 0.07172189653
v -0.001250000088 0.1454154104 0.07172189653
v -0.0007500000065 0.145413667 0.07160209119
v -0.0002500000119 0.145413667 0.07160209119
v 0.0002500000119 0.145413667 0.07160209119
v 0.0007500000065 0.1454154104 0.07172189653
v 0.001250000088 0.1454171687 0.07184170187
v 0.001750000054 0.1454189122 0.0719614923
v 0.002250000136 0.1454189122 0.0719614923
v 0.002750000218 0.1454154104 0.07172189653
v 0.003250000067 0.1454171687 0.07184170187
v 0.003750000149 0.1454171687 0.07184170187
v 0.004250000231 0.1454154104 0.07172189653
v 0.004750000313 0.145413667 0.07160209119
v 0.005250000395 0.1454101503 0.07136249542
v 0.005750000477 0.1454084069 0.07124269009
v 0.006250000093 0.1454066485 0.07112288475
v 0.006750000175 0.1454049051 0.07100310922
v 0.007250000257 0.1454013884 0.07076349854
v 0.007750000339 0.1453943849 0.0702842921
v 0.008249999955 0.1453908831 0.07004471123
v -0.06500000507 0.1450063735 0.02130275965
v -0.06300000101 0.1449772716 0.02028707415
v -0.01800000109 0.1460901052 0.07004405558
v -0.01750000007 0.1460934877 0.07028365135
v -0.01700000092 0.1460934877 0.07028365135
v -0.01649999991 0.146081686 0.0694450438
v -0.01600000076 0.1460901052 0.07004405558
v -0.01550000068 0.1460951716 0.07040347159
v -0.0150000006 0.1460968554 0.07052327693
v -0.01450000051 0.1461019069 0.07088269293
v -0.01400000043 0.1461120248 0.07160149515
v -0.01350000035 0.146110341 0.07148168981
v -0.01300000027 0.146110341 0.07148168981
v -0.01250000019 0.1461137086 0.07172130048
v -0.0120000001 0.1461187601 0.07208071649
v -0.01150000095 0.1461238265 0.0724401325
v -0.01100000087 0.1461238265 0.0724401325
v -0.01050000079 0.1461255103 0.07255992293
v -0.01000000071 0.1461271942 0.07267974317
v -0.009500000626 0.146128878 0.07279953361
v -0.009000000544 0.146128878 0.07279953361
v -0.008500000462 0.1461305618 0.07291933894
v -0.00800000038 0.1461322457 0.07303914428
v -0.007500000298 0.1461305618 0.07291933894
v -0.007000000216 0.1461305618 0.07291933894
v -0.006500000134 0.1461322457 0.07303914428
v -0.006000000052 0.146128878 0.07279953361
v -0.005500000436 0.1461305618 0.07291933894
v -0.005000000354 0.146128878 0.07279953361
v -0.004500000272 0.1461271942 0.07267974317
v -0.00400000019 0.1461238265 0.0724401325
v -0.003500000108 0.1461221427 0.07232032716
v -0.003000000026 0.1461187601 0.07208071649
v -0.002500000177 0.1461221427 0.07232032716
v -0.002000000095 0.1461204588 0.07220053673
v -0.001500000013 0.1461204588 0.07220053673
v -0.001000000047 0.1461187601 0.07208071649
v -0.0005000000237 0.1461187601 0.07208071649
v 0 0.1461187601 0.07208071649
v 0.0005000000237 0.1461187601 0.07208071649
v 0.001000000047 0.1461187601 0.07208071649
v 0.001500000013 0.1461204588 0.07220053673
v 0.002000000095 0.1461204588 0.07220053673
v 0.002500000177 0.1461187601 0.07208071649
v 0.003000000026 0.1461187601 0.07208071649
v 0.003500000108 0.1461187601 0.07208071649
v 0.00400000019 0.1461153924 0.07184112072
v 0.004500000272 0.1461153924 0.07184112072
v 0.005000000354 0.1461170763 0.07196091115
v 0.005500000436 0.1461137086 0.07172130048
v 0.006000000052 0.146110341 0.07148168981
v 0.006500000134 0.1461086571 0.07136189938
v 0.007000000216 0.1461069733 0.07124209404
v 0.007500000298 0.1461052895 0.0711222887
v 0.00800000038 0.1461019069 0.07088269293
v 0.008500000462 0.1460985392 0.07064306736
v 0.009000000544 0.1460867375 0.06980444491
v 0.009500000626 0.1460800022 0.06932522357
v -0.02625000104 0.1466096789 0.05674475431
v -0.02575000189 0.146616146 0.05722396076
v -0.01975000091 0.1467229724 0.06513129175
v -0.01875000075 0.1467375457 0.06620956957
v -0.01825000159 0.1467407793 0.06644918025
v -0.01775000058 0.1467504948 0.06716801226
v -0.01725000143 0.1467585862 0.06776706874
v -0.0152500011 0.1467553526 0.06752745807
v -0.01375000086 0.1467877328 0.0699236095
v -0.01325000077 0.1467990577 0.07076226175
v -0.01275000069 0.1468022913 0.07100188732
v -0.01225000061 0.1468039155 0.07112167776
v -0.01175000053 0.1468006819 0.07088206708
v -0.01125000045 0.1468071491 0.07136130333
v -0.01075000037 0.1468120068 0.07172071934
v -0.01025000028 0.1468136311 0.07184053957
v -0.009750000201 0.1468184739 0.07219995558
v -0.009250000119 0.1468200982 0.07231976092
v -0.008750000037 0.1468233317 0.07255937159
v -0.008249999955 0.1468249559 0.07267919183
v -0.007750000339 0.1468249559 0.07267919183
v -0.007250000257 0.1468281895 0.0729188025
v -0.006750000175 0.1468281895 0.0729188025
v -0.006250000093 0.1468298137 0.07303860784
v -0.005750000477 0.1468298137 0.07303860784
v -0.005250000395 0.1468298137 0.07303860784
v -0.004750000313 0.1468298137 0.07303860784
v -0.004250000231 0.1468298137 0.07303860784
v -0.003750000149 0.1468281895 0.0729188025
v -0.003250000067 0.1468265802 0.07279898226
v -0.002750000218 0.1468265802 0.07279898226
v -0.002250000136 0.1468249559 0.07267919183
v -0.001750000054 0.1468249559 0.07267919183
v -0.001250000088 0.1468249559 0.07267919183
v -0.0007500000065 0.1468217224 0.07243956625
v -0.0002500000119 0.1468217224 0.07243956625
v 0.0002500000119 0.1468200982 0.07231976092
v 0.0007500000065 0.1468200982 0.07231976092
v 0.001250000088 0.1468200982 0.07231976092
v 0.001750000054 0.1468200982 0.07231976092
v 0.002250000136 0.1468184739 0.07219995558
v 0.002750000218 0.1468184739 0.07219995558
v 0.003250000067 0.1468184739 0.07219995558
v 0.003750000149 0.1468184739 0.07219995558
v 0.004250000231 0.1468152404 0.07196033001
v 0.004750000313 0.1468168646 0.07208015025
v 0.005250000395 0.1468152404 0.07196033001
v 0.005750000477 0.1468152404 0.07196033001
v 0.006250000093 0.1468136311 0.07184053957
v 0.006750000175 0.1468103826 0.071600914
v 0.007250000257 0.1468103826 0.071600914
v 0.007750000339 0.1468055248 0.07124148309
v 0.008249999955 0.1468071491 0.07136130333
v 0.008750000037 0.1468055248 0.07124148309
v 0.009250000119 0.1467974335 0.07064244151
v 0.009750000201 0.1467974335 0.07064244151
v 0.01025000028 0.1467941999 0.07040283084
v -0.02650000155 0.1473085582 0.05614456534
v -0.02600000054 0.1473225206 0.05722287297
v -0.02550000139 0.1473271847 0.05758231878
v -0.02500000037 0.1473287344 0.05770212412
v -0.02450000122 0.1473318338 0.05794174969
v -0.02400000021 0.147336483 0.0583011955
v -0.02350000106 0.1473395973 0.05854080617
v -0.02000000142 0.1474202871 0.06477104127
v -0.0195000004 0.1474265009 0.06525029242
v -0.01900000125 0.1474265009 0.06525029242
v -0.01850000024 0.1474342495 0.065849334
v -0.01800000109 0.1474404633 0.06632858515
v -0.01750000007 0.147442013 0.06644840539
v -0.01700000092 0.1474435627 0.06656821072
v -0.01649999991 0.1474435627 0.06656821072
v -0.01600000076 0.1474466771 0.06680783629
v -0.01550000068 0.1474513263 0.0671672672
v -0.0150000006 0.14745754 0.06764651835
v -0.01450000051 0.1474544257 0.06740690768
v -0.01250000019 0.147490114 0.07016256452
v -0.0120000001 0.1474885643 0.07004277408
v -0.01150000095 0.1474916786 0.07028238475
v -0.01100000087 0.147494778 0.07052202523
v -0.01050000079 0.1474994272 0.07088145614
v -0.01000000071 0.147505641 0.07136070728
v -0.009500000626 0.1475071907 0.07148049772
v -0.009000000544 0.1475118399 0.07183995843
v -0.008500000462 0.1475134045 0.07195974886
v -0.00800000038 0.1475180537 0.07231919467
v -0.007500000298 0.1475211531 0.07255882025
v -0.007000000216 0.1475227028 0.07267864048
v -0.006500000134 0.1475242674 0.07279843092
v -0.006000000052 0.1475242674 0.07279843092
v -0.005500000436 0.1475258172 0.07291825116
v -0.005000000354 0.1475258172 0.07291825116
v -0.004500000272 0.1475273669 0.07303807139
v -0.00400000019 0.1475273669 0.07303807139
v -0.003500000108 0.1475273669 0.07303807139
v -0.003000000026 0.1475273669 0.07303807139
v -0.002500000177 0.1475273669 0.07303807139
v -0.002000000095 0.1475242674 0.07279843092
v -0.001500000013 0.1475258172 0.07291825116
v -0.001000000047 0.1475242674 0.07279843092
v -0.0005000000237 0.1475227028 0.07267864048
v 0 0.1475227028 0.07267864048
v 0.0005000000237 0.1475196034 0.07243900001
v 0.001000000047 0.1475180537 0.07231919467
v 0.001500000013 0.1475180537 0.07231919467
v 0.002000000095 0.1475165039 0.07219938934
v 0.002500000177 0.1475149542 0.0720795691
v 0.003000000026 0.1475165039 0.07219938934
v 0.003500000108 0.1475165039 0.07219938934
v 0.00400000019 0.1475149542 0.0720795691
v 0.004500000272 0.1475149542 0.0720795691
v 0.005000000354 0.1475149542 0.0720795691
v 0.005500000436 0.1475149542 0.0720795691
v 0.006000000052 0.1475149542 0.0720795691
v 0.006500000134 0.1475134045 0.07195974886
v 0.007000000216 0.1475118399 0.07183995843
v 0.007500000298 0.1475102901 0.07172013819
v 0.00800000038 0.1475071907 0.07148049772
v 0.008500000462 0.1475087404 0.07160031796
v 0.009000000544 0.1475071907 0.07148049772
v 0.009500000626 0.1475040913 0.07124088705
v 0.01000000071 0.1475009769 0.07100127637
v 0.01050000079 0.1474994272 0.07088145614
v 0.01100000087 0.1474963278 0.07064181566
v 0.01150000095 0.1474932283 0.07040220499
v -0.02625000104 0.1480185091 0.05638305843
v -0.02575000189 0.14802742 0.05710196495
v -0.02525000088 0.1480318755 0.05746141076
v -0.02475000173 0.1480348557 0.05770105124
v -0.02425000072 0.1480407864 0.05818031728
v -0.02375000156 0.1480437666 0.05841994286
v -0.02325000055 0.1480452418 0.05853974819
v -0.0227500014 0.1480452418 0.05853974819
v -0.02225000039 0.1480407864 0.05818031728
v -0.02175000124 0.1480437666 0.05841994286
v -0.01825000159 0.1481298953 0.06536929309
v -0.01775000058 0.1481373161 0.06596836448
v -0.01725000143 0.1481387913 0.06608818471
v -0.01675000042 0.1481402814 0.06620800495
v -0.01625000127 0.1481387913 0.06608818471
v -0.01575000025 0.1481343359 0.0657287389
v -0.0152500011 0.1481417716 0.06632781029
v -0.01475000102 0.1481506824 0.06704671681
v -0.01425000094 0.1481506824 0.06704671681
v -0.01375000086 0.148146227 0.066687271
v -0.01325000077 0.1481506824 0.06704671681
v -0.01275000069 0.1481491923 0.06692689657
v -0.009750000201 0.1481937468 0.07052139938
v -0.009250000119 0.1481967121 0.07076101005
v -0.008750000037 0.1482011676 0.07112045586
v -0.008249999955 0.1481996775 0.07100066543
v -0.007750000339 0.1482070982 0.07159972191
v -0.007250000257 0.1482130438 0.07207900286
v -0.006750000175 0.1482160091 0.07231862843
v -0.006250000093 0.1482174993 0.07243844867
v -0.005750000477 0.1482174993 0.07243844867
v -0.005250000395 0.1482204646 0.07267808914
v -0.004750000313 0.1482219547 0.07279789448
v -0.004250000231 0.1482234448 0.07291771472
v -0.003750000149 0.1482219547 0.07279789448
v -0.003250000067 0.1482234448 0.07291771472
v -0.002750000218 0.14822492 0.07303753495
v -0.002250000136 0.14822492 0.07303753495
v -0.001750000054 0.1482234448 0.07291771472
v -0.001250000088 0.1482234448 0.07291771472
v -0.0007500000065 0.1482234448 0.07291771472
v -0.0002500000119 0.1482219547 0.07279789448
v 0.0002500000119 0.1482204646 0.07267808914
v 0.0007500000065 0.1482160091 0.07231862843
v 0.001250000088 0.1482160091 0.07231862843
v 0.001750000054 0.1482145339 0.07219882309
v 0.002250000136 0.1482115537 0.07195918262
v 0.002750000218 0.1482130438 0.07207900286
v 0.003250000067 0.1482130438 0.07207900286
v 0.003750000149 0.1482130438 0.07207900286
v 0.004250000231 0.1482130438 0.07207900286
v 0.004750000313 0.1482130438 0.07207900286
v 0.005250000395 0.1482130438 0.07207900286
v 0.005750000477 0.1482130438 0.07207900286
v 0.006250000093 0.1482130438 0.07207900286
v 0.006750000175 0.1482115537 0.07195918262
v 0.007250000257 0.1482115537 0.07195918262
v 0.007750000339 0.1482115537 0.07195918262
v 0.008249999955 0.1482100785 0.07183937728
v 0.008750000037 0.1482085884 0.07171954215
v 0.009250000119 0.1482070982 0.07159972191
v 0.009750000201 0.1482070982 0.07159972191
v 0.01025000028 0.1482041329 0.07136011124
v 0.01075000037 0.1482026577 0.0712402761
v 0.01125000045 0.1482026577 0.0712402761
v 0.01175000053 0.1481996775 0.07100066543
v 0.01225000061 0.1481982023 0.07088084519
v 0.01275000069 0.1481967121 0.07076101005
v -0.02500000037 0.1487324685 0.05698104203
v -0.02450000122 0.1487424076 0.05781978369
v -0.02400000021 0.1487466544 0.0581792444
v -0.02350000106 0.1487494856 0.05841889977
v -0.02300000191 0.1487509012 0.05853870511
v -0.02250000089 0.1487509012 0.05853870511
v -0.02200000174 0.1487523317 0.05865854025
v -0.02150000073 0.1487523317 0.05865854025
v -0.02100000158 0.1487494856 0.05841889977
v -0.01800000109 0.1487721801 0.06033600867
v -0.01750000007 0.1487778574 0.06081528962
v -0.01700000092 0.1487821043 0.06117475033
v -0.01649999991 0.1488303244 0.06524866819
v -0.01600000076 0.14883174 0.06536848843
v -0.01550000068 0.1488331556 0.06548829377
v -0.01400000043 0.1488402486 0.06608739495
v -0.01350000035 0.148845911 0.0665666759
v -0.01300000027 0.148845911 0.0665666759
v -0.0120000001 0.1488260627 0.06488919258
v -0.01150000095 0.1488218158 0.06452973187
v -0.01100000087 0.1488260627 0.06488919258
v -0.006500000134 0.148905471 0.07159914076
v -0.006000000052 0.1489083171 0.07183879614
v -0.005500000436 0.1489125639 0.07219825685
v -0.005000000354 0.1489139795 0.07231806219
v -0.004500000272 0.1489153951 0.07243788242
v -0.00400000019 0.1489153951 0.07243788242
v -0.003500000108 0.1489168257 0.07255770266
v -0.003000000026 0.1489196569 0.07279734313
v -0.002500000177 0.1489210725 0.07291716337
v -0.002000000095 0.1489196569 0.07279734313
v -0.001500000013 0.1489196569 0.07279734313
v -0.001000000047 0.1489210725 0.07291716337
v -0.0005000000237 0.1489196569 0.07279734313
v 0 0.1489168257 0.07255770266
v 0.0005000000237 0.1489139795 0.07231806219
v 0.001000000047 0.1489125639 0.07219825685
v 0.001500000013 0.1489111483 0.07207842171
v 0.002000000095 0.1489083171 0.07183879614
v 0.002500000177 0.1489083171 0.07183879614
v 0.003000000026 0.1489097327 0.07195860147
v 0.003500000108 0.1489083171 0.07183879614
v 0.00400000019 0.1489083171 0.07183879614
v 0.004500000272 0.1489111483 0.07207842171
v 0.005000000354 0.1489111483 0.07207842171
v 0.005500000436 0.1489111483 0.07207842171
v 0.006000000052 0.1489097327 0.07195860147
v 0.006500000134 0.1489097327 0.07195860147
v 0.007000000216 0.1489097327 0.07195860147
v 0.007500000298 0.1489097327 0.07195860147
v 0.00800000038 0.1489083171 0.07183879614
v 0.008500000462 0.1489097327 0.07195860147
v 0.009000000544 0.1489083171 0.07183879614
v 0.009500000626 0.1489083171 0.07183879614
v 0.01000000071 0.1489068866 0.071718961
v 0.01050000079 0.1489068866 0.071718961
v 0.01100000087 0.148905471 0.07159914076
v 0.01150000095 0.148905471 0.07159914076
v 0.0120000001 0.1489040554 0.07147932053
v 0.01250000019 0.1489040554 0.07147932053
v 0.01300000027 0.1489040554 0.07147932053
v 0.01350000035 0.1489026397 0.07135951519
v -0.02425000072 0.1494443864 0.05745923519
v -0.02375000156 0.1494470984 0.05769889057
v -0.02325000055 0.1494511515 0.05805835128
v -0.0227500014 0.1494538486 0.05829802155
v -0.02225000039 0.1494552046 0.05841784179
v -0.02175000124 0.1494565457 0.05853764713
v -0.02125000022 0.1494565457 0.05853764713
v -0.02075000107 0.1494565457 0.05853764713
v -0.02025000006 0.1494579017 0.05865748227
v -0.01975000091 0.1494511515 0.05805835128
v -0.01775000058 0.1494768113 0.06033502519
v -0.01725000143 0.1494822204 0.06081432104
v -0.01675000042 0.1494795233 0.06057469547
v -0.01625000127 0.1494822204 0.06081432104
v -0.01575000025 0.1494822204 0.06081432104
v -0.0152500011 0.1494835764 0.06093415618
v -0.01475000102 0.1494835764 0.06093415618
v -0.01425000094 0.1494808644 0.0606945008
v -0.01325000077 0.1494795233 0.06057469547
v -0.01275000069 0.1494795233 0.06057469547
v -0.01225000061 0.1494795233 0.06057469547
v -0.01175000053 0.1494768113 0.06033502519
v -0.01125000045 0.1495268047 0.06476855278
v -0.01075000037 0.1495254636 0.06464871764
v -0.01025000028 0.1495254636 0.06464871764
v -0.004750000313 0.1495970786 0.07099944353
v -0.004250000231 0.1496024728 0.07147872448
v -0.003750000149 0.1496078819 0.07195802033
v -0.003250000067 0.149611935 0.07231749594
v -0.002750000218 0.149614647 0.07255715132
v -0.002250000136 0.149614647 0.07255715132
v -0.001750000054 0.149614647 0.07255715132
v -0.001250000088 0.1496159881 0.07267698646
v -0.0007500000065 0.149614647 0.07255715132
v -0.0002500000119 0.1496092379 0.07207785547
v 0.0002500000119 0.1496092379 0.07207785547
v 0.0007500000065 0.1496065259 0.07183821499
v 0.001250000088 0.1496092379 0.07207785547
v 0.001750000054 0.1496051848 0.07171837986
v 0.002250000136 0.1496024728 0.07147872448
v 0.002750000218 0.1496038288 0.07159854472
v 0.003250000067 0.1496024728 0.07147872448
v 0.003750000149 0.1496038288 0.07159854472
v 0.004250000231 0.1496051848 0.07171837986
v 0.004750000313 0.1496065259 0.07183821499
v 0.005250000395 0.1496065259 0.07183821499
v 0.005750000477 0.1496065259 0.07183821499
v 0.006250000093 0.1496065259 0.07183821499
v 0.006750000175 0.1496065259 0.07183821499
v 0.007250000257 0.1496078819 0.07195802033
v 0.007750000339 0.1496065259 0.07183821499
v 0.008249999955 0.1496065259 0.07183821499
v 0.008750000037 0.1496078819 0.07195802033
v 0.009250000119 0.1496065259 0.07183821499
v 0.009750000201 0.1496065259 0.07183821499
v 0.01025000028 0.1496065259 0.07183821499
v 0.01075000037 0.1496065259 0.07183821499
v 0.01125000045 0.1496065259 0.07183821499
v 0.01175000053 0.1496065259 0.07183821499
v 0.01225000061 0.1496051848 0.07171837986
v 0.01275000069 0.1496051848 0.07171837986
v 0.01325000077 0.1496038288 0.07159854472
v 0.01375000086 0.1496038288 0.07159854472
v -0.02350000106 0.1501493603 0.05733832717
v -0.02300000191 0.1501532048 0.05769780278
v -0.02250000089 0.1501545012 0.05781763792
v -0.02200000174 0.1501583457 0.05817712843
v -0.02150000073 0.1501596272 0.05829694867
v -0.02100000158 0.1501609236 0.05841678381
v -0.02050000057 0.1501609236 0.05841678381
v -0.02000000142 0.1501609236 0.05841678381
v -0.0195000004 0.1501609236 0.05841678381
v -0.01900000125 0.1501622051 0.05853660405
v -0.01850000024 0.1501622051 0.05853660405
v -0.01800000109 0.1501634866 0.05865643919
v -0.01750000007 0.1501596272 0.05829694867
v -0.01700000092 0.1501596272 0.05829694867
v -0.01649999991 0.1501583457 0.05817712843
v -0.01600000076 0.1501609236 0.05841678381
v -0.01550000068 0.1501827538 0.06045387685
v -0.0150000006 0.1501814723 0.06033404171
v -0.01450000051 0.1501801759 0.06021420658
v -0.01400000043 0.150172472 0.05949524045
v -0.01350000035 0.1501801759 0.06021420658
v -0.01300000027 0.1501827538 0.06045387685
v -0.01250000019 0.1501776129 0.0599745512
v -0.0120000001 0.1501788944 0.06009438634
v -0.01150000095 0.1501583457 0.05817712843
v -0.01100000087 0.1501583457 0.05817712843
v -0.01050000079 0.1501596272 0.05829694867
v -0.003000000026 0.1502816379 0.06968070567
v -0.002500000177 0.150306046 0.07195743918
v -0.002000000095 0.150308609 0.07219710946
v -0.001500000013 0.1503099054 0.0723169297
v -0.001000000047 0.150308609 0.07219710946
v -0.0005000000237 0.1502970606 0.07111863792
v 0 0.1502996236 0.0713583082
v 0.0005000000237 0.1503009051 0.07147812843
v 0.001000000047 0.150303483 0.07171778381
v 0.001500000013 0.1502983421 0.07123847306
v 0.002000000095 0.1502932012 0.07075914741
v 0.002500000177 0.1502957642 0.07099881768
v 0.003000000026 0.1502957642 0.07099881768
v 0.003500000108 0.1502970606 0.07111863792
v 0.00400000019 0.1502983421 0.07123847306
v 0.004500000272 0.1503009051 0.07147812843
v 0.005000000354 0.1503009051 0.07147812843
v 0.005500000436 0.1503009051 0.07147812843
v 0.006000000052 0.1503021866 0.07159794867
v 0.006500000134 0.1503021866 0.07159794867
v 0.007000000216 0.150303483 0.07171778381
v 0.007500000298 0.1503047645 0.07183763385
v 0.00800000038 0.150303483 0.07171778381
v 0.008500000462 0.150303483 0.07171778381
v 0.009000000544 0.150303483 0.07171778381
v 0.009500000626 0.1503047645 0.07183763385
v 0.01000000071 0.1503047645 0.07183763385
v 0.01050000079 0.1503047645 0.07183763385
v 0.01100000087 0.150306046 0.07195743918
v 0.01150000095 0.150306046 0.07195743918
v 0.0120000001 0.150303483 0.07171778381
v 0.01250000019 0.150303483 0.07171778381
v 0.01300000027 0.150303483 0.07171778381
v 0.01350000035 0.150303483 0.07171778381
v 0.01400000043 0.150303483 0.07171778381
v -0.02225000039 0.1508544683 0.05721738935
v -0.02175000124 0.1508581191 0.05757689476
v -0.02125000022 0.150860548 0.05781656504
v -0.02075000107 0.1508617699 0.05793640018
v -0.02025000006 0.1508617699 0.05793640018
v -0.01975000091 0.1508654207 0.05829589069
v -0.01925000176 0.1508666426 0.05841572583
v -0.01875000075 0.1508666426 0.05841572583
v -0.01825000159 0.1508678496 0.05853554606
v -0.01775000058 0.1508666426 0.05841572583
v -0.01725000143 0.1508654207 0.05829589069
v -0.01675000042 0.1508666426 0.05841572583
v -0.01625000127 0.1508678496 0.05853554606
v -0.01575000025 0.1508678496 0.05853554606
v -0.0152500011 0.1508678496 0.05853554606
v -0.01475000102 0.1508666426 0.05841572583
v -0.01425000094 0.1508678496 0.05853554606
v -0.01375000086 0.1508678496 0.05853554606
v -0.01325000077 0.1508666426 0.05841572583
v -0.01275000069 0.1508666426 0.05841572583
v -0.01225000061 0.1508654207 0.05829589069
v -0.01175000053 0.1508666426 0.05841572583
v -0.01125000045 0.1508666426 0.05841572583
v -0.01075000037 0.1508654207 0.05829589069
v -0.01025000028 0.1508666426 0.05841572583
v -0.002750000218 0.1509847343 0.07003954053
v -0.002250000136 0.1509847343 0.07003954053
v -0.001750000054 0.1509859413 0.07015936077
v -0.001250000088 0.1509859413 0.07015936077
v -0.0007500000065 0.1509883851 0.07039904594
v -0.0002500000119 0.150990814 0.07063870132
v 0.0002500000119 0.1509883851 0.07039904594
v 0.0007500000065 0.150990814 0.07063870132
v 0.001250000088 0.150990814 0.07063870132
v 0.001750000054 0.1509895921 0.07051888108
v 0.002250000136 0.1509883851 0.07039904594
v 0.002750000218 0.1509871632 0.0702791959
v 0.003250000067 0.1509883851 0.07039904594
v 0.003750000149 0.1509895921 0.07051888108
v 0.004250000231 0.1509932578 0.0708783865
v 0.004750000313 0.1509944648 0.07099820673
v 0.005250000395 0.1509956867 0.07111802697
v 0.005750000477 0.1509956867 0.07111802697
v 0.006250000093 0.1509969085 0.07123786211
v 0.006750000175 0.1509981155 0.07135771215
v 0.007250000257 0.1509993374 0.07147753239
v 0.007750000339 0.1509981155 0.07135771215
v 0.008249999955 0.1509993374 0.07147753239
v 0.008750000037 0.1509993374 0.07147753239
v 0.009250000119 0.1509993374 0.07147753239
v 0.009750000201 0.1510017663 0.07171720266
v 0.01025000028 0.1510017663 0.07171720266
v 0.01075000037 0.1510017663 0.07171720266
v 0.01125000045 0.1510029882 0.0718370527
v 0.01175000053 0.1510017663 0.07171720266
v 0.01225000061 0.1510005593 0.07159736753
v 0.01275000069 0.1510017663 0.07171720266
v 0.01325000077 0.1510005593 0.07159736753
v 0.01375000086 0.1510017663 0.07171720266
v -0.02200000174 0.1515447348 0.05553856492
v -0.02150000073 0.151551649 0.05625760555
v -0.02100000158 0.1515550911 0.05661711097
v -0.02050000057 0.151560843 0.05721628666
v -0.02000000142 0.1515665948 0.05781549215
v -0.0195000004 0.1515677571 0.05793532729
v -0.01900000125 0.1515689045 0.05805514753
v -0.01850000024 0.1515700519 0.05817499757
v -0.01800000109 0.1515689045 0.05805514753
v -0.01750000007 0.1515700519 0.05817499757
v -0.01700000092 0.1515700519 0.05817499757
v -0.01649999991 0.1515711993 0.05829483271
v -0.01600000076 0.1515723616 0.05841468275
v -0.01550000068 0.1515723616 0.05841468275
v -0.0150000006 0.1515723616 0.05841468275
v -0.01450000051 0.1515711993 0.05829483271
v -0.01400000043 0.1515723616 0.05841468275
v -0.01350000035 0.1515711993 0.05829483271
v -0.01300000027 0.1515711993 0.05829483271
v -0.01250000019 0.1515711993 0.05829483271
v -0.0120000001 0.1515711993 0.05829483271
v -0.01150000095 0.1515723616 0.05841468275
v -0.01100000087 0.1515677571 0.05793532729
v -0.01050000079 0.1515677571 0.05793532729
v -0.01000000071 0.1515412927 0.05517905951
v -0.009500000626 0.1515435874 0.05541874468
v -0.009000000544 0.1515401453 0.05505922437
v -0.006500000134 0.1514929682 0.05014589429
v -0.003000000026 0.1513733417 0.04427185655
v -0.002500000177 0.1516770571 0.06931985915
v -0.002000000095 0.1516805142 0.06967939436
v -0.001500000013 0.151682809 0.06991906464
v -0.001000000047 0.1516793519 0.06955954432
v -0.0005000000237 0.1516793519 0.06955954432
v 0 0.1516724527 0.06884053349
v 0.0005000000237 0.1516759098 0.06920003891
v 0.001000000047 0.1516793519 0.06955954432
v 0.001500000013 0.1516816616 0.0697992146
v 0.002000000095 0.1516759098 0.06920003891
v 0.002500000177 0.1512009501 0.03716288507
v 0.003000000026 0.1512040347 0.03728983551
v 0.003500000108 0.1511178464 0.03373535722
v 0.00400000019 0.1516816616 0.0697992146
v 0.004500000272 0.1516851038 0.07015872002
v 0.005000000354 0.1516885608 0.07051825523
v 0.005500000436 0.1516885608 0.07051825523
v 0.006000000052 0.1516897082 0.07063807547
v 0.006500000134 0.1516897082 0.07063807547
v 0.007000000216 0.1516908705 0.07075791061
v 0.007500000298 0.1516931653 0.07099759579
v 0.00800000038 0.1516920179 0.07087776065
v 0.008500000462 0.1516931653 0.07099759579
v 0.009000000544 0.1516943127 0.07111743093
v 0.009500000626 0.1516954601 0.07123726606
v 0.01000000071 0.1516966224 0.0713571161
v 0.01050000079 0.1516943127 0.07111743093
v 0.01100000087 0.1516966224 0.0713571161
v 0.01150000095 0.1516954601 0.07123726606
v 0.0120000001 0.1516954601 0.07123726606
v 0.01250000019 0.1516954601 0.07123726606
v 0.01300000027 0.1516908705 0.07075791061
v -0.01975000091 0.1522444636 0.05469852686
v -0.01875000075 0.152265057 0.0569755137
v -0.01825000159 0.1522672176 0.05721518397
v -0.01775000058 0.1522693932 0.05745488405
v -0.01725000143 0.1522726417 0.05781440437
v -0.01675000042 0.1522726417 0.05781440437
v -0.01625000127 0.1522748172 0.05805407465
v -0.01575000025 0.1522758901 0.05817393959
v -0.0152500011 0.1522748172 0.05805407465
v -0.01475000102 0.1522748172 0.05805407465
v -0.01425000094 0.1522748172 0.05805407465
v -0.01375000086 0.1522737294 0.05793425441
v -0.01325000077 0.1522748172 0.05805407465
v -0.01275000069 0.1522748172 0.05805407465
v -0.01225000061 0.1522726417 0.05781440437
v -0.01175000053 0.1522715539 0.05769456923
v -0.01125000045 0.1522455513 0.054818362
v -0.01075000037 0.1522487998 0.05517789721
v -0.01025000028 0.1522498876 0.05529773235
v -0.009750000201 0.1522498876 0.05529773235
v -0.009250000119 0.1522487998 0.05517789721
v -0.008750000037 0.1522227973 0.05230170488
v -0.008249999955 0.1522271335 0.05278107524
v -0.007750000339 0.1522227973 0.05230170488
v -0.007250000257 0.1522162855 0.05158264935
v -0.006750000175 0.1522011161 0.04990486801
v -0.006250000093 0.1522032768 0.05014455318
v -0.005750000477 0.1521935314 0.04906596243
v -0.005250000395 0.1521470845 0.04680939019
v -0.004750000313 0.1521380544 0.04642856121
v -0.003750000149 0.1520839036 0.04414355755
v -0.003250000067 0.1520929188 0.04452440143
v -0.002750000218 0.1520989388 0.04477830231
v -0.002250000136 0.1520989388 0.04477830231
v -0.001750000054 0.152044788 0.04249329865
v -0.001250000088 0.152044788 0.04249329865
v -0.0007500000065 0.152041778 0.04236635566
v -0.0002500000119 0.1523593366 0.06740173697
v 0.0007500000065 0.1519575417 0.03881192952
v 0.001250000088 0.1519605517 0.03893885761
v 0.001750000054 0.1519064009 0.03665386885
v 0.002250000136 0.1519184411 0.03716164827
v 0.002750000218 0.1519244611 0.03741554171
v 0.003250000067 0.1519184411 0.03716164827
v 0.003750000149 0.15184623 0.03411499411
v 0.004250000231 0.1517349184 0.02941806614
v 0.004750000313 0.1517409384 0.02967196703
v 0.005250000395 0.1517349184 0.02941806614
v 0.005750000477 0.1517259032 0.02903723717
v 0.006250000093 0.1517289132 0.02916418761
v 0.006750000175 0.1517259032 0.02903723717
v 0.007250000257 0.1516777575 0.02700614184
v 0.007750000339 0.1516807675 0.02713306993
v 0.008750000037 0.1516115814 0.02421337366
v -0.01850000024 0.1529614031 0.05577595532
v -0.01800000109 0.1529634446 0.0560156405
v -0.01600000076 0.1529766619 0.05757364631
v -0.01550000068 0.1529746354 0.05733394623
v -0.0150000006 0.1529746354 0.05733394623
v -0.01450000051 0.1529756486 0.05745379627
v -0.01400000043 0.15295735 0.05529657006
v -0.01350000035 0.1529624313 0.05589579046
v -0.01300000027 0.1529603899 0.05565610528
v -0.01250000019 0.1529614031 0.05577595532
v -0.0120000001 0.1529593766 0.05553625524
v -0.01150000095 0.1529563218 0.05517672002
v -0.01100000087 0.1529553086 0.05505686998
v -0.01050000079 0.1529553086 0.05505686998
v -0.01000000071 0.152949214 0.05433779955
v -0.009500000626 0.1529461592 0.05397827923
v -0.009000000544 0.1529339552 0.05254012346
v -0.008500000462 0.1529349685 0.0526599735
v -0.00800000038 0.1529339552 0.05254012346
v -0.007500000298 0.1529268324 0.05170120299
v -0.007000000216 0.1529268324 0.05170120299
v -0.006500000134 0.1529085338 0.04954397678
v -0.006000000052 0.1528592557 0.04680801928
v -0.005500000436 0.1528621912 0.04693496227
v -0.005000000354 0.1528621912 0.04693496227
v -0.004500000272 0.1528563201 0.04668109119
v -0.003000000026 0.152803421 0.04439613223
v -0.002500000177 0.1528063715 0.04452306032
v -0.002000000095 0.1527534723 0.04223808646
v -0.001500000013 0.1527564079 0.04236504436
v -0.001000000047 0.1527505368 0.04211115837
v -0.0005000000237 0.1527299583 0.04122255743
v 0 0.1527240872 0.04096867144
v 0.0005000000237 0.1526682526 0.03855676949
v 0.001000000047 0.1526770741 0.03893759847
v 0.001500000013 0.1526741236 0.03881067038
v 0.002000000095 0.152624175 0.03665263951
v 0.002500000177 0.152630046 0.03690653294
v 0.003000000026 0.1525595337 0.03385992348
v 0.003500000108 0.1525654048 0.03411380202
v 0.00400000019 0.1524419934 0.02878224105
v 0.004500000272 0.1524537355 0.02929000556
v 0.005000000354 0.1524507999 0.02916306257
v 0.005500000436 0.1524478644 0.02903611213
v 0.006000000052 0.1524419934 0.02878224105
v 0.006500000134 0.1524449289 0.02890916914
v 0.007000000216 0.1524478644 0.02903611213
v 0.007500000298 0.1524096578 0.02738586813
v 0.008500000462 0.1523391306 0.02433925122
v -0.01575000025 0.1536600441 0.05469615757
v -0.0152500011 0.1536609977 0.05481600761
v -0.01475000102 0.1536619514 0.05493587255
v -0.01425000094 0.1536619514 0.05493587255
v -0.01375000086 0.1536647975 0.05529540777
v -0.01325000077 0.1536638439 0.05517555773
v -0.01275000069 0.1536647975 0.05529540777
v -0.01225000061 0.1536638439 0.05517555773
v -0.01175000053 0.1536619514 0.05493587255
v -0.01125000045 0.1536600441 0.05469615757
v -0.01075000037 0.1536581516 0.0544564724
v -0.01025000028 0.1536524445 0.05373734236
v -0.009750000201 0.153638199 0.05193962157
v -0.009250000119 0.1536401063 0.05217930675
v -0.008750000037 0.1536267996 0.05050140619
v -0.008249999955 0.1536258459 0.05038155615
v -0.007750000339 0.1536229998 0.05002200603
v -0.007250000257 0.1535599679 0.0462988615
v -0.006750000175 0.1535743028 0.04693359137
v -0.006250000093 0.1535800397 0.04718744755
v -0.005750000477 0.1535743028 0.04693359137
v -0.005250000395 0.1535743028 0.04693359137
v -0.004750000313 0.1535685658 0.04667972028
v -0.004250000231 0.1535628289 0.0464258194
v -0.003750000149 0.1534595639 0.04185597599
v -0.002750000218 0.1533993185 0.0391902253
v -0.002250000136 0.1534107924 0.03969798982
v -0.001750000054 0.1534136683 0.03982493281
v -0.001250000088 0.1534050554 0.03944410384
v -0.0007500000065 0.1534021944 0.0393171683
v -0.0002500000119 0.1533190012 0.03563589603
v 0.0002500000119 0.153341949 0.03665141016
v 0.0007500000065 0.153341949 0.03665141016
v 0.001250000088 0.1533333361 0.03627058864
v 0.001750000054 0.1533333361 0.03627058864
v 0.002250000136 0.153336212 0.03639753163
v 0.002750000218 0.1532759666 0.03373179585
v 0.003250000067 0.1531382799 0.02763864398
v 0.003750000149 0.1531468779 0.02801945806
v 0.004250000231 0.1531497538 0.0281464085
v 0.004750000313 0.1531554908 0.02840028703
v 0.005250000395 0.1531411409 0.02776559442
v 0.005750000477 0.153135404 0.02751170099
v 0.006250000093 0.1531411409 0.02776559442
v 0.006750000175 0.1531239301 0.02700395882
v 0.007250000257 0.1530866325 0.02535372227
v 0.007750000339 0.1530321389 0.02294184268
v -0.01850000024 0.1543457657 0.05169862509
v -0.01750000007 0.1543333977 0.05002065003
v -0.01649999991 0.1543422341 0.05121919513
v -0.01600000076 0.1543484181 0.05205817521
v -0.01550000068 0.1543510556 0.05241775513
v -0.0150000006 0.1543554813 0.05301702023
v -0.01450000051 0.1543554813 0.05301702023
v -0.01400000043 0.1543519497 0.05253760517
v -0.01350000035 0.1543563604 0.05313687027
v -0.01300000027 0.154359892 0.05361628532
v -0.01250000019 0.1543457657 0.05169862509
v -0.0120000001 0.1543492973 0.05217804015
v -0.01150000095 0.1543510556 0.05241775513
v -0.01100000087 0.1543519497 0.05253760517
v -0.01050000079 0.1543501765 0.05229789019
v -0.01000000071 0.1543466449 0.05181847513
v -0.009500000626 0.1543466449 0.05181847513
v -0.009000000544 0.1543333977 0.05002065003
v -0.008500000462 0.154335171 0.05026037991
v -0.00800000038 0.1543325186 0.04990079999
v -0.007500000298 0.1543307453 0.04966109991
v -0.007000000216 0.1542808264 0.04667834938
v -0.006500000134 0.1542864144 0.04693220556
v -0.006000000052 0.1542892158 0.04705914855
v -0.005500000436 0.1542808264 0.04667834938
v -0.005000000354 0.154278025 0.04655139148
v -0.004500000272 0.1541884542 0.04248936474
v -0.00400000019 0.1541800648 0.04210855067
v -0.003000000026 0.1541072875 0.03880814463
v -0.002500000177 0.1541184932 0.0393159017
v -0.002000000095 0.1541212946 0.03944282234
v -0.001500000013 0.1541100889 0.03893507272
v -0.001000000047 0.1541128904 0.03906200826
v -0.0005000000237 0.154104501 0.03868120164
v 0 0.1540541202 0.03639630973
v 0.0005000000237 0.1540625095 0.03677711636
v 0.001000000047 0.1540569216 0.03652325273
v 0.001500000013 0.1540541202 0.03639630973
v 0.002000000095 0.1540541202 0.03639630973
v 0.003500000108 0.1538414061 0.0267489776
v 0.00400000019 0.1538498104 0.02712979168
v 0.004500000272 0.1538638026 0.02776449174
v 0.005500000436 0.1537994295 0.02484489232
v 0.006000000052 0.1538218111 0.02586040646
v 0.007000000216 0.1537994295 0.02484489232
v -0.01825000159 0.1550380886 0.04918029904
v -0.01775000058 0.155042991 0.04989944398
v -0.01725000143 0.1550462544 0.05037888885
v -0.01675000042 0.155042991 0.04989944398
v -0.01625000127 0.1550446153 0.05013915896
v -0.01575000025 0.1550446153 0.05013915896
v -0.0152500011 0.1550576836 0.05205690861
v -0.01475000102 0.1550617516 0.05265620351
v -0.01425000094 0.1550356448 0.04882073402
v -0.01375000086 0.1550609469 0.05253633857
v -0.01275000069 0.1550495178 0.05085831881
v -0.01225000061 0.1550552249 0.05169732869
v -0.01175000053 0.1550576836 0.05205690861
v -0.01125000045 0.1550576836 0.05205690861
v -0.01075000037 0.1550519615 0.05121789873
v -0.01025000028 0.1550519615 0.05121789873
v -0.009750000201 0.1550527811 0.05133774877
v -0.009250000119 0.1550405324 0.04953987896
v -0.008750000037 0.1550437957 0.05001930892
v -0.008249999955 0.155042991 0.04989944398
v -0.007750000339 0.1550413519 0.049659729
v -0.007250000257 0.1549821496 0.0461692065
v -0.006750000175 0.1549876183 0.04642309248
v -0.006250000093 0.1549466848 0.04451902211
v -0.005750000477 0.154971242 0.04566146433
v -0.005250000395 0.1549084783 0.04274192452
v -0.004750000313 0.1549030244 0.04248805344
v -0.004250000231 0.1548975557 0.04223416746
v -0.003750000149 0.1547965854 0.03753752261
v -0.003250000067 0.1547420174 0.03499877453
v -0.002750000218 0.1547583789 0.03576038778
v -0.002250000136 0.1547583789 0.03576038778
v -0.001750000054 0.1547474712 0.03525266051
v -0.001250000088 0.1547420174 0.03499877453
v -0.0007500000065 0.1547501981 0.03537958115
v -0.0002500000119 0.1547611058 0.03588733077
v 0.0002500000119 0.1547747552 0.03652202338
v 0.0007500000065 0.1547774822 0.03664895147
v 0.001250000088 0.1547693014 0.0362681374
v 0.001750000054 0.1547693014 0.0362681374
v 0.003250000067 0.1544254571 0.02027411014
v 0.003750000149 0.1544254571 0.02027411014
v 0.004250000231 0.1545209736 0.0247169137
v 0.004750000313 0.1543981582 0.01900474727
v 0.005750000477 0.1545264274 0.02497077733
v 0.006250000093 0.1543463171 0.01659294963
v -0.01750000007 0.1556946784 0.04616785049
v -0.01600000076 0.1557534337 0.04989808798
v -0.01550000068 0.1557319015 0.04794493318
v -0.0150000006 0.1557474434 0.04893919826
v -0.01450000051 0.1557496935 0.04929879308
v -0.01400000043 0.1557496935 0.04929879308
v -0.01350000035 0.1557496935 0.04929879308
v -0.01300000027 0.1557496935 0.04929879308
v -0.01250000019 0.1557474434 0.04893919826
v -0.01150000095 0.1557292342 0.04781800508
v -0.01100000087 0.1557372212 0.04819878936
v -0.01050000079 0.1557398736 0.04832574725
v -0.01000000071 0.1557345539 0.04807187617
v -0.009500000626 0.1557212621 0.04743719101
v -0.009000000544 0.1557239145 0.047564134
v -0.008500000462 0.1557489336 0.04917891324
v -0.00800000038 0.1556946784 0.04616785049
v -0.007500000298 0.1556946784 0.04616785049
v -0.007000000216 0.1556494683 0.04400993884
v -0.006500000134 0.1556574404 0.04439076781
v -0.006000000052 0.1556601077 0.044517681
v -0.005500000436 0.1556175649 0.04248674214
v -0.005000000354 0.1555962861 0.04147125781
v -0.00400000019 0.1555058807 0.03715545684
v -0.003000000026 0.1554633379 0.03512451053
v -0.002500000177 0.15547131 0.0355053097
v -0.002000000095 0.1554686576 0.03537837416
v -0.001500000013 0.1554633379 0.03512451053
v -0.001000000047 0.1554633379 0.03512451053
v 0 0.1554739773 0.03563225269
v 0.0005000000237 0.155479297 0.03588611633
v 0.001000000047 0.1551548988 0.02040005475
v 0.001500000013 0.1551628709 0.02078085393
v 0.002000000095 0.1551655233 0.02090779692
v 0.002500000177 0.1551548988 0.02040005475
v 0.003000000026 0.155149579 0.02014619112
v 0.003500000108 0.1551548988 0.02040005475
v 0.00400000019 0.155149579 0.02014619112
v 0.004500000272 0.1551203281 0.01874990761
v 0.005000000354 0.1550937444 0.01748054475
v 0.006000000052 0.1550432146 0.01506879926
v -0.01775000058 0.1563968509 0.04565875232
v -0.01725000143 0.1564072073 0.04616647959
v -0.01625000127 0.1563942581 0.04553180933
v -0.01475000102 0.1564584374 0.04893781245
v -0.01425000094 0.1564577669 0.04881794751
v -0.01375000086 0.1564591229 0.04905766249
v -0.01325000077 0.1564591229 0.04905766249
v -0.01275000069 0.1564591229 0.04905766249
v -0.01225000061 0.1564097852 0.04629339278
v -0.01175000053 0.1564227343 0.04692807794
v -0.01125000045 0.1564356834 0.04756274819
v -0.01075000037 0.1564486325 0.04819740355
v -0.01025000028 0.1564408541 0.04781661928
v -0.009750000201 0.1564304978 0.04730887711
v -0.009250000119 0.1563839018 0.04502408206
v -0.008750000037 0.1563916653 0.04540488124
v -0.008249999955 0.1564020216 0.0459126085
v -0.007750000339 0.1563968509 0.04565875232
v -0.007250000257 0.1563502401 0.04337395728
v -0.006750000175 0.1563580036 0.04375475645
v -0.006250000093 0.1563631892 0.04400861263
v -0.005750000477 0.1562596262 0.03893128037
v -0.005250000395 0.1562570333 0.03880436718
v -0.004750000313 0.1562570333 0.03880436718
v -0.004250000231 0.1559100747 0.02179531753
v -0.003750000149 0.1559074968 0.02166838199
v -0.003250000067 0.1559074968 0.02166838199
v -0.002750000218 0.1559100747 0.02179531753
v -0.002250000136 0.1559100747 0.02179531753
v -0.001750000054 0.1559126675 0.02192226052
v -0.001250000088 0.1559100747 0.02179531753
v -0.0007500000065 0.1559074968 0.02166838199
v -0.0002500000119 0.155904904 0.02154144645
v 0.0002500000119 0.1559023112 0.02141452581
v 0.0007500000065 0.1558867842 0.02065291256
v 0.001250000088 0.1558893621 0.0207798481
v 0.001750000054 0.1558919549 0.02090679109
v 0.002250000136 0.1558919549 0.02090679109
v 0.002750000218 0.1558505297 0.01887584478
v 0.003250000067 0.1558505297 0.01887584478
v 0.003750000149 0.155845359 0.01862199605
v 0.004250000231 0.1558401734 0.01836811751
v 0.004750000313 0.1558324099 0.01798731834
v 0.005250000395 0.1558246464 0.01760652661
v -0.01700000092 0.1570214778 0.04121477902
v -0.01250000019 0.1571121812 0.04578430951
v -0.0120000001 0.1571247727 0.04641897976
v -0.01150000095 0.1571172178 0.04603818059
v -0.01100000087 0.1571121812 0.04578430951
v -0.01000000071 0.1570769101 0.04400727153
v -0.009500000626 0.1570920199 0.04476888478
v -0.009000000544 0.1570643038 0.04337263107
v -0.008500000462 0.1570265144 0.0414686501
v -0.00800000038 0.157031551 0.04172250628
v -0.007500000298 0.1570265144 0.0414686501
v -0.007000000216 0.1570239961 0.04134172201
v -0.006500000134 0.1569761336 0.03893002123
v -0.006000000052 0.1569862068 0.03943774104
v -0.005500000436 0.156605795 0.02027112246
v -0.005000000354 0.1566259563 0.02128657699
v -0.004500000272 0.1566360295 0.0217942968
v -0.00400000019 0.1566360295 0.0217942968
v -0.003500000108 0.1566360295 0.0217942968
v -0.003000000026 0.1566385478 0.02192123979
v -0.002500000177 0.1566360295 0.0217942968
v -0.002000000095 0.1566335112 0.02166736871
v -0.001500000013 0.1566360295 0.0217942968
v -0.001000000047 0.1566309929 0.02154042572
v -0.0005000000237 0.1566284746 0.02141351253
v 0 0.1566309929 0.02154042572
v 0.0005000000237 0.1566007584 0.02001726627
v 0.001000000047 0.1566032767 0.02014420182
v 0.001500000013 0.1566007584 0.02001726627
v 0.002000000095 0.1565856487 0.01925566792
v 0.002500000177 0.1565780938 0.01887486875
v 0.003000000026 0.156570524 0.01849408448
v 0.003500000108 0.156570524 0.01849408448
v 0.00400000019 0.156570524 0.01849408448
v 0.004500000272 0.1565629691 0.01811329275
v 0.005000000354 0.1565503776 0.01747862995
v -0.01725000143 0.1577293873 0.04083271325
v -0.01075000037 0.1577612311 0.04248279333
v -0.008750000037 0.157682851 0.03842105716
v -0.008249999955 0.1576852947 0.03854797035
v -0.007250000257 0.1577293873 0.04083271325
v -0.006750000175 0.1573325843 0.02027012408
v -0.006250000093 0.1573178917 0.01950854808
v -0.005750000477 0.1573301405 0.02014321089
v -0.005250000395 0.1573423892 0.02077784389
v -0.004750000313 0.1573521793 0.02128556371
v -0.004250000231 0.1573546231 0.02141249925
v -0.003750000149 0.1573546231 0.02141249925
v -0.003250000067 0.1573570818 0.02153941244
v -0.002750000218 0.1573546231 0.02141249925
v -0.002250000136 0.1573546231 0.02141249925
v -0.001750000054 0.1573546231 0.02141249925
v -0.001250000088 0.157344833 0.02090477943
v -0.0007500000065 0.1573497355 0.02115863562
v -0.0002500000119 0.1573546231 0.02141249925
v 0.0002500000119 0.157315433 0.01938161254
v 0.0007500000065 0.1573178917 0.01950854808
v 0.001250000088 0.1573178917 0.01950854808
v 0.001750000054 0.157315433 0.01938161254
v 0.002250000136 0.1573080868 0.01900082827
v 0.002750000218 0.157295838 0.01836617291
v 0.003250000067 0.1572933942 0.01823925972
v 0.003750000149 0.157295838 0.01836617291
v 0.004250000231 0.1572836041 0.01773153991
v -0.01850000024 0.1579546779 0.01468430459
v -0.01550000068 0.1579903662 0.01658822596
v -0.0150000006 0.1579951197 0.01684208959
v -0.0120000001 0.1584258229 0.03981600702
v -0.009000000544 0.1583972573 0.03829286993
v -0.008500000462 0.1583996415 0.03841979802
v -0.00800000038 0.1580474675 0.01963450015
v -0.007500000298 0.15805462 0.02001527697
v -0.007000000216 0.15805462 0.02001527697
v -0.006500000134 0.1580474675 0.01963450015
v -0.006000000052 0.1580522358 0.01988834143
v -0.005500000436 0.1580593735 0.0202691257
v -0.005000000354 0.1580617577 0.02039606124
v -0.004500000272 0.1580665112 0.02064990252
v -0.00400000019 0.158064127 0.02052298933
v -0.003500000108 0.158064127 0.02052298933
v -0.003000000026 0.1580593735 0.0202691257
v -0.002500000177 0.1580617577 0.02039606124
v -0.002000000095 0.1580569893 0.02014221251
v -0.001500000013 0.15805462 0.02001527697
v -0.001000000047 0.1580569893 0.02014221251
v -0.0005000000237 0.1580379605 0.01912678778
v 0 0.1580355763 0.01899985224
v 0.0005000000237 0.1580403298 0.01925370097
v 0.001000000047 0.158042714 0.01938062906
v 0.001500000013 0.1580403298 0.01925370097
v 0.002000000095 0.1580355763 0.01899985224
v 0.002500000177 0.1580284387 0.01861907542
v -0.02125000022 0.158625111 0.01074828953
v -0.01775000058 0.1586941928 0.01455607265
v -0.01575000025 0.1587264389 0.01633302867
v -0.0152500011 0.1587356478 0.01684074104
v -0.01425000094 0.1587218344 0.01607917249
v -0.01375000086 0.1587310433 0.01658688486
v -0.01325000077 0.1587402523 0.01709458977
v -0.01275000069 0.158733353 0.0167138055
v -0.01225000061 0.1587379575 0.01696765423
v -0.009750000201 0.1587678939 0.01861770451
v -0.009250000119 0.158774808 0.01899847388
v -0.008750000037 0.158784017 0.0195061788
v -0.008249999955 0.1587886214 0.01976002008
v -0.007750000339 0.1587886214 0.01976002008
v -0.007250000257 0.1587932259 0.02001388371
v -0.006750000175 0.1587863117 0.01963311434
v -0.006250000093 0.158784017 0.0195061788
v -0.005750000477 0.1587886214 0.01976002008
v -0.005250000395 0.1587909162 0.01988694817
v -0.004750000313 0.1587955356 0.02014081925
v -0.004250000231 0.1587955356 0.02014081925
v -0.003750000149 0.1587909162 0.01988694817
v -0.003250000067 0.1587932259 0.02001388371
v -0.002750000218 0.1587909162 0.01988694817
v -0.002250000136 0.1587909162 0.01988694817
v -0.001750000054 0.1587886214 0.01976002008
v -0.001250000088 0.1587886214 0.01976002008
v -0.0007500000065 0.1587909162 0.01988694817
v -0.0002500000119 0.1587632895 0.01836383343
v 0.0002500000119 0.1587701887 0.01874462515
v 0.0007500000065 0.1587724984 0.01887153834
v 0.001250000088 0.1587609798 0.01823692024
v 0.001750000054 0.1587609798 0.01823692024
v 0.002250000136 0.1587471664 0.01747535914
v 0.002750000218 0.1586849838 0.01404836774
v 0.003250000067 0.1586803794 0.01379450411
v -0.01600000076 0.1594205201 0.01366628706
v -0.01550000068 0.159429431 0.01417398453
v -0.01450000051 0.1594472378 0.01518936455
v -0.01400000043 0.1594672799 0.01633168757
v -0.01350000035 0.1594761759 0.01683939248
v -0.01300000027 0.1594784111 0.01696630567
v -0.01250000019 0.1594784111 0.01696630567
v -0.0120000001 0.1594806314 0.01709323376
v -0.01150000095 0.1594761759 0.01683939248
v -0.01100000087 0.1594761759 0.01683939248
v -0.01050000079 0.1594784111 0.01696630567
v -0.009500000626 0.1594672799 0.01633168757
v -0.008500000462 0.1595184803 0.01925093681
v -0.00800000038 0.1595184803 0.01925093681
v -0.007500000298 0.1595229357 0.01950479299
v -0.007000000216 0.1595006734 0.01823555678
v -0.006500000134 0.1595073491 0.01861632615
v -0.006000000052 0.1595140249 0.01899709553
v -0.005500000436 0.1595207155 0.01937785745
v -0.005000000354 0.1595207155 0.01937785745
v -0.004500000272 0.1595251709 0.01963172108
v -0.00400000019 0.1595184803 0.01925093681
v -0.003500000108 0.1595207155 0.01937785745
v -0.003000000026 0.15951626 0.01912402362
v -0.002500000177 0.1595184803 0.01925093681
v -0.002000000095 0.1595184803 0.01925093681
v -0.001500000013 0.1595207155 0.01937785745
v -0.001000000047 0.1595184803 0.01925093681
v 0 0.1594761759 0.01683939248
v 0.0005000000237 0.159429431 0.01417398453
v 0.001000000047 0.1594316512 0.01430089772
v 0.002500000177 0.1594227403 0.01379320025
v -0.01575000025 0.160167262 0.01391882449
v -0.0152500011 0.1601715535 0.01417267323
v -0.01475000102 0.1601715535 0.01417267323
v -0.01225000061 0.160208106 0.01633034647
v -0.01175000053 0.1602102518 0.01645728201
v -0.01125000045 0.160208106 0.01633034647
v -0.01075000037 0.1602124125 0.0165841952
v -0.01025000028 0.1602102518 0.01645728201
v -0.009750000201 0.160208106 0.01633034647
v -0.009250000119 0.1602145582 0.01671111584
v -0.008249999955 0.1601930559 0.01544189453
v -0.007750000339 0.1602038145 0.01607649773
v -0.007250000257 0.1601995081 0.01582265645
v -0.006750000175 0.1601995081 0.01582265645
v -0.006250000093 0.1602016538 0.01594959199
v -0.005750000477 0.1602016538 0.01594959199
v -0.005250000395 0.1601973623 0.01569573581
v -0.004750000313 0.1601952016 0.01556880027
v -0.004250000231 0.1601909101 0.01531496644
v -0.003750000149 0.1601930559 0.01544189453
v -0.002750000218 0.1601737142 0.01429958642
v -0.002250000136 0.1601866037 0.01506113261
v -0.001750000054 0.1601887643 0.0151880458
v -0.001250000088 0.1601909101 0.01531496644
v -0.0007500000065 0.1601887643 0.0151880458
v 0.0007500000065 0.1601737142 0.01429958642
v 0.001250000088 0.1601715535 0.01417267323
v -0.01450000051 0.1608908772 0.01277523488
v -0.01350000035 0.1609033048 0.01353675872
v -0.01300000027 0.1609033048 0.01353675872
v -0.01250000019 0.1609033048 0.01353675872
v -0.0120000001 0.1609033048 0.01353675872
v -0.01000000071 0.1609344184 0.01544056833
v -0.009500000626 0.1609447747 0.01607516408
v -0.00800000038 0.1609344184 0.01544056833
v -0.007500000298 0.1609406322 0.0158213228
v -0.007000000216 0.160938561 0.01569440216
v -0.006500000134 0.1609427035 0.01594825834
v -0.006000000052 0.1609406322 0.0158213228
v -0.005500000436 0.160938561 0.01569440216
v -0.005000000354 0.1609406322 0.0158213228
v -0.004500000272 0.1609364897 0.01556747407
v -0.00400000019 0.160938561 0.01569440216
v -0.003500000108 0.1609406322 0.0158213228
v -0.003000000026 0.1609116048 0.01404444873
v -0.002500000177 0.160921976 0.01467903703
v -0.002000000095 0.1609240472 0.01480595767
v -0.001500000013 0.1609261185 0.01493288577
v 0.002000000095 0.1602257341 -0.04565567896
v 0.002500000177 0.1602206528 -0.04608372971
v 0.003000000026 0.160218969 -0.04622641951
v 0.003500000108 0.1602071226 -0.04722520709
v -0.02325000055 0.1611269265 -0.03419791907
v -0.0227500014 0.1611282676 -0.03406294063
v -0.02225000039 0.1611242145 -0.03446784616
v -0.02175000124 0.1611215174 -0.03473780304
v -0.01125000045 0.1616318524 0.01264702529
v -0.009750000201 0.1616258621 0.01226627082
v -0.009250000119 0.1616278589 0.01239317656
v -0.004750000313 0.1616058946 0.01099707186
v 0.001250000088 0.1610073596 -0.04523051158
v 0.001750000054 0.1610089689 -0.04508782923
v 0.002250000136 0.1610073596 -0.04523051158
v 0.002750000218 0.1610025018 -0.04565853998
v 0.003250000067 0.1610008925 -0.04580122232
v 0.003750000149 0.160991177 -0.04665728286
v 0.004250000231 0.160979867 -0.04765602574
v -0.04300000146 0.1618681997 -0.03730538487
v -0.04250000045 0.1618720144 -0.03690046072
v -0.04200000316 0.1618669182 -0.03744034469
v -0.02450000122 0.1618962139 -0.034335915
v -0.02400000021 0.1618962139 -0.034335915
v -0.02350000106 0.161898762 -0.03406595066
v -0.02300000191 0.1619000286 -0.03393099084
v -0.02250000089 0.161898762 -0.03406595066
v -0.02200000174 0.1618974805 -0.03420093283
v -0.02150000073 0.1618962139 -0.034335915
v -0.02100000158 0.1618949324 -0.03447087482
v -0.02050000057 0.1618923843 -0.03474083915
v -0.02000000142 0.1618885696 -0.03514576331
v -0.0005000000237 0.1618009061 -0.0436640121
v 0 0.1617993563 -0.043806687
v 0.0005000000237 0.1617947221 -0.04423469678
v 0.001000000047 0.1617870182 -0.04494806007
v 0.001500000013 0.1617870182 -0.04494806007
v 0.002000000095 0.1617854685 -0.04509071633
v 0.002500000177 0.1617854685 -0.04509071633
v 0.003000000026 0.1617808342 -0.04551874846
v 0.005000000354 0.161768496 -0.04666009918
v 0.005500000436 0.161768496 -0.04666009918
v -0.04225000367 0.1626369804 -0.03771347925
v -0.04175000265 0.1626441479 -0.03690359741
v -0.04075000063 0.1626417488 -0.03717355058
v -0.02625000104 0.1626692265 -0.03406895697
v -0.02575000189 0.1626740098 -0.03352902457
v -0.02525000088 0.1626740098 -0.03352902457
v -0.02475000173 0.1626752019 -0.03339406103
v -0.02425000072 0.1626728177 -0.03366401419
v -0.02375000156 0.1626716256 -0.03379900381
v -0.02325000055 0.1626704186 -0.0339339897
v -0.0227500014 0.1626704186 -0.0339339897
v -0.02225000039 0.1626692265 -0.03406895697
v -0.02175000124 0.1626680344 -0.03420394659
v -0.02125000022 0.1626656502 -0.03447389975
v -0.02075000107 0.1626656502 -0.03447389975
v -0.02025000006 0.1626644582 -0.03460888565
v -0.01975000091 0.162660867 -0.03501382843
v -0.01925000176 0.1626548916 -0.03568874672
v -0.01875000075 0.1626536995 -0.03582373634
v -0.003750000149 0.1625766456 -0.04366696626
v -0.003250000067 0.1625839919 -0.04295365885
v -0.002750000218 0.1625869274 -0.04266831279
v -0.002250000136 0.1625869274 -0.04266831279
v -0.001750000054 0.1625854522 -0.04281098768
v -0.001250000088 0.1625854522 -0.04281098768
v -0.0007500000065 0.1625854522 -0.04281098768
v -0.0002500000119 0.1625839919 -0.04295365885
v 0.0002500000119 0.1625810564 -0.04323897883
v 0.0007500000065 0.1625781059 -0.04352429509
v 0.001250000088 0.1625737101 -0.04395230487
v 0.001750000054 0.1625663638 -0.04466561601
v 0.002250000136 0.1625648886 -0.04480828717
v 0.002750000218 0.1625648886 -0.04480828717
v 0.003250000067 0.1625619531 -0.04509360716
v 0.003750000149 0.1625634134 -0.04495095462
v 0.004250000231 0.1625634134 -0.04495095462
v 0.004750000313 0.1625604779 -0.0452362746
v 0.005250000395 0.1625560671 -0.04566426575
v 0.005750000477 0.1625516564 -0.0460922569
v 0.006250000093 0.1625443101 -0.04680558294
v 0.006750000175 0.1625428498 -0.04694825783
v -0.0455000028 0.1633677334 -0.04210068285
v -0.04050000012 0.1634106934 -0.03758165613
v -0.03950000182 0.1634106934 -0.03758165613
v -0.0390000008 0.1634106934 -0.03758165613
v -0.03850000352 0.1634140462 -0.03717669845
v -0.03050000221 0.1634508669 -0.03272209316
v -0.03000000119 0.1634508669 -0.03272209316
v -0.02950000204 0.1634508669 -0.03272209316
v -0.02900000103 0.1634497494 -0.03285708651
v -0.02850000188 0.1634508669 -0.03272209316
v -0.02800000086 0.1634497494 -0.03285708651
v -0.02750000171 0.1634508669 -0.03272209316
v -0.0270000007 0.1634486318 -0.03299207985
v -0.02650000155 0.1634486318 -0.03299207985
v -0.02600000054 0.1634463966 -0.03326204419
v -0.02550000139 0.1634463966 -0.03326204419
v -0.02500000037 0.163445279 -0.03339703754
v -0.02450000122 0.163445279 -0.03339703754
v -0.02400000021 0.1634441614 -0.03353200853
v -0.02350000106 0.1634419411 -0.03380199894
v -0.02300000191 0.1634419411 -0.03380199894
v -0.02250000089 0.1634408236 -0.03393699229
v -0.02200000174 0.1634385884 -0.03420696035
v -0.02150000073 0.1634363532 -0.03447692469
v -0.02100000158 0.1634363532 -0.03447692469
v -0.02050000057 0.1634341329 -0.0347469151
v -0.02000000142 0.1634307802 -0.03515187278
v -0.0195000004 0.1634274274 -0.03555683047
v -0.01900000125 0.163422972 -0.03609678522
v -0.01000000071 0.1633677334 -0.04210068285
v -0.009500000626 0.1633621454 -0.04267131537
v -0.009000000544 0.1633677334 -0.04210068285
v -0.008500000462 0.1633677334 -0.04210068285
v -0.007000000216 0.1633677334 -0.04210068285
v -0.006500000134 0.1633677334 -0.04210068285
v -0.006000000052 0.1633635461 -0.04252865165
v -0.005500000436 0.1633663327 -0.04224334657
v -0.005000000354 0.1633663327 -0.04224334657
v -0.004500000272 0.1633621454 -0.04267131537
v -0.003500000108 0.1633607447 -0.04281398281
v -0.003000000026 0.1633621454 -0.04267131537
v -0.002500000177 0.1633649319 -0.04238601029
v -0.002000000095 0.1633635461 -0.04252865165
v -0.001500000013 0.1633649319 -0.04238601029
v -0.001000000047 0.1633649319 -0.04238601029
v -0.0005000000237 0.1633621454 -0.04267131537
v 0 0.1633607447 -0.04281398281
v 0.0005000000237 0.1633579582 -0.04309928417
v 0.001000000047 0.1633551717 -0.04338461533
v 0.001500000013 0.1633509845 -0.04381258413
v 0.002000000095 0.1633467972 -0.04424055293
v 0.002500000177 0.1633467972 -0.04424055293
v 0.003000000026 0.1633454114 -0.04438321665
v 0.003500000108 0.16334261 -0.04466852546
v 0.00400000019 0.1633440107 -0.04452588409
v 0.004500000272 0.1633440107 -0.04452588409
v 0.005000000354 0.1633398235 -0.04495384917
v 0.005500000436 0.1633356363 -0.04538182169
v 0.006000000052 0.1633286625 -0.0460950993
v 0.006500000134 0.1633230895 -0.04666573182
v -0.0387500003 0.1641853005 -0.03731484339
v -0.03825000301 0.1641821861 -0.03771981969
v -0.037750002 0.1641842574 -0.0374498181
v -0.03125 0.1642163992 -0.03326501697
v -0.03075000085 0.1642163992 -0.03326501697
v -0.0302500017 0.1642195135 -0.03286003694
v -0.02975000069 0.1642195135 -0.03286003694
v -0.02925000153 0.1642195135 -0.03286003694
v -0.02875000052 0.1642195135 -0.03286003694
v -0.02825000137 0.1642205417 -0.03272503987
v -0.02775000222 0.1642195135 -0.03286003694
v -0.02725000121 0.1642195135 -0.03286003694
v -0.02675000206 0.1642184705 -0.03299503773
v -0.02625000104 0.1642174274 -0.03313001245
v -0.02575000189 0.1642174274 -0.03313001245
v -0.02525000088 0.1642153561 -0.03340001404
v -0.02475000173 0.1642153561 -0.03340001404
v -0.02425000072 0.1642143279 -0.03353499249
v -0.02375000156 0.1642122567 -0.03380499408
v -0.02325000055 0.1642112136 -0.03393999487
v -0.0227500014 0.1642122567 -0.03380499408
v -0.02225000039 0.1642091423 -0.03420997411
v -0.02175000124 0.164206028 -0.03461494669
v -0.02125000022 0.1642039567 -0.03488495201
v -0.01725000143 0.1641439795 -0.0419610776
v -0.01625000127 0.1641505808 -0.04124781117
v -0.01575000025 0.1641492546 -0.04139047116
v -0.0152500011 0.1641492546 -0.04139047116
v -0.01475000102 0.1641386896 -0.04253166169
v -0.01425000094 0.1641413271 -0.04224636778
v -0.01375000086 0.1641426533 -0.04210371152
v -0.01325000077 0.1641426533 -0.04210371152
v -0.01275000069 0.1641426533 -0.04210371152
v -0.01225000061 0.1641413271 -0.04224636778
v -0.01175000053 0.1641426533 -0.04210371152
v -0.01125000045 0.1641426533 -0.04210371152
v -0.01075000037 0.1641439795 -0.0419610776
v -0.01025000028 0.1641426533 -0.04210371152
v -0.009750000201 0.1641439795 -0.0419610776
v -0.009250000119 0.1641439795 -0.0419610776
v -0.008750000037 0.1641452909 -0.04181842133
v -0.008249999955 0.1641479433 -0.04153310508
v -0.007750000339 0.1641426533 -0.04210371152
v -0.007250000257 0.1641426533 -0.04210371152
v -0.006750000175 0.1641452909 -0.04181842133
v -0.006250000093 0.1641452909 -0.04181842133
v -0.005750000477 0.1641452909 -0.04181842133
v -0.005250000395 0.1641452909 -0.04181842133
v -0.004750000313 0.1641452909 -0.04181842133
v -0.004250000231 0.1641426533 -0.04210371152
v -0.003750000149 0.1641426533 -0.04210371152
v -0.003250000067 0.1641426533 -0.04210371152
v -0.002750000218 0.1641426533 -0.04210371152
v -0.002250000136 0.1641400158 -0.04238902777
v -0.001750000054 0.1641400158 -0.04238902777
v -0.001250000088 0.1641413271 -0.04224636778
v -0.0007500000065 0.1641400158 -0.04238902777
v -0.0002500000119 0.1641373634 -0.04267431796
v 0.0002500000119 0.1641360521 -0.04281697795
v 0.0007500000065 0.1641333997 -0.04310226813
v 0.001250000088 0.1641320884 -0.04324492812
v 0.001750000054 0.1641333997 -0.04310226813
v 0.002250000136 0.1641320884 -0.04324492812
v 0.002750000218 0.164129436 -0.0435302183
v 0.003250000067 0.164129436 -0.0435302183
v 0.003750000149 0.1641215086 -0.044386141
v 0.004250000231 0.1641201973 -0.04452879727
v 0.004750000313 0.1641215086 -0.044386141
v 0.005250000395 0.1641175449 -0.04481409118
v 0.005750000477 0.1641083062 -0.04581264406
v 0.006250000093 0.1641096324 -0.04566999152
v 0.006750000175 0.1641056687 -0.04609793797
v 0.007250000257 0.16410698 -0.04595530406
v 0.007750000339 0.1641056687 -0.04609793797
v 0.008249999955 0.16410698 -0.04595530406
v 0.008750000037 0.164101705 -0.0465259105
v -0.03850000352 0.1649475098 -0.03868327662
v -0.0380000025 0.1649538279 -0.03785799444
v -0.03700000048 0.1649462581 -0.03882592916
v -0.03500000015 0.1649567038 -0.03745297715
v -0.03450000286 0.164958626 -0.03718298674
v -0.03350000083 0.1649595797 -0.03704797849
v -0.03299999982 0.1649567038 -0.03745297715
v -0.03150000051 0.1649595797 -0.03704797849
v -0.03000000119 0.1649864018 -0.03326798603
v -0.02950000204 0.1649864018 -0.03326798603
v -0.02900000103 0.1649864018 -0.03326798603
v -0.02850000188 0.1649864018 -0.03326798603
v -0.02800000086 0.1649864018 -0.03326798603
v -0.02750000171 0.1649873555 -0.03313297778
v -0.0270000007 0.1649844795 -0.03353797644
v -0.02650000155 0.1649864018 -0.03326798603
v -0.02600000054 0.1649854332 -0.03340299428
v -0.02550000139 0.1649844795 -0.03353797644
v -0.02500000037 0.1649835259 -0.03367298096
v -0.02450000122 0.1649825722 -0.03380798921
v -0.02400000021 0.1649787277 -0.03434799239
v -0.02350000106 0.1649768203 -0.03461797908
v -0.02300000191 0.1649787277 -0.03434799239
v -0.02250000089 0.1649768203 -0.03461797908
v -0.01800000109 0.1649125814 -0.04267731681
v -0.01750000007 0.164918825 -0.04196410999
v -0.01700000092 0.1649225652 -0.04153615981
v -0.01649999991 0.1649200767 -0.04182146117
v -0.01600000076 0.1649213135 -0.04167880863
v -0.01550000068 0.1649213135 -0.04167880863
v -0.0150000006 0.1649200767 -0.04182146117
v -0.01450000051 0.1649163365 -0.04224938899
v -0.01400000043 0.1649163365 -0.04224938899
v -0.01350000035 0.1649163365 -0.04224938899
v -0.01300000027 0.1649175733 -0.04210674018
v -0.01250000019 0.1649163365 -0.04224938899
v -0.0120000001 0.1649175733 -0.04210674018
v -0.01150000095 0.164918825 -0.04196410999
v -0.01100000087 0.164918825 -0.04196410999
v -0.01050000079 0.1649175733 -0.04210674018
v -0.01000000071 0.164918825 -0.04196410999
v -0.009500000626 0.1649200767 -0.04182146117
v -0.009000000544 0.1649200767 -0.04182146117
v -0.008500000462 0.1649225652 -0.04153615981
v -0.00800000038 0.1649238169 -0.04139352962
v -0.007500000298 0.1649213135 -0.04167880863
v -0.007000000216 0.164918825 -0.04196410999
v -0.006500000134 0.1649225652 -0.04153615981
v -0.006000000052 0.1649225652 -0.04153615981
v -0.005500000436 0.1649225652 -0.04153615981
v -0.005000000354 0.1649225652 -0.04153615981
v -0.004500000272 0.1649238169 -0.04139352962
v -0.00400000019 0.1649213135 -0.04167880863
v -0.003500000108 0.1649213135 -0.04167880863
v -0.003000000026 0.1649213135 -0.04167880863
v -0.002500000177 0.1649213135 -0.04167880863
v -0.002000000095 0.1649163365 -0.04224938899
v -0.001500000013 0.1649163365 -0.04224938899
v -0.001000000047 0.1649163365 -0.04224938899
v -0.0005000000237 0.1649163365 -0.04224938899
v 0 0.1649125814 -0.04267731681
v 0.0005000000237 0.1649150848 -0.04239204153
v 0.001000000047 0.1649150848 -0.04239204153
v 0.001500000013 0.1649150848 -0.04239204153
v 0.002000000095 0.1649125814 -0.04267731681
v 0.002500000177 0.1649125814 -0.04267731681
v 0.003000000026 0.1649100929 -0.0429626219
v 0.003500000108 0.1649076045 -0.0432479009
v 0.00400000019 0.1649026126 -0.04381848127
v 0.004500000272 0.1648963839 -0.04453171417
v 0.005000000354 0.1648976207 -0.04438906163
v 0.005500000436 0.1648926437 -0.04495964199
v 0.006500000134 0.1648926437 -0.04495964199
v 0.007000000216 0.1648951322 -0.04467434064
v 0.007500000298 0.1648901403 -0.045244921
v 0.00800000038 0.1648876518 -0.04553022608
v 0.008500000462 0.1648826599 -0.04610078037
v 0.009000000544 0.1648801714 -0.04638608545
v 0.009500000626 0.1648751795 -0.04695666581
v 0.01000000071 0.164872691 -0.04724194109
v -0.0387500003 0.1657147855 -0.03939966112
v -0.03475000337 0.1657273918 -0.03772616014
v -0.03425000235 0.1657291502 -0.03745613247
v -0.03375000134 0.1657300293 -0.03732114658
v -0.03325000033 0.1657309085 -0.03718613461
v -0.03275000304 0.1657309085 -0.03718613461
v -0.03225000203 0.1657300293 -0.03732114658
v -0.03175000101 0.1657309085 -0.03718613461
v -0.03125 0.1657300293 -0.03732114658
v -0.03075000085 0.1657309085 -0.03718613461
v -0.0302500017 0.1657317877 -0.03705111891
v -0.02975000069 0.1657300293 -0.03732114658
v -0.02925000153 0.1657300293 -0.03732114658
v -0.02675000206 0.1657256335 -0.03799616173
v -0.02625000104 0.1657265127 -0.03786117211
v -0.02575000189 0.1657265127 -0.03786117211
v -0.02475000173 0.1657247543 -0.0381311737
v -0.02375000156 0.1657183021 -0.03897172958
v -0.01925000176 0.1656831205 -0.04325087741
v -0.01875000075 0.1656866372 -0.04282296449
v -0.01825000159 0.1656878144 -0.0426803194
v -0.01775000058 0.1656901538 -0.04239505529
v -0.01725000143 0.1656901538 -0.04239505529
v -0.01675000042 0.1656878144 -0.0426803194
v -0.01625000127 0.1656901538 -0.04239505529
v -0.01575000025 0.165691331 -0.0422524102
v -0.0152500011 0.165691331 -0.0422524102
v -0.01475000102 0.1656889766 -0.04253767803
v -0.01425000094 0.1656889766 -0.04253767803
v -0.01375000086 0.1656901538 -0.04239505529
v -0.01325000077 0.165691331 -0.0422524102
v -0.01275000069 0.1656901538 -0.04239505529
v -0.01225000061 0.165691331 -0.0422524102
v -0.01175000053 0.1656925082 -0.04210976511
v -0.01125000045 0.1656925082 -0.04210976511
v -0.01075000037 0.1656936705 -0.0419671461
v -0.01025000028 0.1656948477 -0.04182450101
v -0.009750000201 0.1656960249 -0.04168185592
v -0.009250000119 0.1656960249 -0.04168185592
v -0.008750000037 0.1656971872 -0.04153921083
v -0.008249999955 0.1656983644 -0.04139659181
v -0.007750000339 0.1656983644 -0.04139659181
v -0.007250000257 0.1656983644 -0.04139659181
v -0.006750000175 0.1656960249 -0.04168185592
v -0.006250000093 0.1656983644 -0.04139659181
v -0.005750000477 0.1656995416 -0.04125394672
v -0.005250000395 0.1657007188 -0.04111130163
v -0.004750000313 0.1657007188 -0.04111130163
v -0.004250000231 0.1656995416 -0.04125394672
v -0.003750000149 0.1656983644 -0.04139659181
v -0.003250000067 0.1657007188 -0.04111130163
v -0.002750000218 0.1656995416 -0.04125394672
v -0.002250000136 0.1656983644 -0.04139659181
v -0.001750000054 0.1656948477 -0.04182450101
v -0.001250000088 0.165691331 -0.0422524102
v -0.0007500000065 0.1656925082 -0.04210976511
v -0.0002500000119 0.1656925082 -0.04210976511
v 0.0002500000119 0.1656925082 -0.04210976511
v 0.0007500000065 0.165691331 -0.0422524102
v 0.001250000088 0.165691331 -0.0422524102
v 0.001750000054 0.165691331 -0.0422524102
v 0.002250000136 0.1656901538 -0.04239505529
v 0.002750000218 0.1656901538 -0.04239505529
v 0.003250000067 0.1656866372 -0.04282296449
v 0.003750000149 0.1656831205 -0.04325087741
v 0.004250000231 0.1656796038 -0.04367878661
v 0.004750000313 0.1656737328 -0.04439198226
v 0.005250000395 0.1656749099 -0.04424934089
v 0.005750000477 0.1656713933 -0.04467725009
v 0.006250000093 0.1656725556 -0.04453462735
v 0.006750000175 0.1656737328 -0.04439198226
v 0.007250000257 0.1656737328 -0.04439198226
v 0.007750000339 0.1656713933 -0.04467725009
v 0.008249999955 0.1656666994 -0.04524780437
v 0.008750000037 0.165664345 -0.04553309456
v 0.009250000119 0.1656608284 -0.04596100375
v 0.009750000201 0.1656561345 -0.04653155804
v 0.01025000028 0.1656514555 -0.0471021086
v -0.03600000218 0.1664927006 -0.03883228824
v -0.03150000051 0.1664999872 -0.03772933036
v -0.03050000221 0.1665007919 -0.03759431094
v -0.03000000119 0.1665015966 -0.03745929152
v -0.02800000086 0.1664894074 -0.0392601788
v -0.02750000171 0.1664927006 -0.03883228824
v -0.0270000007 0.166494891 -0.03854701295
v -0.02650000155 0.1664927006 -0.03883228824
v -0.02600000054 0.1664959937 -0.03840437531
v -0.02050000057 0.1664553434 -0.04368174076
v -0.02000000142 0.1664575338 -0.04339648783
v -0.0195000004 0.1664575338 -0.04339648783
v -0.01900000125 0.1664597392 -0.04311121255
v -0.01850000024 0.1664586365 -0.04325385019
v -0.01800000109 0.1664597392 -0.04311121255
v -0.01750000007 0.1664586365 -0.04325385019
v -0.01700000092 0.1664575338 -0.04339648783
v -0.01649999991 0.1664586365 -0.04325385019
v -0.01600000076 0.1664619297 -0.04282595962
v -0.01550000068 0.1664619297 -0.04282595962
v -0.0150000006 0.1664619297 -0.04282595962
v -0.01450000051 0.1664619297 -0.04282595962
v -0.01400000043 0.1664630324 -0.04268332198
v -0.01350000035 0.1664641351 -0.04254068434
v -0.01300000027 0.1664652228 -0.04239806905
v -0.01250000019 0.1664663255 -0.04225543141
v -0.0120000001 0.1664674282 -0.04211279377
v -0.01150000095 0.1664674282 -0.04211279377
v -0.01100000087 0.1664685309 -0.04197017848
v -0.01050000079 0.1664707214 -0.0416849032
v -0.01000000071 0.166471824 -0.04154226556
v -0.009500000626 0.1664740145 -0.04125701264
v -0.009000000544 0.1664729267 -0.041399654
v -0.008500000462 0.1664729267 -0.041399654
v -0.00800000038 0.1664740145 -0.04125701264
v -0.007500000298 0.1664740145 -0.04125701264
v -0.007000000216 0.1664751172 -0.041114375
v -0.006500000134 0.1664751172 -0.041114375
v -0.006000000052 0.1664762199 -0.04097174108
v -0.005500000436 0.1664751172 -0.041114375
v -0.005000000354 0.1664762199 -0.04097174108
v -0.004500000272 0.1664751172 -0.041114375
v -0.00400000019 0.1664751172 -0.041114375
v -0.003500000108 0.1664751172 -0.041114375
v -0.003000000026 0.1664762199 -0.04097174108
v -0.002500000177 0.1664751172 -0.041114375
v -0.002000000095 0.166471824 -0.04154226556
v -0.001500000013 0.166471824 -0.04154226556
v -0.001000000047 0.1664696187 -0.04182754457
v -0.0005000000237 0.1664707214 -0.0416849032
v 0 0.1664696187 -0.04182754457
v 0.0005000000237 0.1664696187 -0.04182754457
v 0.001000000047 0.1664674282 -0.04211279377
v 0.001500000013 0.1664663255 -0.04225543141
v 0.002000000095 0.1664663255 -0.04225543141
v 0.002500000177 0.1664663255 -0.04225543141
v 0.003000000026 0.1664663255 -0.04225543141
v 0.003500000108 0.166460827 -0.04296859726
v 0.00400000019 0.1664586365 -0.04325385019
v 0.004500000272 0.1664597392 -0.04311121255
v 0.005000000354 0.166460827 -0.04296859726
v 0.005500000436 0.1664575338 -0.04339648783
v 0.006000000052 0.1664575338 -0.04339648783
v 0.006500000134 0.166453138 -0.04396701604
v 0.007000000216 0.1664509475 -0.04425226897
v 0.007500000298 0.1664498448 -0.04439490661
v 0.00800000038 0.1664487422 -0.04453754425
v 0.008500000462 0.166445449 -0.04496543109
v 0.009000000544 0.1664399505 -0.04567857459
v 0.009500000626 0.16643776 -0.0459638536
v 0.01000000071 0.1664355546 -0.0462491028
v 0.01050000079 0.1664344668 -0.04639174417
v 0.01100000087 0.1664289683 -0.04710490629
v -0.03475000337 0.1672556698 -0.0402617082
v -0.03425000235 0.1672607958 -0.03954857588
v -0.03075000085 0.1672628373 -0.03926333785
v -0.02075000107 0.1672279984 -0.04411256313
v -0.02025000006 0.1672300547 -0.04382732511
v -0.01975000091 0.1672290266 -0.0439699553
v -0.01925000176 0.1672310829 -0.04368469492
v -0.01875000075 0.1672300547 -0.04382732511
v -0.01825000159 0.1672290266 -0.0439699553
v -0.01775000058 0.1672300547 -0.04382732511
v -0.01725000143 0.1672320962 -0.043542061
v -0.01675000042 0.1672310829 -0.04368469492
v -0.01625000127 0.1672341526 -0.0432568267
v -0.01575000025 0.1672341526 -0.0432568267
v -0.0152500011 0.1672341526 -0.0432568267
v -0.01475000102 0.1672351807 -0.04311419278
v -0.01425000094 0.1672351807 -0.04311419278
v -0.01375000086 0.1672372222 -0.04282895476
v -0.01325000077 0.1672392786 -0.04254369065
v -0.01275000069 0.1672403067 -0.04240108281
v -0.01225000061 0.16724132 -0.04225845262
v -0.01175000053 0.16724132 -0.04225845262
v -0.01125000045 0.1672433764 -0.0419732146
v -0.01075000037 0.1672454178 -0.04168795049
v -0.01025000028 0.167246446 -0.0415453203
v -0.009750000201 0.1672474742 -0.04140271246
v -0.009250000119 0.1672495157 -0.04111745209
v -0.008750000037 0.1672485024 -0.04126007855
v -0.008249999955 0.1672495157 -0.04111745209
v -0.007750000339 0.1672495157 -0.04111745209
v -0.007250000257 0.1672505438 -0.0409748219
v -0.006750000175 0.1672505438 -0.0409748219
v -0.006250000093 0.1672526002 -0.04068958014
v -0.005750000477 0.1672526002 -0.04068958014
v -0.005250000395 0.1672526002 -0.04068958014
v -0.004750000313 0.167251572 -0.04083221033
v -0.004250000231 0.1672495157 -0.04111745209
v -0.003750000149 0.1672495157 -0.04111745209
v -0.003250000067 0.1672495157 -0.04111745209
v -0.002750000218 0.1672505438 -0.0409748219
v -0.002250000136 0.1672495157 -0.04111745209
v -0.001750000054 0.1672474742 -0.04140271246
v -0.001250000088 0.1672485024 -0.04126007855
v -0.0007500000065 0.1672485024 -0.04126007855
v -0.0002500000119 0.1672485024 -0.04126007855
v 0.0002500000119 0.1672485024 -0.04126007855
v 0.0007500000065 0.1672454178 -0.04168795049
v 0.001250000088 0.1672433764 -0.0419732146
v 0.001750000054 0.1672423482 -0.04211582243
v 0.002250000136 0.16724132 -0.04225845262
v 0.002750000218 0.1672403067 -0.04240108281
v 0.003250000067 0.1672392786 -0.04254369065
v 0.003750000149 0.1672392786 -0.04254369065
v 0.004250000231 0.1672392786 -0.04254369065
v 0.004750000313 0.1672382504 -0.04268632084
v 0.005250000395 0.1672382504 -0.04268632084
v 0.005750000477 0.1672362089 -0.04297158495
v 0.006250000093 0.1672351807 -0.04311419278
v 0.006750000175 0.1672341526 -0.0432568267
v 0.007250000257 0.1672279984 -0.04411256313
v 0.007750000339 0.1672249287 -0.04454045743
v 0.008249999955 0.1672259569 -0.04439782724
v 0.008750000037 0.1672228873 -0.04482569546
v 0.009250000119 0.1672177613 -0.0455388315
v 0.009750000201 0.1672167331 -0.04568143934
v 0.01025000028 0.1672177613 -0.0455388315
v 0.01075000037 0.1672167331 -0.04568143934
v 0.01125000045 0.1672116071 -0.04639457166
v 0.01175000053 0.1672085375 -0.04682243988
v 0.01225000061 0.1672044396 -0.04739294201
v -0.02100000158 0.1679973155 -0.04511382431
v -0.02050000057 0.167999208 -0.04482859746
v -0.02000000142 0.1679954082 -0.04539907351
v -0.0195000004 0.168002069 -0.04440074787
v -0.01900000125 0.168002069 -0.04440074787
v -0.01850000024 0.1680001616 -0.04468597472
v -0.01800000109 0.1680030227 -0.04425812513
v -0.01750000007 0.1680039614 -0.04411549866
v -0.01700000092 0.1680039614 -0.04411549866
v -0.01649999991 0.1680049151 -0.04397289827
v -0.01600000076 0.1680058688 -0.04383027554
v -0.01550000068 0.1680068225 -0.0436876528
v -0.0150000006 0.1680077612 -0.04354502261
v -0.01450000051 0.1680087149 -0.04340242222
v -0.01400000043 0.1680115759 -0.04297457263
v -0.01350000035 0.1680134684 -0.04268932343
v -0.01300000027 0.1680144221 -0.04254670069
v -0.01250000019 0.1680163294 -0.04226147383
v -0.0120000001 0.1680163294 -0.04226147383
v -0.01150000095 0.1680182219 -0.04197624698
v -0.01100000087 0.1680201292 -0.04169099778
v -0.01050000079 0.1680210829 -0.04154837504
v -0.01000000071 0.1680210829 -0.04154837504
v -0.009500000626 0.1680220217 -0.04140577465
v -0.009000000544 0.1680229753 -0.04126314819
v -0.008500000462 0.1680248827 -0.04097790271
v -0.00800000038 0.1680258363 -0.0408352986
v -0.007500000298 0.1680258363 -0.0408352986
v -0.007000000216 0.1680267751 -0.04069267586
v -0.006500000134 0.1680267751 -0.04069267586
v -0.006000000052 0.1680277288 -0.04055004939
v -0.005500000436 0.1680277288 -0.04055004939
v -0.005000000354 0.1680277288 -0.04055004939
v -0.004500000272 0.1680248827 -0.04097790271
v -0.00400000019 0.168023929 -0.04112052545
v -0.003500000108 0.168023929 -0.04112052545
v -0.003000000026 0.168023929 -0.04112052545
v -0.002500000177 0.1680229753 -0.04126314819
v -0.002000000095 0.168023929 -0.04112052545
v -0.001500000013 0.168023929 -0.04112052545
v -0.001000000047 0.168023929 -0.04112052545
v -0.0005000000237 0.168023929 -0.04112052545
v 0 0.168023929 -0.04112052545
v 0.0005000000237 0.1680229753 -0.04126314819
v 0.001000000047 0.1680220217 -0.04140577465
v 0.001500000013 0.1680182219 -0.04197624698
v 0.002000000095 0.1680163294 -0.04226147383
v 0.002500000177 0.1680163294 -0.04226147383
v 0.003000000026 0.1680153757 -0.0424041003
v 0.003500000108 0.1680153757 -0.0424041003
v 0.00400000019 0.1680163294 -0.04226147383
v 0.004500000272 0.1680163294 -0.04226147383
v 0.005000000354 0.1680144221 -0.04254670069
v 0.005500000436 0.1680144221 -0.04254670069
v 0.006000000052 0.1680125147 -0.04283194989
v 0.006500000134 0.1680106223 -0.04311717302
v 0.007000000216 0.1680096686 -0.04325979948
v 0.007500000298 0.1680039614 -0.04411549866
v 0.00800000038 0.168002069 -0.04440074787
v 0.008500000462 0.168002069 -0.04440074787
v 0.009000000544 0.1679963619 -0.04525645077
v 0.009500000626 0.1679963619 -0.04525645077
v 0.01000000071 0.1679963619 -0.04525645077
v 0.01050000079 0.1679973155 -0.04511382431
v 0.01100000087 0.1679954082 -0.04539907351
v 0.01150000095 0.1679916084 -0.04596954957
v 0.0120000001 0.1679887623 -0.04639739916
v 0.01250000019 0.1679859012 -0.04682524875
v -0.02075000107 0.1687667817 -0.04625761136
v -0.01975000091 0.16876854 -0.04597239941
v -0.01875000075 0.1687694043 -0.04582977667
v -0.01825000159 0.1687702835 -0.04568716139
v -0.01775000058 0.168772921 -0.04525933042
v -0.01725000143 0.1687711626 -0.04554456845
v -0.01675000042 0.1687755436 -0.04483149946
v -0.01625000127 0.1687781811 -0.04440366849
v -0.01575000025 0.1687799245 -0.04411843419
v -0.0152500011 0.1687816828 -0.04383322224
v -0.01475000102 0.168782562 -0.04369060695
v -0.01425000094 0.1687851846 -0.04326277599
v -0.01375000086 0.168786943 -0.04297756031
v -0.01325000077 0.1687895656 -0.042549707
v -0.01275000069 0.1687895656 -0.042549707
v -0.01225000061 0.1687913239 -0.04226449504
v -0.01175000053 0.1687922031 -0.04212187603
v -0.01125000045 0.1687930822 -0.04197928309
v -0.01075000037 0.1687948257 -0.04169404507
v -0.01025000028 0.1687948257 -0.04169404507
v -0.009750000201 0.1687957048 -0.04155142978
v -0.009250000119 0.1687974632 -0.0412662141
v -0.008750000037 0.1687992066 -0.04098098353
v -0.008249999955 0.1688000858 -0.04083838314
v -0.007750000339 0.1688000858 -0.04083838314
v -0.007250000257 0.168800965 -0.04069576785
v -0.006750000175 0.1688018441 -0.04055315256
v -0.006250000093 0.168800965 -0.04069576785
v -0.005750000477 0.1688018441 -0.04055315256
v -0.005250000395 0.168800965 -0.04069576785
v -0.004750000313 0.1688018441 -0.04055315256
v -0.004250000231 0.1688000858 -0.04083838314
v -0.003750000149 0.1687983274 -0.04112359881
v -0.003250000067 0.1687983274 -0.04112359881
v -0.002750000218 0.1687974632 -0.0412662141
v -0.002250000136 0.1687974632 -0.0412662141
v -0.001750000054 0.1687983274 -0.04112359881
v -0.001250000088 0.1687974632 -0.0412662141
v -0.0007500000065 0.1687983274 -0.04112359881
v -0.0002500000119 0.1687983274 -0.04112359881
v 0.0002500000119 0.1687974632 -0.0412662141
v 0.0007500000065 0.168796584 -0.04140883684
v 0.001250000088 0.1687948257 -0.04169404507
v 0.001750000054 0.1687930822 -0.04197928309
v 0.002250000136 0.1687922031 -0.04212187603
v 0.002750000218 0.1687930822 -0.04197928309
v 0.003250000067 0.1687913239 -0.04226449504
v 0.003750000149 0.1687922031 -0.04212187603
v 0.004250000231 0.1687913239 -0.04226449504
v 0.004750000313 0.1687904447 -0.04240711406
v 0.005250000395 0.1687895656 -0.042549707
v 0.005750000477 0.1687886864 -0.04269232601
v 0.006250000093 0.168786943 -0.04297756031
v 0.006750000175 0.1687843055 -0.04340539128
v 0.007250000257 0.1687860638 -0.04312015325
v 0.007750000339 0.1687816828 -0.04383322224
v 0.008249999955 0.168782562 -0.04369060695
v 0.008750000037 0.1687808037 -0.04397584125
v 0.009250000119 0.1687773019 -0.04454628751
v 0.009750000201 0.1687755436 -0.04483149946
v 0.01025000028 0.1687746644 -0.04497411847
v 0.01075000037 0.1687746644 -0.04497411847
v 0.01125000045 0.1687738001 -0.04511671513
v 0.01175000053 0.1687711626 -0.04554456845
v 0.01225000061 0.16876854 -0.04597239941
v 0.01275000069 0.1687641442 -0.04668544233
v -0.0195000004 0.1695438474 -0.04626044631
v -0.01900000125 0.1695438474 -0.04626044631
v -0.01850000024 0.1695454568 -0.04597524926
v -0.01800000109 0.1695462614 -0.04583263397
v -0.01750000007 0.1695470661 -0.04569002241
v -0.01700000092 0.1695478708 -0.04554743692
v -0.01649999991 0.1695486754 -0.04540482163
v -0.01600000076 0.1695510745 -0.04497701302
v -0.01550000068 0.1695542783 -0.04440659285
v -0.0150000006 0.1695566922 -0.04397878051
v -0.01450000051 0.1695583016 -0.04369356111
v -0.01400000043 0.1695615053 -0.04312313721
v -0.01350000035 0.1695631146 -0.04283793643
v -0.01300000027 0.1695647091 -0.04255271703
v -0.01250000019 0.1695647091 -0.04255271703
v -0.0120000001 0.1695655137 -0.04241012782
v -0.01150000095 0.1695663184 -0.04226751626
v -0.01100000087 0.1695679277 -0.04198231548
v -0.01050000079 0.1695687324 -0.04183970764
v -0.01000000071 0.1695703268 -0.04155448452
v -0.009500000626 0.1695719361 -0.04126928374
v -0.009000000544 0.1695735455 -0.04098406434
v -0.008500000462 0.1695743501 -0.0408414714
v -0.00800000038 0.1695743501 -0.0408414714
v -0.007500000298 0.1695751399 -0.04069886357
v -0.007000000216 0.1695751399 -0.04069886357
v -0.006500000134 0.1695751399 -0.04069886357
v -0.006000000052 0.1695759445 -0.040556252
v -0.005500000436 0.1695751399 -0.04069886357
v -0.005000000354 0.1695743501 -0.0408414714
v -0.004500000272 0.1695743501 -0.0408414714
v -0.00400000019 0.1695735455 -0.04098406434
v -0.003500000108 0.1695719361 -0.04126928374
v -0.003000000026 0.1695735455 -0.04098406434
v -0.002500000177 0.1695727408 -0.04112667218
v -0.002000000095 0.1695719361 -0.04126928374
v -0.001500000013 0.1695719361 -0.04126928374
v -0.001000000047 0.1695719361 -0.04126928374
v -0.0005000000237 0.1695719361 -0.04126928374
v 0 0.1695719361 -0.04126928374
v 0.0005000000237 0.1695703268 -0.04155448452
v 0.001000000047 0.1695703268 -0.04155448452
v 0.001500000013 0.1695687324 -0.04183970764
v 0.002000000095 0.169569537 -0.04169709608
v 0.002500000177 0.1695703268 -0.04155448452
v 0.003000000026 0.169569537 -0.04169709608
v 0.003500000108 0.1695671231 -0.04212490469
v 0.00400000019 0.1695671231 -0.04212490469
v 0.004500000272 0.1695655137 -0.04241012782
v 0.005000000354 0.1695647091 -0.04255271703
v 0.005500000436 0.1695639193 -0.04269532487
v 0.006000000052 0.16956231 -0.04298054799
v 0.006500000134 0.1695607007 -0.04326574877
v 0.007000000216 0.1695615053 -0.04312313721
v 0.007500000298 0.1695607007 -0.04326574877
v 0.00800000038 0.1695591062 -0.04355094582
v 0.008500000462 0.169559896 -0.04340836033
v 0.009000000544 0.1695583016 -0.04369356111
v 0.009500000626 0.1695566922 -0.04397878051
v 0.01000000071 0.1695534885 -0.04454920441
v 0.01050000079 0.1695518792 -0.04483440146
v 0.01100000087 0.1695510745 -0.04497701302
v 0.01150000095 0.1695510745 -0.04497701302
v 0.0120000001 0.1695470661 -0.04569002241
v 0.01250000019 0.1695446521 -0.04611783475
v 0.01300000027 0.1695414484 -0.04668825492
v 0.02000000142 0.1695093513 -0.05239245296
v 0.02050000057 0.1695093513 -0.05239245296
v 0.02150000073 0.1695029289 -0.05353329331
v 0.02250000089 0.1695029289 -0.05353329331
v 0.02300000191 0.1695053428 -0.05310548469
v 0.02350000106 0.1695013344 -0.05381851643
v -0.01725000143 0.170320943 -0.04626328126
v -0.01675000042 0.1703231186 -0.04583548754
v -0.01575000025 0.1703267694 -0.04512248933
v -0.0152500011 0.1703296751 -0.04455211759
v -0.01475000102 0.1703318655 -0.04412430525
v -0.01425000094 0.1703347713 -0.04355390742
v -0.01375000086 0.1703355014 -0.04341132939
v -0.01325000077 0.1703376919 -0.04298353568
v -0.01275000069 0.1703384221 -0.04284093156
v -0.01225000061 0.1703398824 -0.04255572334
v -0.01175000053 0.1703405976 -0.04241314158
v -0.01125000045 0.1703413278 -0.04227053747
v -0.01075000037 0.1703420579 -0.04212793335
v -0.01025000028 0.1703435183 -0.04184274748
v -0.009750000201 0.1703449786 -0.04155753925
v -0.009250000119 0.170346424 -0.04127234966
v -0.008750000037 0.1703478843 -0.04098714516
v -0.008249999955 0.1703478843 -0.04098714516
v -0.007750000339 0.1703478843 -0.04098714516
v -0.007250000257 0.1703486145 -0.04084455967
v -0.006750000175 0.1703478843 -0.04098714516
v -0.006250000093 0.1703486145 -0.04084455967
v -0.005750000477 0.1703478843 -0.04098714516
v -0.005250000395 0.1703471541 -0.04112974554
v -0.004750000313 0.1703478843 -0.04098714516
v -0.004250000231 0.1703478843 -0.04098714516
v -0.003750000149 0.1703471541 -0.04112974554
v -0.003250000067 0.1703486145 -0.04084455967
v -0.002750000218 0.1703486145 -0.04084455967
v -0.002250000136 0.170346424 -0.04127234966
v -0.001750000054 0.1703457087 -0.04141495749
v -0.001250000088 0.1703457087 -0.04141495749
v -0.0007500000065 0.1703435183 -0.04184274748
v -0.0002500000119 0.1703449786 -0.04155753925
v 0.0002500000119 0.1703427881 -0.04198535159
v 0.0007500000065 0.1703435183 -0.04184274748
v 0.001250000088 0.1703442484 -0.04170014337
v 0.001750000054 0.1703442484 -0.04170014337
v 0.002250000136 0.1703457087 -0.04141495749
v 0.002750000218 0.1703457087 -0.04141495749
v 0.003250000067 0.1703435183 -0.04184274748
v 0.003750000149 0.1703427881 -0.04198535159
v 0.004250000231 0.1703413278 -0.04227053747
v 0.004750000313 0.1703391522 -0.04269832745
v 0.005250000395 0.1703391522 -0.04269832745
v 0.005750000477 0.1703376919 -0.04298353568
v 0.006250000093 0.1703369617 -0.04312611744
v 0.006750000175 0.1703376919 -0.04298353568
v 0.007250000257 0.1703384221 -0.04284093156
v 0.007750000339 0.1703362316 -0.04326872528
v 0.008249999955 0.1703362316 -0.04326872528
v 0.008750000037 0.1703362316 -0.04326872528
v 0.009250000119 0.170334056 -0.04369651526
v 0.009750000201 0.1703333259 -0.04383911937
v 0.01025000028 0.1703296751 -0.04455211759
v 0.01075000037 0.1703282297 -0.04483730346
v 0.01125000045 0.1703267694 -0.04512248933
v 0.01175000053 0.1703267694 -0.04512248933
v 0.01225000061 0.1703224033 -0.04597809538
v 0.01275000069 0.170320943 -0.04626328126
v 0.01325000077 0.1703180224 -0.04683367535
v 0.01375000086 0.1703151166 -0.04740407318
v 0.01425000094 0.1703143865 -0.04754667729
v 0.01475000102 0.1703114659 -0.04811707139
v 0.0152500011 0.17030783 -0.04883004725
v 0.01575000025 0.1703056395 -0.04925784096
v 0.02025000006 0.1702954471 -0.05125421286
v 0.02075000107 0.1702969074 -0.05096902698
v 0.02225000039 0.1702874303 -0.05282279477
v 0.0227500014 0.1702888906 -0.05253760517
v 0.02375000156 0.1702845246 -0.05339318886
v 0.02425000072 0.1702801585 -0.05424879119
v 0.02475000173 0.1702830642 -0.05367839709
v -0.01700000092 0.1710960716 -0.04669388756
v -0.01600000076 0.1711006463 -0.04569574818
v -0.01550000068 0.1711032689 -0.04512538016
v -0.0150000006 0.1711052209 -0.0446976088
v -0.01450000051 0.1711078435 -0.04412723705
v -0.01400000043 0.1711098105 -0.04369946942
v -0.01350000035 0.1711111069 -0.04341429472
v -0.01300000027 0.1711117625 -0.04327169806
v -0.01250000019 0.1711137295 -0.0428439267
v -0.0120000001 0.1711150408 -0.04255873337
v -0.01150000095 0.1711163521 -0.04227355868
v -0.01100000087 0.1711170077 -0.04213096201
v -0.01050000079 0.1711176485 -0.04198838398
v -0.01000000071 0.1711183041 -0.04184578732
v -0.009500000626 0.1711196154 -0.04156059027
v -0.009000000544 0.1711202711 -0.04141801968
v -0.008500000462 0.1711209267 -0.04127541929
v -0.00800000038 0.1711209267 -0.04127541929
v -0.007500000298 0.1711215824 -0.04113282263
v -0.007000000216 0.1711215824 -0.04113282263
v -0.006500000134 0.1711215824 -0.04113282263
v -0.006000000052 0.1711209267 -0.04127541929
v -0.005500000436 0.1711209267 -0.04127541929
v -0.005000000354 0.171122238 -0.04099022597
v -0.004500000272 0.171122238 -0.04099022597
v -0.00400000019 0.171122238 -0.04099022597
v -0.003500000108 0.171122238 -0.04099022597
v -0.003000000026 0.171122238 -0.04099022597
v -0.002500000177 0.171122238 -0.04099022597
v -0.002000000095 0.1711209267 -0.04127541929
v -0.001500000013 0.1711202711 -0.04141801968
v -0.001000000047 0.1711176485 -0.04198838398
v -0.0005000000237 0.1711183041 -0.04184578732
v 0 0.1711170077 -0.04213096201
v 0.0005000000237 0.1711176485 -0.04198838398
v 0.001000000047 0.1711189598 -0.04170319065
v 0.001500000013 0.1711196154 -0.04156059027
v 0.002000000095 0.1711196154 -0.04156059027
v 0.002500000177 0.1711196154 -0.04156059027
v 0.003000000026 0.1711189598 -0.04170319065
v 0.003500000108 0.1711170077 -0.04213096201
v 0.00400000019 0.1711170077 -0.04213096201
v 0.004500000272 0.1711150408 -0.04255873337
v 0.005000000354 0.1711150408 -0.04255873337
v 0.005500000436 0.1711150408 -0.04255873337
v 0.006000000052 0.1711143851 -0.04270133004
v 0.006500000134 0.1711143851 -0.04270133004
v 0.007000000216 0.1711137295 -0.0428439267
v 0.007500000298 0.1711137295 -0.0428439267
v 0.00800000038 0.1711130738 -0.04298652336
v 0.008500000462 0.1711117625 -0.04327169806
v 0.009000000544 0.1711111069 -0.04341429472
v 0.009500000626 0.1711104512 -0.04355686903
v 0.01000000071 0.1711078435 -0.04412723705
v 0.01050000079 0.1711065322 -0.0444124341
v 0.01100000087 0.1711039096 -0.04498280212
v 0.01150000095 0.1711019576 -0.04541057348
v 0.0120000001 0.171099335 -0.04598094523
v 0.01250000019 0.1710986793 -0.04612351954
v 0.01300000027 0.1710980237 -0.0462661162
v 0.01350000035 0.1710960716 -0.04669388756
v 0.01400000043 0.1710941046 -0.04712168127
v 0.01450000051 0.171093449 -0.04726425558
v 0.0150000006 0.1710921377 -0.04754945263
v 0.01550000068 0.1710908264 -0.04783462361
v 0.01600000076 0.1710862517 -0.04883276671
v 0.01649999991 0.1710855961 -0.04897536337
v 0.01750000007 0.1710783988 -0.05054387078
v 0.02000000142 0.1710790545 -0.05040127039
v 0.02050000057 0.1710810214 -0.04997350276
v 0.02100000158 0.1710816771 -0.04983090609
v 0.02150000073 0.1710823327 -0.04968832806
v 0.02250000089 0.1710731685 -0.05168460682
v 0.02300000191 0.1710744798 -0.0513994135
v 0.02600000054 0.171058774 -0.05482162535
v 0.02650000155 0.1710600853 -0.05453643203
v 0.0270000007 0.1710613966 -0.05425125733
v -0.01425000094 0.1718826443 -0.04441535845
v -0.01375000086 0.1718832254 -0.04427276552
v -0.01325000077 0.1718849689 -0.04384501651
v -0.01275000069 0.1718861312 -0.04355983064
v -0.01225000061 0.1718878597 -0.04313208163
v -0.01175000053 0.1718896031 -0.04270432889
v -0.01125000045 0.1718907654 -0.0424191691
v -0.01075000037 0.1718919277 -0.04213398695
v -0.01025000028 0.1718919277 -0.04213398695
v -0.009750000201 0.1718925089 -0.04199142009
v -0.009250000119 0.17189309 -0.04184883088
v -0.008750000037 0.1718936712 -0.04170623794
v -0.008249999955 0.1718936712 -0.04170623794
v -0.007750000339 0.1718936712 -0.04170623794
v -0.007250000257 0.1718942523 -0.04156364501
v -0.006750000175 0.1718942523 -0.04156364501
v -0.006250000093 0.1718942523 -0.04156364501
v -0.005750000477 0.1718953997 -0.04127848521
v -0.005250000395 0.1718953997 -0.04127848521
v -0.004750000313 0.171896562 -0.04099330679
v -0.004250000231 0.1718959808 -0.041135896
v -0.003750000149 0.1718959808 -0.041135896
v -0.003250000067 0.1718959808 -0.041135896
v -0.002750000218 0.1718959808 -0.041135896
v -0.002250000136 0.1718953997 -0.04127848521
v -0.001750000054 0.1718953997 -0.04127848521
v -0.001250000088 0.1718925089 -0.04199142009
v -0.0007500000065 0.1718919277 -0.04213398695
v -0.0002500000119 0.1718925089 -0.04199142009
v 0.0002500000119 0.1718919277 -0.04213398695
v 0.0007500000065 0.17189309 -0.04184883088
v 0.001250000088 0.1718942523 -0.04156364501
v 0.001750000054 0.1718942523 -0.04156364501
v 0.002250000136 0.1718936712 -0.04170623794
v 0.002750000218 0.17189309 -0.04184883088
v 0.003250000067 0.1718925089 -0.04199142009
v 0.003750000149 0.1718913466 -0.04227657989
v 0.004250000231 0.1718907654 -0.0424191691
v 0.004750000313 0.1718913466 -0.04227657989
v 0.005250000395 0.1718913466 -0.04227657989
v 0.005750000477 0.1718919277 -0.04213398695
v 0.006250000093 0.1718913466 -0.04227657989
v 0.006750000175 0.1718901843 -0.04256173968
v 0.007250000257 0.171889022 -0.04284692183
v 0.007750000339 0.1718884408 -0.04298951477
v 0.008249999955 0.1718884408 -0.04298951477
v 0.008750000037 0.1718866974 -0.04341726378
v 0.009250000119 0.1718861312 -0.04355983064
v 0.009750000201 0.1718849689 -0.04384501651
v 0.01025000028 0.1718826443 -0.04441535845
v 0.01075000037 0.1718803197 -0.04498569667
v 0.01125000045 0.1718785763 -0.04541344941
v 0.01175000053 0.1718774289 -0.0456986092
v 0.01225000061 0.1718768477 -0.04584120214
v 0.01275000069 0.1718756855 -0.04612636194
v 0.01325000077 0.1718756855 -0.04612636194
v 0.01375000086 0.1718745232 -0.04641154408
v 0.01425000094 0.1718721986 -0.04698188603
v 0.01475000102 0.1718710363 -0.04726704583
v 0.0152500011 0.1718710363 -0.04726704583
v 0.01575000025 0.171869874 -0.04755222797
v 0.01625000127 0.1718675643 -0.04812256992
v 0.01675000042 0.1718658209 -0.04855032265
v 0.01725000143 0.1718640774 -0.04897807166
v 0.01775000058 0.171862334 -0.04940582439
v 0.01825000159 0.1718611717 -0.04969100654
v 0.01975000091 0.1718606055 -0.0498335734
v 0.02025000006 0.1718617529 -0.0495484136
v 0.02075000107 0.1718629152 -0.04926323146
v 0.02125000022 0.1718629152 -0.04926323146
v 0.02175000124 0.1718629152 -0.04926323146
v 0.02225000039 0.1718542129 -0.05140201002
v 0.0227500014 0.1718571186 -0.05068909749
v 0.02325000055 0.1718565375 -0.05083166808
v 0.02375000156 0.1718571186 -0.05068909749
v 0.02425000072 0.1718559563 -0.05097426102
v 0.02625000104 0.1718432009 -0.05411112681
v 0.02675000206 0.1718437821 -0.0539685376
v 0.02725000121 0.1718432009 -0.05411112681
v 0.02825000137 0.1718362272 -0.05582215637
v 0.02875000052 0.1718385518 -0.05525181442
v 0.02975000069 0.1718292683 -0.05753315985
v -0.01350000035 0.1726582497 -0.04456086457
v -0.01300000027 0.1726597697 -0.04413310811
v -0.01250000019 0.1726617962 -0.04356279224
v -0.0120000001 0.1726633012 -0.04313506186
v -0.01150000095 0.1726643145 -0.04284991696
v -0.01100000087 0.1726653278 -0.04256474599
v -0.01050000079 0.1726663411 -0.0422796011
v -0.01000000071 0.1726668477 -0.04213701561
v -0.009500000626 0.1726673543 -0.04199445248
v -0.009000000544 0.1726673543 -0.04199445248
v -0.008500000462 0.1726668477 -0.04213701561
v -0.00800000038 0.1726663411 -0.0422796011
v -0.007500000298 0.1726673543 -0.04199445248
v -0.007000000216 0.172667861 -0.04185187072
v -0.006500000134 0.172667861 -0.04185187072
v -0.006000000052 0.1726683676 -0.04170928523
v -0.005500000436 0.1726693809 -0.04142414033
v -0.005000000354 0.1726698875 -0.04128155112
v -0.004500000272 0.1726703942 -0.04113896936
v -0.00400000019 0.1726698875 -0.04128155112
v -0.003500000108 0.1726698875 -0.04128155112
v -0.003000000026 0.1726693809 -0.04142414033
v -0.002500000177 0.1726693809 -0.04142414033
v -0.002000000095 0.1726683676 -0.04170928523
v -0.001500000013 0.172667861 -0.04185187072
v -0.001000000047 0.172667861 -0.04185187072
v -0.0005000000237 0.172667861 -0.04185187072
v 0 0.1726683676 -0.04170928523
v 0.0005000000237 0.172667861 -0.04185187072
v 0.001000000047 0.1726683676 -0.04170928523
v 0.001500000013 0.172667861 -0.04185187072
v 0.002000000095 0.172667861 -0.04185187072
v 0.002500000177 0.1726668477 -0.04213701561
v 0.003000000026 0.1726668477 -0.04213701561
v 0.003500000108 0.1726663411 -0.0422796011
v 0.00400000019 0.1726668477 -0.04213701561
v 0.004500000272 0.1726673543 -0.04199445248
v 0.005000000354 0.1726673543 -0.04199445248
v 0.005500000436 0.1726673543 -0.04199445248
v 0.006000000052 0.1726668477 -0.04213701561
v 0.006500000134 0.1726658344 -0.04242218658
v 0.007000000216 0.1726653278 -0.04256474599
v 0.007500000298 0.1726643145 -0.04284991696
v 0.00800000038 0.1726638079 -0.04299250245
v 0.008500000462 0.172662288 -0.04342023283
v 0.009000000544 0.1726612896 -0.04370538145
v 0.009500000626 0.1726612896 -0.04370538145
v 0.01000000071 0.1726582497 -0.04456086457
v 0.01050000079 0.1726577431 -0.04470342398
v 0.01100000087 0.1726557165 -0.04527373984
v 0.01150000095 0.1726552099 -0.04541632533
v 0.0120000001 0.1726541966 -0.04570147395
v 0.01250000019 0.17265369 -0.04584405571
v 0.01300000027 0.1726526767 -0.04612920433
v 0.01350000035 0.1726526767 -0.04612920433
v 0.01400000043 0.1726516634 -0.04641437531
v 0.01450000051 0.1726501435 -0.04684210196
v 0.0150000006 0.1726496518 -0.04698468745
v 0.01550000068 0.1726486385 -0.04726983234
v 0.01600000076 0.1726471186 -0.04769756645
v 0.01649999991 0.1726461053 -0.0479827337
v 0.01700000092 0.1726455986 -0.04812531918
v 0.01750000007 0.1726440787 -0.04855304956
v 0.01800000109 0.1726425588 -0.04898078367
v 0.01850000024 0.1726425588 -0.04898078367
v 0.0195000004 0.1726390123 -0.0499788262
v 0.02000000142 0.1726415455 -0.04926592857
v 0.02050000057 0.1726420522 -0.04912336916
v 0.02100000158 0.1726425588 -0.04898078367
v 0.02150000073 0.1726425588 -0.04898078367
v 0.02200000174 0.1726420522 -0.04912336916
v 0.02250000089 0.172636494 -0.05069172755
v 0.02300000191 0.1726390123 -0.0499788262
v 0.02350000106 0.1726385057 -0.05012141168
v 0.02400000021 0.1726385057 -0.05012141168
v 0.02450000122 0.1726375073 -0.0504065603
v 0.02500000037 0.1726354808 -0.05097687617
v 0.02550000139 0.1726344675 -0.05126202106
v 0.02650000155 0.1726299077 -0.05254523829
v 0.02850000188 0.1726197898 -0.05539679527
v 0.03000000119 0.1726152301 -0.05668000877
v -0.0152500011 0.1734275222 -0.04684491083
v -0.01275000069 0.1734348685 -0.04442119971
v -0.01225000061 0.1734370291 -0.04370833561
v -0.01175000053 0.1734378934 -0.04342320189
v -0.01125000045 0.1734391749 -0.04299549013
v -0.01075000037 0.1734400392 -0.04271033034
v -0.01025000028 0.1734404713 -0.04256775603
v -0.009750000201 0.1734413356 -0.04228262231
v -0.009250000119 0.1734409034 -0.04242520034
v -0.008750000037 0.1734404713 -0.04256775603
v -0.008249999955 0.1734404713 -0.04256775603
v -0.007750000339 0.1734409034 -0.04242520034
v -0.007250000257 0.1734417677 -0.04214004427
v -0.006750000175 0.1734417677 -0.04214004427
v -0.006250000093 0.1734421998 -0.04199748859
v -0.005750000477 0.1734430641 -0.04171233252
v -0.005250000395 0.1734434962 -0.04156975448
v -0.004750000313 0.1734430641 -0.04171233252
v -0.004250000231 0.1734434962 -0.04156975448
v -0.003750000149 0.1734434962 -0.04156975448
v -0.003250000067 0.173442632 -0.04185491055
v -0.002750000218 0.173442632 -0.04185491055
v -0.002250000136 0.1734421998 -0.04199748859
v -0.001750000054 0.1734421998 -0.04199748859
v -0.001250000088 0.173442632 -0.04185491055
v -0.0007500000065 0.1734430641 -0.04171233252
v -0.0002500000119 0.1734430641 -0.04171233252
v 0.0002500000119 0.1734434962 -0.04156975448
v 0.0007500000065 0.1734430641 -0.04171233252
v 0.001250000088 0.1734421998 -0.04199748859
v 0.001750000054 0.1734417677 -0.04214004427
v 0.002250000136 0.1734413356 -0.04228262231
v 0.002750000218 0.1734413356 -0.04228262231
v 0.003250000067 0.1734413356 -0.04228262231
v 0.003750000149 0.1734421998 -0.04199748859
v 0.004250000231 0.173442632 -0.04185491055
v 0.004750000313 0.1734430641 -0.04171233252
v 0.005250000395 0.173442632 -0.04185491055
v 0.005750000477 0.173442632 -0.04185491055
v 0.006250000093 0.1734413356 -0.04228262231
v 0.006750000175 0.1734413356 -0.04228262231
v 0.007250000257 0.1734409034 -0.04242520034
v 0.007750000339 0.1734400392 -0.04271033034
v 0.008249999955 0.1734383255 -0.04328062385
v 0.008750000037 0.1734370291 -0.04370833561
v 0.009250000119 0.1734357327 -0.04413604364
v 0.009750000201 0.1734348685 -0.04442119971
v 0.01025000028 0.1734327078 -0.04513404518
v 0.01075000037 0.1734322757 -0.04527662322
v 0.01125000045 0.1734322757 -0.04527662322
v 0.01175000053 0.1734322757 -0.04527662322
v 0.01225000061 0.1734314114 -0.04556177929
v 0.01275000069 0.1734309793 -0.04570433497
v 0.01325000077 0.173430115 -0.04598949105
v 0.01375000086 0.1734296829 -0.04613204673
v 0.01425000094 0.1734292507 -0.04627462476
v 0.01475000102 0.1734283864 -0.04655978084
v 0.0152500011 0.1734275222 -0.04684491083
v 0.01575000025 0.1734266579 -0.04713007063
v 0.01625000127 0.1734244972 -0.04784291238
v 0.01675000042 0.1734253615 -0.04755777866
v 0.01725000143 0.1734244972 -0.04784291238
v 0.01775000058 0.1734232008 -0.04827062413
v 0.01825000159 0.1734227687 -0.04841320217
v 0.01875000075 0.1734223366 -0.0485557802
v 0.01925000176 0.1734180152 -0.04998148978
v 0.01975000091 0.1734201759 -0.04926862568
v 0.02025000006 0.1734219044 -0.04869833589
v 0.02075000107 0.1734219044 -0.04869833589
v 0.02125000022 0.1734214723 -0.04884091392
v 0.02175000124 0.1734214723 -0.04884091392
v 0.02225000039 0.1734197438 -0.04941120371
v 0.0227500014 0.1734193116 -0.04955377802
v 0.02325000055 0.1734188795 -0.04969635978
v 0.02375000156 0.1734188795 -0.04969635978
v 0.02425000072 0.1734184474 -0.04983891547
v 0.02475000173 0.1734175831 -0.05012407154
v 0.02525000088 0.1734162867 -0.05055177957
v 0.02625000104 0.1734119654 -0.05197749287
v 0.02675000206 0.1734119654 -0.05197749287
v 0.02725000121 0.1734115332 -0.0521200709
v 0.02775000222 0.173410669 -0.05240520462
v 0.02875000052 0.1734076589 -0.05340320617
v 0.02975000069 0.173398152 -0.05653978139
v 0.0302500017 0.1733994484 -0.05611207336
v 0.03075000085 0.1733964235 -0.05711007118
v 0.03125 0.1733938307 -0.05796549469
v -0.0120000001 0.1742116958 -0.04413897917
v -0.01150000095 0.1742127687 -0.04371128976
v -0.01100000087 0.1742131263 -0.04356871545
v -0.01050000079 0.1742141992 -0.04314102605
v -0.01000000071 0.1742145568 -0.04299847782
v -0.009500000626 0.1742138416 -0.04328359663
v -0.009000000544 0.1742145568 -0.04299847782
v -0.008500000462 0.1742145568 -0.04299847782
v -0.00800000038 0.1742152721 -0.04271333292
v -0.007500000298 0.1742159873 -0.0424282141
v -0.007000000216 0.174216345 -0.04228564352
v -0.006500000134 0.174216345 -0.04228564352
v -0.006000000052 0.1742167026 -0.04214307293
v -0.005500000436 0.1742167026 -0.04214307293
v -0.005000000354 0.1742167026 -0.04214307293
v -0.004500000272 0.1742174178 -0.04185795411
v -0.00400000019 0.1742170602 -0.04200052097
v -0.003500000108 0.174216345 -0.04228564352
v -0.003000000026 0.1742159873 -0.0424282141
v -0.002500000177 0.174216345 -0.04228564352
v -0.002000000095 0.1742170602 -0.04200052097
v -0.001500000013 0.1742174178 -0.04185795411
v -0.001000000047 0.1742174178 -0.04185795411
v -0.0005000000237 0.1742177755 -0.0417153798
v 0 0.1742174178 -0.04185795411
v 0.0005000000237 0.1742177755 -0.0417153798
v 0.001000000047 0.1742167026 -0.04214307293
v 0.001500000013 0.1742156297 -0.04257076234
v 0.002000000095 0.1742156297 -0.04257076234
v 0.002500000177 0.1742167026 -0.04214307293
v 0.003000000026 0.1742167026 -0.04214307293
v 0.003500000108 0.1742170602 -0.04200052097
v 0.00400000019 0.1742174178 -0.04185795411
v 0.004500000272 0.1742181331 -0.04157280922
v 0.005000000354 0.1742174178 -0.04185795411
v 0.005500000436 0.1742174178 -0.04185795411
v 0.006000000052 0.1742170602 -0.04200052097
v 0.006500000134 0.1742167026 -0.04214307293
v 0.007000000216 0.1742167026 -0.04214307293
v 0.007500000298 0.1742159873 -0.0424282141
v 0.00800000038 0.1742145568 -0.04299847782
v 0.008500000462 0.174212411 -0.04385386035
v 0.009000000544 0.174210608 -0.04456669465
v 0.009500000626 0.1742109656 -0.04442412406
v 0.01000000071 0.1742095351 -0.04499438405
v 0.01050000079 0.1742088199 -0.04527950659
v 0.01100000087 0.1742088199 -0.04527950659
v 0.01150000095 0.1742088199 -0.04527950659
v 0.0120000001 0.1742084622 -0.04542207345
v 0.01250000019 0.1742081046 -0.04556464776
v 0.01300000027 0.174207747 -0.045707196
v 0.01350000035 0.1742070317 -0.04599234089
v 0.01400000043 0.1742070317 -0.04599234089
v 0.01450000051 0.1742063165 -0.04627745971
v 0.0150000006 0.1742052436 -0.04670514911
v 0.01550000068 0.1742045283 -0.04699029401
v 0.01600000076 0.1742041707 -0.04713286459
v 0.01649999991 0.1742034554 -0.04741798341
v 0.01700000092 0.1742034554 -0.04741798341
v 0.01750000007 0.1742023826 -0.04784567654
v 0.01800000109 0.1742020249 -0.04798824713
v 0.01850000024 0.1742020249 -0.04798824713
v 0.01900000125 0.1741991639 -0.04912877455
v 0.0195000004 0.1741991639 -0.04912877455
v 0.02000000142 0.1742005944 -0.04855851084
v 0.02050000057 0.1742013097 -0.04827336967
v 0.02100000158 0.1742013097 -0.04827336967
v 0.02150000073 0.1742009521 -0.04841594025
v 0.02200000174 0.1741991639 -0.04912877455
v 0.02250000089 0.1741988063 -0.04927132279
v 0.02300000191 0.1741984487 -0.04941389337
v 0.02350000106 0.1741988063 -0.04927132279
v 0.02400000021 0.174198091 -0.04955646396
v 0.02450000122 0.1741984487 -0.04941389337
v 0.02500000037 0.1741973758 -0.04984158278
v 0.02550000139 0.1741963029 -0.0502692759
v 0.02600000054 0.1741930842 -0.05155237019
v 0.02650000155 0.1741934419 -0.05140979961
v 0.0270000007 0.1741934419 -0.05140979961
v 0.02750000171 0.174192369 -0.05183749273
v 0.02800000086 0.1741920114 -0.05198006332
v 0.02850000188 0.1741898656 -0.05283544585
v 0.02900000103 0.1741891503 -0.05312059075
v 0.02950000204 0.1741866469 -0.05411854014
v 0.03000000119 0.1741823554 -0.05582933128
v 0.03050000221 0.1741830707 -0.05554419011
v 0.03100000136 0.1741798371 -0.0568272844
v -0.01075000037 0.174987644 -0.0441419147
v -0.009750000201 0.174987644 -0.0441419147
v -0.009250000119 0.1749867946 -0.04456961155
v -0.008750000037 0.1749882102 -0.04385680705
v -0.008249999955 0.1749890745 -0.04342913628
v -0.007750000339 0.174990207 -0.04285889864
v -0.007250000257 0.1749904901 -0.04271633551
v -0.006750000175 0.1749907732 -0.04257377237
v -0.006250000093 0.1749910563 -0.04243122786
v -0.005750000477 0.1749910563 -0.04243122786
v -0.005250000395 0.1749907732 -0.04257377237
v -0.004750000313 0.1749907732 -0.04257377237
v -0.004250000231 0.1749893576 -0.04328657314
v -0.003750000149 0.1749899238 -0.0430014655
v -0.003250000067 0.174990207 -0.04285889864
v -0.002750000218 0.1749907732 -0.04257377237
v -0.002250000136 0.1749913394 -0.04228866473
v -0.001750000054 0.1749916226 -0.04214609787
v -0.001250000088 0.1749919057 -0.04200355709
v -0.0007500000065 0.1749919057 -0.04200355709
v -0.0002500000119 0.1749919057 -0.04200355709
v 0.0002500000119 0.1749913394 -0.04228866473
v 0.0007500000065 0.1749907732 -0.04257377237
v 0.001250000088 0.1749907732 -0.04257377237
v 0.001750000054 0.1749910563 -0.04243122786
v 0.002250000136 0.1749916226 -0.04214609787
v 0.002750000218 0.1749919057 -0.04200355709
v 0.003250000067 0.1749919057 -0.04200355709
v 0.003750000149 0.1749919057 -0.04200355709
v 0.004250000231 0.1749921888 -0.04186099395
v 0.004750000313 0.1749921888 -0.04186099395
v 0.005250000395 0.1749916226 -0.04214609787
v 0.005750000477 0.1749921888 -0.04186099395
v 0.006250000093 0.1749919057 -0.04200355709
v 0.006750000175 0.1749919057 -0.04200355709
v 0.007250000257 0.1749913394 -0.04228866473
v 0.007750000339 0.1749893576 -0.04328657314
v 0.008249999955 0.1749867946 -0.04456961155
v 0.008750000037 0.1749859452 -0.0449972786
v 0.009250000119 0.1749865115 -0.04471215233
v 0.009750000201 0.1749865115 -0.04471215233
v 0.01025000028 0.1749856621 -0.04513982311
v 0.01075000037 0.1749859452 -0.0449972786
v 0.01125000045 0.174985379 -0.04528238624
v 0.01175000053 0.1749850959 -0.04542494938
v 0.01225000061 0.1749850959 -0.04542494938
v 0.01275000069 0.1749848127 -0.04556751624
v 0.01325000077 0.1749842465 -0.04585262388
v 0.01375000086 0.1749839634 -0.04599519074
v 0.01425000094 0.1749833971 -0.04628029466
v 0.01475000102 0.1749825478 -0.04670796543
v 0.0152500011 0.1749822646 -0.04685052857
v 0.01575000025 0.1749816835 -0.04713566229
v 0.01625000127 0.1749814004 -0.04727820307
v 0.01675000042 0.1749814004 -0.04727820307
v 0.01725000143 0.1749808341 -0.04756333306
v 0.01775000058 0.1749808341 -0.04756333306
v 0.01825000159 0.174980551 -0.04770587385
v 0.01875000075 0.1749799848 -0.04799100384
v 0.01925000176 0.1749777198 -0.04913147539
v 0.01975000091 0.1749788523 -0.04856124148
v 0.02025000006 0.1749797016 -0.04813356698
v 0.02075000107 0.1749799848 -0.04799100384
v 0.02125000022 0.1749799848 -0.04799100384
v 0.02175000124 0.1749794185 -0.04827611148
v 0.02225000039 0.1749780029 -0.04898891225
v 0.0227500014 0.1749780029 -0.04898891225
v 0.02325000055 0.1749777198 -0.04913147539
v 0.02375000156 0.1749777198 -0.04913147539
v 0.02425000072 0.1749777198 -0.04913147539
v 0.02475000173 0.1749774367 -0.04927401617
v 0.02525000088 0.1749765873 -0.04970171303
v 0.02575000189 0.1749745905 -0.05069961771
v 0.02625000104 0.1749740243 -0.05098472908
v 0.02675000206 0.1749740243 -0.05098472908
v 0.02725000121 0.1749737412 -0.05112729222
v 0.02775000222 0.1749728918 -0.05155496299
v 0.02825000137 0.1749726087 -0.05169752613
v 0.02875000052 0.17497091 -0.05255287141
v 0.02925000153 0.1749697775 -0.05312310532
v 0.02975000069 0.1749692112 -0.05340821296
v 0.0302500017 0.1749657989 -0.05511891842
v 0.03075000085 0.1749666482 -0.05469124764
v 0.03125 0.1749641001 -0.05597426742
v 0.03275000304 0.1749581397 -0.05896801129
v 0.03375000134 0.1749555916 -0.06025102735
v 0.03425000235 0.1749553084 -0.06039358675
v -0.00800000038 0.1757644564 -0.04357463866
v -0.007500000298 0.1757642329 -0.04371719807
v -0.007000000216 0.1757648736 -0.04328954592
v -0.006500000134 0.1757654995 -0.04286189377
v -0.006000000052 0.1757654995 -0.04286189377
v -0.005500000436 0.1757654995 -0.04286189377
v -0.004500000272 0.1757640243 -0.04385975748
v -0.00400000019 0.175764665 -0.04343210533
v -0.003500000108 0.1757650822 -0.04314698651
v -0.003000000026 0.1757650822 -0.04314698651
v -0.002500000177 0.1757654995 -0.04286189377
v -0.002000000095 0.1757657081 -0.04271933436
v -0.001500000013 0.1757659167 -0.04257677868
v -0.001000000047 0.1757661253 -0.04243424162
v -0.0005000000237 0.1757657081 -0.04271933436
v 0 0.1757652909 -0.04300445318
v 0.0005000000237 0.1757654995 -0.04286189377
v 0.001000000047 0.1757657081 -0.04271933436
v 0.001500000013 0.1757661253 -0.04243424162
v 0.002000000095 0.1757663339 -0.04229168594
v 0.002500000177 0.1757667512 -0.04200658947
v 0.003000000026 0.1757667512 -0.04200658947
v 0.003500000108 0.1757665426 -0.04214912653
v 0.00400000019 0.1757661253 -0.04243424162
v 0.004500000272 0.1757665426 -0.04214912653
v 0.005000000354 0.1757665426 -0.04214912653
v 0.005500000436 0.1757667512 -0.04200658947
v 0.006000000052 0.1757665426 -0.04214912653
v 0.006500000134 0.1757667512 -0.04200658947
v 0.007000000216 0.1757661253 -0.04243424162
v 0.00800000038 0.1757623553 -0.04500017315
v 0.008500000462 0.1757629812 -0.04457252473
v 0.009000000544 0.1757625639 -0.04485761747
v 0.009500000626 0.1757627726 -0.04471505806
v 0.01000000071 0.1757623553 -0.04500017315
v 0.01050000079 0.1757625639 -0.04485761747
v 0.01100000087 0.1757617295 -0.0454278253
v 0.01150000095 0.1757617295 -0.0454278253
v 0.0120000001 0.1757617295 -0.0454278253
v 0.01250000019 0.1757612973 -0.04571292177
v 0.01300000027 0.1757608801 -0.04599803686
v 0.01350000035 0.1757606715 -0.04614057392
v 0.01400000043 0.1757602543 -0.04642568901
v 0.01450000051 0.1757602543 -0.04642568901
v 0.0150000006 0.175759837 -0.04671078175
v 0.01550000068 0.1757592112 -0.04713845626
v 0.01600000076 0.175758794 -0.047423549
v 0.01649999991 0.1757590026 -0.04728098959
v 0.01700000092 0.175758794 -0.047423549
v 0.01750000007 0.1757585853 -0.04756610841
v 0.01800000109 0.1757583618 -0.04770864174
v 0.01850000024 0.1757579446 -0.04799376056
v 0.0195000004 0.1757571101 -0.04856396839
v 0.02000000142 0.1757579446 -0.04799376056
v 0.02050000057 0.1757581532 -0.04785120115
v 0.02100000158 0.1757585853 -0.04756610841
v 0.02150000073 0.1757581532 -0.04785120115
v 0.02200000174 0.1757575274 -0.0482788533
v 0.02250000089 0.1757571101 -0.04856396839
v 0.02300000191 0.1757564843 -0.04899162054
v 0.02350000106 0.1757566929 -0.04884906113
v 0.02400000021 0.1757564843 -0.04899162054
v 0.02450000122 0.1757564843 -0.04899162054
v 0.02500000037 0.1757556498 -0.04956182837
v 0.02550000139 0.1757552177 -0.04984692484
v 0.02600000054 0.1757537574 -0.05084478483
v 0.02650000155 0.1757537574 -0.05084478483
v 0.0270000007 0.175753966 -0.05070224777
v 0.02750000171 0.1757537574 -0.05084478483
v 0.02800000086 0.1757531315 -0.05127243698
v 0.02850000188 0.1757525057 -0.05170011148
v 0.02900000103 0.1757516563 -0.05227031931
v 0.02950000204 0.1757510304 -0.05269797146
v 0.03050000221 0.1757483035 -0.05455113947
v 0.03100000136 0.1757483035 -0.05455113947
v 0.03150000051 0.1757468432 -0.05554899573
v 0.03299999982 0.1757424325 -0.05854257941
v 0.03550000116 0.1757372022 -0.06210637838
v -0.006750000175 0.176539436 -0.04429033399
v -0.006250000093 0.1765395701 -0.04414778203
v -0.005750000477 0.1765399724 -0.04372015595
v -0.004750000313 0.1765391678 -0.0445754379
v -0.004250000231 0.1765397042 -0.04400525615
v -0.003750000149 0.1765399724 -0.04372015595
v -0.003250000067 0.1765402555 -0.04343507439
v -0.002750000218 0.1765402555 -0.04343507439
v -0.002250000136 0.1765401214 -0.04357760027
v -0.001750000054 0.1765402555 -0.04343507439
v -0.001250000088 0.1765403897 -0.04329252243
v -0.0007500000065 0.176539436 -0.04429033399
v -0.0002500000119 0.1765401214 -0.04357760027
v 0.0002500000119 0.1765403897 -0.04329252243
v 0.0007500000065 0.1765406579 -0.04300744087
v 0.001250000088 0.1765410602 -0.04257978499
v 0.001750000054 0.1765411943 -0.04243725538
v 0.002250000136 0.1765413284 -0.04229470342
v 0.002750000218 0.1765413284 -0.04229470342
v 0.003250000067 0.1765413284 -0.04229470342
v 0.003750000149 0.1765411943 -0.04243725538
v 0.004250000231 0.1765414625 -0.04215215519
v 0.004750000313 0.1765414625 -0.04215215519
v 0.005250000395 0.1765413284 -0.04229470342
v 0.005750000477 0.1765413284 -0.04229470342
v 0.006250000093 0.1765413284 -0.04229470342
v 0.006750000175 0.1765406579 -0.04300744087
v 0.007750000339 0.1765386164 -0.04514560103
v 0.008249999955 0.1765388995 -0.04486051947
v 0.008750000037 0.1765388995 -0.04486051947
v 0.009250000119 0.1765388995 -0.04486051947
v 0.009750000201 0.1765386164 -0.04514560103
v 0.01025000028 0.1765384823 -0.04528815299
v 0.01075000037 0.1765382141 -0.04557325691
v 0.01125000045 0.1765382141 -0.04557325691
v 0.01175000053 0.1765382141 -0.04557325691
v 0.01225000061 0.1765382141 -0.04557325691
v 0.01275000069 0.1765378118 -0.04600088671
v 0.01325000077 0.1765376776 -0.04614341259
v 0.01375000086 0.1765374094 -0.04642851651
v 0.01425000094 0.1765374094 -0.04642851651
v 0.01475000102 0.1765368581 -0.04699870199
v 0.0152500011 0.1765369922 -0.04685615003
v 0.01575000025 0.176536724 -0.04714125395
v 0.01625000127 0.1765365899 -0.04728377983
v 0.01675000042 0.1765364558 -0.04742633179
v 0.01725000143 0.1765365899 -0.04728377983
v 0.01775000058 0.1765361875 -0.04771140963
v 0.01825000159 0.1765360534 -0.04785396159
v 0.01875000075 0.1765357703 -0.0481390655
v 0.01925000176 0.1765360534 -0.04785396159
v 0.01975000091 0.1765361875 -0.04771140963
v 0.02025000006 0.1765361875 -0.04771140963
v 0.02075000107 0.1765364558 -0.04742633179
v 0.02125000022 0.1765363216 -0.04756888375
v 0.02175000124 0.1765360534 -0.04785396159
v 0.02225000039 0.176535368 -0.04856669903
v 0.0227500014 0.1765356362 -0.04828159511
v 0.02325000055 0.176535368 -0.04856669903
v 0.02375000156 0.1765355021 -0.04842414707
v 0.02425000072 0.1765352339 -0.04870922863
v 0.02475000173 0.1765350997 -0.04885178059
v 0.02525000088 0.1765342802 -0.04970706254
v 0.02575000189 0.1765336096 -0.05041977763
v 0.02625000104 0.1765333414 -0.05070488155
v 0.02675000206 0.1765333414 -0.05070488155
v 0.02725000121 0.1765333414 -0.05070488155
v 0.02775000222 0.1765330732 -0.05098996311
v 0.02825000137 0.176532656 -0.05141758919
v 0.02875000052 0.1765319854 -0.05213032663
v 0.02925000153 0.1765317172 -0.05241540819
v 0.02975000069 0.1765311658 -0.05298558995
v 0.0302500017 0.1765299439 -0.05426850915
v 0.03075000085 0.1765300781 -0.05412595719
v 0.03125 0.1765296757 -0.05455358699
v 0.03175000101 0.1765290052 -0.05526632071
v 0.03225000203 0.1765283197 -0.05597903579
v 0.03325000033 0.1765266955 -0.05768958479
v 0.03375000134 0.1765262932 -0.05811721459
v -0.00400000019 0.1773154289 -0.0444358103
v -0.003500000108 0.1773155481 -0.04415071756
v -0.003000000026 0.1773156077 -0.04400819913
v -0.002500000177 0.1773156673 -0.04386565089
v -0.002000000095 0.1773156673 -0.04386565089
v -0.001500000013 0.1773156077 -0.04400819913
v -0.001000000047 0.1773155481 -0.04415071756
v -0.0005000000237 0.1773155481 -0.04415071756
v 0 0.1773156673 -0.04386565089
v 0.0005000000237 0.1773159206 -0.04329549894
v 0.001000000047 0.1773160994 -0.04286788404
v 0.001500000013 0.177316159 -0.04272533953
v 0.002000000095 0.177316159 -0.04272533953
v 0.002500000177 0.1773162186 -0.04258279502
v 0.003000000026 0.1773162782 -0.04244027287
v 0.003500000108 0.1773162782 -0.04244027287
v 0.00400000019 0.1773164123 -0.04215518385
v 0.004500000272 0.1773164719 -0.0420126617
v 0.005000000354 0.1773164123 -0.04215518385
v 0.005500000436 0.1773162782 -0.04244027287
v 0.006000000052 0.177316159 -0.04272533953
v 0.007000000216 0.1773149967 -0.04543357715
v 0.007500000298 0.1773151755 -0.04500596598
v 0.00800000038 0.1773151755 -0.04500596598
v 0.008500000462 0.1773152351 -0.04486342147
v 0.009000000544 0.1773151755 -0.04500596598
v 0.009500000626 0.1773150563 -0.04529103264
v 0.01000000071 0.1773150563 -0.04529103264
v 0.01050000079 0.1773149371 -0.04557612538
v 0.01100000087 0.1773149371 -0.04557612538
v 0.01150000095 0.1773149371 -0.04557612538
v 0.0120000001 0.1773148775 -0.04571864381
v 0.01250000019 0.1773146838 -0.04614625499
v 0.01300000027 0.1773146242 -0.04628880322
v 0.01350000035 0.1773146242 -0.04628880322
v 0.01400000043 0.177314505 -0.04657389224
v 0.01450000051 0.1773143113 -0.04700150341
v 0.0150000006 0.1773143113 -0.04700150341
v 0.01550000068 0.1773143113 -0.04700150341
v 0.01600000076 0.1773141921 -0.04728657007
v 0.01649999991 0.1773140728 -0.04757165909
v 0.01700000092 0.1773141325 -0.04742911458
v 0.01750000007 0.1773140728 -0.04757165909
v 0.01800000109 0.1773139536 -0.04785672575
v 0.01850000024 0.177313894 -0.04799927026
v 0.01900000125 0.1773139536 -0.04785672575
v 0.0195000004 0.1773140728 -0.04757165909
v 0.02000000142 0.1773141325 -0.04742911458
v 0.02050000057 0.1773141325 -0.04742911458
v 0.02100000158 0.1773141325 -0.04742911458
v 0.02150000073 0.1773139536 -0.04785672575
v 0.02200000174 0.177313894 -0.04799927026
v 0.02250000089 0.1773137003 -0.04842688143
v 0.02300000191 0.177313894 -0.04799927026
v 0.02350000106 0.1773138195 -0.04814181849
v 0.02400000021 0.1773137599 -0.04828434065
v 0.02450000122 0.1773137599 -0.04828434065
v 0.02500000037 0.1773132682 -0.04942465201
v 0.02550000139 0.1773129106 -0.05027987435
v 0.02600000054 0.1773129106 -0.05027987435
v 0.02650000155 0.1773127764 -0.05056496337
v 0.0270000007 0.1773127764 -0.05056496337
v 0.02750000171 0.1773126572 -0.05085003376
v 0.02800000086 0.177312538 -0.05113512278
v 0.02850000188 0.1773123443 -0.05156273395
v 0.02900000103 0.1773119867 -0.05241795629
v 0.02950000204 0.1773117334 -0.0529881157
v 0.03000000119 0.1773112416 -0.05412842706
v 0.03050000221 0.1773113608 -0.05384336039
v 0.03100000136 0.1773112416 -0.05412842706
v 0.03150000051 0.1773110628 -0.05455603823
v 0.03200000152 0.1773108095 -0.05512619764
v 0.03250000253 0.177310437 -0.05598141998
v 0.03299999982 0.1773097068 -0.05769189075
v 0.03350000083 0.177309826 -0.05740682036
v 0.03400000185 0.1773097068 -0.05769189075
v 0.03550000116 0.1773079783 -0.06168296188
v 0.03600000218 0.177308172 -0.06125535071
v -0.003750000149 0.1780916303 -0.04557899386
v -0.003250000067 0.1780915558 -0.04472378269
v -0.002750000218 0.1780915409 -0.04443873093
v -0.002250000136 0.1780915409 -0.04443873093
v -0.001750000054 0.1780915409 -0.04458126798
v -0.001250000088 0.1780915409 -0.04443873093
v -0.0007500000065 0.1780915409 -0.04443873093
v -0.0002500000119 0.1780915111 -0.04415365309
v 0.0002500000119 0.1780914664 -0.04372606426
v 0.0007500000065 0.1780914515 -0.04344100878
v 0.001250000088 0.1780914217 -0.04315593094
v 0.001750000054 0.1780914515 -0.04344100878
v 0.002250000136 0.1780914366 -0.04329847172
v 0.002750000218 0.1780914068 -0.04301341623
v 0.003250000067 0.178091377 -0.04272833839
v 0.003750000149 0.1780913472 -0.04230074584
v 0.004250000231 0.1780913472 -0.04230074584
v 0.004750000313 0.1780913472 -0.04230074584
v 0.005250000395 0.1780913621 -0.04244328663
v 0.005750000477 0.1780914068 -0.04301341623
v 0.006750000175 0.1780916452 -0.04572150856
v 0.007250000257 0.1780916154 -0.04529391602
v 0.007750000339 0.1780916154 -0.04529391602
v 0.008249999955 0.1780916154 -0.04543645307
v 0.008750000037 0.1780916154 -0.04543645307
v 0.009250000119 0.1780916303 -0.04557899386
v 0.009750000201 0.1780916154 -0.04543645307
v 0.01025000028 0.1780916452 -0.04572150856
v 0.01075000037 0.1780916601 -0.04586404189
v 0.01125000045 0.1780916601 -0.04586404189
v 0.01175000053 0.1780916601 -0.04586404189
v 0.01225000061 0.1780917048 -0.04629163817
v 0.01275000069 0.1780917197 -0.04657671228
v 0.01325000077 0.1780917197 -0.04657671228
v 0.01375000086 0.1780917197 -0.04657671228
v 0.01425000094 0.1780917645 -0.04700430483
v 0.01475000102 0.1780917794 -0.04728935659
v 0.0152500011 0.1780917794 -0.04728935659
v 0.01575000025 0.1780917794 -0.04728935659
v 0.01625000127 0.1780918241 -0.04771694914
v 0.01675000042 0.1780918092 -0.04757443443
v 0.01725000143 0.1780917943 -0.04743189737
v 0.01775000058 0.1780918837 -0.04842961952
v 0.01825000159 0.1780918539 -0.04800202698
v 0.01875000075 0.178091839 -0.04785948992
v 0.01925000176 0.178091839 -0.04785948992
v 0.01975000091 0.1780918092 -0.04757443443
v 0.02025000006 0.1780917943 -0.04743189737
v 0.02075000107 0.1780918092 -0.04757443443
v 0.02125000022 0.1780918241 -0.04771694914
v 0.02175000124 0.1780918539 -0.04800202698
v 0.02225000039 0.1780918539 -0.04800202698
v 0.0227500014 0.1780918539 -0.04800202698
v 0.02325000055 0.178091839 -0.04785948992
v 0.02375000156 0.1780918539 -0.04800202698
v 0.02425000072 0.1780918837 -0.04842961952
v 0.02475000173 0.1780918688 -0.04828708246
v 0.02525000088 0.1780919582 -0.04928480461
v 0.02575000189 0.1780920476 -0.05028252676
v 0.02625000104 0.1780920476 -0.05028252676
v 0.02675000206 0.1780920476 -0.05028252676
v 0.02725000121 0.1780920774 -0.05056760088
v 0.02775000222 0.1780921072 -0.05099519342
v 0.02825000137 0.178092137 -0.05128024891
v 0.02875000052 0.1780921966 -0.05185037851
v 0.02925000153 0.178092286 -0.05299063772
v 0.02975000069 0.1780924052 -0.05427343771
v 0.0302500017 0.1780923605 -0.05384584516
v 0.03075000085 0.1780923754 -0.05398835987
v 0.03125 0.1780924052 -0.05427343771
v 0.03175000101 0.1780924648 -0.05498608202
v 0.03225000203 0.1780925393 -0.05584128946
v 0.03275000304 0.1780927032 -0.0576941967
v 0.03325000033 0.1780926734 -0.05726660416
v 0.03375000134 0.1780926734 -0.05726660416
v 0.03425000235 0.1780927628 -0.05826432258
v 0.03475000337 0.1780928075 -0.05883445591
v 0.03575000167 0.1780930161 -0.06111495197
v -0.001000000047 0.1788682491 -0.045439329
v -0.0005000000237 0.1788676381 -0.04444165155
v 0 0.1788675636 -0.04429912195
v 0.0005000000237 0.1788673848 -0.04401408136
v 0.001000000047 0.1788673848 -0.04401408136
v 0.001500000013 0.1788672954 -0.04387154803
v 0.002000000095 0.178867206 -0.04372901842
v 0.002500000177 0.1788670421 -0.04344397783
v 0.003000000026 0.1788667738 -0.04301640391
v 0.003500000108 0.1788664311 -0.04244630039
v 0.00400000019 0.1788664311 -0.04244630039
v 0.004500000272 0.1788666844 -0.04287387431
v 0.005000000354 0.1788666099 -0.04273134097
v 0.006500000134 0.1788685918 -0.04600943252
v 0.007000000216 0.1788685173 -0.04586689919
v 0.007500000298 0.1788685173 -0.04586689919
v 0.00800000038 0.1788685173 -0.04586689919
v 0.008500000462 0.1788684279 -0.04572436959
v 0.009000000544 0.1788685918 -0.04600943252
v 0.009500000626 0.1788686812 -0.04615193978
v 0.01000000071 0.1788685918 -0.04600943252
v 0.01050000079 0.1788687706 -0.04629447311
v 0.01100000087 0.1788685918 -0.04600943252
v 0.01150000095 0.1788687706 -0.04629447311
v 0.0120000001 0.1788690388 -0.04672204703
v 0.01250000019 0.1788692027 -0.04700710624
v 0.01300000027 0.1788692921 -0.04714963958
v 0.01350000035 0.1788692921 -0.04714963958
v 0.01400000043 0.178869471 -0.04743468016
v 0.01450000051 0.178869471 -0.04743468016
v 0.01550000068 0.1788697243 -0.04786225036
v 0.01649999991 0.1788698137 -0.04800478369
v 0.01700000092 0.1788695455 -0.04757720977
v 0.01750000007 0.1788698137 -0.04800478369
v 0.01800000109 0.1788697243 -0.04786225036
v 0.01850000024 0.1788698137 -0.04800478369
v 0.01900000125 0.1788697243 -0.04786225036
v 0.0195000004 0.1788697243 -0.04786225036
v 0.02000000142 0.1788695455 -0.04757720977
v 0.02050000057 0.1788696349 -0.04771972075
v 0.02100000158 0.1788697243 -0.04786225036
v 0.02150000073 0.1788699031 -0.04814731702
v 0.02200000174 0.1788698137 -0.04800478369
v 0.02250000089 0.1788698137 -0.04800478369
v 0.02300000191 0.1788697243 -0.04786225036
v 0.02350000106 0.1788697243 -0.04786225036
v 0.02400000021 0.178870067 -0.04843235388
v 0.02450000122 0.178870067 -0.04843235388
v 0.02500000037 0.1788703352 -0.0488599278
v 0.02550000139 0.1788709462 -0.04985760525
v 0.02600000054 0.1788711995 -0.05028517544
v 0.02650000155 0.1788711101 -0.05014266446
v 0.0270000007 0.1788710207 -0.05000013486
v 0.02750000171 0.1788713783 -0.05057023838
v 0.02800000086 0.1788716316 -0.0509978123
v 0.02850000188 0.1788718998 -0.05142538249
v 0.02900000103 0.1788721532 -0.05185295641
v 0.02950000204 0.178872928 -0.05313569307
v 0.03000000119 0.1788731962 -0.05356326699
v 0.03050000221 0.1788731962 -0.05356326699
v 0.03100000136 0.178873539 -0.05413337052
v 0.03150000051 0.1788738072 -0.05456094071
v 0.03299999982 0.1788754463 -0.05726892874
v 0.03350000083 0.1788754463 -0.05726892874
v 0.03400000185 0.178875789 -0.05783903226
v 0.03450000286 0.1788766682 -0.0592642799
v 0.03550000116 0.1788779646 -0.0614021644
v 0.03600000218 0.1788776964 -0.06097459048
v -0.0007500000065 0.1796450466 -0.0455847308
v -0.0002500000119 0.1796447188 -0.04529967904
v 0.0002500000119 0.179644078 -0.04472960159
v 0.0007500000065 0.1796439141 -0.04458709806
v 0.001250000088 0.1796434373 -0.04415952414
v 0.001750000054 0.1796432734 -0.04401702434
v 0.002250000136 0.1796429455 -0.04373197258
v 0.002750000218 0.1796424687 -0.04330442101
v 0.003250000067 0.1796423048 -0.04316189513
v 0.003750000149 0.1796419919 -0.04287686571
v 0.004250000231 0.1796427965 -0.04358944669
v 0.006250000093 0.179646492 -0.04686738551
v 0.006750000175 0.1796458513 -0.04629730806
v 0.007250000257 0.1796461642 -0.0465823561
v 0.007750000339 0.1796458513 -0.04629730806
v 0.008249999955 0.1796460003 -0.04643983394
v 0.008750000037 0.1796458513 -0.04629730806
v 0.009250000119 0.1796461642 -0.0465823561
v 0.009750000201 0.1796461642 -0.0465823561
v 0.01025000028 0.1796469688 -0.04729493707
v 0.01075000037 0.179646492 -0.04686738551
v 0.01125000045 0.1796469688 -0.04729493707
v 0.01175000053 0.1796469688 -0.04729493707
v 0.01225000061 0.1796472967 -0.04757998884
v 0.01275000069 0.1796469688 -0.04729493707
v 0.01375000086 0.1796477735 -0.0480075404
v 0.0152500011 0.1796482503 -0.04843509197
v 0.01675000042 0.1796479374 -0.04815006629
v 0.01725000143 0.1796481013 -0.04829256982
v 0.01775000058 0.1796476096 -0.04786501452
v 0.01825000159 0.1796472967 -0.04757998884
v 0.01875000075 0.1796476096 -0.04786501452
v 0.01925000176 0.1796476096 -0.04786501452
v 0.01975000091 0.1796472967 -0.04757998884
v 0.02025000006 0.1796474457 -0.04772248864
v 0.02075000107 0.1796482503 -0.04843509197
v 0.02125000022 0.1796479374 -0.04815006629
v 0.02175000124 0.1796479374 -0.04815006629
v 0.02225000039 0.1796479374 -0.04815006629
v 0.0227500014 0.1796477735 -0.0480075404
v 0.02325000055 0.1796479374 -0.04815006629
v 0.02375000156 0.1796481013 -0.04829256982
v 0.02425000072 0.1796484143 -0.04857761785
v 0.02475000173 0.179648906 -0.04900516942
v 0.02525000088 0.1796501875 -0.05014532059
v 0.02575000189 0.1796501875 -0.05014532059
v 0.02625000104 0.1796500236 -0.05000279844
v 0.02675000206 0.1796498597 -0.04986027256
v 0.02725000121 0.1796501875 -0.05014532059
v 0.02775000222 0.1796506643 -0.05057287589
v 0.02825000137 0.1796511561 -0.05100042745
v 0.02875000052 0.1796517968 -0.0515705049
v 0.02925000153 0.1796522737 -0.05199805647
v 0.02975000069 0.179653883 -0.05342323706
v 0.0302500017 0.1796537191 -0.05328073725
v 0.03075000085 0.1796540469 -0.05356576294
v 0.03125 0.1796548516 -0.05427836627
v 0.03175000101 0.1796553284 -0.05470591784
v 0.03275000304 0.1796575785 -0.05670117587
v 0.03325000033 0.1796579063 -0.05698620528
v 0.03375000134 0.1796580702 -0.05712872744
v 0.03425000235 0.1796593517 -0.05826888233
v 0.03575000167 0.1796617657 -0.06040666625
v 0.03625000268 0.1796627343 -0.06126177311
v 0.001000000047 0.1804203391 -0.04473251104
v 0.001500000013 0.1804196239 -0.0443049781
v 0.002000000095 0.1804191619 -0.04401996359
v 0.002500000177 0.1804189235 -0.04387744516
v 0.003000000026 0.1804189235 -0.04387744516
v 0.003500000108 0.1804205626 -0.04487502947
v 0.005500000436 0.1804257333 -0.04801029712
v 0.006500000134 0.1804254949 -0.04786777496
v 0.007000000216 0.180425033 -0.04758276418
v 0.007500000298 0.1804240942 -0.04701271281
v 0.00800000038 0.1804243326 -0.04715523124
v 0.008500000462 0.1804245561 -0.04729772732
v 0.009000000544 0.1804245561 -0.04729772732
v 0.009500000626 0.1804243326 -0.04715523124
v 0.01000000071 0.1804254949 -0.04786777496
v 0.01050000079 0.1804252714 -0.04772525653
v 0.01100000087 0.1804252714 -0.04772525653
v 0.01150000095 0.1804264486 -0.04843782634
v 0.0120000001 0.180425033 -0.04758276418
v 0.01250000019 0.1804257333 -0.04801029712
v 0.01350000035 0.1804264486 -0.04843782634
v 0.01400000043 0.1804257333 -0.04801029712
v 0.01450000051 0.1804264486 -0.04843782634
v 0.01550000068 0.1804259717 -0.04815281555
v 0.01700000092 0.1804262102 -0.04829531163
v 0.01750000007 0.1804257333 -0.04801029712
v 0.01800000109 0.180425033 -0.04758276418
v 0.01850000024 0.180425033 -0.04758276418
v 0.01900000125 0.1804254949 -0.04786777496
v 0.0195000004 0.1804252714 -0.04772525653
v 0.02000000142 0.1804254949 -0.04786777496
v 0.02050000057 0.1804266721 -0.04858034849
v 0.02100000158 0.1804264486 -0.04843782634
v 0.02150000073 0.1804259717 -0.04815281555
v 0.02200000174 0.1804259717 -0.04815281555
v 0.02250000089 0.1804264486 -0.04843782634
v 0.02300000191 0.1804264486 -0.04843782634
v 0.02350000106 0.1804264486 -0.04843782634
v 0.02400000021 0.1804273874 -0.04900787771
v 0.02450000122 0.1804280877 -0.04943541065
v 0.02500000037 0.1804292649 -0.05014798045
v 0.02550000139 0.1804292649 -0.05014798045
v 0.02600000054 0.1804292649 -0.05014798045
v 0.02650000155 0.1804287881 -0.04986294359
v 0.0270000007 0.1804294884 -0.05029047653
v 0.02750000171 0.1804299653 -0.05057551339
v 0.02800000086 0.180430904 -0.05114556104
v 0.02850000188 0.1804311424 -0.05128806084
v 0.02900000103 0.1804320812 -0.05185810849
v 0.02950000204 0.180435136 -0.05371078104
v 0.03000000119 0.1804341972 -0.05314072967
v 0.03050000221 0.1804344356 -0.0532832481
v 0.03100000136 0.1804348975 -0.05356826261
v 0.03150000051 0.1804363132 -0.05442332476
v 0.03250000253 0.1804403067 -0.05684604496
v 0.03299999982 0.1804395914 -0.05641851574
v 0.03350000083 0.1804400682 -0.05670353025
v 0.03400000185 0.1804407686 -0.05713105947
v 0.03450000286 0.1804417074 -0.05770111084
v 0.03550000116 0.1804459393 -0.06026632711
v 0.03600000218 0.1804454774 -0.05998131633
v 0.03650000319 0.1804473549 -0.061121393
v 0.03950000182 0.1804607362 -0.06924459338
v 0.001750000054 0.1811962873 -0.04459292814
v 0.002250000136 0.1811959743 -0.04445041716
v 0.002750000218 0.1811953634 -0.0441653952
v 0.003250000067 0.1811965853 -0.04473541677
v 0.007250000257 0.1812036932 -0.04801305011
v 0.007750000339 0.181204319 -0.04829805344
v 0.008249999955 0.1812036932 -0.04801305011
v 0.008750000037 0.1812036932 -0.04801305011
v 0.009250000119 0.1812033951 -0.04787053913
v 0.009750000201 0.1812033951 -0.04787053913
v 0.01125000045 0.1812055558 -0.04886807501
v 0.01175000053 0.181204319 -0.04829805344
v 0.01325000077 0.1812058687 -0.04901058972
v 0.01425000094 0.1812064797 -0.04929558933
v 0.01625000127 0.1812058687 -0.04901058972
v 0.01675000042 0.1812046319 -0.04844056442
v 0.01725000143 0.1812036932 -0.04801305011
v 0.01775000058 0.1812036932 -0.04801305011
v 0.01825000159 0.1812030822 -0.04772802815
v 0.01875000075 0.1812033951 -0.04787053913
v 0.01925000176 0.1812033951 -0.04787053913
v 0.01975000091 0.1812058687 -0.04901058972
v 0.02025000006 0.1812049299 -0.0485830754
v 0.02075000107 0.1812046319 -0.04844056442
v 0.02125000022 0.1812040061 -0.04815556481
v 0.02175000124 0.1812036932 -0.04801305011
v 0.02225000039 0.181204319 -0.04829805344
v 0.0227500014 0.1812049299 -0.0485830754
v 0.02325000055 0.1812052429 -0.04872556403
v 0.02375000156 0.1812074035 -0.04972312227
v 0.02425000072 0.1812074035 -0.04972312227
v 0.02475000173 0.1812077165 -0.04986561462
v 0.02525000088 0.1812083423 -0.05015063658
v 0.02575000189 0.1812083423 -0.05015063658
v 0.02625000104 0.1812083423 -0.05015063658
v 0.02675000206 0.1812086403 -0.05029312521
v 0.02725000121 0.1812095642 -0.05072066188
v 0.02775000222 0.181210503 -0.05114817247
v 0.02825000137 0.1812111139 -0.05143317208
v 0.02875000052 0.1812129766 -0.05228821933
v 0.02975000069 0.1812154353 -0.05342824757
v 0.0302500017 0.1812148243 -0.05314324796
v 0.03075000085 0.1812157482 -0.05357075855
v 0.03125 0.181216985 -0.05414078385
v 0.03175000101 0.1812185347 -0.05485332012
v 0.03275000304 0.1812216192 -0.0562783666
v 0.03325000033 0.1812213212 -0.05613585562
v 0.03375000134 0.181222856 -0.05684839189
v 0.03425000235 0.1812237799 -0.05727590621
v 0.03475000337 0.1812253296 -0.05798842013
v 0.03525000066 0.1812318265 -0.06098105013
v 0.03575000167 0.181229353 -0.05984099954
v 0.03625000268 0.181229651 -0.05998351425
v 0.037750002 0.1812383085 -0.06397365779
v 0.03925000131 0.1812494397 -0.06910385191
v 0.03975000232 0.1812488139 -0.06881882995
v 0.04025000334 0.1812509745 -0.06981636584
v 0.009000000544 0.1819847226 -0.04915580526
v 0.01150000095 0.1819866449 -0.04986828193
v 0.0120000001 0.18198587 -0.0495832935
v 0.01400000043 0.18198587 -0.0495832935
v 0.01600000076 0.1819843501 -0.049013298
v 0.01649999991 0.1819835752 -0.04872828722
v 0.01700000092 0.1819824278 -0.04830079526
v 0.01750000007 0.1819816679 -0.04801580682
v 0.01800000109 0.1819816679 -0.04801580682
v 0.01850000024 0.1819824278 -0.04830079526
v 0.01900000125 0.1819828153 -0.04844329879
v 0.0195000004 0.1819828153 -0.04844329879
v 0.02000000142 0.1819839627 -0.04887079075
v 0.02050000057 0.1819828153 -0.04844329879
v 0.02100000158 0.1819820404 -0.04815831408
v 0.02150000073 0.1819820404 -0.04815831408
v 0.02200000174 0.1819824278 -0.04830079526
v 0.02250000089 0.1819835752 -0.04872828722
v 0.02300000191 0.1819835752 -0.04872828722
v 0.02350000106 0.1819847226 -0.04915580526
v 0.02400000021 0.1819862574 -0.04972580075
v 0.02450000122 0.1819862574 -0.04972580075
v 0.02500000037 0.1819866449 -0.04986828193
v 0.02550000139 0.1819866449 -0.04986828193
v 0.02600000054 0.1819877923 -0.05029577762
v 0.02650000155 0.1819889396 -0.05072329193
v 0.0270000007 0.1819904745 -0.05129326507
v 0.02750000171 0.1819904745 -0.05129326507
v 0.02800000086 0.1819927692 -0.05214827508
v 0.02850000188 0.1819946915 -0.05286075547
v 0.02900000103 0.1819950789 -0.053003259
v 0.03000000119 0.1819962263 -0.05343075097
v 0.03050000221 0.1819965988 -0.05357325822
v 0.03100000136 0.1819989085 -0.05442824215
v 0.03150000051 0.1819996685 -0.05471324921
v 0.03250000253 0.1820034981 -0.05613823608
v 0.03299999982 0.1820031106 -0.05599572882
v 0.03350000083 0.1820042729 -0.05642324686
v 0.03400000185 0.1820073277 -0.05756321549
v 0.03450000286 0.1820088625 -0.05813321471
v 0.03550000116 0.182013467 -0.05984320864
v 0.03600000218 0.182013467 -0.05984320864
v 0.03650000319 0.1820157617 -0.06069819257
v 0.03700000048 0.1820172966 -0.06126818806
v 0.0380000025 0.1820230335 -0.06340567768
v 0.03950000182 0.1820383668 -0.0691056326
v 0.04000000283 0.1820379794 -0.06896312535
v 0.04050000012 0.1820395142 -0.06953312457
v 0.01375000086 0.1827660203 -0.05001344904
v 0.01425000094 0.1827655733 -0.04987095296
v 0.01475000102 0.1827651113 -0.04972847551
v 0.0152500011 0.1827646494 -0.04958597943
v 0.01575000025 0.1827628314 -0.04901601002
v 0.01625000127 0.1827619076 -0.04873101041
v 0.01675000042 0.1827609986 -0.04844603688
v 0.01725000143 0.1827596277 -0.04801856354
v 0.01775000058 0.1827600747 -0.04816106334
v 0.01825000159 0.1827628314 -0.04901601002
v 0.01875000075 0.1827623695 -0.04887351021
v 0.01925000176 0.1827619076 -0.04873101041
v 0.01975000091 0.1827619076 -0.04873101041
v 0.02025000006 0.1827623695 -0.04887351021
v 0.02075000107 0.1827609986 -0.04844603688
v 0.02125000022 0.1827609986 -0.04844603688
v 0.02175000124 0.1827614605 -0.04858853668
v 0.02225000039 0.1827619076 -0.04873101041
v 0.0227500014 0.1827628314 -0.04901601002
v 0.02325000055 0.1827632785 -0.0491585061
v 0.02375000156 0.1827655733 -0.04987095296
v 0.02425000072 0.1827655733 -0.04987095296
v 0.02475000173 0.1827655733 -0.04987095296
v 0.02525000088 0.1827660203 -0.05001344904
v 0.02575000189 0.1827664822 -0.05015594885
v 0.02625000104 0.1827683151 -0.05072592199
v 0.02675000206 0.1827701479 -0.05129586905
v 0.02725000121 0.1827701479 -0.05129586905
v 0.02775000222 0.1827701479 -0.05129586905
v 0.02825000137 0.1827765405 -0.05329078063
v 0.02875000052 0.1827756315 -0.05300578102
v 0.02925000153 0.1827765405 -0.05329078063
v 0.02975000069 0.1827774495 -0.05357575417
v 0.0302500017 0.1827792823 -0.05414572358
v 0.03175000101 0.1827865988 -0.05642560869
v 0.03225000203 0.1827856898 -0.05614061281
v 0.03275000304 0.1827852279 -0.05599811673
v 0.03325000033 0.1827865988 -0.05642560869
v 0.03375000134 0.1827884316 -0.05699555576
v 0.03425000235 0.1827911735 -0.05785052478
v 0.03525000066 0.182798028 -0.05998791009
v 0.03575000167 0.1827966571 -0.05956041813
v 0.03625000268 0.1827984899 -0.06013038754
v 0.037750002 0.1828090101 -0.06340771914
v 0.03975000232 0.1828272939 -0.06910740584
v 0.04025000334 0.1828282028 -0.0693923831
v 0.04375000298 0.1828350723 -0.07152976841
v 0.04525000229 0.1828355193 -0.07167226076
v 0.0462500006 0.1828368902 -0.07209973782
v 0.04975000396 0.1828474104 -0.07537706196
v 0.01300000027 0.1835482121 -0.05087102205
v 0.01350000035 0.1835476756 -0.05072855204
v 0.01400000043 0.1835460812 -0.05030107498
v 0.01450000051 0.1835445017 -0.049873624
v 0.0150000006 0.1835439652 -0.04973115399
v 0.01550000068 0.1835423708 -0.04930367693
v 0.01600000076 0.1835413128 -0.0490187183
v 0.01649999991 0.1835407764 -0.04887622595
v 0.01700000092 0.1835397184 -0.04859126359
v 0.01750000007 0.1835397184 -0.04859126359
v 0.01800000109 0.1835397184 -0.04859126359
v 0.01850000024 0.1835418344 -0.04916121066
v 0.01900000125 0.1835407764 -0.04887622595
v 0.0195000004 0.1835407764 -0.04887622595
v 0.02000000142 0.1835407764 -0.04887622595
v 0.02050000057 0.1835402399 -0.04873373359
v 0.02100000158 0.1835413128 -0.0490187183
v 0.02150000073 0.1835407764 -0.04887622595
v 0.02200000174 0.1835418344 -0.04916121066
v 0.02250000089 0.1835423708 -0.04930367693
v 0.02350000106 0.1835460812 -0.05030107498
v 0.02400000021 0.1835450232 -0.05001611263
v 0.02450000122 0.1835450232 -0.05001611263
v 0.02500000037 0.1835450232 -0.05001611263
v 0.02550000139 0.1835455596 -0.05015860498
v 0.02600000054 0.1835471541 -0.05058605969
v 0.02650000155 0.1835487485 -0.0510135144
v 0.0270000007 0.1835498065 -0.05129847303
v 0.02750000171 0.1835503429 -0.05144096538
v 0.02850000188 0.1835561842 -0.05300830677
v 0.02900000103 0.1835567206 -0.05315079913
v 0.02950000204 0.1835567206 -0.05315079913
v 0.03000000119 0.1835599095 -0.05400570482
v 0.03050000221 0.1835615039 -0.05443315953
v 0.03150000051 0.1835699975 -0.05671293661
v 0.03200000152 0.1835673451 -0.05600050092
v 0.03250000253 0.1835684031 -0.0562854819
v 0.03299999982 0.1835694611 -0.05657044426
v 0.03550000116 0.1835811585 -0.05970512703
v 0.03950000182 0.1836146265 -0.06868173182
v 0.04000000283 0.1836146265 -0.06868173182
v 0.04050000012 0.183614105 -0.06853923202
v 0.04200000316 0.1836199462 -0.07010658085
v 0.04350000247 0.1836241931 -0.07124646753
v 0.04400000349 0.1836241931 -0.07124646753
v 0.04500000179 0.1836263239 -0.07181640714
v 0.01275000069 0.1843294799 -0.05130107701
v 0.01325000077 0.184327051 -0.0507311821
v 0.01375000086 0.1843252331 -0.05030372739
v 0.01425000094 0.1843252331 -0.05030372739
v 0.01475000102 0.1843228191 -0.04973382875
v 0.0152500011 0.1843222082 -0.04959134385
v 0.01575000025 0.1843222082 -0.04959134385
v 0.01725000143 0.1843222082 -0.04959134385
v 0.01775000058 0.1843203902 -0.04916391149
v 0.01825000159 0.1843203902 -0.04916391149
v 0.01875000075 0.1843203902 -0.04916391149
v 0.01925000176 0.1843197942 -0.04902142659
v 0.01975000091 0.1843203902 -0.04916391149
v 0.02025000006 0.1843197942 -0.04902142659
v 0.02075000107 0.1843222082 -0.04959134385
v 0.02125000022 0.1843215972 -0.04944885895
v 0.02325000055 0.184327051 -0.0507311821
v 0.02375000156 0.1843252331 -0.05030372739
v 0.02425000072 0.1843246371 -0.05016126111
v 0.02475000173 0.1843246371 -0.05016126111
v 0.02525000088 0.184325844 -0.05044620857
v 0.02575000189 0.184326455 -0.0505886972
v 0.02625000104 0.1843294799 -0.05130107701
v 0.02675000206 0.1843294799 -0.05130107701
v 0.02725000121 0.184330076 -0.05144356191
v 0.02775000222 0.1843349189 -0.05258339643
v 0.02825000137 0.1843379438 -0.05329580233
v 0.02875000052 0.1843373477 -0.05315331742
v 0.02925000153 0.1843373477 -0.05315331742
v 0.02975000069 0.1843403727 -0.05386571959
v 0.0302500017 0.1843421906 -0.05429315194
v 0.03125 0.1843512654 -0.05643033981
v 0.03175000101 0.1843500584 -0.05614537001
v 0.03225000203 0.1843500584 -0.05614537001
v 0.03275000304 0.1843518764 -0.05657280236
v 0.03525000066 0.184365198 -0.05970733985
v 0.03575000167 0.1843657941 -0.05984982848
v 0.03925000131 0.184402734 -0.06854103506
v 0.03975000232 0.184402734 -0.06854103506
v 0.04025000334 0.184402734 -0.06854103506
v 0.04075000063 0.1844009161 -0.0681136027
v 0.04125000164 0.1844033301 -0.06868351996
v 0.04225000367 0.184406966 -0.06953838468
v 0.04375000298 0.1844142377 -0.07124814391
v 0.0120000001 0.1851145774 -0.05244346336
v 0.01300000027 0.1851091385 -0.05130368099
v 0.01350000035 0.1851077825 -0.05101874843
v 0.01450000051 0.1851064265 -0.05073381215
v 0.0150000006 0.185103029 -0.05002143979
v 0.01600000076 0.1851077825 -0.05101874843
v 0.01649999991 0.1851050705 -0.05044885352
v 0.01700000092 0.185103029 -0.05002143979
v 0.01800000109 0.1851009876 -0.04959402606
v 0.01850000024 0.1850996315 -0.04930907115
v 0.01900000125 0.1850989461 -0.04916661605
v 0.0195000004 0.1850989461 -0.04916661605
v 0.02000000142 0.1850989461 -0.04916661605
v 0.02050000057 0.1850989461 -0.04916661605
v 0.02100000158 0.1851009876 -0.04959402606
v 0.02150000073 0.1851036996 -0.05016391724
v 0.02200000174 0.1851064265 -0.05073381215
v 0.02250000089 0.185107097 -0.05087626725
v 0.02300000191 0.1851084679 -0.05116122216
v 0.02350000106 0.1851064265 -0.05073381215
v 0.02400000021 0.185107097 -0.05087626725
v 0.02450000122 0.185107097 -0.05087626725
v 0.02500000037 0.185107097 -0.05087626725
v 0.02550000139 0.1851077825 -0.05101874843
v 0.02600000054 0.1851091385 -0.05130368099
v 0.02650000155 0.1851104945 -0.05158863589
v 0.0270000007 0.185112536 -0.05201604962
v 0.02850000188 0.1851200163 -0.05358324945
v 0.02900000103 0.1851179749 -0.05315583572
v 0.02950000204 0.1851206869 -0.0537257269
v 0.03000000119 0.1851234138 -0.05429561809
v 0.03050000221 0.1851240844 -0.05443807319
v 0.03100000136 0.1851342916 -0.05657516047
v 0.03150000051 0.1851322502 -0.05614774674
v 0.03200000152 0.1851315647 -0.05600526929
v 0.03250000253 0.1851342916 -0.05657516047
v 0.03299999982 0.1851390451 -0.05757246539
v 0.03450000286 0.1851492375 -0.05970955268
v 0.03500000015 0.1851485521 -0.05956707522
v 0.03550000116 0.1851505935 -0.05999451131
v 0.0390000008 0.1851913631 -0.0685428381
v 0.04050000012 0.1851900071 -0.06825788319
v 0.04100000113 0.1851906776 -0.06840036064
v 0.04150000215 0.1851927191 -0.0688277781
v 0.04200000316 0.1851961166 -0.06954014301
v 0.0455000028 0.1852083504 -0.07210464776
v 0.01225000061 0.1858948469 -0.05244601145
v 0.01275000069 0.1858925819 -0.05201862007
v 0.01575000025 0.1858888119 -0.05130628496
v 0.01625000127 0.1858858019 -0.05073644221
v 0.01675000042 0.1858842969 -0.05045149475
v 0.01725000143 0.1858858019 -0.05073644221
v 0.01775000058 0.1858827919 -0.05016657338
v 0.01825000159 0.1858812869 -0.04988163337
v 0.01875000075 0.1858797818 -0.04959671199
v 0.01925000176 0.1858797818 -0.04959671199
v 0.01975000091 0.1858797818 -0.04959671199
v 0.02025000006 0.1858805269 -0.049739182
v 0.02075000107 0.1858820319 -0.05002410337
v 0.02125000022 0.1858842969 -0.05045149475
v 0.02175000124 0.1858858019 -0.05073644221
v 0.02225000039 0.1858858019 -0.05073644221
v 0.0227500014 0.1858865619 -0.05087889358
v 0.02325000055 0.1858865619 -0.05087889358
v 0.02375000156 0.1858880669 -0.05116383359
v 0.02425000072 0.1858888119 -0.05130628496
v 0.02625000104 0.1858956069 -0.05258848518
v 0.02775000222 0.1859008819 -0.05358574539
v 0.02825000137 0.1859038919 -0.0541556105
v 0.02875000052 0.1859008819 -0.05358574539
v 0.02975000069 0.185906902 -0.05472547561
v 0.0302500017 0.185908407 -0.05501039699
v 0.03075000085 0.1859182119 -0.05686246231
v 0.03125 0.1859152019 -0.0562925972
v 0.03175000101 0.185913682 -0.05600765347
v 0.03225000203 0.1859144419 -0.0561501272
v 0.03275000304 0.185918957 -0.05700491369
v 0.03425000235 0.185931772 -0.05942684412
v 0.03475000337 0.1859310269 -0.05928437412
v 0.03525000066 0.185934782 -0.05999670923
v 0.04025000334 0.1859830171 -0.06911450624
v 0.04075000063 0.1859800071 -0.06854464114
v 0.04125000164 0.1859807521 -0.06868711114
v 0.04225000367 0.1859860271 -0.06968437135
v 0.04375000298 0.1859935671 -0.07110902667
v 0.04425000027 0.1859950721 -0.07139394432
v 0.04675000161 0.1860033572 -0.07296106964
v 0.04725000262 0.1860041171 -0.07310353965
v 0.01400000043 0.186674282 -0.05230611935
v 0.01450000051 0.1866734475 -0.0521636568
v 0.0150000006 0.1866701394 -0.05159381777
v 0.01550000068 0.1866693199 -0.05145135149
v 0.01600000076 0.1866668314 -0.05102397874
v 0.01649999991 0.1866651773 -0.05073907226
v 0.01700000092 0.1866643429 -0.05059660599
v 0.01750000007 0.1866626889 -0.05031167716
v 0.01800000109 0.1866626889 -0.05031167716
v 0.01850000024 0.1866602153 -0.0498843044
v 0.01900000125 0.1866618693 -0.05016923323
v 0.0195000004 0.1866626889 -0.05031167716
v 0.02000000142 0.1866626889 -0.05031167716
v 0.02050000057 0.1866651773 -0.05073907226
v 0.02100000158 0.1866651773 -0.05073907226
v 0.02150000073 0.1866643429 -0.05059660599
v 0.02200000174 0.1866643429 -0.05059660599
v 0.02250000089 0.1866668314 -0.05102397874
v 0.02300000191 0.1866659969 -0.05088151619
v 0.02350000106 0.1866684854 -0.05130888894
v 0.02400000021 0.1866701394 -0.05159381777
v 0.02450000122 0.1866726279 -0.05202119052
v 0.02500000037 0.1866784245 -0.05301840231
v 0.02550000139 0.1866751015 -0.05244856328
v 0.02650000155 0.1866817325 -0.05358824134
v 0.0270000007 0.1866825521 -0.05373070762
v 0.02750000171 0.1866825521 -0.05373070762
v 0.03000000119 0.1866982877 -0.05643743277
v 0.03100000136 0.1866982877 -0.05643743277
v 0.03150000051 0.1866966337 -0.05615250766
v 0.03200000152 0.1866974533 -0.05629497021
v 0.03250000253 0.1867049038 -0.05757708848
v 0.03400000185 0.1867173165 -0.05971397832
v 0.03450000286 0.1867156625 -0.05942907184
v 0.03500000015 0.1867206246 -0.06028381735
v 0.04400000349 0.1867876798 -0.07182300836
v 0.04450000077 0.1867860109 -0.07153808326
v 0.01325000077 0.1874607801 -0.05330584571
v 0.01375000086 0.1874562651 -0.05259357393
v 0.01425000094 0.187453568 -0.0521662198
v 0.01475000102 0.1874517649 -0.05188130215
v 0.0152500011 0.1874499619 -0.05159640685
v 0.01575000025 0.1874472499 -0.05116905645
v 0.01625000127 0.1874454468 -0.05088413879
v 0.01675000042 0.1874445528 -0.05074170232
v 0.01725000143 0.1874436438 -0.05059924349
v 0.01775000058 0.1874427497 -0.05045678467
v 0.01825000159 0.1874418408 -0.05031432584
v 0.01875000075 0.1874409318 -0.05017188936
v 0.01925000176 0.1874427497 -0.05045678467
v 0.01975000091 0.1874427497 -0.05045678467
v 0.02025000006 0.1874436438 -0.05059924349
v 0.02075000107 0.1874445528 -0.05074170232
v 0.02125000022 0.1874445528 -0.05074170232
v 0.02175000124 0.1874445528 -0.05074170232
v 0.02225000039 0.1874454468 -0.05088413879
v 0.0227500014 0.1874481589 -0.05131149292
v 0.02325000055 0.1874490529 -0.05145394802
v 0.02375000156 0.187452659 -0.05202376097
v 0.02425000072 0.187453568 -0.0521662198
v 0.02475000173 0.1874562651 -0.05259357393
v 0.02525000088 0.1874580681 -0.05287846923
v 0.02575000189 0.1874661893 -0.05416055024
v 0.02625000104 0.1874616742 -0.05344828218
v 0.02675000206 0.1874643862 -0.05387565494
v 0.02725000121 0.1874652803 -0.05401809514
v 0.02775000222 0.1874661893 -0.05416055024
v 0.02825000137 0.1874697953 -0.05473036319
v 0.02975000069 0.1874815226 -0.0565822348
v 0.0302500017 0.1874797195 -0.0562973395
v 0.03075000085 0.1874842197 -0.05700958893
v 0.03125 0.1874824166 -0.05672469735
v 0.03175000101 0.1874833256 -0.05686715245
v 0.03425000235 0.187503159 -0.0600011088
v 0.03674999997 0.1875257045 -0.06356241554
v 0.03925000131 0.1875635833 -0.06954541057
v 0.01300000027 0.1882424653 -0.05345078558
v 0.01350000035 0.1882395297 -0.05302345008
v 0.01400000043 0.1882366091 -0.0525961183
v 0.01450000051 0.188234657 -0.05231123418
v 0.0150000006 0.188232705 -0.05202633142
v 0.01550000068 0.1882297695 -0.05159899965
v 0.01600000076 0.1882268488 -0.05117166415
v 0.01649999991 0.1882268488 -0.05117166415
v 0.01700000092 0.1882258654 -0.05102921277
v 0.01750000007 0.1882248968 -0.0508867614
v 0.01800000109 0.1882229447 -0.050601881
v 0.01850000024 0.1882219613 -0.0504594259
v 0.01900000125 0.1882239133 -0.05074433237
v 0.0195000004 0.1882229447 -0.050601881
v 0.02000000142 0.1882229447 -0.050601881
v 0.02050000057 0.1882239133 -0.05074433237
v 0.02100000158 0.1882248968 -0.0508867614
v 0.02150000073 0.1882248968 -0.0508867614
v 0.02200000174 0.1882258654 -0.05102921277
v 0.02250000089 0.1882278174 -0.0513140969
v 0.02300000191 0.1882288009 -0.05145654827
v 0.02350000106 0.188232705 -0.05202633142
v 0.02400000021 0.1882356256 -0.0524536632
v 0.02450000122 0.1882366091 -0.0525961183
v 0.02500000037 0.1882395297 -0.05302345008
v 0.02550000139 0.1882414818 -0.05330835655
v 0.02600000054 0.1882434338 -0.05359323695
v 0.02650000155 0.1882453859 -0.0538781397
v 0.0270000007 0.1882473379 -0.05416302383
v 0.02750000171 0.1882502586 -0.0545903556
v 0.02800000086 0.188251242 -0.05473280698
v 0.02850000188 0.1882551461 -0.05530259386
v 0.02950000204 0.1882649064 -0.05672704801
v 0.03000000119 0.1882649064 -0.05672704801
v 0.03100000136 0.1882746667 -0.05815149844
v 0.01375000086 0.1890200824 -0.05302597582
v 0.01425000094 0.1890179813 -0.0527411066
v 0.01475000102 0.1890179813 -0.0527411066
v 0.0152500011 0.1890158802 -0.05245621502
v 0.01575000025 0.1890127361 -0.05202890188
v 0.01625000127 0.189011693 -0.05188645795
v 0.01675000042 0.1890095919 -0.05160158873
v 0.01725000143 0.189008534 -0.0514591448
v 0.01775000058 0.1890064329 -0.05117427558
v 0.01825000159 0.1890064329 -0.05117427558
v 0.01875000075 0.1890053898 -0.05103183165
v 0.01925000176 0.1890043318 -0.05088938773
v 0.01975000091 0.1890032887 -0.05074696243
v 0.02025000006 0.1890043318 -0.05088938773
v 0.02075000107 0.1890043318 -0.05088938773
v 0.02125000022 0.1890053898 -0.05103183165
v 0.02175000124 0.1890053898 -0.05103183165
v 0.02225000039 0.189008534 -0.0514591448
v 0.0227500014 0.1890095919 -0.05160158873
v 0.02325000055 0.189011693 -0.05188645795
v 0.02375000156 0.1890158802 -0.05245621502
v 0.02425000072 0.1890190393 -0.0528835319
v 0.02475000173 0.1890200824 -0.05302597582
v 0.02525000088 0.1890221834 -0.0533108674
v 0.02575000189 0.1890253425 -0.05373818055
v 0.02625000104 0.1890274435 -0.05402304977
v 0.02675000206 0.1890316308 -0.05459280685
v 0.02725000121 0.1890337318 -0.05487769842
v 0.02775000222 0.1890368909 -0.05530501157
v 0.02925000153 0.1890505403 -0.05715671182
v 0.02975000069 0.1890484393 -0.05687184259
v 0.03075000085 0.1890610307 -0.05858109891
v 0.03125 0.1890589297 -0.05829622969
v 0.01300000027 0.1898096353 -0.05416796356
v 0.01350000035 0.1898073852 -0.05388310924
v 0.01400000043 0.1898017675 -0.05317094177
v 0.01450000051 0.1898028851 -0.05331337824
v 0.0150000006 0.1898006499 -0.05302850157
v 0.01550000068 0.1897995174 -0.05288606137
v 0.01600000076 0.1897983998 -0.05274364352
v 0.01649999991 0.1898006499 -0.05302850157
v 0.01700000092 0.1897961497 -0.05245876685
v 0.01750000007 0.1897916496 -0.05188903585
v 0.01800000109 0.189790532 -0.051746618
v 0.01850000024 0.1897893995 -0.0516041778
v 0.01900000125 0.1897871494 -0.05131930485
v 0.0195000004 0.1897860318 -0.05117688701
v 0.02000000142 0.1897871494 -0.05131930485
v 0.02050000057 0.1897882819 -0.05146174133
v 0.02100000158 0.1897882819 -0.05146174133
v 0.02150000073 0.1897871494 -0.05131930485
v 0.02200000174 0.1897893995 -0.0516041778
v 0.02250000089 0.1897916496 -0.05188903585
v 0.02300000191 0.1897927672 -0.05203147233
v 0.02350000106 0.1897961497 -0.05245876685
v 0.02400000021 0.1897983998 -0.05274364352
v 0.02450000122 0.1898006499 -0.05302850157
v 0.02500000037 0.1898028851 -0.05331337824
v 0.02550000139 0.1898062676 -0.05374067277
v 0.02600000054 0.1898085177 -0.05402552709
v 0.02650000155 0.1898118854 -0.05445282161
v 0.0270000007 0.1898175031 -0.05516499281
v 0.02800000086 0.1898265034 -0.0563044548
v 0.02900000103 0.1898377389 -0.05772877485
v 0.02950000204 0.1898354888 -0.05744392052
v 0.01475000102 0.1905859858 -0.05360073224
v 0.0152500011 0.1905836016 -0.05331588909
v 0.01575000025 0.1905836016 -0.05331588909
v 0.01625000127 0.1905823946 -0.05317345634
v 0.01675000042 0.1905812025 -0.05303102359
v 0.01725000143 0.1905788034 -0.05274618044
v 0.01775000058 0.1905776113 -0.05260375142
v 0.01825000159 0.1905752122 -0.05231890827
v 0.01875000075 0.1905728132 -0.05203404278
v 0.01925000176 0.1905716062 -0.05189161375
v 0.01975000091 0.1905704141 -0.05174920335
v 0.02025000006 0.1905716062 -0.05189161375
v 0.02075000107 0.1905728132 -0.05203404278
v 0.02125000022 0.1905716062 -0.05189161375
v 0.02175000124 0.1905752122 -0.05231890827
v 0.02225000039 0.1905752122 -0.05231890827
v 0.0227500014 0.1905764043 -0.05246131495
v 0.02325000055 0.1905788034 -0.05274618044
v 0.02375000156 0.1905799955 -0.05288859457
v 0.02425000072 0.1905812025 -0.05303102359
v 0.02475000173 0.1905847937 -0.05345829576
v 0.02525000088 0.1905871928 -0.05374316126
v 0.02575000189 0.190591976 -0.05431286991
v 0.02625000104 0.1905955821 -0.05474014208
v 0.02675000206 0.1905991733 -0.05516741425
v 0.02725000121 0.1906003654 -0.055309847
v 0.02775000222 0.1906111538 -0.05659167096
v 0.02875000052 0.1906231344 -0.05801592395
v 0.01700000092 0.1913630366 -0.05317597464
v 0.01750000007 0.1913605034 -0.05289112404
v 0.01800000109 0.1913592219 -0.05274871737
v 0.01850000024 0.1913566738 -0.05246386677
v 0.01900000125 0.1913541406 -0.05217904225
v 0.0195000004 0.1913541406 -0.05217904225
v 0.02000000142 0.1913554072 -0.05232146382
v 0.02050000057 0.1913566738 -0.05246386677
v 0.02100000158 0.1913566738 -0.05246386677
v 0.02150000073 0.1913566738 -0.05246386677
v 0.02200000174 0.1913605034 -0.05289112404
v 0.02250000089 0.1913592219 -0.05274871737
v 0.02300000191 0.19136177 -0.05303354934
v 0.02350000106 0.1913643181 -0.05331839994
v 0.02400000021 0.1913643181 -0.05331839994
v 0.02450000122 0.1913681328 -0.05374565348
v 0.02500000037 0.1913719475 -0.05417290702
v 0.02550000139 0.1913783103 -0.05488501489
v 0.02600000054 0.191382125 -0.05531226844
v 0.02650000155 0.191382125 -0.05531226844
v 0.0270000007 0.1913872212 -0.05588194728
v 0.02750000171 0.191393584 -0.05659402907
v 0.02850000188 0.1914088428 -0.0583030656
v 0.02900000103 0.1914075762 -0.0581606403
v 0.02950000204 0.191422835 -0.05986968055
v 0.03000000119 0.1914190203 -0.05944242701
v 0.03050000221 0.1914241165 -0.06001210585
v 0.01875000075 0.1921423376 -0.05303607136
v 0.01925000176 0.1921409965 -0.05289365351
v 0.01975000091 0.1921409965 -0.05289365351
v 0.02025000006 0.1921423376 -0.05303607136
v 0.02075000107 0.1921423376 -0.05303607136
v 0.02125000022 0.1921423376 -0.05303607136
v 0.02175000124 0.1921436787 -0.05317849293
v 0.02225000039 0.1921463758 -0.05346330628
v 0.0227500014 0.1921463758 -0.05346330628
v 0.02325000055 0.1921517551 -0.05403295904
v 0.02375000156 0.1921517551 -0.05403295904
v 0.02425000072 0.1921557933 -0.05446019396
v 0.02475000173 0.1921571493 -0.05460261181
v 0.02525000088 0.1921638846 -0.05531468242
v 0.02575000189 0.1921719611 -0.05616915226
v 0.02625000104 0.1921746433 -0.05645398796
v 0.02675000206 0.1921746433 -0.05645398796
v 0.02725000121 0.1921786815 -0.0568812266
v 0.02775000222 0.1921867728 -0.05773569271
v 0.02825000137 0.1921921521 -0.05830534548
v 0.02875000052 0.1921921521 -0.05830534548
v 0.02925000153 0.192208305 -0.0600143075
v 0.02975000069 0.1922056079 -0.05972946435
v 0.0302500017 0.192208305 -0.0600143075
v 0.03075000085 0.1922110021 -0.06029912084
v 0.02100000158 0.1929328293 -0.05403544009
v 0.02200000174 0.1929356754 -0.05432026088
v 0.02250000089 0.1929342598 -0.05417785048
v 0.02300000191 0.1929356754 -0.05432026088
v 0.02350000106 0.1929441988 -0.05517468974
v 0.02400000021 0.1929427832 -0.05503227934
v 0.02450000122 0.1929441988 -0.05517468974
v 0.02500000037 0.192947045 -0.05545949191
v 0.02650000155 0.1929598302 -0.05674115568
v 0.0270000007 0.1929697692 -0.05773799866
v 0.02750000171 0.1929711848 -0.05788040906
v 0.02800000086 0.1929768771 -0.05845003575
v 0.02850000188 0.1929782927 -0.0585924238
v 0.03000000119 0.1929939091 -0.06015889347
v 0.03050000221 0.1929939091 -0.06015889347
v 0.02375000156 0.1937318444 -0.05574671179
v 0.02625000104 0.1937512755 -0.05759789795
v 0.02825000137 0.1937692165 -0.05930669606
v 0.02875000052 0.1937736869 -0.05973389
v 0.02975000069 0.1937811673 -0.06044589728
v 0.02800000086 0.1945624352 -0.06016328186
v 0.02850000188 0.1945593059 -0.05987850577

f 2 13 12
f 2 3 13
f 3 14 13
f 3 4 14
f 4 15 14
f 4 5 15
f 5 16 15
f 6 19 18
f 6 7 19
f 7 20 19
f 7 8 20
f 8 21 20
f 8 9 21
f 9 22 21
f 9 10 22
f 10 23 22
f 10 11 23
f 11 24 23
f 12 27 26
f 12 13 27
f 13 28 27
f 13 14 28
f 14 29 28
f 14 15 29
f 15 30 29
f 15 16 30
f 16 31 30
f 16 17 31
f 17 32 31
f 18 34 33
f 18 19 34
f 19 35 34
f 19 20 35
f 20 36 35
f 20 21 36
f 21 37 36
f 21 22 37
f 22 38 37
f 22 23 38
f 23 39 38
f 23 24 39
f 24 40 39
f 24 25 40
f 25 41 40
f 26 27 42
f 27 43 42
f 27 28 43
f 28 44 43
f 28 29 44
f 29 45 44
f 29 30 45
f 30 46 45
f 30 31 46
f 31 47 46
f 31 32 47
f 32 48 47
f 33 50 49
f 33 34 50
f 34 51 50
f 34 35 51
f 35 52 51
f 35 36 52
f 36 53 52
f 36 37 53
f 37 54 53
f 37 38 54
f 38 55 54
f 38 39 55
f 39 56 55
f 39 40 56
f 40 57 56
f 40 41 57
f 41 58 57
f 42 61 60
f 42 43 61
f 43 62 61
f 43 44 62
f 44 63 62
f 44 45 63
f 45 64 63
f 45 46 64
f 46 65 64
f 46 47 65
f 47 66 65
f 47 48 66
f 48 67 66
f 49 69 68
f 49 50 69
f 50 70 69
f 50 51 70
f 51 71 70
f 51 52 71
f 52 72 71
f 52 53 72
f 53 73 72
f 53 54 73
f 54 74 73
f 54 55 74
f 55 75 74
f 55 56 75
f 56 76 75
f 56 57 76
f 57 77 76
f 57 58 77
f 58 78 77
f 59 60 79
f 60 80 79
f 60 61 80
f 61 81 80
f 61 62 81
f 62 82 81
f 62 63 82
f 63 83 82
f 63 64 83
f 64 84 83
f 64 65 84
f 65 85 84
f 65 66 85
f 66 86 85
f 66 67 86
f 67 87 86
f 68 90 89
f 68 69 90
f 69 91 90
f 69 70 91
f 70 92 91
f 70 71 92
f 71 93 92
f 71 72 93
f 72 94 93
f 72 73 94
f 73 95 94
f 73 74 95
f 74 96 95
f 74 75 96
f 75 97 96
f 75 76 97
f 76 98 97
f 76 77 98
f 77 99 98
f 77 78 99
f 78 100 99
f 79 102 101
f 79 80 102
f 80 103 102
f 80 81 103
f 81 104 103
f 81 82 104
f 82 105 104
f 82 83 105
f 83 106 105
f 83 84 106
f 84 107 106
f 84 85 107
f 85 108 107
f 85 86 108
f 86 109 108
f 86 87 109
f 87 110 109
f 87 88 110
f 89 113 112
f 89 90 113
f 90 114 113
f 90 91 114
f 91 115 114
f 91 92 115
f 92 116 115
f 92 93 116
f 93 117 116
f 93 94 117
f 94 118 117
f 94 95 118
f 95 119 118
f 95 96 119
f 96 120 119
f 96 97 120
f 97 121 120
f 97 98 121
f 98 122 121
f 98 99 122
f 99 123 122
f 99 100 123
f 101 102 124
f 102 125 124
f 102 103 125
f 103 126 125
f 103 104 126
f 104 127 126
f 104 105 127
f 105 128 127
f 105 106 128
f 106 129 128
f 106 107 129
f 107 130 129
f 107 108 130
f 108 131 130
f 108 109 131
f 109 132 131
f 109 110 132
f 110 133 132
f 111 112 135
f 112 136 135
f 112 113 136
f 113 137 136
f 113 114 137
f 114 138 137
f 114 115 138
f 115 139 138
f 115 116 139
f 116 140 139
f 116 117 140
f 117 141 140
f 117 118 141
f 118 142 141
f 118 119 142
f 119 143 142
f 119 120 143
f 120 144 143
f 120 121 144
f 121 145 144
f 121 122 145
f 122 146 145
f 122 123 146
f 123 147 146
f 124 151 150
f 124 125 151
f 125 152 151
f 125 126 152
f 126 153 152
f 126 127 153
f 127 154 153
f 127 128 154
f 128 155 154
f 128 129 155
f 129 156 155
f 129 130 156
f 130 157 156
f 130 131 157
f 131 158 157
f 131 132 158
f 132 159 158
f 132 133 159
f 133 160 159
f 133 134 160
f 134 161 160
f 135 163 162
f 135 136 163
f 136 164 163
f 136 137 164
f 137 165 164
f 137 138 165
f 138 166 165
f 138 139 166
f 139 167 166
f 139 140 167
f 140 168 167
f 140 141 168
f 141 169 168
f 141 142 169
f 142 170 169
f 142 143 170
f 143 171 170
f 143 144 171
f 144 172 171
f 144 145 172
f 145 173 172
f 145 146 173
f 146 174 173
f 146 147 174
f 147 175 174
f 147 148 175
f 149 150 176
f 150 177 176
f 150 151 177
f 151 178 177
f 151 152 178
f 152 179 178
f 152 153 179
f 153 180 179
f 153 154 180
f 154 181 180
f 154 155 181
f 155 182 181
f 155 156 182
f 156 183 182
f 156 157 183
f 157 184 183
f 157 158 184
f 158 185 184
f 158 159 185
f 159 186 185
f 159 160 186
f 160 187 186
f 160 161 187
f 161 188 187
f 162 163 189
f 163 190 189
f 163 164 190
f 164 191 190
f 164 165 191
f 165 192 191
f 165 166 192
f 166 193 192
f 166 167 193
f 167 194 193
f 167 168 194
f 168 195 194
f 168 169 195
f 169 196 195
f 169 170 196
f 170 197 196
f 170 171 197
f 171 198 197
f 171 172 198
f 172 199 198
f 172 173 199
f 173 200 199
f 173 174 200
f 174 201 200
f 174 175 201
f 175 202 201
f 176 177 206
f 177 207 206
f 177 178 207
f 178 208 207
f 178 179 208
f 179 209 208
f 179 180 209
f 180 210 209
f 180 181 210
f 181 211 210
f 181 182 211
f 182 212 211
f 182 183 212
f 183 213 212
f 183 184 213
f 184 214 213
f 184 185 214
f 185 215 214
f 185 186 215
f 186 216 215
f 186 187 216
f 187 217 216
f 187 188 217
f 189 220 219
f 189 190 220
f 190 221 220
f 190 191 221
f 191 222 221
f 191 192 222
f 192 223 222
f 192 193 223
f 193 224 223
f 193 194 224
f 194 225 224
f 194 195 225
f 195 226 225
f 195 196 226
f 196 227 226
f 196 197 227
f 197 228 227
f 197 198 228
f 198 229 228
f 198 199 229
f 199 230 229
f 199 200 230
f 200 231 230
f 200 201 231
f 201 232 231
f 201 202 232
f 203 235 234
f 203 204 235
f 204 236 235
f 204 205 236
f 205 237 236
f 206 207 238
f 207 239 238
f 207 208 239
f 208 240 239
f 208 209 240
f 209 241 240
f 209 210 241
f 210 242 241
f 210 211 242
f 211 243 242
f 211 212 243
f 212 244 243
f 212 213 244
f 213 245 244
f 213 214 245
f 214 246 245
f 214 215 246
f 215 247 246
f 215 216 247
f 216 248 247
f 216 217 248
f 217 249 248
f 218 219 251
f 219 252 251
f 219 220 252
f 220 253 252
f 220 221 253
f 221 254 253
f 221 222 254
f 222 255 254
f 222 223 255
f 223 256 255
f 223 224 256
f 224 257 256
f 224 225 257
f 225 258 257
f 225 226 258
f 226 259 258
f 226 227 259
f 227 260 259
f 227 228 260
f 228 261 260
f 228 229 261
f 229 262 261
f 229 230 262
f 230 263 262
f 230 231 263
f 231 264 263
f 231 232 264
f 232 265 264
f 233 268 267
f 233 234 268
f 234 269 268
f 234 235 269
f 235 270 269
f 235 236 270
f 236 271 270
f 236 237 271
f 237 272 271
f 238 275 274
f 238 239 275
f 239 276 275
f 239 240 276
f 240 277 276
f 240 241 277
f 241 278 277
f 241 242 278
f 242 279 278
f 242 243 279
f 243 280 279
f 243 244 280
f 244 281 280
f 244 245 281
f 245 282 281
f 245 246 282
f 246 283 282
f 246 247 283
f 247 284 283
f 247 248 284
f 248 285 284
f 248 249 285
f 249 286 285
f 249 250 286
f 251 288 287
f 251 252 288
f 252 289 288
f 252 253 289
f 253 290 289
f 253 254 290
f 254 291 290
f 254 255 291
f 255 292 291
f 255 256 292
f 256 293 292
f 256 257 293
f 257 294 293
f 257 258 294
f 258 295 294
f 258 259 295
f 259 296 295
f 259 260 296
f 260 297 296
f 260 261 297
f 261 298 297
f 261 262 298
f 262 299 298
f 262 263 299
f 263 300 299
f 263 264 300
f 264 301 300
f 264 265 301
f 266 304 303
f 266 267 304
f 267 305 304
f 267 268 305
f 268 306 305
f 268 269 306
f 269 307 306
f 269 270 307
f 270 308 307
f 270 271 308
f 271 309 308
f 271 272 309
f 272 310 309
f 272 273 310
f 275 276 311
f 276 312 311
f 276 277 312
f 277 313 312
f 277 278 313
f 278 314 313
f 278 279 314
f 279 315 314
f 279 280 315
f 280 316 315
f 280 281 316
f 281 317 316
f 281 282 317
f 282 318 317
f 282 283 318
f 283 319 318
f 283 284 319
f 284 320 319
f 284 285 320
f 285 321 320
f 285 286 321
f 286 322 321
f 287 324 323
f 287 288 324
f 288 325 324
f 288 289 325
f 289 326 325
f 289 290 326
f 290 327 326
f 290 291 327
f 291 328 327
f 291 292 328
f 292 329 328
f 292 293 329
f 293 330 329
f 293 294 330
f 294 331 330
f 294 295 331
f 295 332 331
f 295 296 332
f 296 333 332
f 296 297 333
f 297 334 333
f 297 298 334
f 298 335 334
f 298 299 335
f 299 336 335
f 299 300 336
f 300 337 336
f 300 301 337
f 301 338 337
f 302 303 339
f 303 340 339
f 303 304 340
f 304 341 340
f 304 305 341
f 305 342 341
f 305 306 342
f 306 343 342
f 306 307 343
f 307 344 343
f 307 308 344
f 308 345 344
f 308 309 345
f 309 346 345
f 309 310 346
f 310 347 346
f 311 349 348
f 311 312 349
f 312 350 349
f 312 313 350
f 313 351 350
f 313 314 351
f 314 352 351
f 314 315 352
f 315 353 352
f 315 316 353
f 316 354 353
f 316 317 354
f 317 355 354
f 317 318 355
f 318 356 355
f 318 319 356
f 319 357 356
f 319 320 357
f 320 358 357
f 320 321 358
f 321 359 358
f 321 322 359
f 322 360 359
f 323 364 363
f 323 324 364
f 324 365 364
f 324 325 365
f 325 366 365
f 325 326 366
f 326 367 366
f 326 327 367
f 327 368 367
f 327 328 368
f 328 369 368
f 328 329 369
f 329 370 369
f 329 330 370
f 330 371 370
f 330 331 371
f 331 372 371
f 331 332 372
f 332 373 372
f 332 333 373
f 333 374 373
f 333 334 374
f 334 375 374
f 334 335 375
f 335 376 375
f 335 336 376
f 336 377 376
f 336 337 377
f 337 378 377
f 337 338 378
f 339 381 380
f 339 340 381
f 340 382 381
f 340 341 382
f 341 383 382
f 341 342 383
f 342 384 383
f 342 343 384
f 343 385 384
f 343 344 385
f 344 386 385
f 344 345 386
f 345 387 386
f 345 346 387
f 346 388 387
f 346 347 388
f 347 389 388
f 348 393 392
f 348 349 393
f 349 394 393
f 349 350 394
f 350 395 394
f 350 351 395
f 351 396 395
f 351 352 396
f 352 397 396
f 352 353 397
f 353 398 397
f 353 354 398
f 354 399 398
f 354 355 399
f 355 400 399
f 355 356 400
f 356 401 400
f 356 357 401
f 357 402 401
f 357 358 402
f 358 403 402
f 358 359 403
f 359 404 403
f 359 360 404
f 360 405 404
f 360 361 405
f 361 406 405
f 361 362 406
f 362 407 406
f 362 363 407
f 363 408 407
f 363 364 408
f 364 409 408
f 364 365 409
f 365 410 409
f 365 366 410
f 366 411 410
f 366 367 411
f 367 412 411
f 367 368 412
f 368 413 412
f 368 369 413
f 369 414 413
f 369 370 414
f 370 415 414
f 370 371 415
f 371 416 415
f 371 372 416
f 372 417 416
f 372 373 417
f 373 418 417
f 373 374 418
f 374 419 418
f 374 375 419
f 375 420 419
f 375 376 420
f 376 421 420
f 376 377 421
f 377 422 421
f 377 378 422
f 378 423 422
f 379 426 425
f 379 380 426
f 380 427 426
f 380 381 427
f 381 428 427
f 381 382 428
f 382 429 428
f 382 383 429
f 383 430 429
f 383 384 430
f 384 431 430
f 384 385 431
f 385 432 431
f 385 386 432
f 386 433 432
f 386 387 433
f 387 434 433
f 387 388 434
f 388 435 434
f 388 389 435
f 389 436 435
f 390 438 437
f 390 391 438
f 391 439 438
f 391 392 439
f 392 440 439
f 392 393 440
f 393 441 440
f 393 394 441
f 394 442 441
f 394 395 442
f 395 443 442
f 395 396 443
f 396 444 443
f 396 397 444
f 397 445 444
f 397 398 445
f 398 446 445
f 398 399 446
f 399 447 446
f 399 400 447
f 400 448 447
f 400 401 448
f 401 449 448
f 401 402 449
f 402 450 449
f 402 403 450
f 403 451 450
f 403 404 451
f 404 452 451
f 404 405 452
f 405 453 452
f 405 406 453
f 406 454 453
f 406 407 454
f 407 455 454
f 407 408 455
f 408 456 455
f 408 409 456
f 409 457 456
f 409 410 457
f 410 458 457
f 410 411 458
f 411 459 458
f 411 412 459
f 412 460 459
f 412 413 460
f 413 461 460
f 413 414 461
f 414 462 461
f 414 415 462
f 415 463 462
f 415 416 463
f 416 464 463
f 416 417 464
f 417 465 464
f 417 418 465
f 418 466 465
f 418 419 466
f 419 467 466
f 419 420 467
f 420 468 467
f 420 421 468
f 421 469 468
f 421 422 469
f 422 470 469
f 422 423 470
f 424 473 472
f 424 425 473
f 425 474 473
f 425 426 474
f 426 475 474
f 426 427 475
f 427 476 475
f 427 428 476
f 428 477 476
f 428 429 477
f 429 478 477
f 429 430 478
f 430 479 478
f 430 431 479
f 431 480 479
f 431 432 480
f 432 481 480
f 432 433 481
f 433 482 481
f 433 434 482
f 434 483 482
f 434 435 483
f 435 484 483
f 435 436 484
f 437 438 485
f 438 486 485
f 438 439 486
f 439 487 486
f 439 440 487
f 440 488 487
f 440 441 488
f 441 489 488
f 441 442 489
f 442 490 489
f 442 443 490
f 443 491 490
f 443 444 491
f 444 492 491
f 444 445 492
f 445 493 492
f 445 446 493
f 446 494 493
f 446 447 494
f 447 495 494
f 447 448 495
f 448 496 495
f 448 449 496
f 449 497 496
f 449 450 497
f 450 498 497
f 450 451 498
f 451 499 498
f 451 452 499
f 452 500 499
f 452 453 500
f 453 501 500
f 453 454 501
f 454 502 501
f 454 455 502
f 455 503 502
f 455 456 503
f 456 504 503
f 456 457 504
f 457 505 504
f 457 458 505
f 458 506 505
f 458 459 506
f 459 507 506
f 459 460 507
f 460 508 507
f 460 461 508
f 461 509 508
f 461 462 509
f 462 510 509
f 462 463 510
f 463 511 510
f 463 464 511
f 464 512 511
f 464 465 512
f 465 513 512
f 465 466 513
f 466 514 513
f 466 467 514
f 467 515 514
f 467 468 515
f 468 516 515
f 468 469 516
f 469 517 516
f 469 470 517
f 470 518 517
f 471 472 520
f 472 521 520
f 472 473 521
f 473 522 521
f 473 474 522
f 474 523 522
f 474 475 523
f 475 524 523
f 475 476 524
f 476 525 524
f 476 477 525
f 477 526 525
f 477 478 526
f 478 527 526
f 478 479 527
f 479 528 527
f 479 480 528
f 480 529 528
f 480 481 529
f 481 530 529
f 481 482 530
f 482 531 530
f 482 483 531
f 483 532 531
f 483 484 532
f 484 533 532
f 485 535 534
f 485 486 535
f 486 536 535
f 486 487 536
f 487 537 536
f 487 488 537
f 488 538 537
f 488 489 538
f 489 539 538
f 489 490 539
f 490 540 539
f 490 491 540
f 491 541 540
f 491 492 541
f 492 542 541
f 492 493 542
f 493 543 542
f 493 494 543
f 494 544 543
f 494 495 544
f 495 545 544
f 495 496 545
f 496 546 545
f 496 497 546
f 497 547 546
f 497 498 547
f 498 548 547
f 498 499 548
f 499 549 548
f 499 500 549
f 500 550 549
f 500 501 550
f 501 551 550
f 501 502 551
f 502 552 551
f 502 503 552
f 503 553 552
f 503 504 553
f 504 554 553
f 504 505 554
f 505 555 554
f 505 506 555
f 506 556 555
f 506 507 556
f 507 557 556
f 507 508 557
f 508 558 557
f 508 509 558
f 509 559 558
f 509 510 559
f 510 560 559
f 510 511 560
f 511 561 560
f 511 512 561
f 512 562 561
f 512 513 562
f 513 563 562
f 513 514 563
f 514 564 563
f 514 515 564
f 515 565 564
f 515 516 565
f 516 566 565
f 516 517 566
f 517 567 566
f 517 518 567
f 518 568 567
f 518 519 568
f 520 572 571
f 520 521 572
f 521 573 572
f 521 522 573
f 522 574 573
f 522 523 574
f 523 575 574
f 523 524 575
f 524 576 575
f 524 525 576
f 525 577 576
f 525 526 577
f 526 578 577
f 526 527 578
f 527 579 578
f 527 528 579
f 528 580 579
f 528 529 580
f 529 581 580
f 529 530 581
f 530 582 581
f 530 531 582
f 531 583 582
f 531 532 583
f 532 584 583
f 532 533 584
f 534 586 585
f 534 535 586
f 535 587 586
f 535 536 587
f 536 588 587
f 536 537 588
f 537 589 588
f 537 538 589
f 538 590 589
f 538 539 590
f 539 591 590
f 539 540 591
f 540 592 591
f 540 541 592
f 541 593 592
f 541 542 593
f 542 594 593
f 542 543 594
f 543 595 594
f 543 544 595
f 544 596 595
f 544 545 596
f 545 597 596
f 545 546 597
f 546 598 597
f 546 547 598
f 547 599 598
f 547 548 599
f 548 600 599
f 548 549 600
f 549 601 600
f 549 550 601
f 550 602 601
f 550 551 602
f 551 603 602
f 551 552 603
f 552 604 603
f 552 553 604
f 553 605 604
f 553 554 605
f 554 606 605
f 554 555 606
f 555 607 606
f 555 556 607
f 556 608 607
f 556 557 608
f 557 609 608
f 557 558 609
f 558 610 609
f 558 559 610
f 559 611 610
f 559 560 611
f 560 612 611
f 560 561 612
f 561 613 612
f 561 562 613
f 562 614 613
f 562 563 614
f 563 615 614
f 563 564 615
f 564 616 615
f 564 565 616
f 565 617 616
f 565 566 617
f 566 618 617
f 566 567 618
f 567 619 618
f 567 568 619
f 568 620 619
f 569 623 622
f 569 570 623
f 570 624 623
f 570 571 624
f 571 625 624
f 571 572 625
f 572 626 625
f 572 573 626
f 573 627 626
f 573 574 627
f 574 628 627
f 574 575 628
f 575 629 628
f 575 576 629
f 576 630 629
f 576 577 630
f 577 631 630
f 577 578 631
f 578 632 631
f 578 579 632
f 579 633 632
f 579 580 633
f 580 634 633
f 580 581 634
f 581 635 634
f 581 582 635
f 582 636 635
f 582 583 636
f 583 637 636
f 583 584 637
f 585 586 638
f 586 639 638
f 586 587 639
f 587 640 639
f 587 588 640
f 588 641 640
f 588 589 641
f 589 642 641
f 589 590 642
f 590 643 642
f 590 591 643
f 591 644 643
f 591 592 644
f 592 645 644
f 592 593 645
f 593 646 645
f 593 594 646
f 594 647 646
f 594 595 647
f 595 648 647
f 595 596 648
f 596 649 648
f 596 597 649
f 597 650 649
f 597 598 650
f 598 651 650
f 598 599 651
f 599 652 651
f 599 600 652
f 600 653 652
f 600 601 653
f 601 654 653
f 601 602 654
f 602 655 654
f 602 603 655
f 603 656 655
f 603 604 656
f 604 657 656
f 604 605 657
f 605 658 657
f 605 606 658
f 606 659 658
f 606 607 659
f 607 660 659
f 607 608 660
f 608 661 660
f 608 609 661
f 609 662 661
f 609 610 662
f 610 663 662
f 610 611 663
f 611 664 663
f 611 612 664
f 612 665 664
f 612 613 665
f 613 666 665
f 613 614 666
f 614 667 666
f 614 615 667
f 615 668 667
f 615 616 668
f 616 669 668
f 616 617 669
f 617 670 669
f 617 618 670
f 618 671 670
f 618 619 671
f 619 672 671
f 619 620 672
f 620 673 672
f 620 621 673
f 621 674 673
f 621 622 674
f 622 675 674
f 622 623 675
f 623 676 675
f 623 624 676
f 624 677 676
f 624 625 677
f 625 678 677
f 625 626 678
f 626 679 678
f 626 627 679
f 627 680 679
f 627 628 680
f 628 681 680
f 628 629 681
f 629 682 681
f 629 630 682
f 630 683 682
f 630 631 683
f 631 684 683
f 631 632 684
f 632 685 684
f 632 633 685
f 633 686 685
f 633 634 686
f 634 687 686
f 634 635 687
f 635 688 687
f 635 636 688
f 636 689 688
f 636 637 689
f 639 640 690
f 640 691 690
f 640 641 691
f 641 692 691
f 641 642 692
f 642 693 692
f 642 643 693
f 643 694 693
f 643 644 694
f 644 695 694
f 644 645 695
f 645 696 695
f 645 646 696
f 646 697 696
f 646 647 697
f 647 698 697
f 647 648 698
f 648 699 698
f 648 649 699
f 649 700 699
f 649 650 700
f 650 701 700
f 650 651 701
f 651 702 701
f 651 652 702
f 652 703 702
f 652 653 703
f 653 704 703
f 653 654 704
f 654 705 704
f 654 655 705
f 655 706 705
f 655 656 706
f 656 707 706
f 656 657 707
f 657 708 707
f 657 658 708
f 658 709 708
f 658 659 709
f 659 710 709
f 659 660 710
f 660 711 710
f 660 661 711
f 661 712 711
f 661 662 712
f 662 713 712
f 662 663 713
f 663 714 713
f 663 664 714
f 664 715 714
f 664 665 715
f 665 716 715
f 665 666 716
f 666 717 716
f 666 667 717
f 667 718 717
f 667 668 718
f 668 719 718
f 668 669 719
f 669 720 719
f 669 670 720
f 670 721 720
f 670 671 721
f 671 722 721
f 671 672 722
f 672 723 722
f 672 673 723
f 673 724 723
f 673 674 724
f 674 725 724
f 674 675 725
f 675 726 725
f 675 676 726
f 676 727 726
f 676 677 727
f 677 728 727
f 677 678 728
f 678 729 728
f 678 679 729
f 679 730 729
f 679 680 730
f 680 731 730
f 680 681 731
f 681 732 731
f 681 682 732
f 682 733 732
f 682 683 733
f 683 734 733
f 683 684 734
f 684 735 734
f 684 685 735
f 685 736 735
f 685 686 736
f 686 737 736
f 686 687 737
f 687 738 737
f 687 688 738
f 688 739 738
f 688 689 739
f 689 740 739
f 690 742 741
f 690 691 742
f 691 743 742
f 691 692 743
f 692 744 743
f 692 693 744
f 693 745 744
f 693 694 745
f 694 746 745
f 694 695 746
f 695 747 746
f 695 696 747
f 696 748 747
f 696 697 748
f 697 749 748
f 697 698 749
f 698 750 749
f 698 699 750
f 699 751 750
f 699 700 751
f 700 752 751
f 700 701 752
f 701 753 752
f 701 702 753
f 702 754 753
f 702 703 754
f 703 755 754
f 703 704 755
f 704 756 755
f 704 705 756
f 705 757 756
f 705 706 757
f 706 758 757
f 706 707 758
f 707 759 758
f 707 708 759
f 708 760 759
f 708 709 760
f 709 761 760
f 709 710 761
f 710 762 761
f 710 711 762
f 711 763 762
f 711 712 763
f 712 764 763
f 712 713 764
f 713 765 764
f 713 714 765
f 714 766 765
f 714 715 766
f 715 767 766
f 715 716 767
f 716 768 767
f 716 717 768
f 717 769 768
f 717 718 769
f 718 770 769
f 718 719 770
f 719 771 770
f 719 720 771
f 720 772 771
f 720 721 772
f 721 773 772
f 721 722 773
f 722 774 773
f 722 723 774
f 723 775 774
f 723 724 775
f 724 776 775
f 724 725 776
f 725 777 776
f 725 726 777
f 726 778 777
f 726 727 778
f 727 779 778
f 727 728 779
f 728 780 779
f 728 729 780
f 729 781 780
f 729 730 781
f 730 782 781
f 730 731 782
f 731 783 782
f 731 732 783
f 732 784 783
f 732 733 784
f 733 785 784
f 733 734 785
f 734 786 785
f 734 735 786
f 735 787 786
f 735 736 787
f 736 788 787
f 736 737 788
f 737 789 788
f 737 738 789
f 738 790 789
f 738 739 790
f 741 742 791
f 742 792 791
f 742 743 792
f 743 793 792
f 743 744 793
f 744 794 793
f 744 745 794
f 745 795 794
f 745 746 795
f 746 796 795
f 746 747 796
f 747 797 796
f 747 748 797
f 748 798 797
f 748 749 798
f 749 799 798
f 749 750 799
f 750 800 799
f 750 751 800
f 751 801 800
f 751 752 801
f 752 802 801
f 752 753 802
f 753 803 802
f 753 754 803
f 754 804 803
f 754 755 804
f 755 805 804
f 755 756 805
f 756 806 805
f 756 757 806
f 757 807 806
f 757 758 807
f 758 808 807
f 758 759 808
f 759 809 808
f 759 760 809
f 760 810 809
f 760 761 810
f 761 811 810
f 761 762 811
f 762 812 811
f 762 763 812
f 763 813 812
f 763 764 813
f 764 814 813
f 764 765 814
f 765 815 814
f 765 766 815
f 766 816 815
f 766 767 816
f 767 817 816
f 767 768 817
f 768 818 817
f 768 769 818
f 769 819 818
f 769 770 819
f 770 820 819
f 770 771 820
f 771 821 820
f 771 772 821
f 772 822 821
f 772 773 822
f 773 823 822
f 773 774 823
f 774 824 823
f 774 775 824
f 775 825 824
f 775 776 825
f 776 826 825
f 776 777 826
f 777 827 826
f 777 778 827
f 778 828 827
f 778 779 828
f 779 829 828
f 779 780 829
f 780 830 829
f 780 781 830
f 781 831 830
f 781 782 831
f 782 832 831
f 782 783 832
f 783 833 832
f 783 784 833
f 784 834 833
f 784 785 834
f 785 835 834
f 785 786 835
f 786 836 835
f 786 787 836
f 787 837 836
f 787 788 837
f 788 838 837
f 788 789 838
f 789 839 838
f 789 790 839
f 790 840 839
f 791 792 841
f 792 842 841
f 792 793 842
f 793 843 842
f 793 794 843
f 794 844 843
f 794 795 844
f 795 845 844
f 795 796 845
f 796 846 845
f 796 797 846
f 797 847 846
f 797 798 847
f 798 848 847
f 798 799 848
f 799 849 848
f 799 800 849
f 800 850 849
f 800 801 850
f 801 851 850
f 801 802 851
f 802 852 851
f 802 803 852
f 803 853 852
f 803 804 853
f 804 854 853
f 804 805 854
f 805 855 854
f 805 806 855
f 806 856 855
f 806 807 856
f 807 857 856
f 807 808 857
f 808 858 857
f 808 809 858
f 809 859 858
f 809 810 859
f 810 860 859
f 810 811 860
f 811 861 860
f 811 812 861
f 812 862 861
f 812 813 862
f 813 863 862
f 813 814 863
f 814 864 863
f 814 815 864
f 815 865 864
f 815 816 865
f 816 866 865
f 816 817 866
f 817 867 866
f 817 818 867
f 818 868 867
f 818 819 868
f 819 869 868
f 819 820 869
f 820 870 869
f 820 821 870
f 821 871 870
f 821 822 871
f 822 872 871
f 822 823 872
f 823 873 872
f 823 824 873
f 824 874 873
f 824 825 874
f 825 875 874
f 825 826 875
f 826 876 875
f 826 827 876
f 827 877 876
f 827 828 877
f 828 878 877
f 828 829 878
f 829 879 878
f 829 830 879
f 830 880 879
f 830 831 880
f 831 881 880
f 831 832 881
f 832 882 881
f 832 833 882
f 833 883 882
f 833 834 883
f 834 884 883
f 834 835 884
f 835 885 884
f 835 836 885
f 836 886 885
f 836 837 886
f 837 887 886
f 837 838 887
f 838 888 887
f 838 839 888
f 839 889 888
f 839 840 889
f 841 842 890
f 842 891 890
f 842 843 891
f 843 892 891
f 843 844 892
f 844 893 892
f 844 845 893
f 845 894 893
f 845 846 894
f 846 895 894
f 846 847 895
f 847 896 895
f 847 848 896
f 848 897 896
f 848 849 897
f 849 898 897
f 849 850 898
f 850 899 898
f 850 851 899
f 851 900 899
f 851 852 900
f 852 901 900
f 852 853 901
f 853 902 901
f 853 854 902
f 854 903 902
f 854 855 903
f 855 904 903
f 855 856 904
f 856 905 904
f 856 857 905
f 857 906 905
f 857 858 906
f 858 907 906
f 858 859 907
f 859 908 907
f 859 860 908
f 860 909 908
f 860 861 909
f 861 910 909
f 861 862 910
f 862 911 910
f 862 863 911
f 863 912 911
f 863 864 912
f 864 913 912
f 864 865 913
f 865 914 913
f 865 866 914
f 866 915 914
f 866 867 915
f 867 916 915
f 867 868 916
f 868 917 916
f 868 869 917
f 869 918 917
f 869 870 918
f 870 919 918
f 870 871 919
f 871 920 919
f 871 872 920
f 872 921 920
f 872 873 921
f 873 922 921
f 873 874 922
f 874 923 922
f 874 875 923
f 875 924 923
f 875 876 924
f 876 925 924
f 876 877 925
f 877 926 925
f 877 878 926
f 878 927 926
f 878 879 927
f 879 928 927
f 879 880 928
f 880 929 928
f 880 881 929
f 881 930 929
f 881 882 930
f 882 931 930
f 882 883 931
f 883 932 931
f 883 884 932
f 884 933 932
f 884 885 933
f 885 934 933
f 885 886 934
f 886 935 934
f 886 887 935
f 887 936 935
f 887 888 936
f 888 937 936
f 888 889 937
f 889 938 937
f 890 940 939
f 890 891 940
f 891 941 940
f 891 892 941
f 892 942 941
f 892 893 942
f 893 943 942
f 893 894 943
f 894 944 943
f 894 895 944
f 895 945 944
f 895 896 945
f 896 946 945
f 896 897 946
f 897 947 946
f 897 898 947
f 898 948 947
f 898 899 948
f 899 949 948
f 899 900 949
f 900 950 949
f 900 901 950
f 901 951 950
f 901 902 951
f 902 952 951
f 902 903 952
f 903 953 952
f 903 904 953
f 904 954 953
f 904 905 954
f 905 955 954
f 905 906 955
f 906 956 955
f 906 907 956
f 907 957 956
f 907 908 957
f 908 958 957
f 908 909 958
f 909 959 958
f 909 910 959
f 910 960 959
f 910 911 960
f 911 961 960
f 911 912 961
f 912 962 961
f 912 913 962
f 913 963 962
f 913 914 963
f 914 964 963
f 914 915 964
f 915 965 964
f 915 916 965
f 916 966 965
f 916 917 966
f 917 967 966
f 917 918 967
f 918 968 967
f 918 919 968
f 919 969 968
f 919 920 969
f 920 970 969
f 920 921 970
f 921 971 970
f 921 922 971
f 922 972 971
f 922 923 972
f 923 973 972
f 923 924 973
f 924 974 973
f 924 925 974
f 925 975 974
f 925 926 975
f 926 976 975
f 926 927 976
f 927 977 976
f 927 928 977
f 928 978 977
f 928 929 978
f 929 979 978
f 929 930 979
f 930 980 979
f 930 931 980
f 931 981 980
f 931 932 981
f 932 982 981
f 932 933 982
f 933 983 982
f 933 934 983
f 934 984 983
f 934 935 984
f 935 985 984
f 935 936 985
f 936 986 985
f 936 937 986
f 937 987 986
f 937 938 987
f 940 941 988
f 941 989 988
f 941 942 989
f 942 990 989
f 942 943 990
f 943 991 990
f 943 944 991
f 944 992 991
f 944 945 992
f 945 993 992
f 945 946 993
f 946 994 993
f 946 947 994
f 947 995 994
f 947 948 995
f 948 996 995
f 948 949 996
f 949 997 996
f 949 950 997
f 950 998 997
f 950 951 998
f 951 999 998
f 951 952 999
f 952 1000 999
f 952 953 1000
f 953 1001 1000
f 953 954 1001
f 954 1002 1001
f 954 955 1002
f 955 1003 1002
f 955 956 1003
f 956 1004 1003
f 956 957 1004
f 957 1005 1004
f 957 958 1005
f 958 1006 1005
f 958 959 1006
f 959 1007 1006
f 959 960 1007
f 960 1008 1007
f 960 961 1008
f 961 1009 1008
f 961 962 1009
f 962 1010 1009
f 962 963 1010
f 963 1011 1010
f 963 964 1011
f 964 1012 1011
f 964 965 1012
f 965 1013 1012
f 965 966 1013
f 966 1014 1013
f 966 967 1014
f 967 1015 1014
f 967 968 1015
f 968 1016 1015
f 968 969 1016
f 969 1017 1016
f 969 970 1017
f 970 1018 1017
f 970 971 1018
f 971 1019 1018
f 971 972 1019
f 972 1020 1019
f 972 973 1020
f 973 1021 1020
f 973 974 1021
f 974 1022 1021
f 974 975 1022
f 975 1023 1022
f 975 976 1023
f 976 1024 1023
f 976 977 1024
f 977 1025 1024
f 977 978 1025
f 978 1026 1025
f 978 979 1026
f 979 1027 1026
f 979 980 1027
f 980 1028 1027
f 980 981 1028
f 981 1029 1028
f 981 982 1029
f 982 1030 1029
f 982 983 1030
f 983 1031 1030
f 983 984 1031
f 984 1032 1031
f 984 985 1032
f 985 1033 1032
f 985 986 1033
f 986 1034 1033
f 986 987 1034
f 987 1035 1034
f 988 1037 1036
f 988 989 1037
f 989 1038 1037
f 989 990 1038
f 990 1039 1038
f 990 991 1039
f 991 1040 1039
f 991 992 1040
f 992 1041 1040
f 992 993 1041
f 993 1042 1041
f 993 994 1042
f 994 1043 1042
f 994 995 1043
f 995 1044 1043
f 995 996 1044
f 996 1045 1044
f 996 997 1045
f 997 1046 1045
f 997 998 1046
f 998 1047 1046
f 998 999 1047
f 999 1048 1047
f 999 1000 1048
f 1000 1049 1048
f 1000 1001 1049
f 1001 1050 1049
f 1001 1002 1050
f 1002 1051 1050
f 1002 1003 1051
f 1003 1052 1051
f 1003 1004 1052
f 1004 1053 1052
f 1004 1005 1053
f 1005 1054 1053
f 1005 1006 1054
f 1006 1055 1054
f 1006 1007 1055
f 1007 1056 1055
f 1007 1008 1056
f 1008 1057 1056
f 1008 1009 1057
f 1009 1058 1057
f 1009 1010 1058
f 1010 1059 1058
f 1010 1011 1059
f 1011 1060 1059
f 1011 1012 1060
f 1012 1061 1060
f 1012 1013 1061
f 1013 1062 1061
f 1013 1014 1062
f 1014 1063 1062
f 1014 1015 1063
f 1015 1064 1063
f 1015 1016 1064
f 1016 1065 1064
f 1016 1017 1065
f 1017 1066 1065
f 1017 1018 1066
f 1018 1067 1066
f 1018 1019 1067
f 1019 1068 1067
f 1019 1020 1068
f 1020 1069 1068
f 1020 1021 1069
f 1021 1070 1069
f 1021 1022 1070
f 1022 1071 1070
f 1022 1023 1071
f 1023 1072 1071
f 1023 1024 1072
f 1024 1073 1072
f 1024 1025 1073
f 1025 1074 1073
f 1025 1026 1074
f 1026 1075 1074
f 1026 1027 1075
f 1027 1076 1075
f 1027 1028 1076
f 1028 1077 1076
f 1028 1029 1077
f 1029 1078 1077
f 1029 1030 1078
f 1030 1079 1078
f 1030 1031 1079
f 1031 1080 1079
f 1031 1032 1080
f 1032 1081 1080
f 1032 1033 1081
f 1037 1038 1082
f 1038 1083 1082
f 1038 1039 1083
f 1039 1084 1083
f 1039 1040 1084
f 1040 1085 1084
f 1040 1041 1085
f 1041 1086 1085
f 1041 1042 1086
f 1042 1087 1086
f 1042 1043 1087
f 1043 1088 1087
f 1043 1044 1088
f 1044 1089 1088
f 1044 1045 1089
f 1045 1090 1089
f 1045 1046 1090
f 1046 1091 1090
f 1046 1047 1091
f 1047 1092 1091
f 1047 1048 1092
f 1048 1093 1092
f 1048 1049 1093
f 1049 1094 1093
f 1049 1050 1094
f 1050 1095 1094
f 1050 1051 1095
f 1051 1096 1095
f 1051 1052 1096
f 1052 1097 1096
f 1052 1053 1097
f 1053 1098 1097
f 1053 1054 1098
f 1054 1099 1098
f 1054 1055 1099
f 1055 1100 1099
f 1055 1056 1100
f 1056 1101 1100
f 1056 1057 1101
f 1057 1102 1101
f 1057 1058 1102
f 1058 1103 1102
f 1058 1059 1103
f 1059 1104 1103
f 1059 1060 1104
f 1060 1105 1104
f 1060 1061 1105
f 1061 1106 1105
f 1061 1062 1106
f 1062 1107 1106
f 1062 1063 1107
f 1063 1108 1107
f 1063 1064 1108
f 1064 1109 1108
f 1064 1065 1109
f 1065 1110 1109
f 1065 1066 1110
f 1066 1111 1110
f 1066 1067 1111
f 1067 1112 1111
f 1067 1068 1112
f 1068 1113 1112
f 1068 1069 1113
f 1069 1114 1113
f 1069 1070 1114
f 1070 1115 1114
f 1070 1071 1115
f 1071 1116 1115
f 1071 1072 1116
f 1072 1117 1116
f 1072 1073 1117
f 1073 1118 1117
f 1073 1074 1118
f 1074 1119 1118
f 1074 1075 1119
f 1075 1120 1119
f 1075 1076 1120
f 1076 1121 1120
f 1076 1077 1121
f 1077 1122 1121
f 1077 1078 1122
f 1078 1123 1122
f 1078 1079 1123
f 1079 1124 1123
f 1079 1080 1124
f 1080 1125 1124
f 1080 1081 1125
f 1081 1126 1125
f 1082 1083 1129
f 1083 1130 1129
f 1083 1084 1130
f 1084 1131 1130
f 1084 1085 1131
f 1085 1132 1131
f 1085 1086 1132
f 1086 1133 1132
f 1086 1087 1133
f 1087 1134 1133
f 1087 1088 1134
f 1088 1135 1134
f 1088 1089 1135
f 1089 1136 1135
f 1089 1090 1136
f 1090 1137 1136
f 1090 1091 1137
f 1091 1138 1137
f 1091 1092 1138
f 1092 1139 1138
f 1092 1093 1139
f 1093 1140 1139
f 1093 1094 1140
f 1094 1141 1140
f 1094 1095 1141
f 1095 1142 1141
f 1095 1096 1142
f 1096 1143 1142
f 1096 1097 1143
f 1097 1144 1143
f 1097 1098 1144
f 1098 1145 1144
f 1098 1099 1145
f 1099 1146 1145
f 1099 1100 1146
f 1100 1147 1146
f 1100 1101 1147
f 1101 1148 1147
f 1101 1102 1148
f 1102 1149 1148
f 1102 1103 1149
f 1103 1150 1149
f 1103 1104 1150
f 1104 1151 1150
f 1104 1105 1151
f 1105 1152 1151
f 1105 1106 1152
f 1106 1153 1152
f 1106 1107 1153
f 1107 1154 1153
f 1107 1108 1154
f 1108 1155 1154
f 1108 1109 1155
f 1109 1156 1155
f 1109 1110 1156
f 1110 1157 1156
f 1110 1111 1157
f 1111 1158 1157
f 1111 1112 1158
f 1112 1159 1158
f 1112 1113 1159
f 1113 1160 1159
f 1113 1114 1160
f 1114 1161 1160
f 1114 1115 1161
f 1115 1162 1161
f 1115 1116 1162
f 1116 1163 1162
f 1116 1117 1163
f 1117 1164 1163
f 1117 1118 1164
f 1118 1165 1164
f 1118 1119 1165
f 1119 1166 1165
f 1119 1120 1166
f 1120 1167 1166
f 1120 1121 1167
f 1121 1168 1167
f 1121 1122 1168
f 1122 1169 1168
f 1122 1123 1169
f 1123 1170 1169
f 1123 1124 1170
f 1124 1171 1170
f 1124 1125 1171
f 1125 1172 1171
f 1125 1126 1172
f 1126 1173 1172
f 1126 1127 1173
f 1127 1174 1173
f 1127 1128 1174
f 1128 1175 1174
f 1129 1130 1176
f 1130 1177 1176
f 1130 1131 1177
f 1131 1178 1177
f 1131 1132 1178
f 1132 1179 1178
f 1132 1133 1179
f 1133 1180 1179
f 1133 1134 1180
f 1134 1181 1180
f 1134 1135 1181
f 1135 1182 1181
f 1135 1136 1182
f 1136 1183 1182
f 1136 1137 1183
f 1137 1184 1183
f 1137 1138 1184
f 1138 1185 1184
f 1138 1139 1185
f 1139 1186 1185
f 1139 1140 1186
f 1140 1187 1186
f 1140 1141 1187
f 1141 1188 1187
f 1141 1142 1188
f 1142 1189 1188
f 1142 1143 1189
f 1143 1190 1189
f 1143 1144 1190
f 1144 1191 1190
f 1144 1145 1191
f 1145 1192 1191
f 1145 1146 1192
f 1146 1193 1192
f 1146 1147 1193
f 1147 1194 1193
f 1147 1148 1194
f 1148 1195 1194
f 1148 1149 1195
f 1149 1196 1195
f 1149 1150 1196
f 1150 1197 1196
f 1150 1151 1197
f 1151 1198 1197
f 1151 1152 1198
f 1152 1199 1198
f 1152 1153 1199
f 1153 1200 1199
f 1153 1154 1200
f 1154 1201 1200
f 1154 1155 1201
f 1155 1202 1201
f 1155 1156 1202
f 1156 1203 1202
f 1156 1157 1203
f 1157 1204 1203
f 1157 1158 1204
f 1158 1205 1204
f 1158 1159 1205
f 1159 1206 1205
f 1159 1160 1206
f 1160 1207 1206
f 1160 1161 1207
f 1161 1208 1207
f 1161 1162 1208
f 1162 1209 1208
f 1162 1163 1209
f 1163 1210 1209
f 1163 1164 1210
f 1164 1211 1210
f 1164 1165 1211
f 1165 1212 1211
f 1165 1166 1212
f 1166 1213 1212
f 1166 1167 1213
f 1167 1214 1213
f 1167 1168 1214
f 1168 1215 1214
f 1168 1169 1215
f 1169 1216 1215
f 1169 1170 1216
f 1170 1217 1216
f 1170 1171 1217
f 1171 1218 1217
f 1171 1172 1218
f 1172 1219 1218
f 1172 1173 1219
f 1173 1220 1219
f 1173 1174 1220
f 1174 1221 1220
f 1174 1175 1221
f 1176 1223 1222
f 1176 1177 1223
f 1177 1224 1223
f 1177 1178 1224
f 1178 1225 1224
f 1178 1179 1225
f 1179 1226 1225
f 1179 1180 1226
f 1180 1227 1226
f 1180 1181 1227
f 1181 1228 1227
f 1181 1182 1228
f 1182 1229 1228
f 1182 1183 1229
f 1183 1230 1229
f 1183 1184 1230
f 1184 1231 1230
f 1184 1185 1231
f 1185 1232 1231
f 1185 1186 1232
f 1186 1233 1232
f 1186 1187 1233
f 1187 1234 1233
f 1187 1188 1234
f 1188 1235 1234
f 1188 1189 1235
f 1189 1236 1235
f 1189 1190 1236
f 1190 1237 1236
f 1190 1191 1237
f 1191 1238 1237
f 1191 1192 1238
f 1192 1239 1238
f 1192 1193 1239
f 1193 1240 1239
f 1193 1194 1240
f 1194 1241 1240
f 1194 1195 1241
f 1195 1242 1241
f 1195 1196 1242
f 1196 1243 1242
f 1196 1197 1243
f 1197 1244 1243
f 1197 1198 1244
f 1198 1245 1244
f 1198 1199 1245
f 1199 1246 1245
f 1199 1200 1246
f 1200 1247 1246
f 1200 1201 1247
f 1201 1248 1247
f 1201 1202 1248
f 1202 1249 1248
f 1202 1203 1249
f 1203 1250 1249
f 1203 1204 1250
f 1204 1251 1250
f 1204 1205 1251
f 1205 1252 1251
f 1205 1206 1252
f 1206 1253 1252
f 1206 1207 1253
f 1207 1254 1253
f 1207 1208 1254
f 1208 1255 1254
f 1208 1209 1255
f 1209 1256 1255
f 1209 1210 1256
f 1210 1257 1256
f 1210 1211 1257
f 1211 1258 1257
f 1211 1212 1258
f 1212 1259 1258
f 1212 1213 1259
f 1213 1260 1259
f 1213 1214 1260
f 1214 1261 1260
f 1214 1215 1261
f 1215 1262 1261
f 1215 1216 1262
f 1216 1263 1262
f 1216 1217 1263
f 1217 1264 1263
f 1217 1218 1264
f 1218 1265 1264
f 1218 1219 1265
f 1219 1266 1265
f 1219 1220 1266
f 1223 1224 1267
f 1224 1268 1267
f 1224 1225 1268
f 1225 1269 1268
f 1225 1226 1269
f 1226 1270 1269
f 1226 1227 1270
f 1227 1271 1270
f 1227 1228 1271
f 1228 1272 1271
f 1228 1229 1272
f 1229 1273 1272
f 1229 1230 1273
f 1230 1274 1273
f 1230 1231 1274
f 1231 1275 1274
f 1231 1232 1275
f 1232 1276 1275
f 1232 1233 1276
f 1233 1277 1276
f 1233 1234 1277
f 1234 1278 1277
f 1234 1235 1278
f 1235 1279 1278
f 1235 1236 1279
f 1236 1280 1279
f 1236 1237 1280
f 1237 1281 1280
f 1237 1238 1281
f 1238 1282 1281
f 1238 1239 1282
f 1239 1283 1282
f 1239 1240 1283
f 1240 1284 1283
f 1240 1241 1284
f 1241 1285 1284
f 1241 1242 1285
f 1242 1286 1285
f 1242 1243 1286
f 1243 1287 1286
f 1243 1244 1287
f 1244 1288 1287
f 1244 1245 1288
f 1245 1289 1288
f 1245 1246 1289
f 1246 1290 1289
f 1246 1247 1290
f 1247 1291 1290
f 1247 1248 1291
f 1248 1292 1291
f 1248 1249 1292
f 1249 1293 1292
f 1249 1250 1293
f 1250 1294 1293
f 1250 1251 1294
f 1251 1295 1294
f 1251 1252 1295
f 1252 1296 1295
f 1252 1253 1296
f 1253 1297 1296
f 1253 1254 1297
f 1254 1298 1297
f 1254 1255 1298
f 1255 1299 1298
f 1255 1256 1299
f 1256 1300 1299
f 1256 1257 1300
f 1257 1301 1300
f 1257 1258 1301
f 1258 1302 1301
f 1258 1259 1302
f 1259 1303 1302
f 1259 1260 1303
f 1260 1304 1303
f 1260 1261 1304
f 1261 1305 1304
f 1261 1262 1305
f 1262 1306 1305
f 1262 1263 1306
f 1263 1307 1306
f 1263 1264 1307
f 1264 1308 1307
f 1264 1265 1308
f 1265 1309 1308
f 1265 1266 1309
f 1266 1310 1309
f 1267 1313 1312
f 1267 1268 1313
f 1268 1314 1313
f 1268 1269 1314
f 1269 1315 1314
f 1269 1270 1315
f 1270 1316 1315
f 1270 1271 1316
f 1271 1317 1316
f 1271 1272 1317
f 1272 1318 1317
f 1272 1273 1318
f 1273 1319 1318
f 1273 1274 1319
f 1274 1320 1319
f 1274 1275 1320
f 1275 1321 1320
f 1275 1276 1321
f 1276 1322 1321
f 1276 1277 1322
f 1277 1323 1322
f 1277 1278 1323
f 1278 1324 1323
f 1278 1279 1324
f 1279 1325 1324
f 1279 1280 1325
f 1280 1326 1325
f 1280 1281 1326
f 1281 1327 1326
f 1281 1282 1327
f 1282 1328 1327
f 1282 1283 1328
f 1283 1329 1328
f 1283 1284 1329
f 1284 1330 1329
f 1284 1285 1330
f 1285 1331 1330
f 1285 1286 1331
f 1286 1332 1331
f 1286 1287 1332
f 1287 1333 1332
f 1287 1288 1333
f 1288 1334 1333
f 1288 1289 1334
f 1289 1335 1334
f 1289 1290 1335
f 1290 1336 1335
f 1290 1291 1336
f 1291 1337 1336
f 1291 1292 1337
f 1292 1338 1337
f 1292 1293 1338
f 1293 1339 1338
f 1293 1294 1339
f 1294 1340 1339
f 1294 1295 1340
f 1295 1341 1340
f 1295 1296 1341
f 1296 1342 1341
f 1296 1297 1342
f 1297 1343 1342
f 1297 1298 1343
f 1298 1344 1343
f 1298 1299 1344
f 1299 1345 1344
f 1299 1300 1345
f 1300 1346 1345
f 1300 1301 1346
f 1301 1347 1346
f 1301 1302 1347
f 1302 1348 1347
f 1302 1303 1348
f 1303 1349 1348
f 1303 1304 1349
f 1304 1350 1349
f 1304 1305 1350
f 1305 1351 1350
f 1305 1306 1351
f 1306 1352 1351
f 1306 1307 1352
f 1307 1353 1352
f 1307 1308 1353
f 1308 1354 1353
f 1308 1309 1354
f 1309 1355 1354
f 1309 1310 1355
f 1312 1313 1356
f 1313 1357 1356
f 1313 1314 1357
f 1314 1358 1357
f 1314 1315 1358
f 1315 1359 1358
f 1315 1316 1359
f 1316 1360 1359
f 1316 1317 1360
f 1317 1361 1360
f 1317 1318 1361
f 1318 1362 1361
f 1318 1319 1362
f 1319 1363 1362
f 1319 1320 1363
f 1320 1364 1363
f 1320 1321 1364
f 1321 1365 1364
f 1321 1322 1365
f 1322 1366 1365
f 1322 1323 1366
f 1323 1367 1366
f 1323 1324 1367
f 1324 1368 1367
f 1324 1325 1368
f 1325 1369 1368
f 1325 1326 1369
f 1326 1370 1369
f 1326 1327 1370
f 1327 1371 1370
f 1327 1328 1371
f 1328 1372 1371
f 1328 1329 1372
f 1329 1373 1372
f 1329 1330 1373
f 1330 1374 1373
f 1330 1331 1374
f 1331 1375 1374
f 1331 1332 1375
f 1332 1376 1375
f 1332 1333 1376
f 1333 1377 1376
f 1333 1334 1377
f 1334 1378 1377
f 1334 1335 1378
f 1335 1379 1378
f 1335 1336 1379
f 1336 1380 1379
f 1336 1337 1380
f 1337 1381 1380
f 1337 1338 1381
f 1338 1382 1381
f 1338 1339 1382
f 1339 1383 1382
f 1339 1340 1383
f 1340 1384 1383
f 1340 1341 1384
f 1341 1385 1384
f 1341 1342 1385
f 1342 1386 1385
f 1342 1343 1386
f 1343 1387 1386
f 1343 1344 1387
f 1344 1388 1387
f 1344 1345 1388
f 1345 1389 1388
f 1345 1346 1389
f 1346 1390 1389
f 1346 1347 1390
f 1347 1391 1390
f 1347 1348 1391
f 1348 1392 1391
f 1348 1349 1392
f 1349 1393 1392
f 1349 1350 1393
f 1350 1394 1393
f 1350 1351 1394
f 1351 1395 1394
f 1351 1352 1395
f 1352 1396 1395
f 1352 1353 1396
f 1353 1397 1396
f 1353 1354 1397
f 1354 1398 1397
f 1354 1355 1398
f 1355 1399 1398
f 1356 1401 1400
f 1356 1357 1401
f 1357 1402 1401
f 1357 1358 1402
f 1358 1403 1402
f 1358 1359 1403
f 1359 1404 1403
f 1359 1360 1404
f 1360 1405 1404
f 1360 1361 1405
f 1361 1406 1405
f 1361 1362 1406
f 1362 1407 1406
f 1362 1363 1407
f 1363 1408 1407
f 1363 1364 1408
f 1364 1409 1408
f 1364 1365 1409
f 1365 1410 1409
f 1365 1366 1410
f 1366 1411 1410
f 1366 1367 1411
f 1367 1412 1411
f 1367 1368 1412
f 1368 1413 1412
f 1368 1369 1413
f 1369 1414 1413
f 1369 1370 1414
f 1370 1415 1414
f 1370 1371 1415
f 1371 1416 1415
f 1371 1372 1416
f 1372 1417 1416
f 1372 1373 1417
f 1373 1418 1417
f 1373 1374 1418
f 1374 1419 1418
f 1374 1375 1419
f 1375 1420 1419
f 1375 1376 1420
f 1376 1421 1420
f 1376 1377 1421
f 1377 1422 1421
f 1377 1378 1422
f 1378 1423 1422
f 1378 1379 1423
f 1379 1424 1423
f 1379 1380 1424
f 1380 1425 1424
f 1380 1381 1425
f 1381 1426 1425
f 1381 1382 1426
f 1382 1427 1426
f 1382 1383 1427
f 1383 1428 1427
f 1383 1384 1428
f 1384 1429 1428
f 1384 1385 1429
f 1385 1430 1429
f 1385 1386 1430
f 1386 1431 1430
f 1386 1387 1431
f 1387 1432 1431
f 1387 1388 1432
f 1388 1433 1432
f 1388 1389 1433
f 1389 1434 1433
f 1389 1390 1434
f 1390 1435 1434
f 1390 1391 1435
f 1391 1436 1435
f 1391 1392 1436
f 1392 1437 1436
f 1392 1393 1437
f 1393 1438 1437
f 1393 1394 1438
f 1394 1439 1438
f 1394 1395 1439
f 1395 1440 1439
f 1395 1396 1440
f 1396 1441 1440
f 1396 1397 1441
f 1397 1442 1441
f 1397 1398 1442
f 1401 1402 1443
f 1402 1444 1443
f 1402 1403 1444
f 1403 1445 1444
f 1403 1404 1445
f 1404 1446 1445
f 1404 1405 1446
f 1405 1447 1446
f 1405 1406 1447
f 1406 1448 1447
f 1406 1407 1448
f 1407 1449 1448
f 1407 1408 1449
f 1408 1450 1449
f 1408 1409 1450
f 1409 1451 1450
f 1409 1410 1451
f 1410 1452 1451
f 1410 1411 1452
f 1411 1453 1452
f 1411 1412 1453
f 1412 1454 1453
f 1412 1413 1454
f 1413 1455 1454
f 1413 1414 1455
f 1414 1456 1455
f 1414 1415 1456
f 1415 1457 1456
f 1415 1416 1457
f 1416 1458 1457
f 1416 1417 1458
f 1417 1459 1458
f 1417 1418 1459
f 1418 1460 1459
f 1418 1419 1460
f 1419 1461 1460
f 1419 1420 1461
f 1420 1462 1461
f 1420 1421 1462
f 1421 1463 1462
f 1421 1422 1463
f 1422 1464 1463
f 1422 1423 1464
f 1423 1465 1464
f 1423 1424 1465
f 1424 1466 1465
f 1424 1425 1466
f 1425 1467 1466
f 1425 1426 1467
f 1426 1468 1467
f 1426 1427 1468
f 1427 1469 1468
f 1427 1428 1469
f 1428 1470 1469
f 1428 1429 1470
f 1429 1471 1470
f 1429 1430 1471
f 1430 1472 1471
f 1430 1431 1472
f 1431 1473 1472
f 1431 1432 1473
f 1432 1474 1473
f 1432 1433 1474
f 1433 1475 1474
f 1433 1434 1475
f 1434 1476 1475
f 1434 1435 1476
f 1435 1477 1476
f 1435 1436 1477
f 1436 1478 1477
f 1436 1437 1478
f 1437 1479 1478
f 1437 1438 1479
f 1438 1480 1479
f 1438 1439 1480
f 1439 1481 1480
f 1439 1440 1481
f 1440 1482 1481
f 1440 1441 1482
f 1441 1483 1482
f 1441 1442 1483
f 1443 1485 1484
f 1443 1444 1485
f 1444 1486 1485
f 1444 1445 1486
f 1445 1487 1486
f 1445 1446 1487
f 1446 1488 1487
f 1446 1447 1488
f 1447 1489 1488
f 1447 1448 1489
f 1448 1490 1489
f 1448 1449 1490
f 1449 1491 1490
f 1449 1450 1491
f 1450 1492 1491
f 1450 1451 1492
f 1451 1493 1492
f 1451 1452 1493
f 1452 1494 1493
f 1452 1453 1494
f 1453 1495 1494
f 1453 1454 1495
f 1454 1496 1495
f 1454 1455 1496
f 1455 1497 1496
f 1455 1456 1497
f 1456 1498 1497
f 1456 1457 1498
f 1457 1499 1498
f 1457 1458 1499
f 1458 1500 1499
f 1458 1459 1500
f 1459 1501 1500
f 1459 1460 1501
f 1460 1502 1501
f 1460 1461 1502
f 1461 1503 1502
f 1461 1462 1503
f 1462 1504 1503
f 1462 1463 1504
f 1463 1505 1504
f 1463 1464 1505
f 1464 1506 1505
f 1464 1465 1506
f 1465 1507 1506
f 1465 1466 1507
f 1466 1508 1507
f 1466 1467 1508
f 1467 1509 1508
f 1467 1468 1509
f 1468 1510 1509
f 1468 1469 1510
f 1469 1511 1510
f 1469 1470 1511
f 1470 1512 1511
f 1470 1471 1512
f 1471 1513 1512
f 1471 1472 1513
f 1472 1514 1513
f 1472 1473 1514
f 1473 1515 1514
f 1473 1474 1515
f 1474 1516 1515
f 1474 1475 1516
f 1475 1517 1516
f 1475 1476 1517
f 1476 1518 1517
f 1476 1477 1518
f 1477 1519 1518
f 1477 1478 1519
f 1478 1520 1519
f 1478 1479 1520
f 1479 1521 1520
f 1479 1480 1521
f 1480 1522 1521
f 1480 1481 1522
f 1481 1523 1522
f 1481 1482 1523
f 1482 1524 1523
f 1482 1483 1524
f 1484 1485 1525
f 1485 1526 1525
f 1485 1486 1526
f 1486 1527 1526
f 1486 1487 1527
f 1487 1528 1527
f 1487 1488 1528
f 1488 1529 1528
f 1488 1489 1529
f 1489 1530 1529
f 1489 1490 1530
f 1490 1531 1530
f 1490 1491 1531
f 1491 1532 1531
f 1491 1492 1532
f 1492 1533 1532
f 1492 1493 1533
f 1493 1534 1533
f 1493 1494 1534
f 1494 1535 1534
f 1494 1495 1535
f 1495 1536 1535
f 1495 1496 1536
f 1496 1537 1536
f 1496 1497 1537
f 1497 1538 1537
f 1497 1498 1538
f 1498 1539 1538
f 1498 1499 1539
f 1499 1540 1539
f 1499 1500 1540
f 1500 1541 1540
f 1500 1501 1541
f 1501 1542 1541
f 1501 1502 1542
f 1502 1543 1542
f 1502 1503 1543
f 1503 1544 1543
f 1503 1504 1544
f 1504 1545 1544
f 1504 1505 1545
f 1505 1546 1545
f 1505 1506 1546
f 1506 1547 1546
f 1506 1507 1547
f 1507 1548 1547
f 1507 1508 1548
f 1508 1549 1548
f 1508 1509 1549
f 1509 1550 1549
f 1509 1510 1550
f 1510 1551 1550
f 1510 1511 1551
f 1511 1552 1551
f 1511 1512 1552
f 1512 1553 1552
f 1512 1513 1553
f 1513 1554 1553
f 1513 1514 1554
f 1514 1555 1554
f 1514 1515 1555
f 1515 1556 1555
f 1515 1516 1556
f 1516 1557 1556
f 1516 1517 1557
f 1517 1558 1557
f 1517 1518 1558
f 1518 1559 1558
f 1518 1519 1559
f 1519 1560 1559
f 1519 1520 1560
f 1520 1561 1560
f 1520 1521 1561
f 1521 1562 1561
f 1521 1522 1562
f 1522 1563 1562
f 1522 1523 1563
f 1523 1564 1563
f 1523 1524 1564
f 1524 1565 1564
f 1525 1567 1566
f 1525 1526 1567
f 1526 1568 1567
f 1526 1527 1568
f 1527 1569 1568
f 1527 1528 1569
f 1528 1570 1569
f 1528 1529 1570
f 1529 1571 1570
f 1529 1530 1571
f 1530 1572 1571
f 1530 1531 1572
f 1531 1573 1572
f 1531 1532 1573
f 1532 1574 1573
f 1532 1533 1574
f 1533 1575 1574
f 1533 1534 1575
f 1534 1576 1575
f 1534 1535 1576
f 1535 1577 1576
f 1535 1536 1577
f 1536 1578 1577
f 1536 1537 1578
f 1537 1579 1578
f 1537 1538 1579
f 1538 1580 1579
f 1538 1539 1580
f 1539 1581 1580
f 1539 1540 1581
f 1540 1582 1581
f 1540 1541 1582
f 1541 1583 1582
f 1541 1542 1583
f 1542 1584 1583
f 1542 1543 1584
f 1543 1585 1584
f 1543 1544 1585
f 1544 1586 1585
f 1544 1545 1586
f 1545 1587 1586
f 1545 1546 1587
f 1546 1588 1587
f 1546 1547 1588
f 1547 1589 1588
f 1547 1548 1589
f 1548 1590 1589
f 1548 1549 1590
f 1549 1591 1590
f 1549 1550 1591
f 1550 1592 1591
f 1550 1551 1592
f 1551 1593 1592
f 1551 1552 1593
f 1552 1594 1593
f 1552 1553 1594
f 1553 1595 1594
f 1553 1554 1595
f 1554 1596 1595
f 1554 1555 1596
f 1555 1597 1596
f 1555 1556 1597
f 1556 1598 1597
f 1556 1557 1598
f 1557 1599 1598
f 1557 1558 1599
f 1558 1600 1599
f 1558 1559 1600
f 1559 1601 1600
f 1559 1560 1601
f 1560 1602 1601
f 1560 1561 1602
f 1561 1603 1602
f 1561 1562 1603
f 1566 1567 1604
f 1567 1605 1604
f 1567 1568 1605
f 1568 1606 1605
f 1568 1569 1606
f 1569 1607 1606
f 1569 1570 1607
f 1570 1608 1607
f 1570 1571 1608
f 1571 1609 1608
f 1571 1572 1609
f 1572 1610 1609
f 1572 1573 1610
f 1573 1611 1610
f 1573 1574 1611
f 1574 1612 1611
f 1574 1575 1612
f 1575 1613 1612
f 1575 1576 1613
f 1576 1614 1613
f 1576 1577 1614
f 1577 1615 1614
f 1577 1578 1615
f 1578 1616 1615
f 1578 1579 1616
f 1579 1617 1616
f 1579 1580 1617
f 1580 1618 1617
f 1580 1581 1618
f 1581 1619 1618
f 1581 1582 1619
f 1582 1620 1619
f 1582 1583 1620
f 1583 1621 1620
f 1583 1584 1621
f 1584 1622 1621
f 1584 1585 1622
f 1585 1623 1622
f 1585 1586 1623
f 1586 1624 1623
f 1586 1587 1624
f 1587 1625 1624
f 1587 1588 1625
f 1588 1626 1625
f 1588 1589 1626
f 1589 1627 1626
f 1589 1590 1627
f 1590 1628 1627
f 1590 1591 1628
f 1591 1629 1628
f 1591 1592 1629
f 1592 1630 1629
f 1592 1593 1630
f 1593 1631 1630
f 1593 1594 1631
f 1594 1632 1631
f 1594 1595 1632
f 1595 1633 1632
f 1595 1596 1633
f 1596 1634 1633
f 1596 1597 1634
f 1597 1635 1634
f 1597 1598 1635
f 1598 1636 1635
f 1598 1599 1636
f 1599 1637 1636
f 1599 1600 1637
f 1600 1638 1637
f 1600 1601 1638
f 1601 1639 1638
f 1601 1602 1639
f 1602 1640 1639
f 1602 1603 1640
f 1603 1641 1640
f 1604 1644 1643
f 1604 1605 1644
f 1605 1645 1644
f 1605 1606 1645
f 1606 1646 1645
f 1606 1607 1646
f 1607 1647 1646
f 1607 1608 1647
f 1608 1648 1647
f 1608 1609 1648
f 1609 1649 1648
f 1609 1610 1649
f 1610 1650 1649
f 1610 1611 1650
f 1611 1651 1650
f 1611 1612 1651
f 1612 1652 1651
f 1612 1613 1652
f 1613 1653 1652
f 1613 1614 1653
f 1614 1654 1653
f 1614 1615 1654
f 1615 1655 1654
f 1615 1616 1655
f 1616 1656 1655
f 1616 1617 1656
f 1617 1657 1656
f 1617 1618 1657
f 1618 1658 1657
f 1618 1619 1658
f 1619 1659 1658
f 1619 1620 1659
f 1620 1660 1659
f 1620 1621 1660
f 1621 1661 1660
f 1621 1622 1661
f 1622 1662 1661
f 1622 1623 1662
f 1623 1663 1662
f 1623 1624 1663
f 1624 1664 1663
f 1624 1625 1664
f 1625 1665 1664
f 1625 1626 1665
f 1626 1666 1665
f 1626 1627 1666
f 1627 1667 1666
f 1627 1628 1667
f 1628 1668 1667
f 1628 1629 1668
f 1629 1669 1668
f 1629 1630 1669
f 1630 1670 1669
f 1630 1631 1670
f 1631 1671 1670
f 1631 1632 1671
f 1632 1672 1671
f 1632 1633 1672
f 1633 1673 1672
f 1633 1634 1673
f 1634 1674 1673
f 1634 1635 1674
f 1635 1675 1674
f 1635 1636 1675
f 1636 1676 1675
f 1636 1637 1676
f 1637 1677 1676
f 1637 1638 1677
f 1638 1678 1677
f 1638 1639 1678
f 1639 1679 1678
f 1639 1640 1679
f 1640 1680 1679
f 1640 1641 1680
f 1641 1681 1680
f 1641 1642 1681
f 1643 1644 1682
f 1644 1683 1682
f 1644 1645 1683
f 1645 1684 1683
f 1645 1646 1684
f 1646 1685 1684
f 1646 1647 1685
f 1647 1686 1685
f 1647 1648 1686
f 1648 1687 1686
f 1648 1649 1687
f 1649 1688 1687
f 1649 1650 1688
f 1650 1689 1688
f 1650 1651 1689
f 1651 1690 1689
f 1651 1652 1690
f 1652 1691 1690
f 1652 1653 1691
f 1653 1692 1691
f 1653 1654 1692
f 1654 1693 1692
f 1654 1655 1693
f 1655 1694 1693
f 1655 1656 1694
f 1656 1695 1694
f 1656 1657 1695
f 1657 1696 1695
f 1657 1658 1696
f 1658 1697 1696
f 1658 1659 1697
f 1659 1698 1697
f 1659 1660 1698
f 1660 1699 1698
f 1660 1661 1699
f 1661 1700 1699
f 1661 1662 1700
f 1662 1701 1700
f 1662 1663 1701
f 1663 1702 1701
f 1663 1664 1702
f 1664 1703 1702
f 1664 1665 1703
f 1665 1704 1703
f 1665 1666 1704
f 1666 1705 1704
f 1666 1667 1705
f 1667 1706 1705
f 1667 1668 1706
f 1668 1707 1706
f 1668 1669 1707
f 1669 1708 1707
f 1669 1670 1708
f 1670 1709 1708
f 1670 1671 1709
f 1671 1710 1709
f 1671 1672 1710
f 1672 1711 1710
f 1672 1673 1711
f 1673 1712 1711
f 1673 1674 1712
f 1674 1713 1712
f 1674 1675 1713
f 1675 1714 1713
f 1675 1676 1714
f 1676 1715 1714
f 1676 1677 1715
f 1677 1716 1715
f 1677 1678 1716
f 1678 1717 1716
f 1678 1679 1717
f 1679 1718 1717
f 1679 1680 1718
f 1680 1719 1718
f 1680 1681 1719
f 1682 1723 1722
f 1682 1683 1723
f 1683 1724 1723
f 1683 1684 1724
f 1684 1725 1724
f 1684 1685 1725
f 1685 1726 1725
f 1685 1686 1726
f 1686 1727 1726
f 1686 1687 1727
f 1687 1728 1727
f 1687 1688 1728
f 1688 1729 1728
f 1688 1689 1729
f 1689 1730 1729
f 1689 1690 1730
f 1690 1731 1730
f 1690 1691 1731
f 1691 1732 1731
f 1691 1692 1732
f 1692 1733 1732
f 1692 1693 1733
f 1693 1734 1733
f 1693 1694 1734
f 1694 1735 1734
f 1694 1695 1735
f 1695 1736 1735
f 1695 1696 1736
f 1696 1737 1736
f 1696 1697 1737
f 1697 1738 1737
f 1697 1698 1738
f 1698 1739 1738
f 1698 1699 1739
f 1699 1740 1739
f 1699 1700 1740
f 1700 1741 1740
f 1700 1701 1741
f 1701 1742 1741
f 1701 1702 1742
f 1702 1743 1742
f 1702 1703 1743
f 1703 1744 1743
f 1703 1704 1744
f 1704 1745 1744
f 1704 1705 1745
f 1705 1746 1745
f 1705 1706 1746
f 1706 1747 1746
f 1706 1707 1747
f 1707 1748 1747
f 1707 1708 1748
f 1708 1749 1748
f 1708 1709 1749
f 1709 1750 1749
f 1709 1710 1750
f 1710 1751 1750
f 1710 1711 1751
f 1711 1752 1751
f 1711 1712 1752
f 1712 1753 1752
f 1712 1713 1753
f 1713 1754 1753
f 1713 1714 1754
f 1714 1755 1754
f 1714 1715 1755
f 1715 1756 1755
f 1715 1716 1756
f 1716 1757 1756
f 1716 1717 1757
f 1717 1758 1757
f 1717 1718 1758
f 1718 1759 1758
f 1718 1719 1759
f 1719 1760 1759
f 1722 1723 1762
f 1723 1763 1762
f 1723 1724 1763
f 1724 1764 1763
f 1724 1725 1764
f 1725 1765 1764
f 1725 1726 1765
f 1726 1766 1765
f 1726 1727 1766
f 1727 1767 1766
f 1727 1728 1767
f 1728 1768 1767
f 1728 1729 1768
f 1729 1769 1768
f 1729 1730 1769
f 1730 1770 1769
f 1730 1731 1770
f 1731 1771 1770
f 1731 1732 1771
f 1732 1772 1771
f 1732 1733 1772
f 1733 1773 1772
f 1733 1734 1773
f 1734 1774 1773
f 1734 1735 1774
f 1735 1775 1774
f 1735 1736 1775
f 1736 1776 1775
f 1736 1737 1776
f 1737 1777 1776
f 1737 1738 1777
f 1738 1778 1777
f 1738 1739 1778
f 1739 1779 1778
f 1739 1740 1779
f 1740 1780 1779
f 1740 1741 1780
f 1741 1781 1780
f 1741 1742 1781
f 1742 1782 1781
f 1742 1743 1782
f 1743 1783 1782
f 1743 1744 1783
f 1744 1784 1783
f 1744 1745 1784
f 1745 1785 1784
f 1745 1746 1785
f 1746 1786 1785
f 1746 1747 1786
f 1747 1787 1786
f 1747 1748 1787
f 1748 1788 1787
f 1748 1749 1788
f 1749 1789 1788
f 1749 1750 1789
f 1750 1790 1789
f 1750 1751 1790
f 1751 1791 1790
f 1751 1752 1791
f 1752 1792 1791
f 1752 1753 1792
f 1753 1793 1792
f 1753 1754 1793
f 1754 1794 1793
f 1754 1755 1794
f 1755 1795 1794
f 1755 1756 1795
f 1756 1796 1795
f 1756 1757 1796
f 1757 1797 1796
f 1757 1758 1797
f 1758 1798 1797
f 1758 1759 1798
f 1759 1799 1798
f 1759 1760 1799
f 1760 1800 1799
f 1760 1761 1800
f 1762 1803 1802
f 1762 1763 1803
f 1763 1804 1803
f 1763 1764 1804
f 1764 1805 1804
f 1764 1765 1805
f 1765 1806 1805
f 1765 1766 1806
f 1766 1807 1806
f 1766 1767 1807
f 1767 1808 1807
f 1767 1768 1808
f 1768 1809 1808
f 1768 1769 1809
f 1769 1810 1809
f 1769 1770 1810
f 1770 1811 1810
f 1770 1771 1811
f 1771 1812 1811
f 1771 1772 1812
f 1772 1813 1812
f 1772 1773 1813
f 1773 1814 1813
f 1773 1774 1814
f 1774 1815 1814
f 1774 1775 1815
f 1775 1816 1815
f 1775 1776 1816
f 1776 1817 1816
f 1776 1777 1817
f 1777 1818 1817
f 1777 1778 1818
f 1778 1819 1818
f 1778 1779 1819
f 1779 1820 1819
f 1779 1780 1820
f 1780 1821 1820
f 1780 1781 1821
f 1781 1822 1821
f 1781 1782 1822
f 1782 1823 1822
f 1782 1783 1823
f 1783 1824 1823
f 1783 1784 1824
f 1784 1825 1824
f 1784 1785 1825
f 1785 1826 1825
f 1785 1786 1826
f 1786 1827 1826
f 1786 1787 1827
f 1787 1828 1827
f 1787 1788 1828
f 1788 1829 1828
f 1788 1789 1829
f 1789 1830 1829
f 1789 1790 1830
f 1790 1831 1830
f 1790 1791 1831
f 1791 1832 1831
f 1791 1792 1832
f 1792 1833 1832
f 1792 1793 1833
f 1793 1834 1833
f 1793 1794 1834
f 1794 1835 1834
f 1794 1795 1835
f 1795 1836 1835
f 1795 1796 1836
f 1796 1837 1836
f 1796 1797 1837
f 1798 1799 1838
f 1799 1839 1838
f 1799 1800 1839
f 1800 1840 1839
f 1802 1803 1845
f 1803 1846 1845
f 1803 1804 1846
f 1804 1847 1846
f 1804 1805 1847
f 1805 1848 1847
f 1805 1806 1848
f 1806 1849 1848
f 1806 1807 1849
f 1807 1850 1849
f 1807 1808 1850
f 1808 1851 1850
f 1808 1809 1851
f 1809 1852 1851
f 1809 1810 1852
f 1810 1853 1852
f 1810 1811 1853
f 1811 1854 1853
f 1811 1812 1854
f 1812 1855 1854
f 1812 1813 1855
f 1813 1856 1855
f 1813 1814 1856
f 1814 1857 1856
f 1814 1815 1857
f 1815 1858 1857
f 1815 1816 1858
f 1816 1859 1858
f 1816 1817 1859
f 1817 1860 1859
f 1817 1818 1860
f 1818 1861 1860
f 1818 1819 1861
f 1819 1862 1861
f 1819 1820 1862
f 1820 1863 1862
f 1820 1821 1863
f 1821 1864 1863
f 1821 1822 1864
f 1822 1865 1864
f 1822 1823 1865
f 1823 1866 1865
f 1823 1824 1866
f 1824 1867 1866
f 1824 1825 1867
f 1825 1868 1867
f 1825 1826 1868
f 1826 1869 1868
f 1826 1827 1869
f 1827 1870 1869
f 1827 1828 1870
f 1828 1871 1870
f 1828 1829 1871
f 1829 1872 1871
f 1829 1830 1872
f 1830 1873 1872
f 1830 1831 1873
f 1831 1874 1873
f 1831 1832 1874
f 1832 1875 1874
f 1832 1833 1875
f 1833 1876 1875
f 1833 1834 1876
f 1834 1877 1876
f 1834 1835 1877
f 1835 1878 1877
f 1835 1836 1878
f 1836 1879 1878
f 1836 1837 1879
f 1837 1880 1879
f 1838 1882 1881
f 1838 1839 1882
f 1840 1841 1883
f 1841 1884 1883
f 1842 1886 1885
f 1845 1891 1890
f 1845 1846 1891
f 1846 1892 1891
f 1846 1847 1892
f 1847 1893 1892
f 1847 1848 1893
f 1848 1894 1893
f 1848 1849 1894
f 1849 1895 1894
f 1849 1850 1895
f 1850 1896 1895
f 1850 1851 1896
f 1851 1897 1896
f 1851 1852 1897
f 1852 1898 1897
f 1852 1853 1898
f 1853 1899 1898
f 1853 1854 1899
f 1854 1900 1899
f 1854 1855 1900
f 1855 1901 1900
f 1855 1856 1901
f 1856 1902 1901
f 1856 1857 1902
f 1857 1903 1902
f 1857 1858 1903
f 1858 1904 1903
f 1858 1859 1904
f 1859 1905 1904
f 1859 1860 1905
f 1860 1906 1905
f 1860 1861 1906
f 1861 1907 1906
f 1861 1862 1907
f 1862 1908 1907
f 1862 1863 1908
f 1863 1909 1908
f 1863 1864 1909
f 1864 1910 1909
f 1864 1865 1910
f 1865 1911 1910
f 1865 1866 1911
f 1866 1912 1911
f 1866 1867 1912
f 1867 1913 1912
f 1867 1868 1913
f 1868 1914 1913
f 1868 1869 1914
f 1869 1915 1914
f 1869 1870 1915
f 1870 1916 1915
f 1870 1871 1916
f 1871 1917 1916
f 1871 1872 1917
f 1872 1918 1917
f 1872 1873 1918
f 1873 1919 1918
f 1873 1874 1919
f 1874 1920 1919
f 1874 1875 1920
f 1875 1921 1920
f 1875 1876 1921
f 1876 1922 1921
f 1876 1877 1922
f 1877 1923 1922
f 1877 1878 1923
f 1878 1924 1923
f 1878 1879 1924
f 1879 1925 1924
f 1879 1880 1925
f 1881 1882 1926
f 1882 1927 1926
f 1883 1929 1928
f 1883 1884 1929
f 1884 1930 1929
f 1884 1885 1930
f 1885 1931 1930
f 1885 1886 1931
f 1886 1932 1931
f 1886 1887 1932
f 1887 1933 1932
f 1891 1892 1935
f 1892 1936 1935
f 1892 1893 1936
f 1893 1937 1936
f 1893 1894 1937
f 1894 1938 1937
f 1894 1895 1938
f 1895 1939 1938
f 1895 1896 1939
f 1896 1940 1939
f 1896 1897 1940
f 1897 1941 1940
f 1897 1898 1941
f 1898 1942 1941
f 1898 1899 1942
f 1899 1943 1942
f 1899 1900 1943
f 1900 1944 1943
f 1900 1901 1944
f 1901 1945 1944
f 1901 1902 1945
f 1902 1946 1945
f 1902 1903 1946
f 1903 1947 1946
f 1903 1904 1947
f 1904 1948 1947
f 1904 1905 1948
f 1905 1949 1948
f 1905 1906 1949
f 1906 1950 1949
f 1906 1907 1950
f 1907 1951 1950
f 1907 1908 1951
f 1908 1952 1951
f 1908 1909 1952
f 1909 1953 1952
f 1909 1910 1953
f 1910 1954 1953
f 1910 1911 1954
f 1911 1955 1954
f 1911 1912 1955
f 1912 1956 1955
f 1912 1913 1956
f 1913 1957 1956
f 1913 1914 1957
f 1914 1958 1957
f 1914 1915 1958
f 1915 1959 1958
f 1915 1916 1959
f 1916 1960 1959
f 1916 1917 1960
f 1917 1961 1960
f 1917 1918 1961
f 1918 1962 1961
f 1918 1919 1962
f 1919 1963 1962
f 1919 1920 1963
f 1920 1964 1963
f 1920 1921 1964
f 1921 1965 1964
f 1921 1922 1965
f 1922 1966 1965
f 1922 1923 1966
f 1923 1967 1966
f 1923 1924 1967
f 1924 1968 1967
f 1924 1925 1968
f 1926 1970 1969
f 1926 1927 1970
f 1927 1971 1970
f 1927 1928 1971
f 1928 1972 1971
f 1928 1929 1972
f 1929 1973 1972
f 1929 1930 1973
f 1930 1974 1973
f 1930 1931 1974
f 1931 1975 1974
f 1931 1932 1975
f 1932 1976 1975
f 1932 1933 1976
f 1933 1977 1976
f 1935 1980 1979
f 1935 1936 1980
f 1936 1981 1980
f 1936 1937 1981
f 1937 1982 1981
f 1937 1938 1982
f 1938 1983 1982
f 1938 1939 1983
f 1939 1984 1983
f 1939 1940 1984
f 1940 1985 1984
f 1940 1941 1985
f 1941 1986 1985
f 1941 1942 1986
f 1942 1987 1986
f 1942 1943 1987
f 1943 1988 1987
f 1943 1944 1988
f 1944 1989 1988
f 1944 1945 1989
f 1945 1990 1989
f 1945 1946 1990
f 1946 1991 1990
f 1946 1947 1991
f 1947 1992 1991
f 1947 1948 1992
f 1948 1993 1992
f 1948 1949 1993
f 1949 1994 1993
f 1949 1950 1994
f 1950 1995 1994
f 1950 1951 1995
f 1951 1996 1995
f 1951 1952 1996
f 1952 1997 1996
f 1952 1953 1997
f 1953 1998 1997
f 1953 1954 1998
f 1954 1999 1998
f 1954 1955 1999
f 1955 2000 1999
f 1955 1956 2000
f 1956 2001 2000
f 1956 1957 2001
f 1957 2002 2001
f 1957 1958 2002
f 1958 2003 2002
f 1958 1959 2003
f 1959 2004 2003
f 1959 1960 2004
f 1960 2005 2004
f 1960 1961 2005
f 1961 2006 2005
f 1961 1962 2006
f 1962 2007 2006
f 1962 1963 2007
f 1963 2008 2007
f 1963 1964 2008
f 1964 2009 2008
f 1964 1965 2009
f 1965 2010 2009
f 1965 1966 2010
f 1966 2011 2010
f 1966 1967 2011
f 1967 2012 2011
f 1967 1968 2012
f 1968 2013 2012
f 1969 2015 2014
f 1969 1970 2015
f 1970 2016 2015
f 1970 1971 2016
f 1971 2017 2016
f 1971 1972 2017
f 1972 2018 2017
f 1972 1973 2018
f 1973 2019 2018
f 1973 1974 2019
f 1974 2020 2019
f 1974 1975 2020
f 1975 2021 2020
f 1975 1976 2021
f 1976 2022 2021
f 1976 1977 2022
f 1977 2023 2022
f 1980 1981 2026
f 1981 2027 2026
f 1981 1982 2027
f 1982 2028 2027
f 1982 1983 2028
f 1983 2029 2028
f 1983 1984 2029
f 1984 2030 2029
f 1984 1985 2030
f 1985 2031 2030
f 1985 1986 2031
f 1986 2032 2031
f 1986 1987 2032
f 1987 2033 2032
f 1987 1988 2033
f 1988 2034 2033
f 1988 1989 2034
f 1989 2035 2034
f 1989 1990 2035
f 1990 2036 2035
f 1990 1991 2036
f 1991 2037 2036
f 1991 1992 2037
f 1992 2038 2037
f 1992 1993 2038
f 1993 2039 2038
f 1993 1994 2039
f 1994 2040 2039
f 1994 1995 2040
f 1995 2041 2040
f 1995 1996 2041
f 1996 2042 2041
f 1996 1997 2042
f 1997 2043 2042
f 1997 1998 2043
f 1998 2044 2043
f 1998 1999 2044
f 1999 2045 2044
f 1999 2000 2045
f 2000 2046 2045
f 2000 2001 2046
f 2001 2047 2046
f 2001 2002 2047
f 2002 2048 2047
f 2002 2003 2048
f 2003 2049 2048
f 2003 2004 2049
f 2004 2050 2049
f 2004 2005 2050
f 2005 2051 2050
f 2005 2006 2051
f 2006 2052 2051
f 2006 2007 2052
f 2007 2053 2052
f 2007 2008 2053
f 2008 2054 2053
f 2008 2009 2054
f 2009 2055 2054
f 2009 2010 2055
f 2010 2056 2055
f 2010 2011 2056
f 2011 2057 2056
f 2011 2012 2057
f 2012 2058 2057
f 2012 2013 2058
f 2013 2059 2058
f 2013 2014 2059
f 2014 2060 2059
f 2014 2015 2060
f 2015 2061 2060
f 2015 2016 2061
f 2016 2062 2061
f 2016 2017 2062
f 2017 2063 2062
f 2017 2018 2063
f 2018 2064 2063
f 2018 2019 2064
f 2019 2065 2064
f 2019 2020 2065
f 2021 2022 2066
f 2022 2067 2066
f 2022 2023 2067
f 2023 2068 2067
f 2023 2024 2068
f 2024 2069 2068
f 2026 2074 2073
f 2026 2027 2074
f 2027 2075 2074
f 2027 2028 2075
f 2028 2076 2075
f 2028 2029 2076
f 2029 2077 2076
f 2029 2030 2077
f 2030 2078 2077
f 2030 2031 2078
f 2031 2079 2078
f 2031 2032 2079
f 2032 2080 2079
f 2032 2033 2080
f 2033 2081 2080
f 2033 2034 2081
f 2034 2082 2081
f 2034 2035 2082
f 2035 2083 2082
f 2035 2036 2083
f 2036 2084 2083
f 2036 2037 2084
f 2037 2085 2084
f 2037 2038 2085
f 2038 2086 2085
f 2038 2039 2086
f 2039 2087 2086
f 2039 2040 2087
f 2040 2088 2087
f 2040 2041 2088
f 2041 2089 2088
f 2041 2042 2089
f 2042 2090 2089
f 2042 2043 2090
f 2043 2091 2090
f 2043 2044 2091
f 2044 2092 2091
f 2044 2045 2092
f 2045 2093 2092
f 2045 2046 2093
f 2046 2094 2093
f 2046 2047 2094
f 2047 2095 2094
f 2047 2048 2095
f 2048 2096 2095
f 2048 2049 2096
f 2049 2097 2096
f 2049 2050 2097
f 2050 2098 2097
f 2050 2051 2098
f 2051 2099 2098
f 2051 2052 2099
f 2052 2100 2099
f 2052 2053 2100
f 2053 2101 2100
f 2053 2054 2101
f 2054 2102 2101
f 2054 2055 2102
f 2055 2103 2102
f 2055 2056 2103
f 2056 2104 2103
f 2056 2057 2104
f 2057 2105 2104
f 2057 2058 2105
f 2058 2106 2105
f 2058 2059 2106
f 2059 2107 2106
f 2059 2060 2107
f 2060 2108 2107
f 2060 2061 2108
f 2061 2109 2108
f 2061 2062 2109
f 2062 2110 2109
f 2062 2063 2110
f 2063 2111 2110
f 2063 2064 2111
f 2064 2112 2111
f 2064 2065 2112
f 2065 2113 2112
f 2066 2115 2114
f 2066 2067 2115
f 2067 2116 2115
f 2067 2068 2116
f 2068 2117 2116
f 2068 2069 2117
f 2069 2118 2117
f 2069 2070 2118
f 2070 2119 2118
f 2071 2121 2120
f 2074 2075 2128
f 2075 2129 2128
f 2075 2076 2129
f 2076 2130 2129
f 2076 2077 2130
f 2077 2131 2130
f 2077 2078 2131
f 2078 2132 2131
f 2078 2079 2132
f 2079 2133 2132
f 2079 2080 2133
f 2080 2134 2133
f 2080 2081 2134
f 2081 2135 2134
f 2081 2082 2135
f 2082 2136 2135
f 2082 2083 2136
f 2083 2137 2136
f 2083 2084 2137
f 2084 2138 2137
f 2084 2085 2138
f 2085 2139 2138
f 2085 2086 2139
f 2086 2140 2139
f 2086 2087 2140
f 2087 2141 2140
f 2087 2088 2141
f 2088 2142 2141
f 2088 2089 2142
f 2089 2143 2142
f 2089 2090 2143
f 2090 2144 2143
f 2090 2091 2144
f 2091 2145 2144
f 2091 2092 2145
f 2092 2146 2145
f 2092 2093 2146
f 2093 2147 2146
f 2093 2094 2147
f 2094 2148 2147
f 2094 2095 2148
f 2095 2149 2148
f 2095 2096 2149
f 2096 2150 2149
f 2096 2097 2150
f 2097 2151 2150
f 2097 2098 2151
f 2098 2152 2151
f 2098 2099 2152
f 2099 2153 2152
f 2099 2100 2153
f 2100 2154 2153
f 2100 2101 2154
f 2101 2155 2154
f 2101 2102 2155
f 2102 2156 2155
f 2102 2103 2156
f 2103 2157 2156
f 2103 2104 2157
f 2104 2158 2157
f 2104 2105 2158
f 2105 2159 2158
f 2105 2106 2159
f 2106 2160 2159
f 2106 2107 2160
f 2107 2161 2160
f 2107 2108 2161
f 2108 2162 2161
f 2108 2109 2162
f 2109 2163 2162
f 2109 2110 2163
f 2110 2164 2163
f 2110 2111 2164
f 2111 2165 2164
f 2111 2112 2165
f 2112 2166 2165
f 2112 2113 2166
f 2113 2167 2166
f 2113 2114 2167
f 2114 2168 2167
f 2114 2115 2168
f 2115 2169 2168
f 2115 2116 2169
f 2116 2170 2169
f 2116 2117 2170
f 2117 2171 2170
f 2117 2118 2171
f 2119 2120 2172
f 2120 2173 2172
f 2120 2121 2173
f 2123 2124 2174
f 2124 2175 2174
f 2124 2125 2175
f 2125 2176 2175
f 2128 2179 2178
f 2128 2129 2179
f 2129 2180 2179
f 2129 2130 2180
f 2130 2181 2180
f 2130 2131 2181
f 2131 2182 2181
f 2131 2132 2182
f 2132 2183 2182
f 2132 2133 2183
f 2133 2184 2183
f 2133 2134 2184
f 2134 2185 2184
f 2134 2135 2185
f 2135 2186 2185
f 2135 2136 2186
f 2136 2187 2186
f 2136 2137 2187
f 2137 2188 2187
f 2137 2138 2188
f 2138 2189 2188
f 2138 2139 2189
f 2139 2190 2189
f 2139 2140 2190
f 2140 2191 2190
f 2140 2141 2191
f 2141 2192 2191
f 2141 2142 2192
f 2142 2193 2192
f 2142 2143 2193
f 2143 2194 2193
f 2143 2144 2194
f 2144 2195 2194
f 2144 2145 2195
f 2145 2196 2195
f 2145 2146 2196
f 2146 2197 2196
f 2146 2147 2197
f 2147 2198 2197
f 2147 2148 2198
f 2148 2199 2198
f 2148 2149 2199
f 2149 2200 2199
f 2149 2150 2200
f 2150 2201 2200
f 2150 2151 2201
f 2151 2202 2201
f 2151 2152 2202
f 2152 2203 2202
f 2152 2153 2203
f 2153 2204 2203
f 2153 2154 2204
f 2154 2205 2204
f 2154 2155 2205
f 2155 2206 2205
f 2155 2156 2206
f 2156 2207 2206
f 2156 2157 2207
f 2157 2208 2207
f 2157 2158 2208
f 2158 2209 2208
f 2158 2159 2209
f 2159 2210 2209
f 2159 2160 2210
f 2160 2211 2210
f 2160 2161 2211
f 2161 2212 2211
f 2161 2162 2212
f 2162 2213 2212
f 2162 2163 2213
f 2163 2214 2213
f 2163 2164 2214
f 2164 2215 2214
f 2164 2165 2215
f 2165 2216 2215
f 2165 2166 2216
f 2166 2217 2216
f 2166 2167 2217
f 2167 2218 2217
f 2167 2168 2218
f 2168 2219 2218
f 2168 2169 2219
f 2169 2220 2219
f 2169 2170 2220
f 2170 2221 2220
f 2170 2171 2221
f 2171 2222 2221
f 2172 2224 2223
f 2172 2173 2224
f 2174 2175 2225
f 2179 2180 2227
f 2180 2228 2227
f 2180 2181 2228
f 2181 2229 2228
f 2181 2182 2229
f 2182 2230 2229
f 2182 2183 2230
f 2183 2231 2230
f 2183 2184 2231
f 2184 2232 2231
f 2184 2185 2232
f 2185 2233 2232
f 2185 2186 2233
f 2186 2234 2233
f 2186 2187 2234
f 2187 2235 2234
f 2187 2188 2235
f 2188 2236 2235
f 2188 2189 2236
f 2189 2237 2236
f 2189 2190 2237
f 2190 2238 2237
f 2190 2191 2238
f 2191 2239 2238
f 2191 2192 2239
f 2192 2240 2239
f 2192 2193 2240
f 2193 2241 2240
f 2193 2194 2241
f 2194 2242 2241
f 2194 2195 2242
f 2195 2243 2242
f 2195 2196 2243
f 2196 2244 2243
f 2196 2197 2244
f 2197 2245 2244
f 2197 2198 2245
f 2198 2246 2245
f 2198 2199 2246
f 2199 2247 2246
f 2199 2200 2247
f 2200 2248 2247
f 2200 2201 2248
f 2201 2249 2248
f 2201 2202 2249
f 2202 2250 2249
f 2202 2203 2250
f 2203 2251 2250
f 2203 2204 2251
f 2204 2252 2251
f 2204 2205 2252
f 2205 2253 2252
f 2205 2206 2253
f 2206 2254 2253
f 2206 2207 2254
f 2207 2255 2254
f 2207 2208 2255
f 2208 2256 2255
f 2208 2209 2256
f 2209 2257 2256
f 2209 2210 2257
f 2210 2258 2257
f 2210 2211 2258
f 2211 2259 2258
f 2211 2212 2259
f 2212 2260 2259
f 2212 2213 2260
f 2213 2261 2260
f 2213 2214 2261
f 2214 2262 2261
f 2214 2215 2262
f 2215 2263 2262
f 2215 2216 2263
f 2216 2264 2263
f 2216 2217 2264
f 2217 2265 2264
f 2217 2218 2265
f 2218 2266 2265
f 2218 2219 2266
f 2219 2267 2266
f 2219 2220 2267
f 2220 2268 2267
f 2220 2221 2268
f 2221 2269 2268
f 2221 2222 2269
f 2222 2270 2269
f 2222 2223 2270
f 2223 2271 2270
f 2223 2224 2271
f 2224 2272 2271
f 2227 2228 2276
f 2228 2277 2276
f 2228 2229 2277
f 2229 2278 2277
f 2229 2230 2278
f 2230 2279 2278
f 2230 2231 2279
f 2231 2280 2279
f 2231 2232 2280
f 2232 2281 2280
f 2232 2233 2281
f 2233 2282 2281
f 2233 2234 2282
f 2234 2283 2282
f 2234 2235 2283
f 2235 2284 2283
f 2235 2236 2284
f 2236 2285 2284
f 2236 2237 2285
f 2237 2286 2285
f 2237 2238 2286
f 2238 2287 2286
f 2238 2239 2287
f 2239 2288 2287
f 2239 2240 2288
f 2240 2289 2288
f 2240 2241 2289
f 2241 2290 2289
f 2241 2242 2290
f 2242 2291 2290
f 2242 2243 2291
f 2243 2292 2291
f 2243 2244 2292
f 2244 2293 2292
f 2244 2245 2293
f 2245 2294 2293
f 2245 2246 2294
f 2246 2295 2294
f 2246 2247 2295
f 2247 2296 2295
f 2247 2248 2296
f 2248 2297 2296
f 2248 2249 2297
f 2249 2298 2297
f 2249 2250 2298
f 2250 2299 2298
f 2250 2251 2299
f 2251 2300 2299
f 2251 2252 2300
f 2252 2301 2300
f 2252 2253 2301
f 2253 2302 2301
f 2253 2254 2302
f 2254 2303 2302
f 2254 2255 2303
f 2255 2304 2303
f 2255 2256 2304
f 2256 2305 2304
f 2256 2257 2305
f 2257 2306 2305
f 2257 2258 2306
f 2258 2307 2306
f 2258 2259 2307
f 2259 2308 2307
f 2259 2260 2308
f 2260 2309 2308
f 2260 2261 2309
f 2261 2310 2309
f 2261 2262 2310
f 2262 2311 2310
f 2262 2263 2311
f 2263 2312 2311
f 2263 2264 2312
f 2264 2313 2312
f 2264 2265 2313
f 2265 2314 2313
f 2265 2266 2314
f 2266 2315 2314
f 2266 2267 2315
f 2267 2316 2315
f 2267 2268 2316
f 2268 2317 2316
f 2268 2269 2317
f 2269 2318 2317
f 2269 2270 2318
f 2270 2319 2318
f 2270 2271 2319
f 2271 2320 2319
f 2271 2272 2320
f 2272 2321 2320
f 2272 2273 2321
f 2273 2322 2321
f 2274 2324 2323
f 2274 2275 2324
f 2276 2277 2325
f 2277 2326 2325
f 2277 2278 2326
f 2278 2327 2326
f 2278 2279 2327
f 2279 2328 2327
f 2279 2280 2328
f 2280 2329 2328
f 2280 2281 2329
f 2281 2330 2329
f 2281 2282 2330
f 2282 2331 2330
f 2282 2283 2331
f 2283 2332 2331
f 2283 2284 2332
f 2284 2333 2332
f 2284 2285 2333
f 2285 2334 2333
f 2285 2286 2334
f 2286 2335 2334
f 2286 2287 2335
f 2287 2336 2335
f 2287 2288 2336
f 2288 2337 2336
f 2288 2289 2337
f 2289 2338 2337
f 2289 2290 2338
f 2290 2339 2338
f 2290 2291 2339
f 2291 2340 2339
f 2291 2292 2340
f 2292 2341 2340
f 2292 2293 2341
f 2293 2342 2341
f 2293 2294 2342
f 2294 2343 2342
f 2294 2295 2343
f 2295 2344 2343
f 2295 2296 2344
f 2296 2345 2344
f 2296 2297 2345
f 2297 2346 2345
f 2297 2298 2346
f 2298 2347 2346
f 2298 2299 2347
f 2299 2348 2347
f 2299 2300 2348
f 2300 2349 2348
f 2300 2301 2349
f 2301 2350 2349
f 2301 2302 2350
f 2302 2351 2350
f 2302 2303 2351
f 2303 2352 2351
f 2303 2304 2352
f 2304 2353 2352
f 2304 2305 2353
f 2305 2354 2353
f 2305 2306 2354
f 2306 2355 2354
f 2306 2307 2355
f 2307 2356 2355
f 2307 2308 2356
f 2308 2357 2356
f 2308 2309 2357
f 2309 2358 2357
f 2309 2310 2358
f 2310 2359 2358
f 2310 2311 2359
f 2311 2360 2359
f 2311 2312 2360
f 2312 2361 2360
f 2312 2313 2361
f 2313 2362 2361
f 2313 2314 2362
f 2314 2363 2362
f 2314 2315 2363
f 2315 2364 2363
f 2315 2316 2364
f 2316 2365 2364
f 2316 2317 2365
f 2317 2366 2365
f 2317 2318 2366
f 2318 2367 2366
f 2318 2319 2367
f 2319 2368 2367
f 2319 2320 2368
f 2320 2369 2368
f 2320 2321 2369
f 2321 2370 2369
f 2321 2322 2370
f 2322 2371 2370
f 2323 2324 2375
f 2324 2376 2375
f 2325 2326 2379
f 2326 2380 2379
f 2326 2327 2380
f 2327 2381 2380
f 2327 2328 2381
f 2328 2382 2381
f 2328 2329 2382
f 2329 2383 2382
f 2329 2330 2383
f 2330 2384 2383
f 2330 2331 2384
f 2331 2385 2384
f 2331 2332 2385
f 2332 2386 2385
f 2332 2333 2386
f 2333 2387 2386
f 2333 2334 2387
f 2334 2388 2387
f 2334 2335 2388
f 2335 2389 2388
f 2335 2336 2389
f 2336 2390 2389
f 2336 2337 2390
f 2337 2391 2390
f 2337 2338 2391
f 2338 2392 2391
f 2338 2339 2392
f 2339 2393 2392
f 2339 2340 2393
f 2340 2394 2393
f 2340 2341 2394
f 2341 2395 2394
f 2341 2342 2395
f 2342 2396 2395
f 2342 2343 2396
f 2343 2397 2396
f 2343 2344 2397
f 2344 2398 2397
f 2344 2345 2398
f 2345 2399 2398
f 2345 2346 2399
f 2346 2400 2399
f 2346 2347 2400
f 2347 2401 2400
f 2347 2348 2401
f 2348 2402 2401
f 2348 2349 2402
f 2349 2403 2402
f 2349 2350 2403
f 2350 2404 2403
f 2350 2351 2404
f 2351 2405 2404
f 2351 2352 2405
f 2352 2406 2405
f 2352 2353 2406
f 2353 2407 2406
f 2353 2354 2407
f 2354 2408 2407
f 2354 2355 2408
f 2355 2409 2408
f 2355 2356 2409
f 2356 2410 2409
f 2356 2357 2410
f 2357 2411 2410
f 2357 2358 2411
f 2358 2412 2411
f 2358 2359 2412
f 2359 2413 2412
f 2359 2360 2413
f 2360 2414 2413
f 2360 2361 2414
f 2361 2415 2414
f 2361 2362 2415
f 2362 2416 2415
f 2362 2363 2416
f 2363 2417 2416
f 2363 2364 2417
f 2364 2418 2417
f 2364 2365 2418
f 2365 2419 2418
f 2365 2366 2419
f 2366 2420 2419
f 2366 2367 2420
f 2367 2421 2420
f 2367 2368 2421
f 2368 2422 2421
f 2368 2369 2422
f 2369 2423 2422
f 2369 2370 2423
f 2370 2424 2423
f 2370 2371 2424
f 2371 2425 2424
f 2371 2372 2425
f 2372 2426 2425
f 2373 2428 2427
f 2373 2374 2428
f 2374 2429 2428
f 2375 2376 2430
f 2376 2431 2430
f 2376 2377 2431
f 2380 2381 2432
f 2381 2433 2432
f 2381 2382 2433
f 2382 2434 2433
f 2382 2383 2434
f 2383 2435 2434
f 2383 2384 2435
f 2384 2436 2435
f 2384 2385 2436
f 2385 2437 2436
f 2385 2386 2437
f 2386 2438 2437
f 2386 2387 2438
f 2387 2439 2438
f 2387 2388 2439
f 2388 2440 2439
f 2388 2389 2440
f 2389 2441 2440
f 2389 2390 2441
f 2390 2442 2441
f 2390 2391 2442
f 2391 2443 2442
f 2391 2392 2443
f 2392 2444 2443
f 2392 2393 2444
f 2393 2445 2444
f 2393 2394 2445
f 2394 2446 2445
f 2394 2395 2446
f 2395 2447 2446
f 2395 2396 2447
f 2396 2448 2447
f 2396 2397 2448
f 2397 2449 2448
f 2397 2398 2449
f 2398 2450 2449
f 2398 2399 2450
f 2399 2451 2450
f 2399 2400 2451
f 2400 2452 2451
f 2400 2401 2452
f 2401 2453 2452
f 2401 2402 2453
f 2402 2454 2453
f 2402 2403 2454
f 2403 2455 2454
f 2403 2404 2455
f 2404 2456 2455
f 2404 2405 2456
f 2405 2457 2456
f 2405 2406 2457
f 2406 2458 2457
f 2406 2407 2458
f 2407 2459 2458
f 2407 2408 2459
f 2408 2460 2459
f 2408 2409 2460
f 2409 2461 2460
f 2409 2410 2461
f 2410 2462 2461
f 2410 2411 2462
f 2411 2463 2462
f 2411 2412 2463
f 2412 2464 2463
f 2412 2413 2464
f 2413 2465 2464
f 2413 2414 2465
f 2414 2466 2465
f 2414 2415 2466
f 2415 2467 2466
f 2415 2416 2467
f 2416 2468 2467
f 2416 2417 2468
f 2417 2469 2468
f 2417 2418 2469
f 2418 2470 2469
f 2418 2419 2470
f 2419 2471 2470
f 2419 2420 2471
f 2420 2472 2471
f 2420 2421 2472
f 2421 2473 2472
f 2421 2422 2473
f 2422 2474 2473
f 2422 2423 2474
f 2423 2475 2474
f 2423 2424 2475
f 2424 2476 2475
f 2424 2425 2476
f 2425 2477 2476
f 2425 2426 2477
f 2426 2478 2477
f 2426 2427 2478
f 2433 2434 2481
f 2434 2482 2481
f 2434 2435 2482
f 2435 2483 2482
f 2435 2436 2483
f 2436 2484 2483
f 2436 2437 2484
f 2437 2485 2484
f 2437 2438 2485
f 2438 2486 2485
f 2438 2439 2486
f 2439 2487 2486
f 2439 2440 2487
f 2440 2488 2487
f 2440 2441 2488
f 2441 2489 2488
f 2441 2442 2489
f 2442 2490 2489
f 2442 2443 2490
f 2443 2491 2490
f 2443 2444 2491
f 2444 2492 2491
f 2444 2445 2492
f 2445 2493 2492
f 2445 2446 2493
f 2446 2494 2493
f 2446 2447 2494
f 2447 2495 2494
f 2447 2448 2495
f 2448 2496 2495
f 2448 2449 2496
f 2449 2497 2496
f 2449 2450 2497
f 2450 2498 2497
f 2450 2451 2498
f 2451 2499 2498
f 2451 2452 2499
f 2452 2500 2499
f 2452 2453 2500
f 2453 2501 2500
f 2453 2454 2501
f 2454 2502 2501
f 2454 2455 2502
f 2455 2503 2502
f 2455 2456 2503
f 2456 2504 2503
f 2456 2457 2504
f 2457 2505 2504
f 2457 2458 2505
f 2458 2506 2505
f 2458 2459 2506
f 2459 2507 2506
f 2459 2460 2507
f 2460 2508 2507
f 2460 2461 2508
f 2461 2509 2508
f 2461 2462 2509
f 2462 2510 2509
f 2462 2463 2510
f 2463 2511 2510
f 2463 2464 2511
f 2464 2512 2511
f 2464 2465 2512
f 2465 2513 2512
f 2465 2466 2513
f 2466 2514 2513
f 2466 2467 2514
f 2467 2515 2514
f 2467 2468 2515
f 2468 2516 2515
f 2468 2469 2516
f 2469 2517 2516
f 2469 2470 2517
f 2470 2518 2517
f 2470 2471 2518
f 2471 2519 2518
f 2471 2472 2519
f 2472 2520 2519
f 2472 2473 2520
f 2473 2521 2520
f 2473 2474 2521
f 2474 2522 2521
f 2474 2475 2522
f 2475 2523 2522
f 2475 2476 2523
f 2477 2478 2524
f 2478 2525 2524
f 2482 2483 2526
f 2483 2527 2526
f 2483 2484 2527
f 2484 2528 2527
f 2484 2485 2528
f 2485 2529 2528
f 2485 2486 2529
f 2486 2530 2529
f 2486 2487 2530
f 2487 2531 2530
f 2487 2488 2531
f 2488 2532 2531
f 2488 2489 2532
f 2489 2533 2532
f 2489 2490 2533
f 2490 2534 2533
f 2490 2491 2534
f 2491 2535 2534
f 2491 2492 2535
f 2492 2536 2535
f 2492 2493 2536
f 2493 2537 2536
f 2493 2494 2537
f 2494 2538 2537
f 2494 2495 2538
f 2495 2539 2538
f 2495 2496 2539
f 2496 2540 2539
f 2496 2497 2540
f 2497 2541 2540
f 2497 2498 2541
f 2498 2542 2541
f 2498 2499 2542
f 2499 2543 2542
f 2499 2500 2543
f 2500 2544 2543
f 2500 2501 2544
f 2501 2545 2544
f 2501 2502 2545
f 2502 2546 2545
f 2502 2503 2546
f 2503 2547 2546
f 2503 2504 2547
f 2504 2548 2547
f 2504 2505 2548
f 2505 2549 2548
f 2505 2506 2549
f 2506 2550 2549
f 2506 2507 2550
f 2507 2551 2550
f 2507 2508 2551
f 2508 2552 2551
f 2508 2509 2552
f 2509 2553 2552
f 2509 2510 2553
f 2510 2554 2553
f 2510 2511 2554
f 2511 2555 2554
f 2511 2512 2555
f 2512 2556 2555
f 2512 2513 2556
f 2513 2557 2556
f 2513 2514 2557
f 2514 2558 2557
f 2514 2515 2558
f 2515 2559 2558
f 2515 2516 2559
f 2516 2560 2559
f 2516 2517 2560
f 2517 2561 2560
f 2517 2518 2561
f 2518 2562 2561
f 2518 2519 2562
f 2519 2563 2562
f 2519 2520 2563
f 2520 2564 2563
f 2520 2521 2564
f 2521 2565 2564
f 2521 2522 2565
f 2522 2566 2565
f 2522 2523 2566
f 2523 2567 2566
f 2524 2525 2568
f 2525 2569 2568
f 2527 2528 2570
f 2528 2571 2570
f 2528 2529 2571
f 2529 2572 2571
f 2529 2530 2572
f 2530 2573 2572
f 2530 2531 2573
f 2531 2574 2573
f 2531 2532 2574
f 2532 2575 2574
f 2532 2533 2575
f 2533 2576 2575
f 2533 2534 2576
f 2534 2577 2576
f 2534 2535 2577
f 2535 2578 2577
f 2535 2536 2578
f 2536 2579 2578
f 2536 2537 2579
f 2537 2580 2579
f 2537 2538 2580
f 2538 2581 2580
f 2538 2539 2581
f 2539 2582 2581
f 2539 2540 2582
f 2540 2583 2582
f 2540 2541 2583
f 2541 2584 2583
f 2541 2542 2584
f 2542 2585 2584
f 2542 2543 2585
f 2543 2586 2585
f 2543 2544 2586
f 2544 2587 2586
f 2544 2545 2587
f 2545 2588 2587
f 2545 2546 2588
f 2546 2589 2588
f 2546 2547 2589
f 2547 2590 2589
f 2547 2548 2590
f 2548 2591 2590
f 2548 2549 2591
f 2549 2592 2591
f 2549 2550 2592
f 2550 2593 2592
f 2550 2551 2593
f 2551 2594 2593
f 2551 2552 2594
f 2552 2595 2594
f 2552 2553 2595
f 2553 2596 2595
f 2553 2554 2596
f 2554 2597 2596
f 2554 2555 2597
f 2555 2598 2597
f 2555 2556 2598
f 2556 2599 2598
f 2556 2557 2599
f 2557 2600 2599
f 2557 2558 2600
f 2558 2601 2600
f 2558 2559 2601
f 2559 2602 2601
f 2559 2560 2602
f 2560 2603 2602
f 2560 2561 2603
f 2561 2604 2603
f 2561 2562 2604
f 2562 2605 2604
f 2562 2563 2605
f 2563 2606 2605
f 2563 2564 2606
f 2564 2607 2606
f 2564 2565 2607
f 2565 2608 2607
f 2565 2566 2608
f 2566 2609 2608
f 2566 2567 2609
f 2567 2610 2609
f 2568 2612 2611
f 2568 2569 2612
f 2569 2613 2612
f 2572 2573 2614
f 2573 2615 2614
f 2573 2574 2615
f 2574 2616 2615
f 2574 2575 2616
f 2575 2617 2616
f 2575 2576 2617
f 2576 2618 2617
f 2576 2577 2618
f 2577 2619 2618
f 2577 2578 2619
f 2578 2620 2619
f 2578 2579 2620
f 2579 2621 2620
f 2579 2580 2621
f 2580 2622 2621
f 2580 2581 2622
f 2581 2623 2622
f 2581 2582 2623
f 2582 2624 2623
f 2582 2583 2624
f 2583 2625 2624
f 2583 2584 2625
f 2584 2626 2625
f 2584 2585 2626
f 2585 2627 2626
f 2585 2586 2627
f 2586 2628 2627
f 2586 2587 2628
f 2587 2629 2628
f 2587 2588 2629
f 2588 2630 2629
f 2588 2589 2630
f 2589 2631 2630
f 2589 2590 2631
f 2590 2632 2631
f 2590 2591 2632
f 2591 2633 2632
f 2591 2592 2633
f 2592 2634 2633
f 2592 2593 2634
f 2593 2635 2634
f 2593 2594 2635
f 2594 2636 2635
f 2594 2595 2636
f 2595 2637 2636
f 2595 2596 2637
f 2596 2638 2637
f 2596 2597 2638
f 2597 2639 2638
f 2597 2598 2639
f 2598 2640 2639
f 2598 2599 2640
f 2599 2641 2640
f 2599 2600 2641
f 2600 2642 2641
f 2600 2601 2642
f 2601 2643 2642
f 2601 2602 2643
f 2602 2644 2643
f 2602 2603 2644
f 2603 2645 2644
f 2603 2604 2645
f 2604 2646 2645
f 2604 2605 2646
f 2605 2647 2646
f 2605 2606 2647
f 2606 2648 2647
f 2606 2607 2648
f 2607 2649 2648
f 2607 2608 2649
f 2608 2650 2649
f 2608 2609 2650
f 2609 2651 2650
f 2609 2610 2651
f 2610 2652 2651
f 2610 2611 2652
f 2611 2653 2652
f 2611 2612 2653
f 2612 2654 2653
f 2612 2613 2654
f 2613 2655 2654
f 2614 2659 2658
f 2614 2615 2659
f 2615 2660 2659
f 2615 2616 2660
f 2616 2661 2660
f 2616 2617 2661
f 2617 2662 2661
f 2617 2618 2662
f 2618 2663 2662
f 2618 2619 2663
f 2619 2664 2663
f 2619 2620 2664
f 2620 2665 2664
f 2620 2621 2665
f 2621 2666 2665
f 2621 2622 2666
f 2622 2667 2666
f 2622 2623 2667
f 2623 2668 2667
f 2623 2624 2668
f 2624 2669 2668
f 2624 2625 2669
f 2625 2670 2669
f 2625 2626 2670
f 2626 2671 2670
f 2626 2627 2671
f 2627 2672 2671
f 2627 2628 2672
f 2628 2673 2672
f 2628 2629 2673
f 2629 2674 2673
f 2629 2630 2674
f 2630 2675 2674
f 2630 2631 2675
f 2631 2676 2675
f 2631 2632 2676
f 2632 2677 2676
f 2632 2633 2677
f 2633 2678 2677
f 2633 2634 2678
f 2634 2679 2678
f 2634 2635 2679
f 2635 2680 2679
f 2635 2636 2680
f 2636 2681 2680
f 2636 2637 2681
f 2637 2682 2681
f 2637 2638 2682
f 2638 2683 2682
f 2638 2639 2683
f 2641 2642 2684
f 2642 2685 2684
f 2642 2643 2685
f 2643 2686 2685
f 2643 2644 2686
f 2644 2687 2686
f 2644 2645 2687
f 2645 2688 2687
f 2645 2646 2688
f 2646 2689 2688
f 2646 2647 2689
f 2647 2690 2689
f 2647 2648 2690
f 2648 2691 2690
f 2648 2649 2691
f 2649 2692 2691
f 2649 2650 2692
f 2650 2693 2692
f 2650 2651 2693
f 2651 2694 2693
f 2651 2652 2694
f 2652 2695 2694
f 2652 2653 2695
f 2653 2696 2695
f 2653 2654 2696
f 2654 2697 2696
f 2654 2655 2697
f 2655 2698 2697
f 2655 2656 2698
f 2656 2699 2698
f 2656 2657 2699
f 2657 2700 2699
f 2660 2661 2701
f 2661 2702 2701
f 2661 2662 2702
f 2662 2703 2702
f 2662 2663 2703
f 2663 2704 2703
f 2663 2664 2704
f 2664 2705 2704
f 2664 2665 2705
f 2665 2706 2705
f 2665 2666 2706
f 2666 2707 2706
f 2666 2667 2707
f 2667 2708 2707
f 2667 2668 2708
f 2669 2670 2709
f 2670 2710 2709
f 2670 2671 2710
f 2671 2711 2710
f 2671 2672 2711
f 2672 2712 2711
f 2672 2673 2712
f 2673 2713 2712
f 2673 2674 2713
f 2674 2714 2713
f 2674 2675 2714
f 2675 2715 2714
f 2675 2676 2715
f 2676 2716 2715
f 2676 2677 2716
f 2677 2717 2716
f 2677 2678 2717
f 2678 2718 2717
f 2678 2679 2718
f 2679 2719 2718
f 2679 2680 2719
f 2680 2720 2719
f 2680 2681 2720
f 2681 2721 2720
f 2681 2682 2721
f 2682 2722 2721
f 2682 2683 2722
f 2683 2723 2722
f 2684 2726 2725
f 2684 2685 2726
f 2685 2727 2726
f 2685 2686 2727
f 2686 2728 2727
f 2686 2687 2728
f 2687 2729 2728
f 2687 2688 2729
f 2688 2730 2729
f 2688 2689 2730
f 2689 2731 2730
f 2689 2690 2731
f 2690 2732 2731
f 2690 2691 2732
f 2691 2733 2732
f 2691 2692 2733
f 2692 2734 2733
f 2692 2693 2734
f 2693 2735 2734
f 2693 2694 2735
f 2694 2736 2735
f 2694 2695 2736
f 2695 2737 2736
f 2695 2696 2737
f 2696 2738 2737
f 2696 2697 2738
f 2697 2739 2738
f 2697 2698 2739
f 2698 2740 2739
f 2698 2699 2740
f 2699 2741 2740
f 2699 2700 2741
f 2709 2710 2742
f 2710 2743 2742
f 2710 2711 2743
f 2711 2744 2743
f 2711 2712 2744
f 2712 2745 2744
f 2712 2713 2745
f 2713 2746 2745
f 2713 2714 2746
f 2714 2747 2746
f 2714 2715 2747
f 2716 2717 2748
f 2717 2749 2748
f 2717 2718 2749
f 2718 2750 2749
f 2718 2719 2750
f 2719 2751 2750
f 2719 2720 2751
f 2720 2752 2751
f 2720 2721 2752
f 2721 2753 2752
f 2721 2722 2753
f 2722 2754 2753
f 2722 2723 2754
f 2723 2755 2754
f 2723 2724 2755
f 2724 2756 2755
f 2724 2725 2756
f 2725 2757 2756
f 2725 2726 2757
f 2726 2758 2757
f 2726 2727 2758
f 2727 2759 2758
f 2727 2728 2759
f 2728 2760 2759
f 2728 2729 2760
f 2729 2761 2760
f 2729 2730 2761
f 2730 2762 2761
f 2730 2731 2762
f 2731 2763 2762
f 2731 2732 2763
f 2732 2764 2763
f 2732 2733 2764
f 2733 2765 2764
f 2733 2734 2765
f 2734 2766 2765
f 2734 2735 2766
f 2735 2767 2766
f 2735 2736 2767
f 2736 2768 2767
f 2736 2737 2768
f 2737 2769 2768
f 2737 2738 2769
f 2738 2770 2769
f 2738 2739 2770
f 2739 2771 2770
f 2739 2740 2771
f 2740 2772 2771
f 2740 2741 2772
f 2741 2773 2772
f 2744 2745 2778
f 2745 2779 2778
f 2745 2746 2779
f 2748 2749 2781
f 2749 2782 2781
f 2749 2750 2782
f 2750 2783 2782
f 2750 2751 2783
f 2751 2784 2783
f 2751 2752 2784
f 2752 2785 2784
f 2752 2753 2785
f 2753 2786 2785
f 2753 2754 2786
f 2754 2787 2786
f 2754 2755 2787
f 2756 2757 2788
f 2757 2789 2788
f 2757 2758 2789
f 2758 2790 2789
f 2758 2759 2790
f 2759 2791 2790
f 2759 2760 2791
f 2760 2792 2791
f 2760 2761 2792
f 2761 2793 2792
f 2761 2762 2793
f 2762 2794 2793
f 2762 2763 2794
f 2763 2795 2794
f 2763 2764 2795
f 2764 2796 2795
f 2764 2765 2796
f 2765 2797 2796
f 2765 2766 2797
f 2766 2798 2797
f 2766 2767 2798
f 2769 2770 2799
f 2770 2800 2799
f 2770 2771 2800
f 2771 2801 2800
f 2771 2772 2801
f 2772 2802 2801
f 2772 2773 2802
f 2773 2803 2802
f 2775 2776 2805
f 2776 2806 2805
f 2776 2777 2806
f 2778 2809 2808
f 2778 2779 2809
f 2779 2810 2809
f 2780 2812 2811
f 2781 2814 2813
f 2781 2782 2814
f 2783 2784 2815
f 2784 2816 2815
f 2784 2785 2816
f 2785 2817 2816
f 2785 2786 2817
f 2786 2818 2817
f 2786 2787 2818
f 2787 2819 2818
f 2788 2821 2820
f 2788 2789 2821
f 2789 2822 2821
f 2789 2790 2822
f 2790 2823 2822
f 2790 2791 2823
f 2791 2824 2823
f 2791 2792 2824
f 2792 2825 2824
f 2792 2793 2825
f 2793 2826 2825
f 2793 2794 2826
f 2794 2827 2826
f 2794 2795 2827
f 2796 2797 2828
f 2797 2829 2828
f 2797 2798 2829
f 2798 2830 2829
f 2799 2800 2832
f 2800 2833 2832
f 2800 2801 2833
f 2801 2834 2833
f 2801 2802 2834
f 2802 2835 2834
f 2802 2803 2835
f 2803 2836 2835
f 2803 2804 2836
f 2804 2837 2836
f 2807 2840 2839
f 2807 2808 2840
f 2808 2841 2840
f 2808 2809 2841
f 2809 2842 2841
f 2809 2810 2842
f 2810 2843 2842
f 2810 2811 2843
f 2811 2844 2843
f 2811 2812 2844
f 2812 2845 2844
f 2812 2813 2845
f 2813 2846 2845
f 2813 2814 2846
f 2814 2847 2846
f 2815 2849 2848
f 2815 2816 2849
f 2816 2850 2849
f 2816 2817 2850
f 2817 2851 2850
f 2817 2818 2851
f 2818 2852 2851
f 2818 2819 2852
f 2819 2853 2852
f 2819 2820 2853
f 2820 2854 2853
f 2820 2821 2854
f 2821 2855 2854
f 2821 2822 2855
f 2822 2856 2855
f 2822 2823 2856
f 2823 2857 2856
f 2823 2824 2857
f 2824 2858 2857
f 2824 2825 2858
f 2825 2859 2858
f 2825 2826 2859
f 2826 2860 2859
f 2826 2827 2860
f 2827 2861 2860
f 2828 2863 2862
f 2828 2829 2863
f 2829 2864 2863
f 2829 2830 2864
f 2830 2865 2864
f 2830 2831 2865
f 2831 2866 2865
f 2832 2868 2867
f 2832 2833 2868
f 2833 2869 2868
f 2833 2834 2869
f 2834 2870 2869
f 2834 2835 2870
f 2835 2871 2870
f 2835 2836 2871
f 2836 2872 2871
f 2836 2837 2872
f 2837 2873 2872
f 2837 2838 2873
f 2838 2874 2873
f 2840 2841 2875
f 2846 2847 2876
f 2852 2853 2877
f 2853 2878 2877
f 2853 2854 2878
f 2854 2879 2878
f 2854 2855 2879
f 2855 2880 2879
f 2855 2856 2880
f 2856 2881 2880
f 2856 2857 2881
f 2857 2882 2881
f 2857 2858 2882
f 2858 2883 2882
f 2858 2859 2883
f 2860 2861 2884
f 2861 2885 2884
f 2861 2862 2885
f 2862 2886 2885
f 2862 2863 2886
f 2864 2865 2887
f 2865 2888 2887
f 2865 2866 2888
f 2866 2889 2888
f 2866 2867 2889
f 2867 2890 2889
f 2867 2868 2890
f 2868 2891 2890
f 2868 2869 2891
f 2869 2892 2891
f 2869 2870 2892
f 2870 2893 2892
f 2870 2871 2893
f 2871 2894 2893
f 2871 2872 2894
f 2872 2895 2894
f 2872 2873 2895
f 2877 2878 2900
f 2887 2888 2903
f 2888 2904 2903
f 2888 2889 2904
f 2889 2905 2904
f 2889 2890 2905
f 2890 2906 2905
f 2890 2891 2906
f 2891 2907 2906
f 2891 2892 2907
f 2892 2908 2907
f 2892 2893 2908
f 2893 2909 2908
f 2893 2894 2909
f 2894 2910 2909
f 2894 2895 2910
f 2895 2911 2910
f 2896 2915 2914
f 2896 2897 2915
f 2897 2916 2915
f 2901 2902 2918
f 2902 2919 2918
f 2903 2924 2923
f 2903 2904 2924
f 2904 2925 2924
f 2904 2905 2925
f 2905 2926 2925
f 2905 2906 2926
f 2906 2927 2926
f 2906 2907 2927
f 2907 2928 2927
f 2907 2908 2928
f 2908 2929 2928
f 2908 2909 2929
f 2909 2930 2929
f 2909 2910 2930
f 2910 2931 2930
f 2910 2911 2931
f 2911 2932 2931
f 2911 2912 2932
f 2912 2933 2932
f 2912 2913 2933
f 2913 2934 2933
f 2915 2916 2936
f 2918 2939 2938
f 2918 2919 2939
f 2919 2940 2939
f 2919 2920 2940
f 2920 2941 2940
f 2920 2921 2941
f 2921 2942 2941
f 2921 2922 2942
f 2922 2943 2942
f 2922 2923 2943
f 2923 2944 2943
f 2923 2924 2944
f 2924 2945 2944
f 2924 2925 2945
f 2925 2946 2945
f 2925 2926 2946
f 2926 2947 2946
f 2926 2927 2947
f 2927 2948 2947
f 2927 2928 2948
f 2928 2949 2948
f 2928 2929 2949
f 2929 2950 2949
f 2929 2930 2950
f 2930 2951 2950
f 2930 2931 2951
f 2931 2952 2951
f 2931 2932 2952
f 2932 2953 2952
f 2932 2933 2953
f 2933 2954 2953
f 2933 2934 2954
f 2934 2955 2954
f 2934 2935 2955
f 2937 2966 2965
f 2937 2938 2966
f 2938 2967 2966
f 2938 2939 2967
f 2939 2968 2967
f 2939 2940 2968
f 2940 2969 2968
f 2940 2941 2969
f 2941 2970 2969
f 2941 2942 2970
f 2942 2971 2970
f 2942 2943 2971
f 2943 2972 2971
f 2943 2944 2972
f 2944 2973 2972
f 2944 2945 2973
f 2945 2974 2973
f 2945 2946 2974
f 2946 2975 2974
f 2946 2947 2975
f 2947 2976 2975
f 2947 2948 2976
f 2948 2977 2976
f 2948 2949 2977
f 2949 2978 2977
f 2949 2950 2978
f 2950 2979 2978
f 2950 2951 2979
f 2951 2980 2979
f 2951 2952 2980
f 2952 2981 2980
f 2952 2953 2981
f 2953 2982 2981
f 2953 2954 2982
f 2954 2983 2982
f 2954 2955 2983
f 2955 2984 2983
f 2956 3000 2999
f 2957 3005 3004
f 2957 2958 3005
f 2958 3006 3005
f 2958 2959 3006
f 2959 3007 3006
f 2959 2960 3007
f 2960 3008 3007
f 2960 2961 3008
f 2961 3009 3008
f 2961 2962 3009
f 2962 3010 3009
f 2962 2963 3010
f 2963 3011 3010
f 2963 2964 3011
f 2964 3012 3011
f 2964 2965 3012
f 2965 3013 3012
f 2965 2966 3013
f 2966 3014 3013
f 2966 2967 3014
f 2967 3015 3014
f 2967 2968 3015
f 2968 3016 3015
f 2968 2969 3016
f 2969 3017 3016
f 2969 2970 3017
f 2970 3018 3017
f 2970 2971 3018
f 2971 3019 3018
f 2971 2972 3019
f 2972 3020 3019
f 2972 2973 3020
f 2973 3021 3020
f 2973 2974 3021
f 2974 3022 3021
f 2974 2975 3022
f 2975 3023 3022
f 2975 2976 3023
f 2976 3024 3023
f 2976 2977 3024
f 2977 3025 3024
f 2977 2978 3025
f 2978 3026 3025
f 2978 2979 3026
f 2979 3027 3026
f 2979 2980 3027
f 2980 3028 3027
f 2980 2981 3028
f 2981 3029 3028
f 2981 2982 3029
f 2982 3030 3029
f 2982 2983 3030
f 2983 3031 3030
f 2983 2984 3031
f 2984 3032 3031
f 2985 3035 3034
f 2985 2986 3035
f 2986 3036 3035
f 2987 3038 3037
f 2987 2988 3038
f 2988 3039 3038
f 2988 2989 3039
f 2989 3040 3039
f 2989 2990 3040
f 2990 3041 3040
f 2990 2991 3041
f 2991 3042 3041
f 2991 2992 3042
f 2992 3043 3042
f 2993 3045 3044
f 2993 2994 3045
f 2994 3046 3045
f 2994 2995 3046
f 2995 3047 3046
f 2995 2996 3047
f 2996 3048 3047
f 2996 2997 3048
f 2997 3049 3048
f 2997 2998 3049
f 2998 3050 3049
f 2998 2999 3050
f 2999 3051 3050
f 2999 3000 3051
f 3000 3052 3051
f 3000 3001 3052
f 3001 3053 3052
f 3001 3002 3053
f 3002 3054 3053
f 3002 3003 3054
f 3003 3055 3054
f 3003 3004 3055
f 3004 3056 3055
f 3004 3005 3056
f 3005 3057 3056
f 3005 3006 3057
f 3006 3058 3057
f 3006 3007 3058
f 3007 3059 3058
f 3007 3008 3059
f 3008 3060 3059
f 3008 3009 3060
f 3009 3061 3060
f 3009 3010 3061
f 3010 3062 3061
f 3010 3011 3062
f 3011 3063 3062
f 3011 3012 3063
f 3012 3064 3063
f 3012 3013 3064
f 3013 3065 3064
f 3013 3014 3065
f 3014 3066 3065
f 3014 3015 3066
f 3015 3067 3066
f 3015 3016 3067
f 3016 3068 3067
f 3016 3017 3068
f 3017 3069 3068
f 3017 3018 3069
f 3018 3070 3069
f 3018 3019 3070
f 3019 3071 3070
f 3019 3020 3071
f 3020 3072 3071
f 3020 3021 3072
f 3021 3073 3072
f 3021 3022 3073
f 3022 3074 3073
f 3022 3023 3074
f 3023 3075 3074
f 3023 3024 3075
f 3024 3076 3075
f 3024 3025 3076
f 3025 3077 3076
f 3025 3026 3077
f 3026 3078 3077
f 3026 3027 3078
f 3027 3079 3078
f 3027 3028 3079
f 3028 3080 3079
f 3028 3029 3080
f 3029 3081 3080
f 3029 3030 3081
f 3030 3082 3081
f 3030 3031 3082
f 3031 3083 3082
f 3031 3032 3083
f 3032 3084 3083
f 3032 3033 3084
f 3034 3035 3085
f 3035 3086 3085
f 3035 3036 3086
f 3036 3087 3086
f 3037 3091 3090
f 3037 3038 3091
f 3038 3092 3091
f 3038 3039 3092
f 3039 3093 3092
f 3039 3040 3093
f 3040 3094 3093
f 3040 3041 3094
f 3041 3095 3094
f 3041 3042 3095
f 3042 3096 3095
f 3042 3043 3096
f 3043 3097 3096
f 3043 3044 3097
f 3044 3098 3097
f 3044 3045 3098
f 3045 3099 3098
f 3045 3046 3099
f 3046 3100 3099
f 3046 3047 3100
f 3047 3101 3100
f 3047 3048 3101
f 3048 3102 3101
f 3048 3049 3102
f 3049 3103 3102
f 3049 3050 3103
f 3050 3104 3103
f 3050 3051 3104
f 3051 3105 3104
f 3051 3052 3105
f 3052 3106 3105
f 3052 3053 3106
f 3053 3107 3106
f 3053 3054 3107
f 3054 3108 3107
f 3054 3055 3108
f 3055 3109 3108
f 3055 3056 3109
f 3056 3110 3109
f 3056 3057 3110
f 3057 3111 3110
f 3057 3058 3111
f 3058 3112 3111
f 3058 3059 3112
f 3059 3113 3112
f 3059 3060 3113
f 3060 3114 3113
f 3060 3061 3114
f 3061 3115 3114
f 3061 3062 3115
f 3062 3116 3115
f 3062 3063 3116
f 3063 3117 3116
f 3063 3064 3117
f 3064 3118 3117
f 3064 3065 3118
f 3065 3119 3118
f 3065 3066 3119
f 3066 3120 3119
f 3066 3067 3120
f 3067 3121 3120
f 3067 3068 3121
f 3068 3122 3121
f 3068 3069 3122
f 3069 3123 3122
f 3069 3070 3123
f 3070 3124 3123
f 3070 3071 3124
f 3071 3125 3124
f 3071 3072 3125
f 3072 3126 3125
f 3072 3073 3126
f 3073 3127 3126
f 3073 3074 3127
f 3074 3128 3127
f 3074 3075 3128
f 3075 3129 3128
f 3075 3076 3129
f 3076 3130 3129
f 3076 3077 3130
f 3077 3131 3130
f 3077 3078 3131
f 3078 3132 3131
f 3078 3079 3132
f 3079 3133 3132
f 3079 3080 3133
f 3080 3134 3133
f 3080 3081 3134
f 3081 3135 3134
f 3081 3082 3135
f 3082 3136 3135
f 3082 3083 3136
f 3083 3137 3136
f 3083 3084 3137
f 3084 3138 3137
f 3085 3141 3140
f 3085 3086 3141
f 3086 3142 3141
f 3086 3087 3142
f 3088 3089 3143
f 3089 3144 3143
f 3089 3090 3144
f 3090 3145 3144
f 3090 3091 3145
f 3091 3146 3145
f 3091 3092 3146
f 3092 3147 3146
f 3092 3093 3147
f 3093 3148 3147
f 3093 3094 3148
f 3094 3149 3148
f 3094 3095 3149
f 3095 3150 3149
f 3095 3096 3150
f 3096 3151 3150
f 3096 3097 3151
f 3097 3152 3151
f 3097 3098 3152
f 3098 3153 3152
f 3098 3099 3153
f 3099 3154 3153
f 3099 3100 3154
f 3100 3155 3154
f 3100 3101 3155
f 3101 3156 3155
f 3101 3102 3156
f 3102 3157 3156
f 3102 3103 3157
f 3103 3158 3157
f 3103 3104 3158
f 3104 3159 3158
f 3104 3105 3159
f 3105 3160 3159
f 3105 3106 3160
f 3106 3161 3160
f 3106 3107 3161
f 3107 3162 3161
f 3107 3108 3162
f 3108 3163 3162
f 3108 3109 3163
f 3109 3164 3163
f 3109 3110 3164
f 3110 3165 3164
f 3110 3111 3165
f 3111 3166 3165
f 3111 3112 3166
f 3112 3167 3166
f 3112 3113 3167
f 3113 3168 3167
f 3113 3114 3168
f 3114 3169 3168
f 3114 3115 3169
f 3115 3170 3169
f 3115 3116 3170
f 3116 3171 3170
f 3116 3117 3171
f 3117 3172 3171
f 3117 3118 3172
f 3118 3173 3172
f 3118 3119 3173
f 3119 3174 3173
f 3119 3120 3174
f 3120 3175 3174
f 3120 3121 3175
f 3121 3176 3175
f 3121 3122 3176
f 3122 3177 3176
f 3122 3123 3177
f 3123 3178 3177
f 3123 3124 3178
f 3124 3179 3178
f 3124 3125 3179
f 3125 3180 3179
f 3125 3126 3180
f 3126 3181 3180
f 3126 3127 3181
f 3127 3182 3181
f 3127 3128 3182
f 3128 3183 3182
f 3128 3129 3183
f 3129 3184 3183
f 3129 3130 3184
f 3130 3185 3184
f 3130 3131 3185
f 3131 3186 3185
f 3131 3132 3186
f 3132 3187 3186
f 3132 3133 3187
f 3133 3188 3187
f 3133 3134 3188
f 3134 3189 3188
f 3134 3135 3189
f 3135 3190 3189
f 3135 3136 3190
f 3136 3191 3190
f 3136 3137 3191
f 3137 3192 3191
f 3137 3138 3192
f 3138 3193 3192
f 3138 3139 3193
f 3140 3141 3194
f 3141 3195 3194
f 3141 3142 3195
f 3142 3196 3195
f 3143 3144 3197
f 3144 3198 3197
f 3144 3145 3198
f 3145 3199 3198
f 3145 3146 3199
f 3146 3200 3199
f 3146 3147 3200
f 3147 3201 3200
f 3147 3148 3201
f 3148 3202 3201
f 3148 3149 3202
f 3149 3203 3202
f 3149 3150 3203
f 3150 3204 3203
f 3150 3151 3204
f 3151 3205 3204
f 3151 3152 3205
f 3152 3206 3205
f 3152 3153 3206
f 3153 3207 3206
f 3153 3154 3207
f 3154 3208 3207
f 3154 3155 3208
f 3155 3209 3208
f 3155 3156 3209
f 3156 3210 3209
f 3156 3157 3210
f 3157 3211 3210
f 3157 3158 3211
f 3158 3212 3211
f 3158 3159 3212
f 3159 3213 3212
f 3159 3160 3213
f 3160 3214 3213
f 3160 3161 3214
f 3161 3215 3214
f 3161 3162 3215
f 3162 3216 3215
f 3162 3163 3216
f 3163 3217 3216
f 3163 3164 3217
f 3164 3218 3217
f 3164 3165 3218
f 3165 3219 3218
f 3165 3166 3219
f 3166 3220 3219
f 3166 3167 3220
f 3167 3221 3220
f 3167 3168 3221
f 3168 3222 3221
f 3168 3169 3222
f 3169 3223 3222
f 3169 3170 3223
f 3170 3224 3223
f 3170 3171 3224
f 3171 3225 3224
f 3171 3172 3225
f 3172 3226 3225
f 3172 3173 3226
f 3173 3227 3226
f 3173 3174 3227
f 3174 3228 3227
f 3174 3175 3228
f 3175 3229 3228
f 3175 3176 3229
f 3176 3230 3229
f 3176 3177 3230
f 3177 3231 3230
f 3177 3178 3231
f 3178 3232 3231
f 3178 3179 3232
f 3179 3233 3232
f 3179 3180 3233
f 3180 3234 3233
f 3180 3181 3234
f 3181 3235 3234
f 3181 3182 3235
f 3182 3236 3235
f 3182 3183 3236
f 3183 3237 3236
f 3183 3184 3237
f 3184 3238 3237
f 3184 3185 3238
f 3185 3239 3238
f 3185 3186 3239
f 3186 3240 3239
f 3186 3187 3240
f 3187 3241 3240
f 3187 3188 3241
f 3188 3242 3241
f 3188 3189 3242
f 3189 3243 3242
f 3189 3190 3243
f 3190 3244 3243
f 3190 3191 3244
f 3191 3245 3244
f 3191 3192 3245
f 3192 3246 3245
f 3192 3193 3246
f 3193 3247 3246
f 3194 3250 3249
f 3194 3195 3250
f 3195 3251 3250
f 3195 3196 3251
f 3197 3198 3252
f 3198 3253 3252
f 3198 3199 3253
f 3199 3254 3253
f 3199 3200 3254
f 3200 3255 3254
f 3200 3201 3255
f 3201 3256 3255
f 3201 3202 3256
f 3202 3257 3256
f 3202 3203 3257
f 3203 3258 3257
f 3203 3204 3258
f 3204 3259 3258
f 3204 3205 3259
f 3205 3260 3259
f 3205 3206 3260
f 3206 3261 3260
f 3206 3207 3261
f 3207 3262 3261
f 3207 3208 3262
f 3208 3263 3262
f 3208 3209 3263
f 3209 3264 3263
f 3209 3210 3264
f 3210 3265 3264
f 3210 3211 3265
f 3211 3266 3265
f 3211 3212 3266
f 3212 3267 3266
f 3212 3213 3267
f 3213 3268 3267
f 3213 3214 3268
f 3214 3269 3268
f 3214 3215 3269
f 3215 3270 3269
f 3215 3216 3270
f 3216 3271 3270
f 3216 3217 3271
f 3217 3272 3271
f 3217 3218 3272
f 3218 3273 3272
f 3218 3219 3273
f 3219 3274 3273
f 3219 3220 3274
f 3220 3275 3274
f 3220 3221 3275
f 3221 3276 3275
f 3221 3222 3276
f 3222 3277 3276
f 3222 3223 3277
f 3223 3278 3277
f 3223 3224 3278
f 3224 3279 3278
f 3224 3225 3279
f 3225 3280 3279
f 3225 3226 3280
f 3226 3281 3280
f 3226 3227 3281
f 3227 3282 3281
f 3227 3228 3282
f 3228 3283 3282
f 3228 3229 3283
f 3229 3284 3283
f 3229 3230 3284
f 3230 3285 3284
f 3230 3231 3285
f 3231 3286 3285
f 3231 3232 3286
f 3232 3287 3286
f 3232 3233 3287
f 3233 3288 3287
f 3233 3234 3288
f 3234 3289 3288
f 3234 3235 3289
f 3235 3290 3289
f 3235 3236 3290
f 3236 3291 3290
f 3236 3237 3291
f 3237 3292 3291
f 3237 3238 3292
f 3238 3293 3292
f 3238 3239 3293
f 3239 3294 3293
f 3239 3240 3294
f 3240 3295 3294
f 3240 3241 3295
f 3241 3296 3295
f 3241 3242 3296
f 3242 3297 3296
f 3242 3243 3297
f 3243 3298 3297
f 3243 3244 3298
f 3244 3299 3298
f 3244 3245 3299
f 3245 3300 3299
f 3245 3246 3300
f 3246 3301 3300
f 3246 3247 3301
f 3247 3302 3301
f 3247 3248 3302
f 3248 3303 3302
f 3249 3250 3304
f 3250 3305 3304
f 3250 3251 3305
f 3251 3306 3305
f 3252 3309 3308
f 3252 3253 3309
f 3253 3310 3309
f 3253 3254 3310
f 3254 3311 3310
f 3254 3255 3311
f 3255 3312 3311
f 3255 3256 3312
f 3256 3313 3312
f 3256 3257 3313
f 3257 3314 3313
f 3257 3258 3314
f 3258 3315 3314
f 3258 3259 3315
f 3259 3316 3315
f 3259 3260 3316
f 3260 3317 3316
f 3260 3261 3317
f 3261 3318 3317
f 3261 3262 3318
f 3262 3319 3318
f 3262 3263 3319
f 3263 3320 3319
f 3263 3264 3320
f 3264 3321 3320
f 3264 3265 3321
f 3265 3322 3321
f 3265 3266 3322
f 3266 3323 3322
f 3266 3267 3323
f 3267 3324 3323
f 3267 3268 3324
f 3268 3325 3324
f 3268 3269 3325
f 3269 3326 3325
f 3269 3270 3326
f 3270 3327 3326
f 3270 3271 3327
f 3271 3328 3327
f 3271 3272 3328
f 3272 3329 3328
f 3272 3273 3329
f 3273 3330 3329
f 3273 3274 3330
f 3274 3331 3330
f 3274 3275 3331
f 3275 3332 3331
f 3275 3276 3332
f 3276 3333 3332
f 3276 3277 3333
f 3277 3334 3333
f 3277 3278 3334
f 3278 3335 3334
f 3278 3279 3335
f 3279 3336 3335
f 3279 3280 3336
f 3280 3337 3336
f 3280 3281 3337
f 3281 3338 3337
f 3281 3282 3338
f 3282 3339 3338
f 3282 3283 3339
f 3283 3340 3339
f 3283 3284 3340
f 3284 3341 3340
f 3284 3285 3341
f 3285 3342 3341
f 3285 3286 3342
f 3286 3343 3342
f 3286 3287 3343
f 3287 3344 3343
f 3287 3288 3344
f 3288 3345 3344
f 3288 3289 3345
f 3289 3346 3345
f 3289 3290 3346
f 3290 3347 3346
f 3290 3291 3347
f 3291 3348 3347
f 3291 3292 3348
f 3292 3349 3348
f 3292 3293 3349
f 3293 3350 3349
f 3293 3294 3350
f 3294 3351 3350
f 3294 3295 3351
f 3295 3352 3351
f 3295 3296 3352
f 3296 3353 3352
f 3296 3297 3353
f 3297 3354 3353
f 3297 3298 3354
f 3298 3355 3354
f 3298 3299 3355
f 3299 3356 3355
f 3299 3300 3356
f 3300 3357 3356
f 3300 3301 3357
f 3301 3358 3357
f 3301 3302 3358
f 3302 3359 3358
f 3302 3303 3359
f 3303 3360 3359
f 3304 3305 3361
f 3305 3362 3361
f 3305 3306 3362
f 3307 3308 3363
f 3308 3364 3363
f 3308 3309 3364
f 3309 3365 3364
f 3309 3310 3365
f 3310 3366 3365
f 3310 3311 3366
f 3311 3367 3366
f 3311 3312 3367
f 3312 3368 3367
f 3312 3313 3368
f 3313 3369 3368
f 3313 3314 3369
f 3314 3370 3369
f 3314 3315 3370
f 3315 3371 3370
f 3315 3316 3371
f 3316 3372 3371
f 3316 3317 3372
f 3317 3373 3372
f 3317 3318 3373
f 3318 3374 3373
f 3318 3319 3374
f 3319 3375 3374
f 3319 3320 3375
f 3320 3376 3375
f 3320 3321 3376
f 3321 3377 3376
f 3321 3322 3377
f 3322 3378 3377
f 3322 3323 3378
f 3323 3379 3378
f 3323 3324 3379
f 3324 3380 3379
f 3324 3325 3380
f 3325 3381 3380
f 3325 3326 3381
f 3326 3382 3381
f 3326 3327 3382
f 3327 3383 3382
f 3327 3328 3383
f 3328 3384 3383
f 3328 3329 3384
f 3329 3385 3384
f 3329 3330 3385
f 3330 3386 3385
f 3330 3331 3386
f 3331 3387 3386
f 3331 3332 3387
f 3332 3388 3387
f 3332 3333 3388
f 3333 3389 3388
f 3333 3334 3389
f 3334 3390 3389
f 3334 3335 3390
f 3335 3391 3390
f 3335 3336 3391
f 3336 3392 3391
f 3336 3337 3392
f 3337 3393 3392
f 3337 3338 3393
f 3338 3394 3393
f 3338 3339 3394
f 3339 3395 3394
f 3339 3340 3395
f 3340 3396 3395
f 3340 3341 3396
f 3341 3397 3396
f 3341 3342 3397
f 3342 3398 3397
f 3342 3343 3398
f 3343 3399 3398
f 3343 3344 3399
f 3344 3400 3399
f 3344 3345 3400
f 3345 3401 3400
f 3345 3346 3401
f 3346 3402 3401
f 3346 3347 3402
f 3347 3403 3402
f 3347 3348 3403
f 3348 3404 3403
f 3348 3349 3404
f 3349 3405 3404
f 3349 3350 3405
f 3350 3406 3405
f 3350 3351 3406
f 3351 3407 3406
f 3351 3352 3407
f 3352 3408 3407
f 3352 3353 3408
f 3353 3409 3408
f 3353 3354 3409
f 3354 3410 3409
f 3354 3355 3410
f 3355 3411 3410
f 3355 3356 3411
f 3356 3412 3411
f 3356 3357 3412
f 3357 3413 3412
f 3357 3358 3413
f 3358 3414 3413
f 3358 3359 3414
f 3359 3415 3414
f 3359 3360 3415
f 3360 3416 3415
f 3361 3362 3417
f 3363 3364 3418
f 3364 3419 3418
f 3364 3365 3419
f 3365 3420 3419
f 3365 3366 3420
f 3366 3421 3420
f 3366 3367 3421
f 3367 3422 3421
f 3367 3368 3422
f 3368 3423 3422
f 3368 3369 3423
f 3369 3424 3423
f 3369 3370 3424
f 3370 3425 3424
f 3370 3371 3425
f 3371 3426 3425
f 3371 3372 3426
f 3372 3427 3426
f 3372 3373 3427
f 3373 3428 3427
f 3373 3374 3428
f 3374 3429 3428
f 3374 3375 3429
f 3375 3430 3429
f 3375 3376 3430
f 3376 3431 3430
f 3376 3377 3431
f 3377 3432 3431
f 3377 3378 3432
f 3378 3433 3432
f 3378 3379 3433
f 3379 3434 3433
f 3379 3380 3434
f 3380 3435 3434
f 3380 3381 3435
f 3381 3436 3435
f 3381 3382 3436
f 3382 3437 3436
f 3382 3383 3437
f 3383 3438 3437
f 3383 3384 3438
f 3384 3439 3438
f 3384 3385 3439
f 3385 3440 3439
f 3385 3386 3440
f 3386 3441 3440
f 3386 3387 3441
f 3387 3442 3441
f 3387 3388 3442
f 3388 3443 3442
f 3388 3389 3443
f 3389 3444 3443
f 3389 3390 3444
f 3390 3445 3444
f 3390 3391 3445
f 3391 3446 3445
f 3391 3392 3446
f 3392 3447 3446
f 3392 3393 3447
f 3393 3448 3447
f 3393 3394 3448
f 3394 3449 3448
f 3394 3395 3449
f 3395 3450 3449
f 3395 3396 3450
f 3396 3451 3450
f 3396 3397 3451
f 3397 3452 3451
f 3397 3398 3452
f 3398 3453 3452
f 3398 3399 3453
f 3399 3454 3453
f 3399 3400 3454
f 3400 3455 3454
f 3400 3401 3455
f 3401 3456 3455
f 3401 3402 3456
f 3402 3457 3456
f 3402 3403 3457
f 3403 3458 3457
f 3403 3404 3458
f 3404 3459 3458
f 3404 3405 3459
f 3405 3460 3459
f 3405 3406 3460
f 3406 3461 3460
f 3406 3407 3461
f 3407 3462 3461
f 3407 3408 3462
f 3408 3463 3462
f 3408 3409 3463
f 3409 3464 3463
f 3409 3410 3464
f 3410 3465 3464
f 3410 3411 3465
f 3411 3466 3465
f 3411 3412 3466
f 3412 3467 3466
f 3412 3413 3467
f 3413 3468 3467
f 3413 3414 3468
f 3414 3469 3468
f 3414 3415 3469
f 3415 3470 3469
f 3415 3416 3470
f 3416 3471 3470
f 3418 3419 3472
f 3419 3473 3472
f 3419 3420 3473
f 3420 3474 3473
f 3420 3421 3474
f 3421 3475 3474
f 3421 3422 3475
f 3422 3476 3475
f 3422 3423 3476
f 3423 3477 3476
f 3423 3424 3477
f 3424 3478 3477
f 3424 3425 3478
f 3425 3479 3478
f 3425 3426 3479
f 3426 3480 3479
f 3426 3427 3480
f 3427 3481 3480
f 3427 3428 3481
f 3428 3482 3481
f 3428 3429 3482
f 3429 3483 3482
f 3429 3430 3483
f 3430 3484 3483
f 3430 3431 3484
f 3431 3485 3484
f 3431 3432 3485
f 3432 3486 3485
f 3432 3433 3486
f 3433 3487 3486
f 3433 3434 3487
f 3434 3488 3487
f 3434 3435 3488
f 3435 3489 3488
f 3435 3436 3489
f 3436 3490 3489
f 3436 3437 3490
f 3437 3491 3490
f 3437 3438 3491
f 3438 3492 3491
f 3438 3439 3492
f 3439 3493 3492
f 3439 3440 3493
f 3440 3494 3493
f 3440 3441 3494
f 3441 3495 3494
f 3441 3442 3495
f 3442 3496 3495
f 3442 3443 3496
f 3443 3497 3496
f 3443 3444 3497
f 3444 3498 3497
f 3444 3445 3498
f 3445 3499 3498
f 3445 3446 3499
f 3446 3500 3499
f 3446 3447 3500
f 3447 3501 3500
f 3447 3448 3501
f 3448 3502 3501
f 3448 3449 3502
f 3449 3503 3502
f 3449 3450 3503
f 3450 3504 3503
f 3450 3451 3504
f 3451 3505 3504
f 3451 3452 3505
f 3452 3506 3505
f 3452 3453 3506
f 3453 3507 3506
f 3453 3454 3507
f 3454 3508 3507
f 3454 3455 3508
f 3455 3509 3508
f 3455 3456 3509
f 3456 3510 3509
f 3456 3457 3510
f 3457 3511 3510
f 3457 3458 3511
f 3458 3512 3511
f 3458 3459 3512
f 3459 3513 3512
f 3459 3460 3513
f 3460 3514 3513
f 3460 3461 3514
f 3461 3515 3514
f 3461 3462 3515
f 3462 3516 3515
f 3462 3463 3516
f 3463 3517 3516
f 3463 3464 3517
f 3464 3518 3517
f 3464 3465 3518
f 3465 3519 3518
f 3465 3466 3519
f 3466 3520 3519
f 3466 3467 3520
f 3467 3521 3520
f 3467 3468 3521
f 3468 3522 3521
f 3468 3469 3522
f 3469 3523 3522
f 3469 3470 3523
f 3470 3524 3523
f 3470 3471 3524
f 3471 3525 3524
f 3473 3474 3526
f 3474 3527 3526
f 3474 3475 3527
f 3475 3528 3527
f 3475 3476 3528
f 3476 3529 3528
f 3476 3477 3529
f 3477 3530 3529
f 3477 3478 3530
f 3478 3531 3530
f 3478 3479 3531
f 3479 3532 3531
f 3479 3480 3532
f 3480 3533 3532
f 3480 3481 3533
f 3481 3534 3533
f 3481 3482 3534
f 3482 3535 3534
f 3482 3483 3535
f 3483 3536 3535
f 3483 3484 3536
f 3484 3537 3536
f 3484 3485 3537
f 3485 3538 3537
f 3485 3486 3538
f 3486 3539 3538
f 3486 3487 3539
f 3487 3540 3539
f 3487 3488 3540
f 3488 3541 3540
f 3488 3489 3541
f 3489 3542 3541
f 3489 3490 3542
f 3490 3543 3542
f 3490 3491 3543
f 3491 3544 3543
f 3491 3492 3544
f 3492 3545 3544
f 3492 3493 3545
f 3493 3546 3545
f 3493 3494 3546
f 3494 3547 3546
f 3494 3495 3547
f 3495 3548 3547
f 3495 3496 3548
f 3496 3549 3548
f 3496 3497 3549
f 3497 3550 3549
f 3497 3498 3550
f 3498 3551 3550
f 3498 3499 3551
f 3499 3552 3551
f 3499 3500 3552
f 3500 3553 3552
f 3500 3501 3553
f 3501 3554 3553
f 3501 3502 3554
f 3502 3555 3554
f 3502 3503 3555
f 3503 3556 3555
f 3503 3504 3556
f 3504 3557 3556
f 3504 3505 3557
f 3505 3558 3557
f 3505 3506 3558
f 3506 3559 3558
f 3506 3507 3559
f 3507 3560 3559
f 3507 3508 3560
f 3508 3561 3560
f 3508 3509 3561
f 3509 3562 3561
f 3509 3510 3562
f 3510 3563 3562
f 3510 3511 3563
f 3511 3564 3563
f 3511 3512 3564
f 3512 3565 3564
f 3512 3513 3565
f 3513 3566 3565
f 3513 3514 3566
f 3514 3567 3566
f 3514 3515 3567
f 3515 3568 3567
f 3515 3516 3568
f 3516 3569 3568
f 3516 3517 3569
f 3517 3570 3569
f 3517 3518 3570
f 3518 3571 3570
f 3518 3519 3571
f 3519 3572 3571
f 3519 3520 3572
f 3520 3573 3572
f 3520 3521 3573
f 3522 3523 3574
f 3523 3575 3574
f 3523 3524 3575
f 3524 3576 3575
f 3524 3525 3576
f 3525 3577 3576
f 3526 3580 3579
f 3526 3527 3580
f 3527 3581 3580
f 3527 3528 3581
f 3528 3582 3581
f 3528 3529 3582
f 3529 3583 3582
f 3529 3530 3583
f 3530 3584 3583
f 3530 3531 3584
f 3531 3585 3584
f 3531 3532 3585
f 3532 3586 3585
f 3532 3533 3586
f 3533 3587 3586
f 3533 3534 3587
f 3534 3588 3587
f 3534 3535 3588
f 3535 3589 3588
f 3535 3536 3589
f 3536 3590 3589
f 3536 3537 3590
f 3537 3591 3590
f 3537 3538 3591
f 3538 3592 3591
f 3538 3539 3592
f 3539 3593 3592
f 3539 3540 3593
f 3540 3594 3593
f 3540 3541 3594
f 3541 3595 3594
f 3541 3542 3595
f 3542 3596 3595
f 3542 3543 3596
f 3543 3597 3596
f 3543 3544 3597
f 3544 3598 3597
f 3544 3545 3598
f 3545 3599 3598
f 3545 3546 3599
f 3546 3600 3599
f 3546 3547 3600
f 3547 3601 3600
f 3547 3548 3601
f 3548 3602 3601
f 3548 3549 3602
f 3549 3603 3602
f 3549 3550 3603
f 3550 3604 3603
f 3550 3551 3604
f 3551 3605 3604
f 3551 3552 3605
f 3552 3606 3605
f 3552 3553 3606
f 3553 3607 3606
f 3553 3554 3607
f 3554 3608 3607
f 3554 3555 3608
f 3555 3609 3608
f 3555 3556 3609
f 3556 3610 3609
f 3556 3557 3610
f 3557 3611 3610
f 3557 3558 3611
f 3558 3612 3611
f 3558 3559 3612
f 3559 3613 3612
f 3559 3560 3613
f 3560 3614 3613
f 3560 3561 3614
f 3561 3615 3614
f 3561 3562 3615
f 3562 3616 3615
f 3562 3563 3616
f 3563 3617 3616
f 3563 3564 3617
f 3564 3618 3617
f 3564 3565 3618
f 3565 3619 3618
f 3565 3566 3619
f 3566 3620 3619
f 3566 3567 3620
f 3567 3621 3620
f 3567 3568 3621
f 3568 3622 3621
f 3568 3569 3622
f 3569 3623 3622
f 3569 3570 3623
f 3570 3624 3623
f 3570 3571 3624
f 3571 3625 3624
f 3571 3572 3625
f 3572 3626 3625
f 3572 3573 3626
f 3573 3627 3626
f 3574 3629 3628
f 3574 3575 3629
f 3575 3630 3629
f 3575 3576 3630
f 3576 3631 3630
f 3576 3577 3631
f 3577 3632 3631
f 3580 3581 3637
f 3581 3638 3637
f 3581 3582 3638
f 3582 3639 3638
f 3582 3583 3639
f 3583 3640 3639
f 3583 3584 3640
f 3584 3641 3640
f 3584 3585 3641
f 3585 3642 3641
f 3585 3586 3642
f 3586 3643 3642
f 3586 3587 3643
f 3587 3644 3643
f 3587 3588 3644
f 3588 3645 3644
f 3588 3589 3645
f 3589 3646 3645
f 3589 3590 3646
f 3590 3647 3646
f 3590 3591 3647
f 3591 3648 3647
f 3591 3592 3648
f 3592 3649 3648
f 3592 3593 3649
f 3593 3650 3649
f 3593 3594 3650
f 3594 3651 3650
f 3594 3595 3651
f 3595 3652 3651
f 3595 3596 3652
f 3596 3653 3652
f 3596 3597 3653
f 3597 3654 3653
f 3597 3598 3654
f 3598 3655 3654
f 3598 3599 3655
f 3599 3656 3655
f 3599 3600 3656
f 3600 3657 3656
f 3600 3601 3657
f 3601 3658 3657
f 3601 3602 3658
f 3602 3659 3658
f 3602 3603 3659
f 3603 3660 3659
f 3603 3604 3660
f 3604 3661 3660
f 3604 3605 3661
f 3605 3662 3661
f 3605 3606 3662
f 3606 3663 3662
f 3606 3607 3663
f 3607 3664 3663
f 3607 3608 3664
f 3608 3665 3664
f 3608 3609 3665
f 3609 3666 3665
f 3609 3610 3666
f 3610 3667 3666
f 3610 3611 3667
f 3611 3668 3667
f 3611 3612 3668
f 3612 3669 3668
f 3612 3613 3669
f 3613 3670 3669
f 3613 3614 3670
f 3614 3671 3670
f 3614 3615 3671
f 3615 3672 3671
f 3615 3616 3672
f 3616 3673 3672
f 3616 3617 3673
f 3617 3674 3673
f 3617 3618 3674
f 3618 3675 3674
f 3618 3619 3675
f 3619 3676 3675
f 3619 3620 3676
f 3620 3677 3676
f 3620 3621 3677
f 3621 3678 3677
f 3621 3622 3678
f 3622 3679 3678
f 3622 3623 3679
f 3623 3680 3679
f 3623 3624 3680
f 3624 3681 3680
f 3624 3625 3681
f 3625 3682 3681
f 3625 3626 3682
f 3626 3683 3682
f 3626 3627 3683
f 3627 3684 3683
f 3627 3628 3684
f 3628 3685 3684
f 3628 3629 3685
f 3629 3686 3685
f 3629 3630 3686
f 3630 3687 3686
f 3630 3631 3687
f 3631 3688 3687
f 3631 3632 3688
f 3632 3689 3688
f 3633 3634 3690
f 3635 3692 3691
f 3635 3636 3692
f 3636 3693 3692
f 3637 3695 3694
f 3637 3638 3695
f 3638 3696 3695
f 3638 3639 3696
f 3639 3697 3696
f 3639 3640 3697
f 3640 3698 3697
f 3640 3641 3698
f 3641 3699 3698
f 3641 3642 3699
f 3642 3700 3699
f 3642 3643 3700
f 3643 3701 3700
f 3643 3644 3701
f 3644 3702 3701
f 3644 3645 3702
f 3645 3703 3702
f 3645 3646 3703
f 3646 3704 3703
f 3646 3647 3704
f 3647 3705 3704
f 3647 3648 3705
f 3648 3706 3705
f 3648 3649 3706
f 3649 3707 3706
f 3649 3650 3707
f 3650 3708 3707
f 3650 3651 3708
f 3651 3709 3708
f 3651 3652 3709
f 3652 3710 3709
f 3652 3653 3710
f 3653 3711 3710
f 3653 3654 3711
f 3654 3712 3711
f 3654 3655 3712
f 3655 3713 3712
f 3655 3656 3713
f 3656 3714 3713
f 3656 3657 3714
f 3657 3715 3714
f 3657 3658 3715
f 3658 3716 3715
f 3658 3659 3716
f 3659 3717 3716
f 3659 3660 3717
f 3660 3718 3717
f 3660 3661 3718
f 3661 3719 3718
f 3661 3662 3719
f 3662 3720 3719
f 3662 3663 3720
f 3663 3721 3720
f 3663 3664 3721
f 3664 3722 3721
f 3664 3665 3722
f 3665 3723 3722
f 3665 3666 3723
f 3666 3724 3723
f 3666 3667 3724
f 3667 3725 3724
f 3667 3668 3725
f 3668 3726 3725
f 3668 3669 3726
f 3669 3727 3726
f 3669 3670 3727
f 3670 3728 3727
f 3670 3671 3728
f 3671 3729 3728
f 3671 3672 3729
f 3672 3730 3729
f 3672 3673 3730
f 3673 3731 3730
f 3673 3674 3731
f 3674 3732 3731
f 3674 3675 3732
f 3675 3733 3732
f 3675 3676 3733
f 3676 3734 3733
f 3676 3677 3734
f 3677 3735 3734
f 3677 3678 3735
f 3678 3736 3735
f 3678 3679 3736
f 3679 3737 3736
f 3679 3680 3737
f 3680 3738 3737
f 3680 3681 3738
f 3681 3739 3738
f 3681 3682 3739
f 3682 3740 3739
f 3682 3683 3740
f 3683 3741 3740
f 3683 3684 3741
f 3684 3742 3741
f 3684 3685 3742
f 3685 3743 3742
f 3685 3686 3743
f 3686 3744 3743
f 3686 3687 3744
f 3687 3745 3744
f 3687 3688 3745
f 3688 3746 3745
f 3688 3689 3746
f 3692 3693 3747
f 3693 3748 3747
f 3693 3694 3748
f 3694 3749 3748
f 3694 3695 3749
f 3695 3750 3749
f 3695 3696 3750
f 3696 3751 3750
f 3696 3697 3751
f 3697 3752 3751
f 3697 3698 3752
f 3698 3753 3752
f 3698 3699 3753
f 3699 3754 3753
f 3699 3700 3754
f 3700 3755 3754
f 3700 3701 3755
f 3701 3756 3755
f 3701 3702 3756
f 3702 3757 3756
f 3702 3703 3757
f 3703 3758 3757
f 3703 3704 3758
f 3704 3759 3758
f 3704 3705 3759
f 3705 3760 3759
f 3705 3706 3760
f 3706 3761 3760
f 3706 3707 3761
f 3707 3762 3761
f 3707 3708 3762
f 3708 3763 3762
f 3708 3709 3763
f 3709 3764 3763
f 3709 3710 3764
f 3710 3765 3764
f 3710 3711 3765
f 3711 3766 3765
f 3711 3712 3766
f 3712 3767 3766
f 3712 3713 3767
f 3713 3768 3767
f 3713 3714 3768
f 3714 3769 3768
f 3714 3715 3769
f 3715 3770 3769
f 3715 3716 3770
f 3716 3771 3770
f 3716 3717 3771
f 3717 3772 3771
f 3717 3718 3772
f 3718 3773 3772
f 3718 3719 3773
f 3719 3774 3773
f 3719 3720 3774
f 3720 3775 3774
f 3720 3721 3775
f 3721 3776 3775
f 3721 3722 3776
f 3722 3777 3776
f 3722 3723 3777
f 3723 3778 3777
f 3723 3724 3778
f 3724 3779 3778
f 3724 3725 3779
f 3725 3780 3779
f 3725 3726 3780
f 3726 3781 3780
f 3726 3727 3781
f 3727 3782 3781
f 3727 3728 3782
f 3728 3783 3782
f 3728 3729 3783
f 3729 3784 3783
f 3729 3730 3784
f 3730 3785 3784
f 3730 3731 3785
f 3731 3786 3785
f 3731 3732 3786
f 3732 3787 3786
f 3732 3733 3787
f 3733 3788 3787
f 3733 3734 3788
f 3734 3789 3788
f 3734 3735 3789
f 3735 3790 3789
f 3735 3736 3790
f 3736 3791 3790
f 3736 3737 3791
f 3737 3792 3791
f 3737 3738 3792
f 3738 3793 3792
f 3738 3739 3793
f 3739 3794 3793
f 3739 3740 3794
f 3740 3795 3794
f 3740 3741 3795
f 3741 3796 3795
f 3741 3742 3796
f 3742 3797 3796
f 3742 3743 3797
f 3743 3798 3797
f 3743 3744 3798
f 3744 3799 3798
f 3744 3745 3799
f 3745 3800 3799
f 3745 3746 3800
f 3746 3801 3800
f 3747 3748 3804
f 3748 3805 3804
f 3748 3749 3805
f 3749 3806 3805
f 3749 3750 3806
f 3750 3807 3806
f 3750 3751 3807
f 3751 3808 3807
f 3751 3752 3808
f 3752 3809 3808
f 3752 3753 3809
f 3753 3810 3809
f 3753 3754 3810
f 3754 3811 3810
f 3754 3755 3811
f 3755 3812 3811
f 3755 3756 3812
f 3756 3813 3812
f 3756 3757 3813
f 3757 3814 3813
f 3757 3758 3814
f 3758 3815 3814
f 3758 3759 3815
f 3759 3816 3815
f 3759 3760 3816
f 3760 3817 3816
f 3760 3761 3817
f 3761 3818 3817
f 3761 3762 3818
f 3762 3819 3818
f 3762 3763 3819
f 3763 3820 3819
f 3763 3764 3820
f 3764 3821 3820
f 3764 3765 3821
f 3765 3822 3821
f 3765 3766 3822
f 3766 3823 3822
f 3766 3767 3823
f 3767 3824 3823
f 3767 3768 3824
f 3768 3825 3824
f 3768 3769 3825
f 3769 3826 3825
f 3769 3770 3826
f 3770 3827 3826
f 3770 3771 3827
f 3771 3828 3827
f 3771 3772 3828
f 3772 3829 3828
f 3772 3773 3829
f 3773 3830 3829
f 3773 3774 3830
f 3774 3831 3830
f 3774 3775 3831
f 3775 3832 3831
f 3775 3776 3832
f 3776 3833 3832
f 3776 3777 3833
f 3777 3834 3833
f 3777 3778 3834
f 3778 3835 3834
f 3778 3779 3835
f 3779 3836 3835
f 3779 3780 3836
f 3780 3837 3836
f 3780 3781 3837
f 3781 3838 3837
f 3781 3782 3838
f 3782 3839 3838
f 3782 3783 3839
f 3783 3840 3839
f 3783 3784 3840
f 3784 3841 3840
f 3784 3785 3841
f 3785 3842 3841
f 3785 3786 3842
f 3786 3843 3842
f 3786 3787 3843
f 3787 3844 3843
f 3787 3788 3844
f 3788 3845 3844
f 3788 3789 3845
f 3789 3846 3845
f 3789 3790 3846
f 3790 3847 3846
f 3790 3791 3847
f 3791 3848 3847
f 3791 3792 3848
f 3792 3849 3848
f 3792 3793 3849
f 3793 3850 3849
f 3793 3794 3850
f 3794 3851 3850
f 3794 3795 3851
f 3795 3852 3851
f 3795 3796 3852
f 3796 3853 3852
f 3796 3797 3853
f 3797 3854 3853
f 3797 3798 3854
f 3798 3855 3854
f 3798 3799 3855
f 3799 3856 3855
f 3799 3800 3856
f 3800 3857 3856
f 3800 3801 3857
f 3801 3858 3857
f 3801 3802 3858
f 3802 3859 3858
f 3802 3803 3859
f 3806 3807 3860
f 3807 3861 3860
f 3807 3808 3861
f 3808 3862 3861
f 3808 3809 3862
f 3809 3863 3862
f 3809 3810 3863
f 3810 3864 3863
f 3810 3811 3864
f 3811 3865 3864
f 3811 3812 3865
f 3812 3866 3865
f 3812 3813 3866
f 3813 3867 3866
f 3813 3814 3867
f 3814 3868 3867
f 3814 3815 3868
f 3815 3869 3868
f 3815 3816 3869
f 3816 3870 3869
f 3816 3817 3870
f 3817 3871 3870
f 3817 3818 3871
f 3818 3872 3871
f 3818 3819 3872
f 3819 3873 3872
f 3819 3820 3873
f 3820 3874 3873
f 3820 3821 3874
f 3821 3875 3874
f 3821 3822 3875
f 3822 3876 3875
f 3822 3823 3876
f 3823 3877 3876
f 3823 3824 3877
f 3824 3878 3877
f 3824 3825 3878
f 3825 3879 3878
f 3825 3826 3879
f 3826 3880 3879
f 3826 3827 3880
f 3827 3881 3880
f 3827 3828 3881
f 3828 3882 3881
f 3828 3829 3882
f 3829 3883 3882
f 3829 3830 3883
f 3830 3884 3883
f 3830 3831 3884
f 3831 3885 3884
f 3831 3832 3885
f 3832 3886 3885
f 3832 3833 3886
f 3833 3887 3886
f 3833 3834 3887
f 3834 3888 3887
f 3834 3835 3888
f 3835 3889 3888
f 3835 3836 3889
f 3836 3890 3889
f 3836 3837 3890
f 3837 3891 3890
f 3837 3838 3891
f 3838 3892 3891
f 3838 3839 3892
f 3839 3893 3892
f 3839 3840 3893
f 3840 3894 3893
f 3840 3841 3894
f 3841 3895 3894
f 3841 3842 3895
f 3842 3896 3895
f 3842 3843 3896
f 3843 3897 3896
f 3843 3844 3897
f 3844 3898 3897
f 3844 3845 3898
f 3845 3899 3898
f 3845 3846 3899
f 3846 3900 3899
f 3846 3847 3900
f 3847 3901 3900
f 3847 3848 3901
f 3848 3902 3901
f 3848 3849 3902
f 3849 3903 3902
f 3849 3850 3903
f 3850 3904 3903
f 3850 3851 3904
f 3851 3905 3904
f 3851 3852 3905
f 3852 3906 3905
f 3852 3853 3906
f 3853 3907 3906
f 3853 3854 3907
f 3854 3908 3907
f 3854 3855 3908
f 3855 3909 3908
f 3855 3856 3909
f 3856 3910 3909
f 3856 3857 3910
f 3857 3911 3910
f 3857 3858 3911
f 3858 3912 3911
f 3858 3859 3912
f 3859 3913 3912
f 3860 3861 3920
f 3861 3921 3920
f 3861 3862 3921
f 3862 3922 3921
f 3862 3863 3922
f 3863 3923 3922
f 3863 3864 3923
f 3864 3924 3923
f 3864 3865 3924
f 3865 3925 3924
f 3865 3866 3925
f 3866 3926 3925
f 3866 3867 3926
f 3867 3927 3926
f 3867 3868 3927
f 3868 3928 3927
f 3868 3869 3928
f 3869 3929 3928
f 3869 3870 3929
f 3870 3930 3929
f 3870 3871 3930
f 3871 3931 3930
f 3871 3872 3931
f 3872 3932 3931
f 3872 3873 3932
f 3873 3933 3932
f 3873 3874 3933
f 3874 3934 3933
f 3874 3875 3934
f 3875 3935 3934
f 3875 3876 3935
f 3876 3936 3935
f 3876 3877 3936
f 3877 3937 3936
f 3877 3878 3937
f 3878 3938 3937
f 3878 3879 3938
f 3879 3939 3938
f 3879 3880 3939
f 3880 3940 3939
f 3880 3881 3940
f 3881 3941 3940
f 3881 3882 3941
f 3882 3942 3941
f 3882 3883 3942
f 3883 3943 3942
f 3883 3884 3943
f 3884 3944 3943
f 3884 3885 3944
f 3885 3945 3944
f 3885 3886 3945
f 3886 3946 3945
f 3886 3887 3946
f 3887 3947 3946
f 3887 3888 3947
f 3888 3948 3947
f 3888 3889 3948
f 3889 3949 3948
f 3889 3890 3949
f 3890 3950 3949
f 3890 3891 3950
f 3891 3951 3950
f 3891 3892 3951
f 3892 3952 3951
f 3892 3893 3952
f 3893 3953 3952
f 3893 3894 3953
f 3894 3954 3953
f 3894 3895 3954
f 3895 3955 3954
f 3895 3896 3955
f 3896 3956 3955
f 3896 3897 3956
f 3897 3957 3956
f 3897 3898 3957
f 3898 3958 3957
f 3898 3899 3958
f 3899 3959 3958
f 3899 3900 3959
f 3900 3960 3959
f 3900 3901 3960
f 3901 3961 3960
f 3901 3902 3961
f 3902 3962 3961
f 3902 3903 3962
f 3903 3963 3962
f 3903 3904 3963
f 3904 3964 3963
f 3904 3905 3964
f 3905 3965 3964
f 3905 3906 3965
f 3906 3966 3965
f 3906 3907 3966
f 3907 3967 3966
f 3907 3908 3967
f 3908 3968 3967
f 3908 3909 3968
f 3909 3969 3968
f 3909 3910 3969
f 3910 3970 3969
f 3910 3911 3970
f 3911 3971 3970
f 3911 3912 3971
f 3912 3972 3971
f 3912 3913 3972
f 3913 3973 3972
f 3913 3914 3973
f 3914 3974 3973
f 3921 3922 3976
f 3923 3924 3977
f 3924 3978 3977
f 3924 3925 3978
f 3925 3979 3978
f 3925 3926 3979
f 3926 3980 3979
f 3926 3927 3980
f 3927 3981 3980
f 3927 3928 3981
f 3928 3982 3981
f 3928 3929 3982
f 3929 3983 3982
f 3929 3930 3983
f 3930 3984 3983
f 3930 3931 3984
f 3931 3985 3984
f 3931 3932 3985
f 3932 3986 3985
f 3932 3933 3986
f 3933 3987 3986
f 3933 3934 3987
f 3934 3988 3987
f 3934 3935 3988
f 3935 3989 3988
f 3935 3936 3989
f 3936 3990 3989
f 3936 3937 3990
f 3937 3991 3990
f 3937 3938 3991
f 3938 3992 3991
f 3938 3939 3992
f 3939 3993 3992
f 3939 3940 3993
f 3940 3994 3993
f 3940 3941 3994
f 3941 3995 3994
f 3941 3942 3995
f 3942 3996 3995
f 3942 3943 3996
f 3943 3997 3996
f 3943 3944 3997
f 3944 3998 3997
f 3944 3945 3998
f 3945 3999 3998
f 3945 3946 3999
f 3946 4000 3999
f 3946 3947 4000
f 3947 4001 4000
f 3947 3948 4001
f 3948 4002 4001
f 3948 3949 4002
f 3949 4003 4002
f 3949 3950 4003
f 3950 4004 4003
f 3950 3951 4004
f 3951 4005 4004
f 3951 3952 4005
f 3952 4006 4005
f 3952 3953 4006
f 3953 4007 4006
f 3953 3954 4007
f 3954 4008 4007
f 3954 3955 4008
f 3955 4009 4008
f 3955 3956 4009
f 3956 4010 4009
f 3956 3957 4010
f 3957 4011 4010
f 3957 3958 4011
f 3958 4012 4011
f 3958 3959 4012
f 3959 4013 4012
f 3959 3960 4013
f 3960 4014 4013
f 3960 3961 4014
f 3961 4015 4014
f 3961 3962 4015
f 3962 4016 4015
f 3962 3963 4016
f 3963 4017 4016
f 3963 3964 4017
f 3964 4018 4017
f 3964 3965 4018
f 3965 4019 4018
f 3965 3966 4019
f 3966 4020 4019
f 3966 3967 4020
f 3967 4021 4020
f 3967 3968 4021
f 3968 4022 4021
f 3968 3969 4022
f 3969 4023 4022
f 3969 3970 4023
f 3970 4024 4023
f 3970 3971 4024
f 3971 4025 4024
f 3971 3972 4025
f 3972 4026 4025
f 3972 3973 4026
f 3973 4027 4026
f 3973 3974 4027
f 3974 4028 4027
f 3977 3978 4031
f 3978 4032 4031
f 3978 3979 4032
f 3979 4033 4032
f 3979 3980 4033
f 3980 4034 4033
f 3980 3981 4034
f 3981 4035 4034
f 3981 3982 4035
f 3982 4036 4035
f 3982 3983 4036
f 3983 4037 4036
f 3983 3984 4037
f 3984 4038 4037
f 3984 3985 4038
f 3985 4039 4038
f 3985 3986 4039
f 3986 4040 4039
f 3986 3987 4040
f 3987 4041 4040
f 3987 3988 4041
f 3988 4042 4041
f 3988 3989 4042
f 3989 4043 4042
f 3989 3990 4043
f 3990 4044 4043
f 3990 3991 4044
f 3991 4045 4044
f 3991 3992 4045
f 3992 4046 4045
f 3992 3993 4046
f 3993 4047 4046
f 3993 3994 4047
f 3994 4048 4047
f 3994 3995 4048
f 3995 4049 4048
f 3995 3996 4049
f 3996 4050 4049
f 3996 3997 4050
f 3997 4051 4050
f 3997 3998 4051
f 3998 4052 4051
f 3998 3999 4052
f 3999 4053 4052
f 3999 4000 4053
f 4000 4054 4053
f 4000 4001 4054
f 4001 4055 4054
f 4001 4002 4055
f 4002 4056 4055
f 4002 4003 4056
f 4003 4057 4056
f 4003 4004 4057
f 4004 4058 4057
f 4004 4005 4058
f 4005 4059 4058
f 4005 4006 4059
f 4006 4060 4059
f 4006 4007 4060
f 4007 4061 4060
f 4007 4008 4061
f 4008 4062 4061
f 4008 4009 4062
f 4009 4063 4062
f 4009 4010 4063
f 4010 4064 4063
f 4010 4011 4064
f 4011 4065 4064
f 4011 4012 4065
f 4012 4066 4065
f 4012 4013 4066
f 4013 4067 4066
f 4013 4014 4067
f 4014 4068 4067
f 4014 4015 4068
f 4015 4069 4068
f 4015 4016 4069
f 4016 4070 4069
f 4016 4017 4070
f 4017 4071 4070
f 4017 4018 4071
f 4018 4072 4071
f 4018 4019 4072
f 4019 4073 4072
f 4019 4020 4073
f 4020 4074 4073
f 4020 4021 4074
f 4021 4075 4074
f 4021 4022 4075
f 4022 4076 4075
f 4022 4023 4076
f 4023 4077 4076
f 4023 4024 4077
f 4024 4078 4077
f 4024 4025 4078
f 4025 4079 4078
f 4025 4026 4079
f 4026 4080 4079
f 4026 4027 4080
f 4027 4081 4080
f 4027 4028 4081
f 4028 4082 4081
f 4028 4029 4082
f 4029 4083 4082
f 4029 4030 4083
f 4033 4034 4085
f 4034 4086 4085
f 4034 4035 4086
f 4035 4087 4086
f 4035 4036 4087
f 4036 4088 4087
f 4036 4037 4088
f 4037 4089 4088
f 4037 4038 4089
f 4038 4090 4089
f 4038 4039 4090
f 4039 4091 4090
f 4039 4040 4091
f 4040 4092 4091
f 4040 4041 4092
f 4041 4093 4092
f 4041 4042 4093
f 4042 4094 4093
f 4042 4043 4094
f 4043 4095 4094
f 4043 4044 4095
f 4044 4096 4095
f 4044 4045 4096
f 4045 4097 4096
f 4045 4046 4097
f 4046 4098 4097
f 4046 4047 4098
f 4047 4099 4098
f 4047 4048 4099
f 4048 4100 4099
f 4048 4049 4100
f 4049 4101 4100
f 4049 4050 4101
f 4050 4102 4101
f 4050 4051 4102
f 4051 4103 4102
f 4051 4052 4103
f 4052 4104 4103
f 4052 4053 4104
f 4053 4105 4104
f 4053 4054 4105
f 4054 4106 4105
f 4054 4055 4106
f 4055 4107 4106
f 4055 4056 4107
f 4056 4108 4107
f 4056 4057 4108
f 4057 4109 4108
f 4057 4058 4109
f 4058 4110 4109
f 4058 4059 4110
f 4059 4111 4110
f 4059 4060 4111
f 4060 4112 4111
f 4060 4061 4112
f 4061 4113 4112
f 4061 4062 4113
f 4062 4114 4113
f 4062 4063 4114
f 4063 4115 4114
f 4063 4064 4115
f 4064 4116 4115
f 4064 4065 4116
f 4065 4117 4116
f 4065 4066 4117
f 4066 4118 4117
f 4066 4067 4118
f 4067 4119 4118
f 4067 4068 4119
f 4068 4120 4119
f 4068 4069 4120
f 4069 4121 4120
f 4069 4070 4121
f 4070 4122 4121
f 4070 4071 4122
f 4071 4123 4122
f 4071 4072 4123
f 4072 4124 4123
f 4072 4073 4124
f 4073 4125 4124
f 4073 4074 4125
f 4074 4126 4125
f 4074 4075 4126
f 4075 4127 4126
f 4075 4076 4127
f 4076 4128 4127
f 4076 4077 4128
f 4077 4129 4128
f 4077 4078 4129
f 4078 4130 4129
f 4078 4079 4130
f 4079 4131 4130
f 4079 4080 4131
f 4080 4132 4131
f 4080 4081 4132
f 4081 4133 4132
f 4081 4082 4133
f 4082 4134 4133
f 4082 4083 4134
f 4083 4135 4134
f 4088 4089 4141
f 4089 4142 4141
f 4089 4090 4142
f 4090 4143 4142
f 4090 4091 4143
f 4091 4144 4143
f 4091 4092 4144
f 4092 4145 4144
f 4092 4093 4145
f 4093 4146 4145
f 4093 4094 4146
f 4094 4147 4146
f 4094 4095 4147
f 4095 4148 4147
f 4095 4096 4148
f 4096 4149 4148
f 4096 4097 4149
f 4097 4150 4149
f 4097 4098 4150
f 4098 4151 4150
f 4098 4099 4151
f 4099 4152 4151
f 4099 4100 4152
f 4100 4153 4152
f 4100 4101 4153
f 4101 4154 4153
f 4101 4102 4154
f 4102 4155 4154
f 4102 4103 4155
f 4103 4156 4155
f 4103 4104 4156
f 4104 4157 4156
f 4104 4105 4157
f 4105 4158 4157
f 4105 4106 4158
f 4106 4159 4158
f 4106 4107 4159
f 4107 4160 4159
f 4107 4108 4160
f 4108 4161 4160
f 4108 4109 4161
f 4109 4162 4161
f 4109 4110 4162
f 4110 4163 4162
f 4110 4111 4163
f 4111 4164 4163
f 4111 4112 4164
f 4112 4165 4164
f 4112 4113 4165
f 4113 4166 4165
f 4113 4114 4166
f 4114 4167 4166
f 4114 4115 4167
f 4115 4168 4167
f 4115 4116 4168
f 4116 4169 4168
f 4116 4117 4169
f 4117 4170 4169
f 4117 4118 4170
f 4118 4171 4170
f 4118 4119 4171
f 4119 4172 4171
f 4119 4120 4172
f 4120 4173 4172
f 4120 4121 4173
f 4121 4174 4173
f 4121 4122 4174
f 4122 4175 4174
f 4122 4123 4175
f 4123 4176 4175
f 4123 4124 4176
f 4124 4177 4176
f 4124 4125 4177
f 4125 4178 4177
f 4125 4126 4178
f 4126 4179 4178
f 4126 4127 4179
f 4127 4180 4179
f 4127 4128 4180
f 4128 4181 4180
f 4128 4129 4181
f 4129 4182 4181
f 4129 4130 4182
f 4130 4183 4182
f 4130 4131 4183
f 4131 4184 4183
f 4131 4132 4184
f 4132 4185 4184
f 4132 4133 4185
f 4133 4186 4185
f 4133 4134 4186
f 4134 4187 4186
f 4134 4135 4187
f 4135 4188 4187
f 4135 4136 4188
f 4136 4189 4188
f 4140 4194 4193
f 4143 4144 4200
f 4144 4201 4200
f 4144 4145 4201
f 4145 4202 4201
f 4145 4146 4202
f 4146 4203 4202
f 4146 4147 4203
f 4147 4204 4203
f 4147 4148 4204
f 4148 4205 4204
f 4148 4149 4205
f 4149 4206 4205
f 4149 4150 4206
f 4150 4207 4206
f 4150 4151 4207
f 4151 4208 4207
f 4151 4152 4208
f 4152 4209 4208
f 4152 4153 4209
f 4153 4210 4209
f 4153 4154 4210
f 4154 4211 4210
f 4154 4155 4211
f 4155 4212 4211
f 4155 4156 4212
f 4156 4213 4212
f 4156 4157 4213
f 4157 4214 4213
f 4157 4158 4214
f 4158 4215 4214
f 4158 4159 4215
f 4159 4216 4215
f 4159 4160 4216
f 4160 4217 4216
f 4160 4161 4217
f 4161 4218 4217
f 4161 4162 4218
f 4162 4219 4218
f 4162 4163 4219
f 4163 4220 4219
f 4163 4164 4220
f 4164 4221 4220
f 4164 4165 4221
f 4165 4222 4221
f 4165 4166 4222
f 4166 4223 4222
f 4166 4167 4223
f 4167 4224 4223
f 4167 4168 4224
f 4168 4225 4224
f 4168 4169 4225
f 4169 4226 4225
f 4169 4170 4226
f 4170 4227 4226
f 4170 4171 4227
f 4171 4228 4227
f 4171 4172 4228
f 4172 4229 4228
f 4172 4173 4229
f 4173 4230 4229
f 4173 4174 4230
f 4174 4231 4230
f 4174 4175 4231
f 4175 4232 4231
f 4175 4176 4232
f 4176 4233 4232
f 4176 4177 4233
f 4177 4234 4233
f 4177 4178 4234
f 4178 4235 4234
f 4178 4179 4235
f 4179 4236 4235
f 4179 4180 4236
f 4180 4237 4236
f 4180 4181 4237
f 4181 4238 4237
f 4181 4182 4238
f 4182 4239 4238
f 4182 4183 4239
f 4183 4240 4239
f 4183 4184 4240
f 4184 4241 4240
f 4184 4185 4241
f 4185 4242 4241
f 4185 4186 4242
f 4186 4243 4242
f 4186 4187 4243
f 4187 4244 4243
f 4187 4188 4244
f 4188 4245 4244
f 4188 4189 4245
f 4189 4246 4245
f 4189 4190 4246
f 4190 4247 4246
f 4190 4191 4247
f 4191 4248 4247
f 4192 4252 4251
f 4193 4194 4256
f 4194 4257 4256
f 4194 4195 4257
f 4195 4258 4257
f 4195 4196 4258
f 4196 4259 4258
f 4196 4197 4259
f 4197 4260 4259
f 4197 4198 4260
f 4198 4261 4260
f 4198 4199 4261
f 4199 4262 4261
f 4200 4265 4264
f 4200 4201 4265
f 4201 4266 4265
f 4201 4202 4266
f 4202 4267 4266
f 4202 4203 4267
f 4203 4268 4267
f 4203 4204 4268
f 4204 4269 4268
f 4204 4205 4269
f 4205 4270 4269
f 4205 4206 4270
f 4206 4271 4270
f 4206 4207 4271
f 4207 4272 4271
f 4207 4208 4272
f 4208 4273 4272
f 4208 4209 4273
f 4209 4274 4273
f 4209 4210 4274
f 4210 4275 4274
f 4210 4211 4275
f 4211 4276 4275
f 4211 4212 4276
f 4212 4277 4276
f 4212 4213 4277
f 4213 4278 4277
f 4213 4214 4278
f 4214 4279 4278
f 4214 4215 4279
f 4215 4280 4279
f 4215 4216 4280
f 4216 4281 4280
f 4216 4217 4281
f 4217 4282 4281
f 4217 4218 4282
f 4218 4283 4282
f 4218 4219 4283
f 4219 4284 4283
f 4219 4220 4284
f 4220 4285 4284
f 4220 4221 4285
f 4221 4286 4285
f 4221 4222 4286
f 4222 4287 4286
f 4222 4223 4287
f 4223 4288 4287
f 4223 4224 4288
f 4224 4289 4288
f 4224 4225 4289
f 4225 4290 4289
f 4225 4226 4290
f 4226 4291 4290
f 4226 4227 4291
f 4227 4292 4291
f 4227 4228 4292
f 4228 4293 4292
f 4228 4229 4293
f 4229 4294 4293
f 4229 4230 4294
f 4230 4295 4294
f 4230 4231 4295
f 4231 4296 4295
f 4231 4232 4296
f 4232 4297 4296
f 4232 4233 4297
f 4233 4298 4297
f 4233 4234 4298
f 4234 4299 4298
f 4234 4235 4299
f 4235 4300 4299
f 4235 4236 4300
f 4236 4301 4300
f 4236 4237 4301
f 4237 4302 4301
f 4237 4238 4302
f 4238 4303 4302
f 4238 4239 4303
f 4239 4304 4303
f 4239 4240 4304
f 4240 4305 4304
f 4240 4241 4305
f 4241 4306 4305
f 4241 4242 4306
f 4242 4307 4306
f 4242 4243 4307
f 4243 4308 4307
f 4243 4244 4308
f 4244 4309 4308
f 4244 4245 4309
f 4245 4310 4309
f 4245 4246 4310
f 4246 4311 4310
f 4246 4247 4311
f 4247 4312 4311
f 4247 4248 4312
f 4248 4313 4312
f 4248 4249 4313
f 4249 4314 4313
f 4251 4317 4316
f 4251 4252 4317
f 4252 4318 4317
f 4252 4253 4318
f 4253 4319 4318
f 4253 4254 4319
f 4254 4320 4319
f 4255 4322 4321
f 4258 4259 4328
f 4259 4329 4328
f 4259 4260 4329
f 4260 4330 4329
f 4260 4261 4330
f 4261 4331 4330
f 4261 4262 4331
f 4262 4332 4331
f 4262 4263 4332
f 4263 4333 4332
f 4263 4264 4333
f 4264 4334 4333
f 4264 4265 4334
f 4265 4335 4334
f 4265 4266 4335
f 4266 4336 4335
f 4266 4267 4336
f 4267 4337 4336
f 4267 4268 4337
f 4268 4338 4337
f 4268 4269 4338
f 4269 4339 4338
f 4269 4270 4339
f 4270 4340 4339
f 4270 4271 4340
f 4271 4341 4340
f 4271 4272 4341
f 4272 4342 4341
f 4272 4273 4342
f 4273 4343 4342
f 4273 4274 4343
f 4274 4344 4343
f 4274 4275 4344
f 4275 4345 4344
f 4275 4276 4345
f 4276 4346 4345
f 4276 4277 4346
f 4277 4347 4346
f 4277 4278 4347
f 4278 4348 4347
f 4278 4279 4348
f 4279 4349 4348
f 4279 4280 4349
f 4280 4350 4349
f 4280 4281 4350
f 4281 4351 4350
f 4281 4282 4351
f 4282 4352 4351
f 4282 4283 4352
f 4283 4353 4352
f 4283 4284 4353
f 4284 4354 4353
f 4284 4285 4354
f 4285 4355 4354
f 4285 4286 4355
f 4286 4356 4355
f 4286 4287 4356
f 4287 4357 4356
f 4287 4288 4357
f 4288 4358 4357
f 4288 4289 4358
f 4289 4359 4358
f 4289 4290 4359
f 4290 4360 4359
f 4290 4291 4360
f 4291 4361 4360
f 4291 4292 4361
f 4292 4362 4361
f 4292 4293 4362
f 4293 4363 4362
f 4293 4294 4363
f 4294 4364 4363
f 4294 4295 4364
f 4295 4365 4364
f 4295 4296 4365
f 4296 4366 4365
f 4296 4297 4366
f 4297 4367 4366
f 4297 4298 4367
f 4298 4368 4367
f 4298 4299 4368
f 4299 4369 4368
f 4299 4300 4369
f 4300 4370 4369
f 4300 4301 4370
f 4301 4371 4370
f 4301 4302 4371
f 4302 4372 4371
f 4302 4303 4372
f 4303 4373 4372
f 4303 4304 4373
f 4304 4374 4373
f 4304 4305 4374
f 4305 4375 4374
f 4305 4306 4375
f 4306 4376 4375
f 4306 4307 4376
f 4307 4377 4376
f 4307 4308 4377
f 4308 4378 4377
f 4308 4309 4378
f 4309 4379 4378
f 4309 4310 4379
f 4310 4380 4379
f 4310 4311 4380
f 4311 4381 4380
f 4311 4312 4381
f 4312 4382 4381
f 4312 4313 4382
f 4313 4383 4382
f 4313 4314 4383
f 4314 4384 4383
f 4316 4317 4386
f 4317 4387 4386
f 4317 4318 4387
f 4319 4320 4388
f 4320 4389 4388
f 4320 4321 4389
f 4321 4390 4389
f 4321 4322 4390
f 4322 4391 4390
f 4322 4323 4391
f 4323 4392 4391
f 4323 4324 4392
f 4324 4393 4392
f 4325 4396 4395
f 4326 4327 4398
f 4327 4399 4398
f 4328 4403 4402
f 4328 4329 4403
f 4329 4404 4403
f 4329 4330 4404
f 4330 4405 4404
f 4330 4331 4405
f 4331 4406 4405
f 4331 4332 4406
f 4332 4407 4406
f 4332 4333 4407
f 4333 4408 4407
f 4333 4334 4408
f 4334 4409 4408
f 4334 4335 4409
f 4335 4410 4409
f 4335 4336 4410
f 4336 4411 4410
f 4336 4337 4411
f 4337 4412 4411
f 4337 4338 4412
f 4338 4413 4412
f 4338 4339 4413
f 4339 4414 4413
f 4339 4340 4414
f 4340 4415 4414
f 4340 4341 4415
f 4341 4416 4415
f 4341 4342 4416
f 4342 4417 4416
f 4342 4343 4417
f 4343 4418 4417
f 4343 4344 4418
f 4344 4419 4418
f 4344 4345 4419
f 4345 4420 4419
f 4345 4346 4420
f 4346 4421 4420
f 4346 4347 4421
f 4347 4422 4421
f 4347 4348 4422
f 4348 4423 4422
f 4348 4349 4423
f 4349 4424 4423
f 4349 4350 4424
f 4350 4425 4424
f 4350 4351 4425
f 4351 4426 4425
f 4351 4352 4426
f 4352 4427 4426
f 4352 4353 4427
f 4353 4428 4427
f 4353 4354 4428
f 4354 4429 4428
f 4354 4355 4429
f 4355 4430 4429
f 4355 4356 4430
f 4356 4431 4430
f 4356 4357 4431
f 4357 4432 4431
f 4357 4358 4432
f 4358 4433 4432
f 4358 4359 4433
f 4359 4434 4433
f 4359 4360 4434
f 4360 4435 4434
f 4360 4361 4435
f 4361 4436 4435
f 4361 4362 4436
f 4362 4437 4436
f 4362 4363 4437
f 4363 4438 4437
f 4363 4364 4438
f 4364 4439 4438
f 4364 4365 4439
f 4365 4440 4439
f 4365 4366 4440
f 4366 4441 4440
f 4366 4367 4441
f 4367 4442 4441
f 4367 4368 4442
f 4368 4443 4442
f 4368 4369 4443
f 4369 4444 4443
f 4369 4370 4444
f 4370 4445 4444
f 4370 4371 4445
f 4371 4446 4445
f 4371 4372 4446
f 4372 4447 4446
f 4372 4373 4447
f 4373 4448 4447
f 4373 4374 4448
f 4374 4449 4448
f 4374 4375 4449
f 4375 4450 4449
f 4375 4376 4450
f 4376 4451 4450
f 4376 4377 4451
f 4377 4452 4451
f 4377 4378 4452
f 4378 4453 4452
f 4378 4379 4453
f 4379 4454 4453
f 4379 4380 4454
f 4380 4455 4454
f 4380 4381 4455
f 4381 4456 4455
f 4381 4382 4456
f 4382 4457 4456
f 4382 4383 4457
f 4383 4458 4457
f 4383 4384 4458
f 4384 4459 4458
f 4384 4385 4459
f 4386 4387 4460
f 4388 4462 4461
f 4388 4389 4462
f 4389 4463 4462
f 4389 4390 4463
f 4390 4464 4463
f 4390 4391 4464
f 4391 4465 4464
f 4391 4392 4465
f 4392 4466 4465
f 4392 4393 4466
f 4393 4467 4466
f 4393 4394 4467
f 4394 4468 4467
f 4394 4395 4468
f 4395 4469 4468
f 4395 4396 4469
f 4396 4470 4469
f 4396 4397 4470
f 4397 4471 4470
f 4402 4477 4476
f 4402 4403 4477
f 4403 4478 4477
f 4403 4404 4478
f 4404 4479 4478
f 4404 4405 4479
f 4405 4480 4479
f 4405 4406 4480
f 4406 4481 4480
f 4406 4407 4481
f 4407 4482 4481
f 4407 4408 4482
f 4408 4483 4482
f 4408 4409 4483
f 4409 4484 4483
f 4409 4410 4484
f 4410 4485 4484
f 4410 4411 4485
f 4411 4486 4485
f 4411 4412 4486
f 4412 4487 4486
f 4412 4413 4487
f 4413 4488 4487
f 4413 4414 4488
f 4414 4489 4488
f 4414 4415 4489
f 4415 4490 4489
f 4415 4416 4490
f 4416 4491 4490
f 4416 4417 4491
f 4417 4492 4491
f 4417 4418 4492
f 4418 4493 4492
f 4418 4419 4493
f 4419 4494 4493
f 4419 4420 4494
f 4420 4495 4494
f 4420 4421 4495
f 4421 4496 4495
f 4421 4422 4496
f 4422 4497 4496
f 4422 4423 4497
f 4423 4498 4497
f 4423 4424 4498
f 4424 4499 4498
f 4424 4425 4499
f 4425 4500 4499
f 4425 4426 4500
f 4426 4501 4500
f 4426 4427 4501
f 4427 4502 4501
f 4427 4428 4502
f 4428 4503 4502
f 4428 4429 4503
f 4429 4504 4503
f 4429 4430 4504
f 4430 4505 4504
f 4430 4431 4505
f 4431 4506 4505
f 4431 4432 4506
f 4432 4507 4506
f 4432 4433 4507
f 4433 4508 4507
f 4433 4434 4508
f 4434 4509 4508
f 4434 4435 4509
f 4435 4510 4509
f 4435 4436 4510
f 4436 4511 4510
f 4436 4437 4511
f 4437 4512 4511
f 4437 4438 4512
f 4438 4513 4512
f 4438 4439 4513
f 4439 4514 4513
f 4439 4440 4514
f 4440 4515 4514
f 4440 4441 4515
f 4441 4516 4515
f 4441 4442 4516
f 4442 4517 4516
f 4442 4443 4517
f 4443 4518 4517
f 4443 4444 4518
f 4444 4519 4518
f 4444 4445 4519
f 4445 4520 4519
f 4445 4446 4520
f 4446 4521 4520
f 4446 4447 4521
f 4447 4522 4521
f 4447 4448 4522
f 4448 4523 4522
f 4448 4449 4523
f 4449 4524 4523
f 4449 4450 4524
f 4450 4525 4524
f 4450 4451 4525
f 4451 4526 4525
f 4451 4452 4526
f 4452 4527 4526
f 4452 4453 4527
f 4453 4528 4527
f 4453 4454 4528
f 4454 4529 4528
f 4454 4455 4529
f 4455 4530 4529
f 4455 4456 4530
f 4456 4531 4530
f 4456 4457 4531
f 4457 4532 4531
f 4457 4458 4532
f 4458 4533 4532
f 4458 4459 4533
f 4459 4534 4533
f 4460 4539 4538
f 4461 4541 4540
f 4461 4462 4541
f 4462 4542 4541
f 4462 4463 4542
f 4463 4543 4542
f 4463 4464 4543
f 4464 4544 4543
f 4464 4465 4544
f 4465 4545 4544
f 4465 4466 4545
f 4466 4546 4545
f 4466 4467 4546
f 4467 4547 4546
f 4467 4468 4547
f 4468 4548 4547
f 4468 4469 4548
f 4469 4549 4548
f 4469 4470 4549
f 4470 4550 4549
f 4470 4471 4550
f 4471 4551 4550
f 4471 4472 4551
f 4472 4552 4551
f 4477 4478 4560
f 4478 4561 4560
f 4478 4479 4561
f 4479 4562 4561
f 4479 4480 4562
f 4480 4563 4562
f 4480 4481 4563
f 4481 4564 4563
f 4481 4482 4564
f 4482 4565 4564
f 4482 4483 4565
f 4483 4566 4565
f 4483 4484 4566
f 4484 4567 4566
f 4484 4485 4567
f 4485 4568 4567
f 4485 4486 4568
f 4486 4569 4568
f 4486 4487 4569
f 4487 4570 4569
f 4487 4488 4570
f 4488 4571 4570
f 4488 4489 4571
f 4489 4572 4571
f 4489 4490 4572
f 4490 4573 4572
f 4490 4491 4573
f 4491 4574 4573
f 4491 4492 4574
f 4492 4575 4574
f 4492 4493 4575
f 4493 4576 4575
f 4493 4494 4576
f 4494 4577 4576
f 4494 4495 4577
f 4495 4578 4577
f 4495 4496 4578
f 4496 4579 4578
f 4496 4497 4579
f 4497 4580 4579
f 4497 4498 4580
f 4498 4581 4580
f 4498 4499 4581
f 4499 4582 4581
f 4499 4500 4582
f 4500 4583 4582
f 4500 4501 4583
f 4501 4584 4583
f 4501 4502 4584
f 4502 4585 4584
f 4502 4503 4585
f 4503 4586 4585
f 4503 4504 4586
f 4504 4587 4586
f 4504 4505 4587
f 4505 4588 4587
f 4505 4506 4588
f 4506 4589 4588
f 4506 4507 4589
f 4507 4590 4589
f 4507 4508 4590
f 4508 4591 4590
f 4508 4509 4591
f 4509 4592 4591
f 4509 4510 4592
f 4510 4593 4592
f 4510 4511 4593
f 4511 4594 4593
f 4511 4512 4594
f 4512 4595 4594
f 4512 4513 4595
f 4513 4596 4595
f 4513 4514 4596
f 4514 4597 4596
f 4514 4515 4597
f 4515 4598 4597
f 4515 4516 4598
f 4516 4599 4598
f 4516 4517 4599
f 4517 4600 4599
f 4517 4518 4600
f 4518 4601 4600
f 4518 4519 4601
f 4519 4602 4601
f 4519 4520 4602
f 4520 4603 4602
f 4520 4521 4603
f 4521 4604 4603
f 4521 4522 4604
f 4522 4605 4604
f 4522 4523 4605
f 4523 4606 4605
f 4523 4524 4606
f 4524 4607 4606
f 4524 4525 4607
f 4525 4608 4607
f 4525 4526 4608
f 4526 4609 4608
f 4526 4527 4609
f 4527 4610 4609
f 4527 4528 4610
f 4528 4611 4610
f 4528 4529 4611
f 4529 4612 4611
f 4529 4530 4612
f 4530 4613 4612
f 4530 4531 4613
f 4531 4614 4613
f 4531 4532 4614
f 4532 4615 4614
f 4532 4533 4615
f 4533 4616 4615
f 4533 4534 4616
f 4534 4617 4616
f 4534 4535 4617
f 4535 4618 4617
f 4536 4620 4619
f 4536 4537 4620
f 4537 4621 4620
f 4537 4538 4621
f 4538 4622 4621
f 4538 4539 4622
f 4539 4623 4622
f 4539 4540 4623
f 4540 4624 4623
f 4540 4541 4624
f 4541 4625 4624
f 4541 4542 4625
f 4542 4626 4625
f 4542 4543 4626
f 4543 4627 4626
f 4543 4544 4627
f 4544 4628 4627
f 4544 4545 4628
f 4545 4629 4628
f 4545 4546 4629
f 4546 4630 4629
f 4546 4547 4630
f 4547 4631 4630
f 4547 4548 4631
f 4548 4632 4631
f 4548 4549 4632
f 4549 4633 4632
f 4549 4550 4633
f 4550 4634 4633
f 4550 4551 4634
f 4551 4635 4634
f 4551 4552 4635
f 4552 4636 4635
f 4553 4638 4637
f 4553 4554 4638
f 4554 4639 4638
f 4555 4641 4640
f 4555 4556 4641
f 4556 4642 4641
f 4557 4646 4645
f 4557 4558 4646
f 4561 4562 4647
f 4562 4648 4647
f 4562 4563 4648
f 4563 4649 4648
f 4563 4564 4649
f 4564 4650 4649
f 4564 4565 4650
f 4565 4651 4650
f 4565 4566 4651
f 4566 4652 4651
f 4566 4567 4652
f 4567 4653 4652
f 4567 4568 4653
f 4568 4654 4653
f 4568 4569 4654
f 4569 4655 4654
f 4569 4570 4655
f 4570 4656 4655
f 4570 4571 4656
f 4571 4657 4656
f 4571 4572 4657
f 4572 4658 4657
f 4572 4573 4658
f 4573 4659 4658
f 4573 4574 4659
f 4574 4660 4659
f 4574 4575 4660
f 4575 4661 4660
f 4575 4576 4661
f 4576 4662 4661
f 4576 4577 4662
f 4577 4663 4662
f 4577 4578 4663
f 4578 4664 4663
f 4578 4579 4664
f 4579 4665 4664
f 4579 4580 4665
f 4580 4666 4665
f 4580 4581 4666
f 4581 4667 4666
f 4581 4582 4667
f 4582 4668 4667
f 4582 4583 4668
f 4583 4669 4668
f 4583 4584 4669
f 4584 4670 4669
f 4584 4585 4670
f 4585 4671 4670
f 4585 4586 4671
f 4586 4672 4671
f 4586 4587 4672
f 4587 4673 4672
f 4587 4588 4673
f 4588 4674 4673
f 4588 4589 4674
f 4589 4675 4674
f 4589 4590 4675
f 4590 4676 4675
f 4590 4591 4676
f 4591 4677 4676
f 4591 4592 4677
f 4592 4678 4677
f 4592 4593 4678
f 4593 4679 4678
f 4593 4594 4679
f 4594 4680 4679
f 4594 4595 4680
f 4595 4681 4680
f 4595 4596 4681
f 4596 4682 4681
f 4596 4597 4682
f 4597 4683 4682
f 4597 4598 4683
f 4598 4684 4683
f 4598 4599 4684
f 4599 4685 4684
f 4599 4600 4685
f 4600 4686 4685
f 4600 4601 4686
f 4601 4687 4686
f 4601 4602 4687
f 4602 4688 4687
f 4602 4603 4688
f 4603 4689 4688
f 4603 4604 4689
f 4604 4690 4689
f 4604 4605 4690
f 4605 4691 4690
f 4605 4606 4691
f 4606 4692 4691
f 4606 4607 4692
f 4607 4693 4692
f 4607 4608 4693
f 4608 4694 4693
f 4608 4609 4694
f 4609 4695 4694
f 4609 4610 4695
f 4610 4696 4695
f 4610 4611 4696
f 4611 4697 4696
f 4611 4612 4697
f 4612 4698 4697
f 4612 4613 4698
f 4613 4699 4698
f 4613 4614 4699
f 4614 4700 4699
f 4614 4615 4700
f 4615 4701 4700
f 4615 4616 4701
f 4616 4702 4701
f 4616 4617 4702
f 4617 4703 4702
f 4617 4618 4703
f 4618 4704 4703
f 4618 4619 4704
f 4619 4705 4704
f 4619 4620 4705
f 4620 4706 4705
f 4620 4621 4706
f 4621 4707 4706
f 4621 4622 4707
f 4622 4708 4707
f 4622 4623 4708
f 4623 4709 4708
f 4623 4624 4709
f 4624 4710 4709
f 4624 4625 4710
f 4625 4711 4710
f 4625 4626 4711
f 4626 4712 4711
f 4626 4627 4712
f 4627 4713 4712
f 4627 4628 4713
f 4628 4714 4713
f 4628 4629 4714
f 4629 4715 4714
f 4629 4630 4715
f 4630 4716 4715
f 4630 4631 4716
f 4631 4717 4716
f 4631 4632 4717
f 4632 4718 4717
f 4632 4633 4718
f 4633 4719 4718
f 4633 4634 4719
f 4634 4720 4719
f 4634 4635 4720
f 4635 4721 4720
f 4635 4636 4721
f 4636 4722 4721
f 4636 4637 4722
f 4637 4723 4722
f 4637 4638 4723
f 4638 4724 4723
f 4638 4639 4724
f 4639 4725 4724
f 4641 4642 4729
f 4642 4730 4729
f 4642 4643 4730
f 4643 4731 4730
f 4643 4644 4731
f 4644 4732 4731
f 4648 4649 4734
f 4649 4735 4734
f 4649 4650 4735
f 4650 4736 4735
f 4650 4651 4736
f 4651 4737 4736
f 4651 4652 4737
f 4652 4738 4737
f 4652 4653 4738
f 4653 4739 4738
f 4653 4654 4739
f 4654 4740 4739
f 4654 4655 4740
f 4655 4741 4740
f 4655 4656 4741
f 4656 4742 4741
f 4656 4657 4742
f 4657 4743 4742
f 4657 4658 4743
f 4658 4744 4743
f 4658 4659 4744
f 4659 4745 4744
f 4659 4660 4745
f 4660 4746 4745
f 4660 4661 4746
f 4661 4747 4746
f 4661 4662 4747
f 4662 4748 4747
f 4662 4663 4748
f 4663 4749 4748
f 4663 4664 4749
f 4664 4750 4749
f 4664 4665 4750
f 4665 4751 4750
f 4665 4666 4751
f 4666 4752 4751
f 4666 4667 4752
f 4667 4753 4752
f 4667 4668 4753
f 4668 4754 4753
f 4668 4669 4754
f 4669 4755 4754
f 4669 4670 4755
f 4670 4756 4755
f 4670 4671 4756
f 4671 4757 4756
f 4671 4672 4757
f 4672 4758 4757
f 4672 4673 4758
f 4673 4759 4758
f 4673 4674 4759
f 4674 4760 4759
f 4674 4675 4760
f 4675 4761 4760
f 4675 4676 4761
f 4676 4762 4761
f 4676 4677 4762
f 4677 4763 4762
f 4677 4678 4763
f 4678 4764 4763
f 4678 4679 4764
f 4679 4765 4764
f 4679 4680 4765
f 4680 4766 4765
f 4680 4681 4766
f 4681 4767 4766
f 4681 4682 4767
f 4682 4768 4767
f 4682 4683 4768
f 4683 4769 4768
f 4683 4684 4769
f 4684 4770 4769
f 4684 4685 4770
f 4685 4771 4770
f 4685 4686 4771
f 4686 4772 4771
f 4686 4687 4772
f 4687 4773 4772
f 4687 4688 4773
f 4688 4774 4773
f 4688 4689 4774
f 4689 4775 4774
f 4689 4690 4775
f 4690 4776 4775
f 4690 4691 4776
f 4691 4777 4776
f 4691 4692 4777
f 4692 4778 4777
f 4692 4693 4778
f 4693 4779 4778
f 4693 4694 4779
f 4694 4780 4779
f 4694 4695 4780
f 4695 4781 4780
f 4695 4696 4781
f 4696 4782 4781
f 4696 4697 4782
f 4697 4783 4782
f 4697 4698 4783
f 4698 4784 4783
f 4698 4699 4784
f 4699 4785 4784
f 4699 4700 4785
f 4700 4786 4785
f 4700 4701 4786
f 4701 4787 4786
f 4701 4702 4787
f 4702 4788 4787
f 4702 4703 4788
f 4703 4789 4788
f 4703 4704 4789
f 4704 4790 4789
f 4704 4705 4790
f 4705 4791 4790
f 4705 4706 4791
f 4706 4792 4791
f 4706 4707 4792
f 4707 4793 4792
f 4707 4708 4793
f 4708 4794 4793
f 4708 4709 4794
f 4709 4795 4794
f 4709 4710 4795
f 4710 4796 4795
f 4710 4711 4796
f 4711 4797 4796
f 4711 4712 4797
f 4712 4798 4797
f 4712 4713 4798
f 4713 4799 4798
f 4713 4714 4799
f 4714 4800 4799
f 4714 4715 4800
f 4715 4801 4800
f 4715 4716 4801
f 4716 4802 4801
f 4716 4717 4802
f 4717 4803 4802
f 4717 4718 4803
f 4718 4804 4803
f 4718 4719 4804
f 4719 4805 4804
f 4719 4720 4805
f 4721 4722 4806
f 4722 4807 4806
f 4722 4723 4807
f 4723 4808 4807
f 4723 4724 4808
f 4724 4809 4808
f 4724 4725 4809
f 4725 4810 4809
f 4726 4727 4811
f 4727 4812 4811
f 4728 4815 4814
f 4729 4817 4816
f 4729 4730 4817
f 4730 4818 4817
f 4730 4731 4818
f 4731 4819 4818
f 4731 4732 4819
f 4732 4820 4819
f 4733 4823 4822
f 4736 4737 4824
f 4737 4825 4824
f 4737 4738 4825
f 4738 4826 4825
f 4738 4739 4826
f 4739 4827 4826
f 4739 4740 4827
f 4740 4828 4827
f 4740 4741 4828
f 4741 4829 4828
f 4741 4742 4829
f 4742 4830 4829
f 4742 4743 4830
f 4743 4831 4830
f 4743 4744 4831
f 4744 4832 4831
f 4744 4745 4832
f 4745 4833 4832
f 4745 4746 4833
f 4746 4834 4833
f 4746 4747 4834
f 4747 4835 4834
f 4747 4748 4835
f 4748 4836 4835
f 4748 4749 4836
f 4749 4837 4836
f 4749 4750 4837
f 4750 4838 4837
f 4750 4751 4838
f 4751 4839 4838
f 4751 4752 4839
f 4752 4840 4839
f 4752 4753 4840
f 4753 4841 4840
f 4753 4754 4841
f 4754 4842 4841
f 4754 4755 4842
f 4755 4843 4842
f 4755 4756 4843
f 4756 4844 4843
f 4756 4757 4844
f 4757 4845 4844
f 4757 4758 4845
f 4758 4846 4845
f 4758 4759 4846
f 4759 4847 4846
f 4759 4760 4847
f 4760 4848 4847
f 4760 4761 4848
f 4761 4849 4848
f 4761 4762 4849
f 4762 4850 4849
f 4762 4763 4850
f 4763 4851 4850
f 4763 4764 4851
f 4764 4852 4851
f 4764 4765 4852
f 4765 4853 4852
f 4765 4766 4853
f 4766 4854 4853
f 4766 4767 4854
f 4767 4855 4854
f 4767 4768 4855
f 4768 4856 4855
f 4768 4769 4856
f 4769 4857 4856
f 4769 4770 4857
f 4770 4858 4857
f 4770 4771 4858
f 4771 4859 4858
f 4771 4772 4859
f 4772 4860 4859
f 4772 4773 4860
f 4773 4861 4860
f 4773 4774 4861
f 4774 4862 4861
f 4774 4775 4862
f 4775 4863 4862
f 4775 4776 4863
f 4776 4864 4863
f 4776 4777 4864
f 4777 4865 4864
f 4777 4778 4865
f 4778 4866 4865
f 4778 4779 4866
f 4779 4867 4866
f 4779 4780 4867
f 4780 4868 4867
f 4780 4781 4868
f 4781 4869 4868
f 4781 4782 4869
f 4782 4870 4869
f 4782 4783 4870
f 4783 4871 4870
f 4783 4784 4871
f 4784 4872 4871
f 4784 4785 4872
f 4785 4873 4872
f 4785 4786 4873
f 4786 4874 4873
f 4786 4787 4874
f 4787 4875 4874
f 4787 4788 4875
f 4788 4876 4875
f 4788 4789 4876
f 4789 4877 4876
f 4789 4790 4877
f 4790 4878 4877
f 4790 4791 4878
f 4791 4879 4878
f 4791 4792 4879
f 4792 4880 4879
f 4792 4793 4880
f 4793 4881 4880
f 4793 4794 4881
f 4794 4882 4881
f 4794 4795 4882
f 4795 4883 4882
f 4795 4796 4883
f 4796 4884 4883
f 4796 4797 4884
f 4797 4885 4884
f 4797 4798 4885
f 4798 4886 4885
f 4798 4799 4886
f 4799 4887 4886
f 4799 4800 4887
f 4800 4888 4887
f 4800 4801 4888
f 4801 4889 4888
f 4801 4802 4889
f 4802 4890 4889
f 4802 4803 4890
f 4803 4891 4890
f 4803 4804 4891
f 4804 4892 4891
f 4804 4805 4892
f 4805 4893 4892
f 4808 4809 4895
f 4809 4896 4895
f 4809 4810 4896
f 4810 4897 4896
f 4811 4812 4901
f 4812 4902 4901
f 4813 4814 4907
f 4814 4908 4907
f 4814 4815 4908
f 4815 4909 4908
f 4815 4816 4909
f 4816 4910 4909
f 4816 4817 4910
f 4818 4819 4911
f 4819 4912 4911
f 4819 4820 4912
f 4820 4913 4912
f 4820 4821 4913
f 4821 4914 4913
f 4824 4918 4917
f 4824 4825 4918
f 4825 4919 4918
f 4825 4826 4919
f 4826 4920 4919
f 4826 4827 4920
f 4827 4921 4920
f 4827 4828 4921
f 4828 4922 4921
f 4828 4829 4922
f 4829 4923 4922
f 4829 4830 4923
f 4830 4924 4923
f 4830 4831 4924
f 4831 4925 4924
f 4831 4832 4925
f 4832 4926 4925
f 4832 4833 4926
f 4833 4927 4926
f 4833 4834 4927
f 4834 4928 4927
f 4834 4835 4928
f 4835 4929 4928
f 4835 4836 4929
f 4836 4930 4929
f 4836 4837 4930
f 4837 4931 4930
f 4837 4838 4931
f 4838 4932 4931
f 4838 4839 4932
f 4839 4933 4932
f 4839 4840 4933
f 4840 4934 4933
f 4840 4841 4934
f 4841 4935 4934
f 4841 4842 4935
f 4842 4936 4935
f 4842 4843 4936
f 4843 4937 4936
f 4843 4844 4937
f 4844 4938 4937
f 4844 4845 4938
f 4845 4939 4938
f 4845 4846 4939
f 4846 4940 4939
f 4846 4847 4940
f 4847 4941 4940
f 4847 4848 4941
f 4848 4942 4941
f 4848 4849 4942
f 4849 4943 4942
f 4849 4850 4943
f 4850 4944 4943
f 4850 4851 4944
f 4851 4945 4944
f 4851 4852 4945
f 4852 4946 4945
f 4852 4853 4946
f 4853 4947 4946
f 4853 4854 4947
f 4854 4948 4947
f 4854 4855 4948
f 4855 4949 4948
f 4855 4856 4949
f 4856 4950 4949
f 4856 4857 4950
f 4857 4951 4950
f 4857 4858 4951
f 4858 4952 4951
f 4858 4859 4952
f 4859 4953 4952
f 4859 4860 4953
f 4860 4954 4953
f 4860 4861 4954
f 4861 4955 4954
f 4861 4862 4955
f 4862 4956 4955
f 4862 4863 4956
f 4863 4957 4956
f 4863 4864 4957
f 4864 4958 4957
f 4864 4865 4958
f 4865 4959 4958
f 4865 4866 4959
f 4866 4960 4959
f 4866 4867 4960
f 4867 4961 4960
f 4867 4868 4961
f 4868 4962 4961
f 4868 4869 4962
f 4869 4963 4962
f 4869 4870 4963
f 4870 4964 4963
f 4870 4871 4964
f 4871 4965 4964
f 4871 4872 4965
f 4872 4966 4965
f 4872 4873 4966
f 4873 4967 4966
f 4873 4874 4967
f 4874 4968 4967
f 4874 4875 4968
f 4875 4969 4968
f 4875 4876 4969
f 4876 4970 4969
f 4876 4877 4970
f 4877 4971 4970
f 4877 4878 4971
f 4878 4972 4971
f 4878 4879 4972
f 4879 4973 4972
f 4879 4880 4973
f 4880 4974 4973
f 4880 4881 4974
f 4881 4975 4974
f 4881 4882 4975
f 4882 4976 4975
f 4882 4883 4976
f 4883 4977 4976
f 4883 4884 4977
f 4884 4978 4977
f 4884 4885 4978
f 4885 4979 4978
f 4885 4886 4979
f 4886 4980 4979
f 4886 4887 4980
f 4887 4981 4980
f 4887 4888 4981
f 4888 4982 4981
f 4888 4889 4982
f 4889 4983 4982
f 4889 4890 4983
f 4890 4984 4983
f 4890 4891 4984
f 4891 4985 4984
f 4891 4892 4985
f 4892 4986 4985
f 4892 4893 4986
f 4893 4987 4986
f 4893 4894 4987
f 4894 4988 4987
f 4896 4897 4989
f 4897 4990 4989
f 4897 4898 4990
f 4898 4991 4990
f 4899 4900 4992
f 4900 4993 4992
f 4901 4995 4994
f 4901 4902 4995
f 4902 4996 4995
f 4902 4903 4996
f 4903 4997 4996
f 4903 4904 4997
f 4904 4998 4997
f 4904 4905 4998
f 4905 4999 4998
f 4905 4906 4999
f 4906 5000 4999
f 4917 4918 5006
f 4918 5007 5006
f 4918 4919 5007
f 4919 5008 5007
f 4919 4920 5008
f 4920 5009 5008
f 4920 4921 5009
f 4921 5010 5009
f 4921 4922 5010
f 4922 5011 5010
f 4922 4923 5011
f 4923 5012 5011
f 4923 4924 5012
f 4924 5013 5012
f 4924 4925 5013
f 4925 5014 5013
f 4925 4926 5014
f 4926 5015 5014
f 4926 4927 5015
f 4927 5016 5015
f 4927 4928 5016
f 4928 5017 5016
f 4928 4929 5017
f 4929 5018 5017
f 4929 4930 5018
f 4930 5019 5018
f 4930 4931 5019
f 4931 5020 5019
f 4931 4932 5020
f 4932 5021 5020
f 4932 4933 5021
f 4933 5022 5021
f 4933 4934 5022
f 4934 5023 5022
f 4934 4935 5023
f 4935 5024 5023
f 4935 4936 5024
f 4936 5025 5024
f 4936 4937 5025
f 4937 5026 5025
f 4937 4938 5026
f 4938 5027 5026
f 4938 4939 5027
f 4939 5028 5027
f 4939 4940 5028
f 4940 5029 5028
f 4940 4941 5029
f 4941 5030 5029
f 4941 4942 5030
f 4942 5031 5030
f 4942 4943 5031
f 4943 5032 5031
f 4943 4944 5032
f 4944 5033 5032
f 4944 4945 5033
f 4945 5034 5033
f 4945 4946 5034
f 4946 5035 5034
f 4946 4947 5035
f 4947 5036 5035
f 4947 4948 5036
f 4948 5037 5036
f 4948 4949 5037
f 4949 5038 5037
f 4949 4950 5038
f 4950 5039 5038
f 4950 4951 5039
f 4951 5040 5039
f 4951 4952 5040
f 4952 5041 5040
f 4952 4953 5041
f 4953 5042 5041
f 4953 4954 5042
f 4954 5043 5042
f 4954 4955 5043
f 4955 5044 5043
f 4955 4956 5044
f 4956 5045 5044
f 4956 4957 5045
f 4957 5046 5045
f 4957 4958 5046
f 4958 5047 5046
f 4958 4959 5047
f 4959 5048 5047
f 4959 4960 5048
f 4960 5049 5048
f 4960 4961 5049
f 4961 5050 5049
f 4961 4962 5050
f 4962 5051 5050
f 4962 4963 5051
f 4963 5052 5051
f 4963 4964 5052
f 4964 5053 5052
f 4964 4965 5053
f 4965 5054 5053
f 4965 4966 5054
f 4966 5055 5054
f 4966 4967 5055
f 4967 5056 5055
f 4967 4968 5056
f 4968 5057 5056
f 4968 4969 5057
f 4969 5058 5057
f 4969 4970 5058
f 4970 5059 5058
f 4970 4971 5059
f 4971 5060 5059
f 4971 4972 5060
f 4972 5061 5060
f 4972 4973 5061
f 4973 5062 5061
f 4973 4974 5062
f 4974 5063 5062
f 4974 4975 5063
f 4975 5064 5063
f 4975 4976 5064
f 4976 5065 5064
f 4976 4977 5065
f 4977 5066 5065
f 4977 4978 5066
f 4978 5067 5066
f 4978 4979 5067
f 4979 5068 5067
f 4979 4980 5068
f 4980 5069 5068
f 4980 4981 5069
f 4981 5070 5069
f 4981 4982 5070
f 4982 5071 5070
f 4982 4983 5071
f 4983 5072 5071
f 4983 4984 5072
f 4984 5073 5072
f 4984 4985 5073
f 4985 5074 5073
f 4985 4986 5074
f 4986 5075 5074
f 4986 4987 5075
f 4987 5076 5075
f 4987 4988 5076
f 4988 5077 5076
f 4993 4994 5082
f 4994 5083 5082
f 4994 4995 5083
f 4995 5084 5083
f 4995 4996 5084
f 4996 5085 5084
f 4996 4997 5085
f 4997 5086 5085
f 4997 4998 5086
f 4998 5087 5086
f 4998 4999 5087
f 4999 5088 5087
f 4999 5000 5088
f 5000 5089 5088
f 5000 5001 5089
f 5001 5090 5089
f 5004 5005 5099
f 5005 5100 5099
f 5006 5103 5102
f 5006 5007 5103
f 5007 5104 5103
f 5007 5008 5104
f 5008 5105 5104
f 5008 5009 5105
f 5009 5106 5105
f 5009 5010 5106
f 5010 5107 5106
f 5010 5011 5107
f 5011 5108 5107
f 5011 5012 5108
f 5012 5109 5108
f 5012 5013 5109
f 5013 5110 5109
f 5013 5014 5110
f 5014 5111 5110
f 5014 5015 5111
f 5015 5112 5111
f 5015 5016 5112
f 5016 5113 5112
f 5016 5017 5113
f 5017 5114 5113
f 5017 5018 5114
f 5018 5115 5114
f 5018 5019 5115
f 5019 5116 5115
f 5019 5020 5116
f 5020 5117 5116
f 5020 5021 5117
f 5021 5118 5117
f 5021 5022 5118
f 5022 5119 5118
f 5022 5023 5119
f 5023 5120 5119
f 5023 5024 5120
f 5024 5121 5120
f 5024 5025 5121
f 5025 5122 5121
f 5025 5026 5122
f 5026 5123 5122
f 5026 5027 5123
f 5027 5124 5123
f 5027 5028 5124
f 5028 5125 5124
f 5028 5029 5125
f 5029 5126 5125
f 5029 5030 5126
f 5030 5127 5126
f 5030 5031 5127
f 5031 5128 5127
f 5031 5032 5128
f 5032 5129 5128
f 5032 5033 5129
f 5033 5130 5129
f 5033 5034 5130
f 5034 5131 5130
f 5034 5035 5131
f 5035 5132 5131
f 5035 5036 5132
f 5036 5133 5132
f 5036 5037 5133
f 5037 5134 5133
f 5037 5038 5134
f 5038 5135 5134
f 5038 5039 5135
f 5039 5136 5135
f 5039 5040 5136
f 5040 5137 5136
f 5040 5041 5137
f 5041 5138 5137
f 5041 5042 5138
f 5042 5139 5138
f 5042 5043 5139
f 5043 5140 5139
f 5043 5044 5140
f 5044 5141 5140
f 5044 5045 5141
f 5045 5142 5141
f 5045 5046 5142
f 5046 5143 5142
f 5046 5047 5143
f 5047 5144 5143
f 5047 5048 5144
f 5048 5145 5144
f 5048 5049 5145
f 5049 5146 5145
f 5049 5050 5146
f 5050 5147 5146
f 5050 5051 5147
f 5051 5148 5147
f 5051 5052 5148
f 5052 5149 5148
f 5052 5053 5149
f 5053 5150 5149
f 5053 5054 5150
f 5054 5151 5150
f 5054 5055 5151
f 5055 5152 5151
f 5055 5056 5152
f 5056 5153 5152
f 5056 5057 5153
f 5057 5154 5153
f 5057 5058 5154
f 5058 5155 5154
f 5058 5059 5155
f 5059 5156 5155
f 5059 5060 5156
f 5060 5157 5156
f 5060 5061 5157
f 5061 5158 5157
f 5061 5062 5158
f 5062 5159 5158
f 5062 5063 5159
f 5063 5160 5159
f 5063 5064 5160
f 5064 5161 5160
f 5064 5065 5161
f 5065 5162 5161
f 5065 5066 5162
f 5066 5163 5162
f 5066 5067 5163
f 5067 5164 5163
f 5067 5068 5164
f 5068 5165 5164
f 5068 5069 5165
f 5069 5166 5165
f 5069 5070 5166
f 5070 5167 5166
f 5070 5071 5167
f 5071 5168 5167
f 5071 5072 5168
f 5072 5169 5168
f 5072 5073 5169
f 5073 5170 5169
f 5073 5074 5170
f 5074 5171 5170
f 5074 5075 5171
f 5075 5172 5171
f 5075 5076 5172
f 5076 5173 5172
f 5076 5077 5173
f 5077 5174 5173
f 5077 5078 5174
f 5078 5175 5174
f 5078 5079 5175
f 5080 5179 5178
f 5081 5181 5180
f 5082 5183 5182
f 5082 5083 5183
f 5083 5184 5183
f 5083 5084 5184
f 5084 5185 5184
f 5084 5085 5185
f 5085 5186 5185
f 5085 5086 5186
f 5086 5187 5186
f 5086 5087 5187
f 5087 5188 5187
f 5087 5088 5188
f 5088 5189 5188
f 5088 5089 5189
f 5089 5190 5189
f 5089 5090 5190
f 5090 5191 5190
f 5090 5091 5191
f 5092 5193 5192
f 5093 5094 5195
f 5094 5196 5195
f 5094 5095 5196
f 5095 5197 5196
f 5095 5096 5197
f 5096 5198 5197
f 5097 5200 5199
f 5099 5205 5204
f 5099 5100 5205
f 5101 5207 5206
f 5101 5102 5207
f 5102 5208 5207
f 5102 5103 5208
f 5103 5209 5208
f 5103 5104 5209
f 5104 5210 5209
f 5104 5105 5210
f 5105 5211 5210
f 5105 5106 5211
f 5106 5212 5211
f 5106 5107 5212
f 5107 5213 5212
f 5107 5108 5213
f 5108 5214 5213
f 5108 5109 5214
f 5109 5215 5214
f 5109 5110 5215
f 5110 5216 5215
f 5110 5111 5216
f 5111 5217 5216
f 5111 5112 5217
f 5112 5218 5217
f 5112 5113 5218
f 5113 5219 5218
f 5113 5114 5219
f 5114 5220 5219
f 5114 5115 5220
f 5115 5221 5220
f 5115 5116 5221
f 5116 5222 5221
f 5116 5117 5222
f 5117 5223 5222
f 5117 5118 5223
f 5118 5224 5223
f 5118 5119 5224
f 5119 5225 5224
f 5119 5120 5225
f 5120 5226 5225
f 5120 5121 5226
f 5121 5227 5226
f 5121 5122 5227
f 5122 5228 5227
f 5122 5123 5228
f 5123 5229 5228
f 5123 5124 5229
f 5124 5230 5229
f 5124 5125 5230
f 5125 5231 5230
f 5125 5126 5231
f 5126 5232 5231
f 5126 5127 5232
f 5127 5233 5232
f 5127 5128 5233
f 5128 5234 5233
f 5128 5129 5234
f 5129 5235 5234
f 5129 5130 5235
f 5130 5236 5235
f 5130 5131 5236
f 5131 5237 5236
f 5131 5132 5237
f 5132 5238 5237
f 5132 5133 5238
f 5133 5239 5238
f 5133 5134 5239
f 5134 5240 5239
f 5134 5135 5240
f 5135 5241 5240
f 5135 5136 5241
f 5136 5242 5241
f 5136 5137 5242
f 5137 5243 5242
f 5137 5138 5243
f 5138 5244 5243
f 5138 5139 5244
f 5139 5245 5244
f 5139 5140 5245
f 5140 5246 5245
f 5140 5141 5246
f 5141 5247 5246
f 5141 5142 5247
f 5142 5248 5247
f 5142 5143 5248
f 5143 5249 5248
f 5143 5144 5249
f 5144 5250 5249
f 5144 5145 5250
f 5145 5251 5250
f 5145 5146 5251
f 5146 5252 5251
f 5146 5147 5252
f 5147 5253 5252
f 5147 5148 5253
f 5148 5254 5253
f 5148 5149 5254
f 5149 5255 5254
f 5149 5150 5255
f 5150 5256 5255
f 5150 5151 5256
f 5151 5257 5256
f 5151 5152 5257
f 5152 5258 5257
f 5152 5153 5258
f 5153 5259 5258
f 5153 5154 5259
f 5154 5260 5259
f 5154 5155 5260
f 5155 5261 5260
f 5155 5156 5261
f 5156 5262 5261
f 5156 5157 5262
f 5157 5263 5262
f 5157 5158 5263
f 5158 5264 5263
f 5158 5159 5264
f 5159 5265 5264
f 5159 5160 5265
f 5160 5266 5265
f 5160 5161 5266
f 5161 5267 5266
f 5161 5162 5267
f 5162 5268 5267
f 5162 5163 5268
f 5163 5269 5268
f 5163 5164 5269
f 5164 5270 5269
f 5164 5165 5270
f 5165 5271 5270
f 5165 5166 5271
f 5166 5272 5271
f 5166 5167 5272
f 5167 5273 5272
f 5167 5168 5273
f 5168 5274 5273
f 5168 5169 5274
f 5169 5275 5274
f 5169 5170 5275
f 5170 5276 5275
f 5170 5171 5276
f 5171 5277 5276
f 5171 5172 5277
f 5172 5278 5277
f 5172 5173 5278
f 5173 5279 5278
f 5173 5174 5279
f 5174 5280 5279
f 5174 5175 5280
f 5175 5281 5280
f 5176 5283 5282
f 5177 5291 5290
f 5177 5178 5291
f 5178 5292 5291
f 5178 5179 5292
f 5179 5293 5292
f 5179 5180 5293
f 5180 5294 5293
f 5180 5181 5294
f 5181 5295 5294
f 5181 5182 5295
f 5182 5296 5295
f 5182 5183 5296
f 5183 5297 5296
f 5183 5184 5297
f 5184 5298 5297
f 5184 5185 5298
f 5185 5299 5298
f 5185 5186 5299
f 5186 5300 5299
f 5186 5187 5300
f 5187 5301 5300
f 5187 5188 5301
f 5188 5302 5301
f 5188 5189 5302
f 5189 5303 5302
f 5189 5190 5303
f 5190 5304 5303
f 5190 5191 5304
f 5191 5305 5304
f 5195 5308 5307
f 5195 5196 5308
f 5198 5199 5309
f 5202 5203 5310
f 5203 5311 5310
f 5203 5204 5311
f 5204 5312 5311
f 5204 5205 5312
f 5205 5313 5312
f 5206 5316 5315
f 5206 5207 5316
f 5207 5317 5316
f 5207 5208 5317
f 5208 5318 5317
f 5208 5209 5318
f 5209 5319 5318
f 5209 5210 5319
f 5210 5320 5319
f 5210 5211 5320
f 5211 5321 5320
f 5211 5212 5321
f 5212 5322 5321
f 5212 5213 5322
f 5213 5323 5322
f 5213 5214 5323
f 5214 5324 5323
f 5214 5215 5324
f 5215 5325 5324
f 5215 5216 5325
f 5216 5326 5325
f 5216 5217 5326
f 5217 5327 5326
f 5217 5218 5327
f 5218 5328 5327
f 5218 5219 5328
f 5219 5329 5328
f 5219 5220 5329
f 5220 5330 5329
f 5220 5221 5330
f 5221 5331 5330
f 5221 5222 5331
f 5222 5332 5331
f 5222 5223 5332
f 5223 5333 5332
f 5223 5224 5333
f 5224 5334 5333
f 5224 5225 5334
f 5225 5335 5334
f 5225 5226 5335
f 5226 5336 5335
f 5226 5227 5336
f 5227 5337 5336
f 5227 5228 5337
f 5228 5338 5337
f 5228 5229 5338
f 5229 5339 5338
f 5229 5230 5339
f 5230 5340 5339
f 5230 5231 5340
f 5231 5341 5340
f 5231 5232 5341
f 5232 5342 5341
f 5232 5233 5342
f 5233 5343 5342
f 5233 5234 5343
f 5234 5344 5343
f 5234 5235 5344
f 5235 5345 5344
f 5235 5236 5345
f 5236 5346 5345
f 5236 5237 5346
f 5237 5347 5346
f 5237 5238 5347
f 5238 5348 5347
f 5238 5239 5348
f 5239 5349 5348
f 5239 5240 5349
f 5240 5350 5349
f 5240 5241 5350
f 5241 5351 5350
f 5241 5242 5351
f 5242 5352 5351
f 5242 5243 5352
f 5243 5353 5352
f 5243 5244 5353
f 5244 5354 5353
f 5244 5245 5354
f 5245 5355 5354
f 5245 5246 5355
f 5246 5356 5355
f 5246 5247 5356
f 5247 5357 5356
f 5247 5248 5357
f 5248 5358 5357
f 5248 5249 5358
f 5249 5359 5358
f 5249 5250 5359
f 5250 5360 5359
f 5250 5251 5360
f 5251 5361 5360
f 5251 5252 5361
f 5252 5362 5361
f 5252 5253 5362
f 5253 5363 5362
f 5253 5254 5363
f 5254 5364 5363
f 5254 5255 5364
f 5255 5365 5364
f 5255 5256 5365
f 5256 5366 5365
f 5256 5257 5366
f 5257 5367 5366
f 5257 5258 5367
f 5258 5368 5367
f 5258 5259 5368
f 5259 5369 5368
f 5259 5260 5369
f 5260 5370 5369
f 5260 5261 5370
f 5261 5371 5370
f 5261 5262 5371
f 5262 5372 5371
f 5262 5263 5372
f 5263 5373 5372
f 5263 5264 5373
f 5264 5374 5373
f 5264 5265 5374
f 5265 5375 5374
f 5265 5266 5375
f 5266 5376 5375
f 5266 5267 5376
f 5267 5377 5376
f 5267 5268 5377
f 5268 5378 5377
f 5268 5269 5378
f 5269 5379 5378
f 5269 5270 5379
f 5270 5380 5379
f 5270 5271 5380
f 5271 5381 5380
f 5271 5272 5381
f 5272 5382 5381
f 5272 5273 5382
f 5273 5383 5382
f 5273 5274 5383
f 5274 5384 5383
f 5274 5275 5384
f 5275 5385 5384
f 5275 5276 5385
f 5276 5386 5385
f 5276 5277 5386
f 5277 5387 5386
f 5277 5278 5387
f 5278 5388 5387
f 5278 5279 5388
f 5279 5389 5388
f 5279 5280 5389
f 5280 5390 5389
f 5280 5281 5390
f 5281 5391 5390
f 5281 5282 5391
f 5282 5392 5391
f 5282 5283 5392
f 5283 5393 5392
f 5283 5284 5393
f 5284 5394 5393
f 5285 5400 5399
f 5286 5402 5401
f 5286 5287 5402
f 5287 5403 5402
f 5287 5288 5403
f 5288 5404 5403
f 5288 5289 5404
f 5289 5405 5404
f 5289 5290 5405
f 5290 5406 5405
f 5290 5291 5406
f 5291 5407 5406
f 5291 5292 5407
f 5292 5408 5407
f 5292 5293 5408
f 5293 5409 5408
f 5293 5294 5409
f 5294 5410 5409
f 5294 5295 5410
f 5295 5411 5410
f 5295 5296 5411
f 5296 5412 5411
f 5296 5297 5412
f 5297 5413 5412
f 5297 5298 5413
f 5298 5414 5413
f 5298 5299 5414
f 5299 5415 5414
f 5299 5300 5415
f 5300 5416 5415
f 5300 5301 5416
f 5301 5417 5416
f 5301 5302 5417
f 5302 5418 5417
f 5302 5303 5418
f 5303 5419 5418
f 5303 5304 5419
f 5304 5420 5419
f 5304 5305 5420
f 5305 5421 5420
f 5305 5306 5421
f 5306 5422 5421
f 5307 5425 5424
f 5307 5308 5425
f 5308 5426 5425
f 5310 5429 5428
f 5310 5311 5429
f 5311 5430 5429
f 5311 5312 5430
f 5312 5431 5430
f 5312 5313 5431
f 5313 5432 5431
f 5315 5316 5433
f 5316 5434 5433
f 5316 5317 5434
f 5317 5435 5434
f 5317 5318 5435
f 5318 5436 5435
f 5318 5319 5436
f 5319 5437 5436
f 5319 5320 5437
f 5320 5438 5437
f 5320 5321 5438
f 5321 5439 5438
f 5321 5322 5439
f 5322 5440 5439
f 5322 5323 5440
f 5323 5441 5440
f 5323 5324 5441
f 5324 5442 5441
f 5324 5325 5442
f 5325 5443 5442
f 5325 5326 5443
f 5326 5444 5443
f 5326 5327 5444
f 5327 5445 5444
f 5327 5328 5445
f 5328 5446 5445
f 5328 5329 5446
f 5329 5447 5446
f 5329 5330 5447
f 5330 5448 5447
f 5330 5331 5448
f 5331 5449 5448
f 5331 5332 5449
f 5332 5450 5449
f 5332 5333 5450
f 5333 5451 5450
f 5333 5334 5451
f 5334 5452 5451
f 5334 5335 5452
f 5335 5453 5452
f 5335 5336 5453
f 5336 5454 5453
f 5336 5337 5454
f 5337 5455 5454
f 5337 5338 5455
f 5338 5456 5455
f 5338 5339 5456
f 5339 5457 5456
f 5339 5340 5457
f 5340 5458 5457
f 5340 5341 5458
f 5341 5459 5458
f 5341 5342 5459
f 5342 5460 5459
f 5342 5343 5460
f 5343 5461 5460
f 5343 5344 5461
f 5344 5462 5461
f 5344 5345 5462
f 5345 5463 5462
f 5345 5346 5463
f 5346 5464 5463
f 5346 5347 5464
f 5347 5465 5464
f 5347 5348 5465
f 5348 5466 5465
f 5348 5349 5466
f 5349 5467 5466
f 5349 5350 5467
f 5350 5468 5467
f 5350 5351 5468
f 5351 5469 5468
f 5351 5352 5469
f 5352 5470 5469
f 5352 5353 5470
f 5353 5471 5470
f 5353 5354 5471
f 5354 5472 5471
f 5354 5355 5472
f 5355 5473 5472
f 5355 5356 5473
f 5356 5474 5473
f 5356 5357 5474
f 5357 5475 5474
f 5357 5358 5475
f 5358 5476 5475
f 5358 5359 5476
f 5359 5477 5476
f 5359 5360 5477
f 5360 5478 5477
f 5360 5361 5478
f 5361 5479 5478
f 5361 5362 5479
f 5362 5480 5479
f 5362 5363 5480
f 5363 5481 5480
f 5363 5364 5481
f 5364 5482 5481
f 5364 5365 5482
f 5365 5483 5482
f 5365 5366 5483
f 5366 5484 5483
f 5366 5367 5484
f 5367 5485 5484
f 5367 5368 5485
f 5368 5486 5485
f 5368 5369 5486
f 5369 5487 5486
f 5369 5370 5487
f 5370 5488 5487
f 5370 5371 5488
f 5371 5489 5488
f 5371 5372 5489
f 5372 5490 5489
f 5372 5373 5490
f 5373 5491 5490
f 5373 5374 5491
f 5374 5492 5491
f 5374 5375 5492
f 5375 5493 5492
f 5375 5376 5493
f 5376 5494 5493
f 5376 5377 5494
f 5377 5495 5494
f 5377 5378 5495
f 5378 5496 5495
f 5378 5379 5496
f 5379 5497 5496
f 5379 5380 5497
f 5380 5498 5497
f 5380 5381 5498
f 5381 5499 5498
f 5381 5382 5499
f 5382 5500 5499
f 5382 5383 5500
f 5383 5501 5500
f 5383 5384 5501
f 5384 5502 5501
f 5384 5385 5502
f 5385 5503 5502
f 5385 5386 5503
f 5386 5504 5503
f 5386 5387 5504
f 5387 5505 5504
f 5387 5388 5505
f 5388 5506 5505
f 5388 5389 5506
f 5389 5507 5506
f 5389 5390 5507
f 5390 5508 5507
f 5390 5391 5508
f 5391 5509 5508
f 5391 5392 5509
f 5392 5510 5509
f 5392 5393 5510
f 5393 5511 5510
f 5393 5394 5511
f 5394 5512 5511
f 5394 5395 5512
f 5395 5513 5512
f 5395 5396 5513
f 5396 5514 5513
f 5397 5519 5518
f 5397 5398 5519
f 5398 5520 5519
f 5398 5399 5520
f 5399 5521 5520
f 5399 5400 5521
f 5400 5522 5521
f 5400 5401 5522
f 5401 5523 5522
f 5401 5402 5523
f 5402 5524 5523
f 5402 5403 5524
f 5403 5525 5524
f 5403 5404 5525
f 5404 5526 5525
f 5404 5405 5526
f 5405 5527 5526
f 5405 5406 5527
f 5406 5528 5527
f 5406 5407 5528
f 5407 5529 5528
f 5407 5408 5529
f 5408 5530 5529
f 5408 5409 5530
f 5409 5531 5530
f 5409 5410 5531
f 5410 5532 5531
f 5410 5411 5532
f 5411 5533 5532
f 5411 5412 5533
f 5412 5534 5533
f 5412 5413 5534
f 5413 5535 5534
f 5413 5414 5535
f 5414 5536 5535
f 5414 5415 5536
f 5415 5537 5536
f 5415 5416 5537
f 5416 5538 5537
f 5416 5417 5538
f 5417 5539 5538
f 5417 5418 5539
f 5418 5540 5539
f 5418 5419 5540
f 5419 5541 5540
f 5419 5420 5541
f 5420 5542 5541
f 5420 5421 5542
f 5421 5543 5542
f 5421 5422 5543
f 5422 5544 5543
f 5424 5425 5545
f 5425 5546 5545
f 5425 5426 5546
f 5426 5547 5546
f 5427 5550 5549
f 5428 5429 5551
f 5429 5552 5551
f 5429 5430 5552
f 5430 5553 5552
f 5430 5431 5553
f 5434 5435 5554
f 5435 5555 5554
f 5435 5436 5555
f 5436 5556 5555
f 5436 5437 5556
f 5437 5557 5556
f 5437 5438 5557
f 5438 5558 5557
f 5438 5439 5558
f 5439 5559 5558
f 5439 5440 5559
f 5440 5560 5559
f 5440 5441 5560
f 5441 5561 5560
f 5441 5442 5561
f 5442 5562 5561
f 5442 5443 5562
f 5443 5563 5562
f 5443 5444 5563
f 5444 5564 5563
f 5444 5445 5564
f 5445 5565 5564
f 5445 5446 5565
f 5446 5566 5565
f 5446 5447 5566
f 5447 5567 5566
f 5447 5448 5567
f 5462 5463 5568
f 5463 5569 5568
f 5463 5464 5569
f 5464 5570 5569
f 5464 5465 5570
f 5465 5571 5570
f 5465 5466 5571
f 5466 5572 5571
f 5466 5467 5572
f 5467 5573 5572
f 5467 5468 5573
f 5468 5574 5573
f 5468 5469 5574
f 5469 5575 5574
f 5469 5470 5575
f 5470 5576 5575
f 5470 5471 5576
f 5471 5577 5576
f 5471 5472 5577
f 5472 5578 5577
f 5472 5473 5578
f 5473 5579 5578
f 5473 5474 5579
f 5474 5580 5579
f 5474 5475 5580
f 5475 5581 5580
f 5475 5476 5581
f 5476 5582 5581
f 5476 5477 5582
f 5477 5583 5582
f 5477 5478 5583
f 5478 5584 5583
f 5478 5479 5584
f 5479 5585 5584
f 5479 5480 5585
f 5480 5586 5585
f 5480 5481 5586
f 5481 5587 5586
f 5481 5482 5587
f 5482 5588 5587
f 5482 5483 5588
f 5483 5589 5588
f 5483 5484 5589
f 5484 5590 5589
f 5484 5485 5590
f 5485 5591 5590
f 5485 5486 5591
f 5486 5592 5591
f 5486 5487 5592
f 5487 5593 5592
f 5487 5488 5593
f 5488 5594 5593
f 5488 5489 5594
f 5489 5595 5594
f 5489 5490 5595
f 5490 5596 5595
f 5490 5491 5596
f 5491 5597 5596
f 5491 5492 5597
f 5492 5598 5597
f 5492 5493 5598
f 5493 5599 5598
f 5493 5494 5599
f 5494 5600 5599
f 5494 5495 5600
f 5495 5601 5600
f 5495 5496 5601
f 5496 5602 5601
f 5496 5497 5602
f 5497 5603 5602
f 5497 5498 5603
f 5498 5604 5603
f 5498 5499 5604
f 5499 5605 5604
f 5499 5500 5605
f 5500 5606 5605
f 5500 5501 5606
f 5501 5607 5606
f 5501 5502 5607
f 5502 5608 5607
f 5502 5503 5608
f 5503 5609 5608
f 5503 5504 5609
f 5504 5610 5609
f 5504 5505 5610
f 5505 5611 5610
f 5505 5506 5611
f 5506 5612 5611
f 5506 5507 5612
f 5507 5613 5612
f 5507 5508 5613
f 5508 5614 5613
f 5508 5509 5614
f 5509 5615 5614
f 5509 5510 5615
f 5510 5616 5615
f 5510 5511 5616
f 5511 5617 5616
f 5511 5512 5617
f 5512 5618 5617
f 5512 5513 5618
f 5513 5619 5618
f 5513 5514 5619
f 5514 5620 5619
f 5514 5515 5620
f 5515 5621 5620
f 5515 5516 5621
f 5517 5629 5628
f 5517 5518 5629
f 5518 5630 5629
f 5518 5519 5630
f 5519 5631 5630
f 5519 5520 5631
f 5520 5632 5631
f 5520 5521 5632
f 5521 5633 5632
f 5521 5522 5633
f 5522 5634 5633
f 5522 5523 5634
f 5523 5635 5634
f 5523 5524 5635
f 5524 5636 5635
f 5524 5525 5636
f 5525 5637 5636
f 5525 5526 5637
f 5526 5638 5637
f 5526 5527 5638
f 5527 5639 5638
f 5527 5528 5639
f 5528 5640 5639
f 5528 5529 5640
f 5529 5641 5640
f 5529 5530 5641
f 5530 5642 5641
f 5530 5531 5642
f 5531 5643 5642
f 5531 5532 5643
f 5532 5644 5643
f 5532 5533 5644
f 5533 5645 5644
f 5533 5534 5645
f 5534 5646 5645
f 5534 5535 5646
f 5536 5537 5647
f 5537 5648 5647
f 5537 5538 5648
f 5538 5649 5648
f 5538 5539 5649
f 5539 5650 5649
f 5539 5540 5650
f 5540 5651 5650
f 5540 5541 5651
f 5541 5652 5651
f 5541 5542 5652
f 5542 5653 5652
f 5542 5543 5653
f 5543 5654 5653
f 5543 5544 5654
f 5544 5655 5654
f 5546 5547 5657
f 5547 5658 5657
f 5547 5548 5658
f 5548 5659 5658
f 5548 5549 5659
f 5549 5660 5659
f 5549 5550 5660
f 5550 5661 5660
f 5559 5560 5664
f 5560 5665 5664
f 5560 5561 5665
f 5561 5666 5665
f 5561 5562 5666
f 5570 5571 5667
f 5571 5668 5667
f 5571 5572 5668
f 5572 5669 5668
f 5572 5573 5669
f 5573 5670 5669
f 5573 5574 5670
f 5574 5671 5670
f 5574 5575 5671
f 5575 5672 5671
f 5575 5576 5672
f 5576 5673 5672
f 5576 5577 5673
f 5577 5674 5673
f 5577 5578 5674
f 5578 5675 5674
f 5578 5579 5675
f 5579 5676 5675
f 5579 5580 5676
f 5580 5677 5676
f 5580 5581 5677
f 5581 5678 5677
f 5581 5582 5678
f 5582 5679 5678
f 5582 5583 5679
f 5583 5680 5679
f 5583 5584 5680
f 5584 5681 5680
f 5584 5585 5681
f 5585 5682 5681
f 5585 5586 5682
f 5586 5683 5682
f 5586 5587 5683
f 5587 5684 5683
f 5587 5588 5684
f 5588 5685 5684
f 5588 5589 5685
f 5589 5686 5685
f 5589 5590 5686
f 5590 5687 5686
f 5590 5591 5687
f 5591 5688 5687
f 5591 5592 5688
f 5592 5689 5688
f 5592 5593 5689
f 5593 5690 5689
f 5593 5594 5690
f 5594 5691 5690
f 5594 5595 5691
f 5595 5692 5691
f 5595 5596 5692
f 5596 5693 5692
f 5596 5597 5693
f 5597 5694 5693
f 5597 5598 5694
f 5598 5695 5694
f 5598 5599 5695
f 5599 5696 5695
f 5599 5600 5696
f 5600 5697 5696
f 5600 5601 5697
f 5601 5698 5697
f 5601 5602 5698
f 5602 5699 5698
f 5602 5603 5699
f 5603 5700 5699
f 5603 5604 5700
f 5604 5701 5700
f 5604 5605 5701
f 5605 5702 5701
f 5605 5606 5702
f 5606 5703 5702
f 5606 5607 5703
f 5607 5704 5703
f 5607 5608 5704
f 5608 5705 5704
f 5608 5609 5705
f 5609 5706 5705
f 5609 5610 5706
f 5610 5707 5706
f 5610 5611 5707
f 5611 5708 5707
f 5611 5612 5708
f 5612 5709 5708
f 5612 5613 5709
f 5613 5710 5709
f 5613 5614 5710
f 5614 5711 5710
f 5614 5615 5711
f 5615 5712 5711
f 5615 5616 5712
f 5616 5713 5712
f 5616 5617 5713
f 5617 5714 5713
f 5617 5618 5714
f 5618 5715 5714
f 5618 5619 5715
f 5619 5716 5715
f 5619 5620 5716
f 5622 5723 5722
f 5622 5623 5723
f 5623 5724 5723
f 5624 5726 5725
f 5625 5728 5727
f 5625 5626 5728
f 5626 5729 5728
f 5626 5627 5729
f 5627 5730 5729
f 5627 5628 5730
f 5628 5731 5730
f 5628 5629 5731
f 5629 5732 5731
f 5629 5630 5732
f 5630 5733 5732
f 5630 5631 5733
f 5631 5734 5733
f 5631 5632 5734
f 5632 5735 5734
f 5632 5633 5735
f 5633 5736 5735
f 5633 5634 5736
f 5634 5737 5736
f 5634 5635 5737
f 5635 5738 5737
f 5635 5636 5738
f 5636 5739 5738
f 5636 5637 5739
f 5637 5740 5739
f 5637 5638 5740
f 5638 5741 5740
f 5638 5639 5741
f 5639 5742 5741
f 5639 5640 5742
f 5640 5743 5742
f 5640 5641 5743
f 5641 5744 5743
f 5641 5642 5744
f 5642 5745 5744
f 5642 5643 5745
f 5643 5746 5745
f 5643 5644 5746
f 5644 5747 5746
f 5644 5645 5747
f 5645 5748 5747
f 5645 5646 5748
f 5646 5749 5748
f 5648 5649 5751
f 5650 5651 5752
f 5657 5658 5755
f 5658 5756 5755
f 5658 5659 5756
f 5662 5760 5759
f 5676 5677 5762
f 5677 5763 5762
f 5677 5678 5763
f 5678 5764 5763
f 5678 5679 5764
f 5679 5765 5764
f 5679 5680 5765
f 5680 5766 5765
f 5680 5681 5766
f 5681 5767 5766
f 5681 5682 5767
f 5682 5768 5767
f 5682 5683 5768
f 5687 5688 5769
f 5688 5770 5769
f 5688 5689 5770
f 5689 5771 5770
f 5689 5690 5771
f 5690 5772 5771
f 5690 5691 5772
f 5691 5773 5772
f 5691 5692 5773
f 5692 5774 5773
f 5692 5693 5774
f 5693 5775 5774
f 5693 5694 5775
f 5694 5776 5775
f 5694 5695 5776
f 5695 5777 5776
f 5695 5696 5777
f 5696 5778 5777
f 5696 5697 5778
f 5697 5779 5778
f 5697 5698 5779
f 5698 5780 5779
f 5698 5699 5780
f 5699 5781 5780
f 5699 5700 5781
f 5700 5782 5781
f 5700 5701 5782
f 5701 5783 5782
f 5701 5702 5783
f 5702 5784 5783
f 5702 5703 5784
f 5703 5785 5784
f 5703 5704 5785
f 5704 5786 5785
f 5704 5705 5786
f 5705 5787 5786
f 5705 5706 5787
f 5706 5788 5787
f 5706 5707 5788
f 5707 5789 5788
f 5707 5708 5789
f 5708 5790 5789
f 5708 5709 5790
f 5709 5791 5790
f 5709 5710 5791
f 5710 5792 5791
f 5710 5711 5792
f 5711 5793 5792
f 5711 5712 5793
f 5712 5794 5793
f 5712 5713 5794
f 5713 5795 5794
f 5713 5714 5795
f 5714 5796 5795
f 5714 5715 5796
f 5715 5797 5796
f 5715 5716 5797
f 5716 5798 5797
f 5717 5800 5799
f 5717 5718 5800
f 5718 5801 5800
f 5718 5719 5801
f 5719 5802 5801
f 5719 5720 5802
f 5720 5803 5802
f 5720 5721 5803
f 5721 5804 5803
f 5721 5722 5804
f 5722 5805 5804
f 5722 5723 5805
f 5723 5806 5805
f 5723 5724 5806
f 5724 5807 5806
f 5724 5725 5807
f 5725 5808 5807
f 5725 5726 5808
f 5726 5809 5808
f 5726 5727 5809
f 5727 5810 5809
f 5727 5728 5810
f 5728 5811 5810
f 5728 5729 5811
f 5729 5812 5811
f 5729 5730 5812
f 5730 5813 5812
f 5730 5731 5813
f 5731 5814 5813
f 5731 5732 5814
f 5732 5815 5814
f 5732 5733 5815
f 5733 5816 5815
f 5733 5734 5816
f 5734 5817 5816
f 5734 5735 5817
f 5735 5818 5817
f 5735 5736 5818
f 5736 5819 5818
f 5736 5737 5819
f 5737 5820 5819
f 5737 5738 5820
f 5738 5821 5820
f 5738 5739 5821
f 5739 5822 5821
f 5739 5740 5822
f 5740 5823 5822
f 5740 5741 5823
f 5741 5824 5823
f 5741 5742 5824
f 5742 5825 5824
f 5742 5743 5825
f 5743 5826 5825
f 5743 5744 5826
f 5744 5827 5826
f 5744 5745 5827
f 5745 5828 5827
f 5745 5746 5828
f 5746 5829 5828
f 5746 5747 5829
f 5747 5830 5829
f 5747 5748 5830
f 5748 5831 5830
f 5748 5749 5831
f 5749 5832 5831
f 5749 5750 5832
f 5750 5833 5832
f 5751 5835 5834
f 5752 5837 5836
f 5755 5845 5844
f 5755 5756 5845
f 5759 5848 5847
f 5759 5760 5848
f 5760 5849 5848
f 5760 5761 5849
f 5769 5854 5853
f 5769 5770 5854
f 5770 5855 5854
f 5770 5771 5855
f 5771 5856 5855
f 5771 5772 5856
f 5772 5857 5856
f 5772 5773 5857
f 5773 5858 5857
f 5773 5774 5858
f 5774 5859 5858
f 5774 5775 5859
f 5775 5860 5859
f 5775 5776 5860
f 5776 5861 5860
f 5776 5777 5861
f 5777 5862 5861
f 5777 5778 5862
f 5778 5863 5862
f 5778 5779 5863
f 5779 5864 5863
f 5779 5780 5864
f 5780 5865 5864
f 5780 5781 5865
f 5781 5866 5865
f 5781 5782 5866
f 5782 5867 5866
f 5782 5783 5867
f 5783 5868 5867
f 5783 5784 5868
f 5784 5869 5868
f 5784 5785 5869
f 5785 5870 5869
f 5785 5786 5870
f 5786 5871 5870
f 5786 5787 5871
f 5787 5872 5871
f 5787 5788 5872
f 5788 5873 5872
f 5788 5789 5873
f 5789 5874 5873
f 5789 5790 5874
f 5790 5875 5874
f 5790 5791 5875
f 5791 5876 5875
f 5791 5792 5876
f 5792 5877 5876
f 5792 5793 5877
f 5793 5878 5877
f 5793 5794 5878
f 5794 5879 5878
f 5794 5795 5879
f 5795 5880 5879
f 5795 5796 5880
f 5796 5881 5880
f 5796 5797 5881
f 5797 5882 5881
f 5797 5798 5882
f 5798 5883 5882
f 5798 5799 5883
f 5799 5884 5883
f 5799 5800 5884
f 5800 5885 5884
f 5800 5801 5885
f 5801 5886 5885
f 5801 5802 5886
f 5802 5887 5886
f 5802 5803 5887
f 5803 5888 5887
f 5803 5804 5888
f 5804 5889 5888
f 5804 5805 5889
f 5805 5890 5889
f 5805 5806 5890
f 5806 5891 5890
f 5806 5807 5891
f 5807 5892 5891
f 5807 5808 5892
f 5808 5893 5892
f 5808 5809 5893
f 5809 5894 5893
f 5809 5810 5894
f 5810 5895 5894
f 5810 5811 5895
f 5811 5896 5895
f 5811 5812 5896
f 5812 5897 5896
f 5812 5813 5897
f 5813 5898 5897
f 5813 5814 5898
f 5814 5899 5898
f 5814 5815 5899
f 5815 5900 5899
f 5815 5816 5900
f 5816 5901 5900
f 5816 5817 5901
f 5817 5902 5901
f 5817 5818 5902
f 5818 5903 5902
f 5818 5819 5903
f 5819 5904 5903
f 5819 5820 5904
f 5820 5905 5904
f 5820 5821 5905
f 5821 5906 5905
f 5821 5822 5906
f 5822 5907 5906
f 5822 5823 5907
f 5823 5908 5907
f 5823 5824 5908
f 5824 5909 5908
f 5824 5825 5909
f 5825 5910 5909
f 5825 5826 5910
f 5826 5911 5910
f 5826 5827 5911
f 5827 5912 5911
f 5827 5828 5912
f 5828 5913 5912
f 5828 5829 5913
f 5829 5914 5913
f 5829 5830 5914
f 5830 5915 5914
f 5830 5831 5915
f 5831 5916 5915
f 5831 5832 5916
f 5832 5917 5916
f 5832 5833 5917
f 5833 5918 5917
f 5833 5834 5918
f 5834 5919 5918
f 5834 5835 5919
f 5835 5920 5919
f 5835 5836 5920
f 5836 5921 5920
f 5836 5837 5921
f 5837 5922 5921
f 5837 5838 5922
f 5838 5923 5922
f 5838 5839 5923
f 5839 5924 5923
f 5839 5840 5924
f 5840 5925 5924
f 5840 5841 5925
f 5841 5926 5925
f 5842 5930 5929
f 5843 5933 5932
f 5843 5844 5933
f 5844 5934 5933
f 5844 5845 5934
f 5845 5935 5934
f 5846 5937 5936
f 5848 5849 5942
f 5849 5943 5942
f 5850 5946 5945
f 5850 5851 5946
f 5851 5947 5946
f 5851 5852 5947
f 5852 5948 5947
f 5852 5853 5948
f 5853 5949 5948
f 5853 5854 5949
f 5854 5950 5949
f 5854 5855 5950
f 5855 5951 5950
f 5855 5856 5951
f 5856 5952 5951
f 5856 5857 5952
f 5857 5953 5952
f 5857 5858 5953
f 5858 5954 5953
f 5858 5859 5954
f 5859 5955 5954
f 5859 5860 5955
f 5860 5956 5955
f 5860 5861 5956
f 5861 5957 5956
f 5861 5862 5957
f 5862 5958 5957
f 5862 5863 5958
f 5863 5959 5958
f 5863 5864 5959
f 5864 5960 5959
f 5864 5865 5960
f 5865 5961 5960
f 5865 5866 5961
f 5866 5962 5961
f 5866 5867 5962
f 5867 5963 5962
f 5867 5868 5963
f 5868 5964 5963
f 5868 5869 5964
f 5869 5965 5964
f 5869 5870 5965
f 5870 5966 5965
f 5870 5871 5966
f 5871 5967 5966
f 5871 5872 5967
f 5872 5968 5967
f 5872 5873 5968
f 5873 5969 5968
f 5873 5874 5969
f 5874 5970 5969
f 5874 5875 5970
f 5875 5971 5970
f 5875 5876 5971
f 5876 5972 5971
f 5876 5877 5972
f 5877 5973 5972
f 5877 5878 5973
f 5878 5974 5973
f 5878 5879 5974
f 5879 5975 5974
f 5879 5880 5975
f 5880 5976 5975
f 5880 5881 5976
f 5881 5977 5976
f 5881 5882 5977
f 5882 5978 5977
f 5882 5883 5978
f 5883 5979 5978
f 5883 5884 5979
f 5884 5980 5979
f 5884 5885 5980
f 5885 5981 5980
f 5885 5886 5981
f 5886 5982 5981
f 5886 5887 5982
f 5887 5983 5982
f 5887 5888 5983
f 5888 5984 5983
f 5888 5889 5984
f 5889 5985 5984
f 5889 5890 5985
f 5890 5986 5985
f 5890 5891 5986
f 5891 5987 5986
f 5891 5892 5987
f 5892 5988 5987
f 5892 5893 5988
f 5893 5989 5988
f 5893 5894 5989
f 5894 5990 5989
f 5894 5895 5990
f 5895 5991 5990
f 5895 5896 5991
f 5896 5992 5991
f 5896 5897 5992
f 5897 5993 5992
f 5897 5898 5993
f 5898 5994 5993
f 5898 5899 5994
f 5899 5995 5994
f 5899 5900 5995
f 5900 5996 5995
f 5900 5901 5996
f 5901 5997 5996
f 5901 5902 5997
f 5902 5998 5997
f 5902 5903 5998
f 5903 5999 5998
f 5903 5904 5999
f 5904 6000 5999
f 5904 5905 6000
f 5905 6001 6000
f 5905 5906 6001
f 5906 6002 6001
f 5906 5907 6002
f 5907 6003 6002
f 5907 5908 6003
f 5908 6004 6003
f 5908 5909 6004
f 5909 6005 6004
f 5909 5910 6005
f 5910 6006 6005
f 5910 5911 6006
f 5911 6007 6006
f 5911 5912 6007
f 5912 6008 6007
f 5912 5913 6008
f 5913 6009 6008
f 5913 5914 6009
f 5914 6010 6009
f 5914 5915 6010
f 5915 6011 6010
f 5915 5916 6011
f 5916 6012 6011
f 5916 5917 6012
f 5917 6013 6012
f 5917 5918 6013
f 5918 6014 6013
f 5918 5919 6014
f 5919 6015 6014
f 5919 5920 6015
f 5920 6016 6015
f 5920 5921 6016
f 5921 6017 6016
f 5921 5922 6017
f 5922 6018 6017
f 5922 5923 6018
f 5923 6019 6018
f 5923 5924 6019
f 5924 6020 6019
f 5924 5925 6020
f 5925 6021 6020
f 5925 5926 6021
f 5926 6022 6021
f 5926 5927 6022
f 5927 6023 6022
f 5927 5928 6023
f 5928 6024 6023
f 5928 5929 6024
f 5929 6025 6024
f 5929 5930 6025
f 5930 6026 6025
f 5930 5931 6026
f 5931 6027 6026
f 5931 5932 6027
f 5932 6028 6027
f 5932 5933 6028
f 5933 6029 6028
f 5933 5934 6029
f 5934 6030 6029
f 5934 5935 6030
f 5936 5937 6031
f 5937 6032 6031
f 5937 5938 6032
f 5938 6033 6032
f 5938 5939 6033
f 5939 6034 6033
f 5939 5940 6034
f 5940 6035 6034
f 5944 6040 6039
f 5944 5945 6040
f 5945 6041 6040
f 5945 5946 6041
f 5946 6042 6041
f 5946 5947 6042
f 5947 6043 6042
f 5947 5948 6043
f 5948 6044 6043
f 5948 5949 6044
f 5949 6045 6044
f 5949 5950 6045
f 5950 6046 6045
f 5950 5951 6046
f 5951 6047 6046
f 5951 5952 6047
f 5952 6048 6047
f 5952 5953 6048
f 5953 6049 6048
f 5953 5954 6049
f 5954 6050 6049
f 5954 5955 6050
f 5955 6051 6050
f 5955 5956 6051
f 5956 6052 6051
f 5956 5957 6052
f 5957 6053 6052
f 5957 5958 6053
f 5958 6054 6053
f 5958 5959 6054
f 5959 6055 6054
f 5959 5960 6055
f 5960 6056 6055
f 5960 5961 6056
f 5961 6057 6056
f 5961 5962 6057
f 5962 6058 6057
f 5962 5963 6058
f 5963 6059 6058
f 5963 5964 6059
f 5964 6060 6059
f 5964 5965 6060
f 5965 6061 6060
f 5965 5966 6061
f 5966 6062 6061
f 5966 5967 6062
f 5967 6063 6062
f 5967 5968 6063
f 5968 6064 6063
f 5968 5969 6064
f 5969 6065 6064
f 5969 5970 6065
f 5970 6066 6065
f 5970 5971 6066
f 5971 6067 6066
f 5971 5972 6067
f 5972 6068 6067
f 5972 5973 6068
f 5973 6069 6068
f 5973 5974 6069
f 5974 6070 6069
f 5974 5975 6070
f 5975 6071 6070
f 5975 5976 6071
f 5976 6072 6071
f 5976 5977 6072
f 5977 6073 6072
f 5977 5978 6073
f 5978 6074 6073
f 5978 5979 6074
f 5979 6075 6074
f 5979 5980 6075
f 5980 6076 6075
f 5980 5981 6076
f 5981 6077 6076
f 5981 5982 6077
f 5982 6078 6077
f 5982 5983 6078
f 5983 6079 6078
f 5983 5984 6079
f 5984 6080 6079
f 5984 5985 6080
f 5985 6081 6080
f 5985 5986 6081
f 5986 6082 6081
f 5986 5987 6082
f 5987 6083 6082
f 5987 5988 6083
f 5988 6084 6083
f 5988 5989 6084
f 5989 6085 6084
f 5989 5990 6085
f 5990 6086 6085
f 5990 5991 6086
f 5991 6087 6086
f 5991 5992 6087
f 5992 6088 6087
f 5992 5993 6088
f 5993 6089 6088
f 5993 5994 6089
f 5994 6090 6089
f 5994 5995 6090
f 5995 6091 6090
f 5995 5996 6091
f 5996 6092 6091
f 5996 5997 6092
f 5997 6093 6092
f 5997 5998 6093
f 5998 6094 6093
f 5998 5999 6094
f 5999 6095 6094
f 5999 6000 6095
f 6000 6096 6095
f 6000 6001 6096
f 6001 6097 6096
f 6001 6002 6097
f 6002 6098 6097
f 6002 6003 6098
f 6003 6099 6098
f 6003 6004 6099
f 6004 6100 6099
f 6004 6005 6100
f 6005 6101 6100
f 6005 6006 6101
f 6006 6102 6101
f 6006 6007 6102
f 6007 6103 6102
f 6007 6008 6103
f 6008 6104 6103
f 6008 6009 6104
f 6009 6105 6104
f 6009 6010 6105
f 6010 6106 6105
f 6010 6011 6106
f 6011 6107 6106
f 6011 6012 6107
f 6012 6108 6107
f 6012 6013 6108
f 6013 6109 6108
f 6013 6014 6109
f 6014 6110 6109
f 6014 6015 6110
f 6015 6111 6110
f 6015 6016 6111
f 6016 6112 6111
f 6016 6017 6112
f 6017 6113 6112
f 6017 6018 6113
f 6018 6114 6113
f 6018 6019 6114
f 6019 6115 6114
f 6019 6020 6115
f 6020 6116 6115
f 6020 6021 6116
f 6021 6117 6116
f 6021 6022 6117
f 6022 6118 6117
f 6022 6023 6118
f 6023 6119 6118
f 6023 6024 6119
f 6024 6120 6119
f 6024 6025 6120
f 6025 6121 6120
f 6025 6026 6121
f 6026 6122 6121
f 6026 6027 6122
f 6027 6123 6122
f 6027 6028 6123
f 6028 6124 6123
f 6028 6029 6124
f 6029 6125 6124
f 6029 6030 6125
f 6030 6126 6125
f 6031 6128 6127
f 6031 6032 6128
f 6032 6129 6128
f 6032 6033 6129
f 6033 6130 6129
f 6033 6034 6130
f 6034 6131 6130
f 6034 6035 6131
f 6035 6132 6131
f 6035 6036 6132
f 6036 6133 6132
f 6036 6037 6133
f 6038 6136 6135
f 6038 6039 6136
f 6039 6137 6136
f 6039 6040 6137
f 6040 6138 6137
f 6040 6041 6138
f 6041 6139 6138
f 6041 6042 6139
f 6042 6140 6139
f 6042 6043 6140
f 6043 6141 6140
f 6043 6044 6141
f 6044 6142 6141
f 6044 6045 6142
f 6045 6143 6142
f 6045 6046 6143
f 6046 6144 6143
f 6046 6047 6144
f 6047 6145 6144
f 6047 6048 6145
f 6048 6146 6145
f 6048 6049 6146
f 6049 6147 6146
f 6049 6050 6147
f 6050 6148 6147
f 6050 6051 6148
f 6051 6149 6148
f 6051 6052 6149
f 6052 6150 6149
f 6052 6053 6150
f 6053 6151 6150
f 6053 6054 6151
f 6054 6152 6151
f 6054 6055 6152
f 6055 6153 6152
f 6055 6056 6153
f 6056 6154 6153
f 6056 6057 6154
f 6057 6155 6154
f 6057 6058 6155
f 6058 6156 6155
f 6058 6059 6156
f 6059 6157 6156
f 6059 6060 6157
f 6060 6158 6157
f 6060 6061 6158
f 6061 6159 6158
f 6061 6062 6159
f 6062 6160 6159
f 6062 6063 6160
f 6063 6161 6160
f 6063 6064 6161
f 6064 6162 6161
f 6064 6065 6162
f 6065 6163 6162
f 6065 6066 6163
f 6066 6164 6163
f 6066 6067 6164
f 6067 6165 6164
f 6067 6068 6165
f 6068 6166 6165
f 6068 6069 6166
f 6069 6167 6166
f 6069 6070 6167
f 6070 6168 6167
f 6070 6071 6168
f 6071 6169 6168
f 6071 6072 6169
f 6072 6170 6169
f 6072 6073 6170
f 6073 6171 6170
f 6073 6074 6171
f 6074 6172 6171
f 6074 6075 6172
f 6075 6173 6172
f 6075 6076 6173
f 6076 6174 6173
f 6076 6077 6174
f 6077 6175 6174
f 6077 6078 6175
f 6078 6176 6175
f 6078 6079 6176
f 6079 6177 6176
f 6079 6080 6177
f 6080 6178 6177
f 6080 6081 6178
f 6081 6179 6178
f 6081 6082 6179
f 6082 6180 6179
f 6082 6083 6180
f 6083 6181 6180
f 6083 6084 6181
f 6084 6182 6181
f 6084 6085 6182
f 6085 6183 6182
f 6085 6086 6183
f 6086 6184 6183
f 6086 6087 6184
f 6087 6185 6184
f 6087 6088 6185
f 6088 6186 6185
f 6088 6089 6186
f 6089 6187 6186
f 6089 6090 6187
f 6090 6188 6187
f 6090 6091 6188
f 6091 6189 6188
f 6091 6092 6189
f 6092 6190 6189
f 6092 6093 6190
f 6093 6191 6190
f 6093 6094 6191
f 6094 6192 6191
f 6094 6095 6192
f 6095 6193 6192
f 6095 6096 6193
f 6096 6194 6193
f 6096 6097 6194
f 6097 6195 6194
f 6097 6098 6195
f 6098 6196 6195
f 6098 6099 6196
f 6099 6197 6196
f 6099 6100 6197
f 6100 6198 6197
f 6100 6101 6198
f 6101 6199 6198
f 6101 6102 6199
f 6102 6200 6199
f 6102 6103 6200
f 6103 6201 6200
f 6103 6104 6201
f 6104 6202 6201
f 6104 6105 6202
f 6105 6203 6202
f 6105 6106 6203
f 6106 6204 6203
f 6106 6107 6204
f 6107 6205 6204
f 6107 6108 6205
f 6108 6206 6205
f 6108 6109 6206
f 6109 6207 6206
f 6109 6110 6207
f 6110 6208 6207
f 6110 6111 6208
f 6111 6209 6208
f 6111 6112 6209
f 6112 6210 6209
f 6112 6113 6210
f 6113 6211 6210
f 6113 6114 6211
f 6114 6212 6211
f 6114 6115 6212
f 6115 6213 6212
f 6115 6116 6213
f 6116 6214 6213
f 6116 6117 6214
f 6117 6215 6214
f 6117 6118 6215
f 6118 6216 6215
f 6118 6119 6216
f 6119 6217 6216
f 6119 6120 6217
f 6120 6218 6217
f 6120 6121 6218
f 6121 6219 6218
f 6121 6122 6219
f 6122 6220 6219
f 6122 6123 6220
f 6123 6221 6220
f 6123 6124 6221
f 6124 6222 6221
f 6124 6125 6222
f 6125 6223 6222
f 6125 6126 6223
f 6126 6224 6223
f 6126 6127 6224
f 6127 6225 6224
f 6127 6128 6225
f 6128 6226 6225
f 6128 6129 6226
f 6129 6227 6226
f 6129 6130 6227
f 6134 6229 6228
f 6134 6135 6229
f 6135 6230 6229
f 6135 6136 6230
f 6136 6231 6230
f 6136 6137 6231
f 6137 6232 6231
f 6137 6138 6232
f 6138 6233 6232
f 6138 6139 6233
f 6139 6234 6233
f 6139 6140 6234
f 6140 6235 6234
f 6140 6141 6235
f 6141 6236 6235
f 6141 6142 6236
f 6142 6237 6236
f 6142 6143 6237
f 6143 6238 6237
f 6143 6144 6238
f 6144 6239 6238
f 6144 6145 6239
f 6145 6240 6239
f 6145 6146 6240
f 6146 6241 6240
f 6146 6147 6241
f 6147 6242 6241
f 6147 6148 6242
f 6148 6243 6242
f 6148 6149 6243
f 6149 6244 6243
f 6149 6150 6244
f 6150 6245 6244
f 6150 6151 6245
f 6151 6246 6245
f 6151 6152 6246
f 6152 6247 6246
f 6152 6153 6247
f 6153 6248 6247
f 6153 6154 6248
f 6154 6249 6248
f 6154 6155 6249
f 6155 6250 6249
f 6155 6156 6250
f 6156 6251 6250
f 6156 6157 6251
f 6157 6252 6251
f 6157 6158 6252
f 6158 6253 6252
f 6158 6159 6253
f 6159 6254 6253
f 6159 6160 6254
f 6160 6255 6254
f 6160 6161 6255
f 6161 6256 6255
f 6161 6162 6256
f 6162 6257 6256
f 6162 6163 6257
f 6163 6258 6257
f 6163 6164 6258
f 6164 6259 6258
f 6164 6165 6259
f 6165 6260 6259
f 6165 6166 6260
f 6166 6261 6260
f 6166 6167 6261
f 6167 6262 6261
f 6167 6168 6262
f 6168 6263 6262
f 6168 6169 6263
f 6169 6264 6263
f 6169 6170 6264
f 6170 6265 6264
f 6170 6171 6265
f 6171 6266 6265
f 6171 6172 6266
f 6172 6267 6266
f 6172 6173 6267
f 6173 6268 6267
f 6173 6174 6268
f 6174 6269 6268
f 6174 6175 6269
f 6175 6270 6269
f 6175 6176 6270
f 6176 6271 6270
f 6176 6177 6271
f 6177 6272 6271
f 6177 6178 6272
f 6178 6273 6272
f 6178 6179 6273
f 6179 6274 6273
f 6179 6180 6274
f 6180 6275 6274
f 6180 6181 6275
f 6181 6276 6275
f 6181 6182 6276
f 6182 6277 6276
f 6182 6183 6277
f 6183 6278 6277
f 6183 6184 6278
f 6184 6279 6278
f 6184 6185 6279
f 6185 6280 6279
f 6185 6186 6280
f 6186 6281 6280
f 6186 6187 6281
f 6187 6282 6281
f 6187 6188 6282
f 6188 6283 6282
f 6188 6189 6283
f 6189 6284 6283
f 6189 6190 6284
f 6190 6285 6284
f 6190 6191 6285
f 6191 6286 6285
f 6191 6192 6286
f 6192 6287 6286
f 6192 6193 6287
f 6193 6288 6287
f 6193 6194 6288
f 6194 6289 6288
f 6194 6195 6289
f 6195 6290 6289
f 6195 6196 6290
f 6196 6291 6290
f 6196 6197 6291
f 6197 6292 6291
f 6197 6198 6292
f 6198 6293 6292
f 6198 6199 6293
f 6199 6294 6293
f 6199 6200 6294
f 6200 6295 6294
f 6200 6201 6295
f 6201 6296 6295
f 6201 6202 6296
f 6202 6297 6296
f 6202 6203 6297
f 6203 6298 6297
f 6203 6204 6298
f 6204 6299 6298
f 6204 6205 6299
f 6205 6300 6299
f 6205 6206 6300
f 6206 6301 6300
f 6206 6207 6301
f 6207 6302 6301
f 6207 6208 6302
f 6208 6303 6302
f 6208 6209 6303
f 6209 6304 6303
f 6209 6210 6304
f 6210 6305 6304
f 6210 6211 6305
f 6211 6306 6305
f 6211 6212 6306
f 6212 6307 6306
f 6212 6213 6307
f 6213 6308 6307
f 6213 6214 6308
f 6214 6309 6308
f 6214 6215 6309
f 6215 6310 6309
f 6215 6216 6310
f 6216 6311 6310
f 6216 6217 6311
f 6217 6312 6311
f 6217 6218 6312
f 6218 6313 6312
f 6218 6219 6313
f 6219 6314 6313
f 6219 6220 6314
f 6220 6315 6314
f 6220 6221 6315
f 6221 6316 6315
f 6221 6222 6316
f 6222 6317 6316
f 6222 6223 6317
f 6223 6318 6317
f 6223 6224 6318
f 6224 6319 6318
f 6224 6225 6319
f 6226 6227 6320
f 6228 6324 6323
f 6228 6229 6324
f 6229 6325 6324
f 6229 6230 6325
f 6230 6326 6325
f 6230 6231 6326
f 6231 6327 6326
f 6231 6232 6327
f 6232 6328 6327
f 6232 6233 6328
f 6233 6329 6328
f 6233 6234 6329
f 6234 6330 6329
f 6234 6235 6330
f 6235 6331 6330
f 6235 6236 6331
f 6236 6332 6331
f 6236 6237 6332
f 6237 6333 6332
f 6237 6238 6333
f 6238 6334 6333
f 6238 6239 6334
f 6239 6335 6334
f 6239 6240 6335
f 6240 6336 6335
f 6240 6241 6336
f 6241 6337 6336
f 6241 6242 6337
f 6242 6338 6337
f 6242 6243 6338
f 6243 6339 6338
f 6243 6244 6339
f 6244 6340 6339
f 6244 6245 6340
f 6245 6341 6340
f 6245 6246 6341
f 6246 6342 6341
f 6246 6247 6342
f 6247 6343 6342
f 6247 6248 6343
f 6248 6344 6343
f 6248 6249 6344
f 6249 6345 6344
f 6249 6250 6345
f 6250 6346 6345
f 6250 6251 6346
f 6251 6347 6346
f 6251 6252 6347
f 6252 6348 6347
f 6252 6253 6348
f 6253 6349 6348
f 6253 6254 6349
f 6254 6350 6349
f 6254 6255 6350
f 6255 6351 6350
f 6255 6256 6351
f 6256 6352 6351
f 6256 6257 6352
f 6257 6353 6352
f 6257 6258 6353
f 6258 6354 6353
f 6258 6259 6354
f 6259 6355 6354
f 6259 6260 6355
f 6260 6356 6355
f 6260 6261 6356
f 6261 6357 6356
f 6261 6262 6357
f 6262 6358 6357
f 6262 6263 6358
f 6263 6359 6358
f 6263 6264 6359
f 6264 6360 6359
f 6264 6265 6360
f 6265 6361 6360
f 6265 6266 6361
f 6266 6362 6361
f 6266 6267 6362
f 6267 6363 6362
f 6267 6268 6363
f 6268 6364 6363
f 6268 6269 6364
f 6269 6365 6364
f 6269 6270 6365
f 6270 6366 6365
f 6270 6271 6366
f 6271 6367 6366
f 6271 6272 6367
f 6272 6368 6367
f 6272 6273 6368
f 6273 6369 6368
f 6273 6274 6369
f 6274 6370 6369
f 6274 6275 6370
f 6275 6371 6370
f 6275 6276 6371
f 6276 6372 6371
f 6276 6277 6372
f 6277 6373 6372
f 6277 6278 6373
f 6278 6374 6373
f 6278 6279 6374
f 6279 6375 6374
f 6279 6280 6375
f 6280 6376 6375
f 6280 6281 6376
f 6281 6377 6376
f 6281 6282 6377
f 6282 6378 6377
f 6282 6283 6378
f 6283 6379 6378
f 6283 6284 6379
f 6284 6380 6379
f 6284 6285 6380
f 6285 6381 6380
f 6285 6286 6381
f 6286 6382 6381
f 6286 6287 6382
f 6287 6383 6382
f 6287 6288 6383
f 6288 6384 6383
f 6288 6289 6384
f 6289 6385 6384
f 6289 6290 6385
f 6290 6386 6385
f 6290 6291 6386
f 6291 6387 6386
f 6291 6292 6387
f 6292 6388 6387
f 6292 6293 6388
f 6293 6389 6388
f 6293 6294 6389
f 6294 6390 6389
f 6294 6295 6390
f 6295 6391 6390
f 6295 6296 6391
f 6296 6392 6391
f 6296 6297 6392
f 6297 6393 6392
f 6297 6298 6393
f 6298 6394 6393
f 6298 6299 6394
f 6299 6395 6394
f 6299 6300 6395
f 6300 6396 6395
f 6300 6301 6396
f 6301 6397 6396
f 6301 6302 6397
f 6302 6398 6397
f 6302 6303 6398
f 6303 6399 6398
f 6303 6304 6399
f 6304 6400 6399
f 6304 6305 6400
f 6305 6401 6400
f 6305 6306 6401
f 6306 6402 6401
f 6306 6307 6402
f 6307 6403 6402
f 6307 6308 6403
f 6308 6404 6403
f 6308 6309 6404
f 6309 6405 6404
f 6309 6310 6405
f 6310 6406 6405
f 6310 6311 6406
f 6311 6407 6406
f 6311 6312 6407
f 6312 6408 6407
f 6312 6313 6408
f 6313 6409 6408
f 6313 6314 6409
f 6314 6410 6409
f 6314 6315 6410
f 6315 6411 6410
f 6315 6316 6411
f 6316 6412 6411
f 6316 6317 6412
f 6321 6322 6413
f 6322 6414 6413
f 6322 6323 6414
f 6323 6415 6414
f 6323 6324 6415
f 6324 6416 6415
f 6324 6325 6416
f 6325 6417 6416
f 6325 6326 6417
f 6326 6418 6417
f 6326 6327 6418
f 6327 6419 6418
f 6327 6328 6419
f 6328 6420 6419
f 6328 6329 6420
f 6329 6421 6420
f 6329 6330 6421
f 6330 6422 6421
f 6330 6331 6422
f 6331 6423 6422
f 6331 6332 6423
f 6332 6424 6423
f 6332 6333 6424
f 6333 6425 6424
f 6333 6334 6425
f 6334 6426 6425
f 6334 6335 6426
f 6335 6427 6426
f 6335 6336 6427
f 6336 6428 6427
f 6336 6337 6428
f 6337 6429 6428
f 6337 6338 6429
f 6338 6430 6429
f 6338 6339 6430
f 6339 6431 6430
f 6339 6340 6431
f 6340 6432 6431
f 6340 6341 6432
f 6341 6433 6432
f 6341 6342 6433
f 6342 6434 6433
f 6342 6343 6434
f 6343 6435 6434
f 6343 6344 6435
f 6344 6436 6435
f 6344 6345 6436
f 6345 6437 6436
f 6345 6346 6437
f 6346 6438 6437
f 6346 6347 6438
f 6347 6439 6438
f 6347 6348 6439
f 6348 6440 6439
f 6348 6349 6440
f 6349 6441 6440
f 6349 6350 6441
f 6350 6442 6441
f 6350 6351 6442
f 6351 6443 6442
f 6351 6352 6443
f 6352 6444 6443
f 6352 6353 6444
f 6353 6445 6444
f 6353 6354 6445
f 6354 6446 6445
f 6354 6355 6446
f 6355 6447 6446
f 6355 6356 6447
f 6356 6448 6447
f 6356 6357 6448
f 6357 6449 6448
f 6357 6358 6449
f 6358 6450 6449
f 6358 6359 6450
f 6359 6451 6450
f 6359 6360 6451
f 6360 6452 6451
f 6360 6361 6452
f 6361 6453 6452
f 6361 6362 6453
f 6362 6454 6453
f 6362 6363 6454
f 6363 6455 6454
f 6363 6364 6455
f 6364 6456 6455
f 6364 6365 6456
f 6365 6457 6456
f 6365 6366 6457
f 6366 6458 6457
f 6366 6367 6458
f 6367 6459 6458
f 6367 6368 6459
f 6368 6460 6459
f 6368 6369 6460
f 6369 6461 6460
f 6369 6370 6461
f 6370 6462 6461
f 6370 6371 6462
f 6371 6463 6462
f 6371 6372 6463
f 6372 6464 6463
f 6372 6373 6464
f 6373 6465 6464
f 6373 6374 6465
f 6374 6466 6465
f 6374 6375 6466
f 6375 6467 6466
f 6375 6376 6467
f 6376 6468 6467
f 6376 6377 6468
f 6377 6469 6468
f 6377 6378 6469
f 6378 6470 6469
f 6378 6379 6470
f 6379 6471 6470
f 6379 6380 6471
f 6380 6472 6471
f 6380 6381 6472
f 6381 6473 6472
f 6381 6382 6473
f 6382 6474 6473
f 6382 6383 6474
f 6383 6475 6474
f 6383 6384 6475
f 6384 6476 6475
f 6384 6385 6476
f 6385 6477 6476
f 6385 6386 6477
f 6386 6478 6477
f 6386 6387 6478
f 6387 6479 6478
f 6387 6388 6479
f 6388 6480 6479
f 6388 6389 6480
f 6389 6481 6480
f 6389 6390 6481
f 6390 6482 6481
f 6390 6391 6482
f 6391 6483 6482
f 6391 6392 6483
f 6392 6484 6483
f 6392 6393 6484
f 6393 6485 6484
f 6393 6394 6485
f 6394 6486 6485
f 6394 6395 6486
f 6395 6487 6486
f 6395 6396 6487
f 6396 6488 6487
f 6396 6397 6488
f 6397 6489 6488
f 6397 6398 6489
f 6398 6490 6489
f 6398 6399 6490
f 6399 6491 6490
f 6399 6400 6491
f 6400 6492 6491
f 6400 6401 6492
f 6401 6493 6492
f 6401 6402 6493
f 6402 6494 6493
f 6402 6403 6494
f 6403 6495 6494
f 6403 6404 6495
f 6404 6496 6495
f 6404 6405 6496
f 6405 6497 6496
f 6405 6406 6497
f 6406 6498 6497
f 6406 6407 6498
f 6407 6499 6498
f 6407 6408 6499
f 6408 6500 6499
f 6408 6409 6500
f 6409 6501 6500
f 6409 6410 6501
f 6410 6502 6501
f 6410 6411 6502
f 6413 6414 6503
f 6414 6504 6503
f 6414 6415 6504
f 6415 6505 6504
f 6415 6416 6505
f 6416 6506 6505
f 6416 6417 6506
f 6417 6507 6506
f 6417 6418 6507
f 6418 6508 6507
f 6418 6419 6508
f 6419 6509 6508
f 6419 6420 6509
f 6420 6510 6509
f 6420 6421 6510
f 6421 6511 6510
f 6421 6422 6511
f 6422 6512 6511
f 6422 6423 6512
f 6423 6513 6512
f 6423 6424 6513
f 6424 6514 6513
f 6424 6425 6514
f 6425 6515 6514
f 6425 6426 6515
f 6426 6516 6515
f 6426 6427 6516
f 6427 6517 6516
f 6427 6428 6517
f 6428 6518 6517
f 6428 6429 6518
f 6429 6519 6518
f 6429 6430 6519
f 6430 6520 6519
f 6430 6431 6520
f 6431 6521 6520
f 6431 6432 6521
f 6432 6522 6521
f 6432 6433 6522
f 6433 6523 6522
f 6433 6434 6523
f 6434 6524 6523
f 6434 6435 6524
f 6435 6525 6524
f 6435 6436 6525
f 6436 6526 6525
f 6436 6437 6526
f 6437 6527 6526
f 6437 6438 6527
f 6438 6528 6527
f 6438 6439 6528
f 6439 6529 6528
f 6439 6440 6529
f 6440 6530 6529
f 6440 6441 6530
f 6441 6531 6530
f 6441 6442 6531
f 6442 6532 6531
f 6442 6443 6532
f 6443 6533 6532
f 6443 6444 6533
f 6444 6534 6533
f 6444 6445 6534
f 6445 6535 6534
f 6445 6446 6535
f 6446 6536 6535
f 6446 6447 6536
f 6447 6537 6536
f 6447 6448 6537
f 6448 6538 6537
f 6448 6449 6538
f 6449 6539 6538
f 6449 6450 6539
f 6450 6540 6539
f 6450 6451 6540
f 6451 6541 6540
f 6451 6452 6541
f 6452 6542 6541
f 6452 6453 6542
f 6453 6543 6542
f 6453 6454 6543
f 6454 6544 6543
f 6454 6455 6544
f 6455 6545 6544
f 6455 6456 6545
f 6456 6546 6545
f 6456 6457 6546
f 6457 6547 6546
f 6457 6458 6547
f 6458 6548 6547
f 6458 6459 6548
f 6459 6549 6548
f 6459 6460 6549
f 6460 6550 6549
f 6460 6461 6550
f 6461 6551 6550
f 6461 6462 6551
f 6462 6552 6551
f 6462 6463 6552
f 6463 6553 6552
f 6463 6464 6553
f 6464 6554 6553
f 6464 6465 6554
f 6465 6555 6554
f 6465 6466 6555
f 6466 6556 6555
f 6466 6467 6556
f 6467 6557 6556
f 6467 6468 6557
f 6468 6558 6557
f 6468 6469 6558
f 6469 6559 6558
f 6469 6470 6559
f 6470 6560 6559
f 6470 6471 6560
f 6471 6561 6560
f 6471 6472 6561
f 6472 6562 6561
f 6472 6473 6562
f 6473 6563 6562
f 6473 6474 6563
f 6474 6564 6563
f 6474 6475 6564
f 6475 6565 6564
f 6475 6476 6565
f 6476 6566 6565
f 6476 6477 6566
f 6477 6567 6566
f 6477 6478 6567
f 6478 6568 6567
f 6478 6479 6568
f 6479 6569 6568
f 6479 6480 6569
f 6480 6570 6569
f 6480 6481 6570
f 6481 6571 6570
f 6481 6482 6571
f 6482 6572 6571
f 6482 6483 6572
f 6483 6573 6572
f 6483 6484 6573
f 6484 6574 6573
f 6484 6485 6574
f 6485 6575 6574
f 6485 6486 6575
f 6486 6576 6575
f 6486 6487 6576
f 6487 6577 6576
f 6487 6488 6577
f 6488 6578 6577
f 6488 6489 6578
f 6489 6579 6578
f 6489 6490 6579
f 6490 6580 6579
f 6490 6491 6580
f 6491 6581 6580
f 6491 6492 6581
f 6492 6582 6581
f 6492 6493 6582
f 6493 6583 6582
f 6493 6494 6583
f 6494 6584 6583
f 6494 6495 6584
f 6495 6585 6584
f 6495 6496 6585
f 6496 6586 6585
f 6496 6497 6586
f 6497 6587 6586
f 6497 6498 6587
f 6498 6588 6587
f 6498 6499 6588
f 6503 6504 6589
f 6504 6590 6589
f 6504 6505 6590
f 6505 6591 6590
f 6505 6506 6591
f 6506 6592 6591
f 6506 6507 6592
f 6507 6593 6592
f 6507 6508 6593
f 6508 6594 6593
f 6508 6509 6594
f 6509 6595 6594
f 6509 6510 6595
f 6510 6596 6595
f 6510 6511 6596
f 6511 6597 6596
f 6511 6512 6597
f 6512 6598 6597
f 6512 6513 6598
f 6513 6599 6598
f 6513 6514 6599
f 6514 6600 6599
f 6514 6515 6600
f 6515 6601 6600
f 6515 6516 6601
f 6516 6602 6601
f 6516 6517 6602
f 6517 6603 6602
f 6517 6518 6603
f 6518 6604 6603
f 6518 6519 6604
f 6519 6605 6604
f 6519 6520 6605
f 6520 6606 6605
f 6520 6521 6606
f 6521 6607 6606
f 6521 6522 6607
f 6522 6608 6607
f 6522 6523 6608
f 6523 6609 6608
f 6523 6524 6609
f 6524 6610 6609
f 6524 6525 6610
f 6525 6611 6610
f 6525 6526 6611
f 6526 6612 6611
f 6526 6527 6612
f 6527 6613 6612
f 6527 6528 6613
f 6528 6614 6613
f 6528 6529 6614
f 6529 6615 6614
f 6529 6530 6615
f 6530 6616 6615
f 6530 6531 6616
f 6531 6617 6616
f 6531 6532 6617
f 6532 6618 6617
f 6532 6533 6618
f 6533 6619 6618
f 6533 6534 6619
f 6534 6620 6619
f 6534 6535 6620
f 6535 6621 6620
f 6535 6536 6621
f 6536 6622 6621
f 6536 6537 6622
f 6537 6623 6622
f 6537 6538 6623
f 6538 6624 6623
f 6538 6539 6624
f 6539 6625 6624
f 6539 6540 6625
f 6540 6626 6625
f 6540 6541 6626
f 6541 6627 6626
f 6541 6542 6627
f 6542 6628 6627
f 6542 6543 6628
f 6543 6629 6628
f 6543 6544 6629
f 6544 6630 6629
f 6544 6545 6630
f 6545 6631 6630
f 6545 6546 6631
f 6546 6632 6631
f 6546 6547 6632
f 6547 6633 6632
f 6547 6548 6633
f 6548 6634 6633
f 6548 6549 6634
f 6549 6635 6634
f 6549 6550 6635
f 6550 6636 6635
f 6550 6551 6636
f 6551 6637 6636
f 6551 6552 6637
f 6552 6638 6637
f 6552 6553 6638
f 6553 6639 6638
f 6553 6554 6639
f 6554 6640 6639
f 6554 6555 6640
f 6555 6641 6640
f 6555 6556 6641
f 6556 6642 6641
f 6556 6557 6642
f 6557 6643 6642
f 6557 6558 6643
f 6558 6644 6643
f 6558 6559 6644
f 6559 6645 6644
f 6559 6560 6645
f 6560 6646 6645
f 6560 6561 6646
f 6561 6647 6646
f 6561 6562 6647
f 6562 6648 6647
f 6562 6563 6648
f 6563 6649 6648
f 6563 6564 6649
f 6564 6650 6649
f 6564 6565 6650
f 6565 6651 6650
f 6565 6566 6651
f 6566 6652 6651
f 6566 6567 6652
f 6567 6653 6652
f 6567 6568 6653
f 6568 6654 6653
f 6568 6569 6654
f 6569 6655 6654
f 6569 6570 6655
f 6570 6656 6655
f 6570 6571 6656
f 6571 6657 6656
f 6571 6572 6657
f 6572 6658 6657
f 6572 6573 6658
f 6573 6659 6658
f 6573 6574 6659
f 6574 6660 6659
f 6574 6575 6660
f 6575 6661 6660
f 6575 6576 6661
f 6576 6662 6661
f 6576 6577 6662
f 6577 6663 6662
f 6577 6578 6663
f 6578 6664 6663
f 6578 6579 6664
f 6579 6665 6664
f 6579 6580 6665
f 6580 6666 6665
f 6580 6581 6666
f 6581 6667 6666
f 6581 6582 6667
f 6582 6668 6667
f 6582 6583 6668
f 6589 6672 6671
f 6589 6590 6672
f 6590 6673 6672
f 6590 6591 6673
f 6591 6674 6673
f 6591 6592 6674
f 6592 6675 6674
f 6592 6593 6675
f 6593 6676 6675
f 6593 6594 6676
f 6594 6677 6676
f 6594 6595 6677
f 6595 6678 6677
f 6595 6596 6678
f 6596 6679 6678
f 6596 6597 6679
f 6597 6680 6679
f 6597 6598 6680
f 6598 6681 6680
f 6598 6599 6681
f 6599 6682 6681
f 6599 6600 6682
f 6600 6683 6682
f 6600 6601 6683
f 6601 6684 6683
f 6601 6602 6684
f 6602 6685 6684
f 6602 6603 6685
f 6603 6686 6685
f 6603 6604 6686
f 6604 6687 6686
f 6604 6605 6687
f 6605 6688 6687
f 6605 6606 6688
f 6606 6689 6688
f 6606 6607 6689
f 6607 6690 6689
f 6607 6608 6690
f 6608 6691 6690
f 6608 6609 6691
f 6609 6692 6691
f 6609 6610 6692
f 6610 6693 6692
f 6610 6611 6693
f 6611 6694 6693
f 6611 6612 6694
f 6612 6695 6694
f 6612 6613 6695
f 6613 6696 6695
f 6613 6614 6696
f 6614 6697 6696
f 6614 6615 6697
f 6615 6698 6697
f 6615 6616 6698
f 6616 6699 6698
f 6616 6617 6699
f 6617 6700 6699
f 6617 6618 6700
f 6618 6701 6700
f 6618 6619 6701
f 6619 6702 6701
f 6619 6620 6702
f 6620 6703 6702
f 6620 6621 6703
f 6621 6704 6703
f 6621 6622 6704
f 6622 6705 6704
f 6622 6623 6705
f 6623 6706 6705
f 6623 6624 6706
f 6624 6707 6706
f 6624 6625 6707
f 6625 6708 6707
f 6625 6626 6708
f 6626 6709 6708
f 6626 6627 6709
f 6627 6710 6709
f 6627 6628 6710
f 6628 6711 6710
f 6628 6629 6711
f 6629 6712 6711
f 6629 6630 6712
f 6630 6713 6712
f 6630 6631 6713
f 6631 6714 6713
f 6631 6632 6714
f 6632 6715 6714
f 6632 6633 6715
f 6633 6716 6715
f 6633 6634 6716
f 6634 6717 6716
f 6634 6635 6717
f 6635 6718 6717
f 6635 6636 6718
f 6636 6719 6718
f 6636 6637 6719
f 6637 6720 6719
f 6637 6638 6720
f 6638 6721 6720
f 6638 6639 6721
f 6639 6722 6721
f 6639 6640 6722
f 6640 6723 6722
f 6640 6641 6723
f 6641 6724 6723
f 6641 6642 6724
f 6642 6725 6724
f 6642 6643 6725
f 6643 6726 6725
f 6643 6644 6726
f 6644 6727 6726
f 6644 6645 6727
f 6645 6728 6727
f 6645 6646 6728
f 6646 6729 6728
f 6646 6647 6729
f 6647 6730 6729
f 6647 6648 6730
f 6648 6731 6730
f 6648 6649 6731
f 6649 6732 6731
f 6649 6650 6732
f 6650 6733 6732
f 6650 6651 6733
f 6651 6734 6733
f 6651 6652 6734
f 6652 6735 6734
f 6652 6653 6735
f 6653 6736 6735
f 6653 6654 6736
f 6654 6737 6736
f 6654 6655 6737
f 6655 6738 6737
f 6655 6656 6738
f 6656 6739 6738
f 6656 6657 6739
f 6657 6740 6739
f 6657 6658 6740
f 6658 6741 6740
f 6658 6659 6741
f 6659 6742 6741
f 6659 6660 6742
f 6660 6743 6742
f 6660 6661 6743
f 6661 6744 6743
f 6661 6662 6744
f 6662 6745 6744
f 6662 6663 6745
f 6663 6746 6745
f 6663 6664 6746
f 6664 6747 6746
f 6664 6665 6747
f 6665 6748 6747
f 6665 6666 6748
f 6666 6749 6748
f 6666 6667 6749
f 6667 6750 6749
f 6667 6668 6750
f 6669 6757 6756
f 6669 6670 6757
f 6670 6758 6757
f 6671 6672 6762
f 6672 6763 6762
f 6672 6673 6763
f 6673 6764 6763
f 6673 6674 6764
f 6674 6765 6764
f 6674 6675 6765
f 6675 6766 6765
f 6675 6676 6766
f 6676 6767 6766
f 6676 6677 6767
f 6677 6768 6767
f 6677 6678 6768
f 6678 6769 6768
f 6678 6679 6769
f 6679 6770 6769
f 6679 6680 6770
f 6680 6771 6770
f 6680 6681 6771
f 6681 6772 6771
f 6681 6682 6772
f 6682 6773 6772
f 6682 6683 6773
f 6683 6774 6773
f 6683 6684 6774
f 6684 6775 6774
f 6684 6685 6775
f 6685 6776 6775
f 6685 6686 6776
f 6686 6777 6776
f 6686 6687 6777
f 6687 6778 6777
f 6687 6688 6778
f 6688 6779 6778
f 6688 6689 6779
f 6689 6780 6779
f 6689 6690 6780
f 6690 6781 6780
f 6690 6691 6781
f 6691 6782 6781
f 6691 6692 6782
f 6692 6783 6782
f 6692 6693 6783
f 6693 6784 6783
f 6693 6694 6784
f 6694 6785 6784
f 6694 6695 6785
f 6695 6786 6785
f 6695 6696 6786
f 6696 6787 6786
f 6696 6697 6787
f 6697 6788 6787
f 6697 6698 6788
f 6698 6789 6788
f 6698 6699 6789
f 6699 6790 6789
f 6699 6700 6790
f 6700 6791 6790
f 6700 6701 6791
f 6701 6792 6791
f 6701 6702 6792
f 6702 6793 6792
f 6702 6703 6793
f 6703 6794 6793
f 6703 6704 6794
f 6704 6795 6794
f 6704 6705 6795
f 6705 6796 6795
f 6705 6706 6796
f 6706 6797 6796
f 6706 6707 6797
f 6707 6798 6797
f 6707 6708 6798
f 6708 6799 6798
f 6708 6709 6799
f 6709 6800 6799
f 6709 6710 6800
f 6710 6801 6800
f 6710 6711 6801
f 6711 6802 6801
f 6711 6712 6802
f 6712 6803 6802
f 6712 6713 6803
f 6713 6804 6803
f 6713 6714 6804
f 6714 6805 6804
f 6714 6715 6805
f 6715 6806 6805
f 6715 6716 6806
f 6716 6807 6806
f 6716 6717 6807
f 6717 6808 6807
f 6717 6718 6808
f 6718 6809 6808
f 6718 6719 6809
f 6719 6810 6809
f 6719 6720 6810
f 6720 6811 6810
f 6720 6721 6811
f 6721 6812 6811
f 6721 6722 6812
f 6722 6813 6812
f 6722 6723 6813
f 6723 6814 6813
f 6723 6724 6814
f 6724 6815 6814
f 6724 6725 6815
f 6725 6816 6815
f 6725 6726 6816
f 6726 6817 6816
f 6726 6727 6817
f 6727 6818 6817
f 6727 6728 6818
f 6728 6819 6818
f 6728 6729 6819
f 6729 6820 6819
f 6729 6730 6820
f 6730 6821 6820
f 6730 6731 6821
f 6731 6822 6821
f 6731 6732 6822
f 6732 6823 6822
f 6732 6733 6823
f 6733 6824 6823
f 6733 6734 6824
f 6734 6825 6824
f 6734 6735 6825
f 6735 6826 6825
f 6735 6736 6826
f 6736 6827 6826
f 6736 6737 6827
f 6737 6828 6827
f 6737 6738 6828
f 6738 6829 6828
f 6738 6739 6829
f 6739 6830 6829
f 6739 6740 6830
f 6740 6831 6830
f 6740 6741 6831
f 6741 6832 6831
f 6741 6742 6832
f 6742 6833 6832
f 6742 6743 6833
f 6743 6834 6833
f 6743 6744 6834
f 6744 6835 6834
f 6744 6745 6835
f 6745 6836 6835
f 6745 6746 6836
f 6746 6837 6836
f 6746 6747 6837
f 6747 6838 6837
f 6747 6748 6838
f 6748 6839 6838
f 6748 6749 6839
f 6749 6840 6839
f 6749 6750 6840
f 6750 6841 6840
f 6751 6849 6848
f 6751 6752 6849
f 6752 6850 6849
f 6752 6753 6850
f 6753 6851 6850
f 6753 6754 6851
f 6754 6852 6851
f 6754 6755 6852
f 6755 6853 6852
f 6755 6756 6853
f 6756 6854 6853
f 6756 6757 6854
f 6757 6855 6854
f 6757 6758 6855
f 6758 6856 6855
f 6758 6759 6856
f 6759 6857 6856
f 6759 6760 6857
f 6760 6858 6857
f 6760 6761 6858
f 6761 6859 6858
f 6762 6763 6861
f 6763 6862 6861
f 6763 6764 6862
f 6764 6863 6862
f 6764 6765 6863
f 6765 6864 6863
f 6765 6766 6864
f 6766 6865 6864
f 6766 6767 6865
f 6767 6866 6865
f 6767 6768 6866
f 6768 6867 6866
f 6768 6769 6867
f 6769 6868 6867
f 6769 6770 6868
f 6770 6869 6868
f 6770 6771 6869
f 6771 6870 6869
f 6771 6772 6870
f 6772 6871 6870
f 6772 6773 6871
f 6773 6872 6871
f 6773 6774 6872
f 6774 6873 6872
f 6774 6775 6873
f 6775 6874 6873
f 6775 6776 6874
f 6776 6875 6874
f 6776 6777 6875
f 6777 6876 6875
f 6777 6778 6876
f 6778 6877 6876
f 6778 6779 6877
f 6779 6878 6877
f 6779 6780 6878
f 6780 6879 6878
f 6780 6781 6879
f 6781 6880 6879
f 6781 6782 6880
f 6782 6881 6880
f 6782 6783 6881
f 6783 6882 6881
f 6783 6784 6882
f 6784 6883 6882
f 6784 6785 6883
f 6785 6884 6883
f 6785 6786 6884
f 6786 6885 6884
f 6786 6787 6885
f 6787 6886 6885
f 6787 6788 6886
f 6788 6887 6886
f 6788 6789 6887
f 6789 6888 6887
f 6789 6790 6888
f 6790 6889 6888
f 6790 6791 6889
f 6791 6890 6889
f 6791 6792 6890
f 6792 6891 6890
f 6792 6793 6891
f 6793 6892 6891
f 6793 6794 6892
f 6794 6893 6892
f 6794 6795 6893
f 6795 6894 6893
f 6795 6796 6894
f 6796 6895 6894
f 6796 6797 6895
f 6797 6896 6895
f 6797 6798 6896
f 6798 6897 6896
f 6798 6799 6897
f 6799 6898 6897
f 6799 6800 6898
f 6800 6899 6898
f 6800 6801 6899
f 6801 6900 6899
f 6801 6802 6900
f 6802 6901 6900
f 6802 6803 6901
f 6803 6902 6901
f 6803 6804 6902
f 6804 6903 6902
f 6804 6805 6903
f 6805 6904 6903
f 6805 6806 6904
f 6806 6905 6904
f 6806 6807 6905
f 6807 6906 6905
f 6807 6808 6906
f 6808 6907 6906
f 6808 6809 6907
f 6809 6908 6907
f 6809 6810 6908
f 6810 6909 6908
f 6810 6811 6909
f 6811 6910 6909
f 6811 6812 6910
f 6812 6911 6910
f 6812 6813 6911
f 6813 6912 6911
f 6813 6814 6912
f 6814 6913 6912
f 6814 6815 6913
f 6815 6914 6913
f 6815 6816 6914
f 6816 6915 6914
f 6816 6817 6915
f 6817 6916 6915
f 6817 6818 6916
f 6818 6917 6916
f 6818 6819 6917
f 6819 6918 6917
f 6819 6820 6918
f 6820 6919 6918
f 6820 6821 6919
f 6821 6920 6919
f 6821 6822 6920
f 6822 6921 6920
f 6822 6823 6921
f 6823 6922 6921
f 6823 6824 6922
f 6824 6923 6922
f 6824 6825 6923
f 6825 6924 6923
f 6825 6826 6924
f 6826 6925 6924
f 6826 6827 6925
f 6827 6926 6925
f 6827 6828 6926
f 6828 6927 6926
f 6828 6829 6927
f 6829 6928 6927
f 6829 6830 6928
f 6830 6929 6928
f 6830 6831 6929
f 6831 6930 6929
f 6831 6832 6930
f 6832 6931 6930
f 6832 6833 6931
f 6833 6932 6931
f 6833 6834 6932
f 6834 6933 6932
f 6834 6835 6933
f 6835 6934 6933
f 6835 6836 6934
f 6836 6935 6934
f 6836 6837 6935
f 6837 6936 6935
f 6837 6838 6936
f 6838 6937 6936
f 6838 6839 6937
f 6839 6938 6937
f 6839 6840 6938
f 6840 6939 6938
f 6840 6841 6939
f 6841 6940 6939
f 6841 6842 6940
f 6842 6941 6940
f 6842 6843 6941
f 6843 6942 6941
f 6843 6844 6942
f 6844 6943 6942
f 6844 6845 6943
f 6845 6944 6943
f 6846 6958 6957
f 6847 6961 6960
f 6847 6848 6961
f 6848 6962 6961
f 6848 6849 6962
f 6849 6963 6962
f 6849 6850 6963
f 6850 6964 6963
f 6850 6851 6964
f 6851 6965 6964
f 6851 6852 6965
f 6852 6966 6965
f 6852 6853 6966
f 6853 6967 6966
f 6853 6854 6967
f 6854 6968 6967
f 6854 6855 6968
f 6855 6969 6968
f 6855 6856 6969
f 6856 6970 6969
f 6856 6857 6970
f 6857 6971 6970
f 6857 6858 6971
f 6858 6972 6971
f 6858 6859 6972
f 6859 6973 6972
f 6859 6860 6973
f 6860 6974 6973
f 6862 6863 6975
f 6863 6976 6975
f 6863 6864 6976
f 6864 6977 6976
f 6864 6865 6977
f 6865 6978 6977
f 6865 6866 6978
f 6866 6979 6978
f 6866 6867 6979
f 6867 6980 6979
f 6867 6868 6980
f 6868 6981 6980
f 6868 6869 6981
f 6869 6982 6981
f 6869 6870 6982
f 6870 6983 6982
f 6870 6871 6983
f 6871 6984 6983
f 6871 6872 6984
f 6872 6985 6984
f 6872 6873 6985
f 6873 6986 6985
f 6873 6874 6986
f 6874 6987 6986
f 6874 6875 6987
f 6875 6988 6987
f 6875 6876 6988
f 6876 6989 6988
f 6876 6877 6989
f 6877 6990 6989
f 6877 6878 6990
f 6878 6991 6990
f 6878 6879 6991
f 6879 6992 6991
f 6879 6880 6992
f 6880 6993 6992
f 6880 6881 6993
f 6881 6994 6993
f 6881 6882 6994
f 6882 6995 6994
f 6882 6883 6995
f 6883 6996 6995
f 6883 6884 6996
f 6884 6997 6996
f 6884 6885 6997
f 6885 6998 6997
f 6885 6886 6998
f 6886 6999 6998
f 6886 6887 6999
f 6887 7000 6999
f 6887 6888 7000
f 6888 7001 7000
f 6888 6889 7001
f 6889 7002 7001
f 6889 6890 7002
f 6890 7003 7002
f 6890 6891 7003
f 6891 7004 7003
f 6891 6892 7004
f 6892 7005 7004
f 6892 6893 7005
f 6893 7006 7005
f 6893 6894 7006
f 6894 7007 7006
f 6894 6895 7007
f 6895 7008 7007
f 6895 6896 7008
f 6896 7009 7008
f 6896 6897 7009
f 6897 7010 7009
f 6897 6898 7010
f 6898 7011 7010
f 6898 6899 7011
f 6899 7012 7011
f 6899 6900 7012
f 6900 7013 7012
f 6900 6901 7013
f 6901 7014 7013
f 6901 6902 7014
f 6902 7015 7014
f 6902 6903 7015
f 6903 7016 7015
f 6903 6904 7016
f 6904 7017 7016
f 6904 6905 7017
f 6905 7018 7017
f 6905 6906 7018
f 6906 7019 7018
f 6906 6907 7019
f 6907 7020 7019
f 6907 6908 7020
f 6908 7021 7020
f 6908 6909 7021
f 6909 7022 7021
f 6909 6910 7022
f 6910 7023 7022
f 6910 6911 7023
f 6911 7024 7023
f 6911 6912 7024
f 6912 7025 7024
f 6912 6913 7025
f 6913 7026 7025
f 6913 6914 7026
f 6914 7027 7026
f 6914 6915 7027
f 6915 7028 7027
f 6915 6916 7028
f 6916 7029 7028
f 6916 6917 7029
f 6917 7030 7029
f 6917 6918 7030
f 6918 7031 7030
f 6918 6919 7031
f 6919 7032 7031
f 6919 6920 7032
f 6920 7033 7032
f 6920 6921 7033
f 6921 7034 7033
f 6921 6922 7034
f 6922 7035 7034
f 6922 6923 7035
f 6923 7036 7035
f 6923 6924 7036
f 6924 7037 7036
f 6924 6925 7037
f 6925 7038 7037
f 6925 6926 7038
f 6926 7039 7038
f 6926 6927 7039
f 6927 7040 7039
f 6927 6928 7040
f 6928 7041 7040
f 6928 6929 7041
f 6929 7042 7041
f 6929 6930 7042
f 6930 7043 7042
f 6930 6931 7043
f 6931 7044 7043
f 6931 6932 7044
f 6932 7045 7044
f 6932 6933 7045
f 6933 7046 7045
f 6933 6934 7046
f 6934 7047 7046
f 6934 6935 7047
f 6935 7048 7047
f 6935 6936 7048
f 6936 7049 7048
f 6936 6937 7049
f 6937 7050 7049
f 6937 6938 7050
f 6938 7051 7050
f 6938 6939 7051
f 6939 7052 7051
f 6939 6940 7052
f 6940 7053 7052
f 6940 6941 7053
f 6941 7054 7053
f 6941 6942 7054
f 6942 7055 7054
f 6942 6943 7055
f 6943 7056 7055
f 6943 6944 7056
f 6944 7057 7056
f 6944 6945 7057
f 6945 7058 7057
f 6945 6946 7058
f 6946 7059 7058
f 6946 6947 7059
f 6947 7060 7059
f 6947 6948 7060
f 6948 7061 7060
f 6948 6949 7061
f 6949 7062 7061
f 6950 7070 7069
f 6950 6951 7070
f 6951 7071 7070
f 6951 6952 7071
f 6952 7072 7071
f 6952 6953 7072
f 6953 7073 7072
f 6953 6954 7073
f 6954 7074 7073
f 6954 6955 7074
f 6955 7075 7074
f 6955 6956 7075
f 6956 7076 7075
f 6956 6957 7076
f 6957 7077 7076
f 6957 6958 7077
f 6958 7078 7077
f 6958 6959 7078
f 6959 7079 7078
f 6959 6960 7079
f 6960 7080 7079
f 6960 6961 7080
f 6961 7081 7080
f 6961 6962 7081
f 6962 7082 7081
f 6962 6963 7082
f 6963 7083 7082
f 6963 6964 7083
f 6964 7084 7083
f 6964 6965 7084
f 6965 7085 7084
f 6965 6966 7085
f 6966 7086 7085
f 6966 6967 7086
f 6967 7087 7086
f 6967 6968 7087
f 6968 7088 7087
f 6968 6969 7088
f 6969 7089 7088
f 6969 6970 7089
f 6970 7090 7089
f 6970 6971 7090
f 6971 7091 7090
f 6971 6972 7091
f 6972 7092 7091
f 6972 6973 7092
f 6973 7093 7092
f 6973 6974 7093
f 6974 7094 7093
f 6975 6976 7095
f 6976 7096 7095
f 6976 6977 7096
f 6977 7097 7096
f 6977 6978 7097
f 6978 7098 7097
f 6978 6979 7098
f 6979 7099 7098
f 6979 6980 7099
f 6980 7100 7099
f 6980 6981 7100
f 6981 7101 7100
f 6981 6982 7101
f 6982 7102 7101
f 6982 6983 7102
f 6983 7103 7102
f 6983 6984 7103
f 6984 7104 7103
f 6984 6985 7104
f 6985 7105 7104
f 6985 6986 7105
f 6986 7106 7105
f 6986 6987 7106
f 6987 7107 7106
f 6987 6988 7107
f 6988 7108 7107
f 6988 6989 7108
f 6989 7109 7108
f 6989 6990 7109
f 6990 7110 7109
f 6990 6991 7110
f 6991 7111 7110
f 6991 6992 7111
f 6992 7112 7111
f 6992 6993 7112
f 6993 7113 7112
f 6993 6994 7113
f 6994 7114 7113
f 6994 6995 7114
f 6995 7115 7114
f 6995 6996 7115
f 6996 7116 7115
f 6996 6997 7116
f 6997 7117 7116
f 6997 6998 7117
f 6998 7118 7117
f 6998 6999 7118
f 6999 7119 7118
f 6999 7000 7119
f 7000 7120 7119
f 7000 7001 7120
f 7001 7121 7120
f 7001 7002 7121
f 7002 7122 7121
f 7002 7003 7122
f 7003 7123 7122
f 7003 7004 7123
f 7004 7124 7123
f 7004 7005 7124
f 7005 7125 7124
f 7005 7006 7125
f 7006 7126 7125
f 7006 7007 7126
f 7007 7127 7126
f 7007 7008 7127
f 7008 7128 7127
f 7008 7009 7128
f 7009 7129 7128
f 7009 7010 7129
f 7010 7130 7129
f 7010 7011 7130
f 7011 7131 7130
f 7011 7012 7131
f 7012 7132 7131
f 7012 7013 7132
f 7013 7133 7132
f 7013 7014 7133
f 7014 7134 7133
f 7014 7015 7134
f 7015 7135 7134
f 7015 7016 7135
f 7016 7136 7135
f 7016 7017 7136
f 7017 7137 7136
f 7017 7018 7137
f 7018 7138 7137
f 7018 7019 7138
f 7019 7139 7138
f 7019 7020 7139
f 7020 7140 7139
f 7020 7021 7140
f 7021 7141 7140
f 7021 7022 7141
f 7022 7142 7141
f 7022 7023 7142
f 7023 7143 7142
f 7023 7024 7143
f 7024 7144 7143
f 7024 7025 7144
f 7025 7145 7144
f 7025 7026 7145
f 7026 7146 7145
f 7026 7027 7146
f 7027 7147 7146
f 7027 7028 7147
f 7028 7148 7147
f 7028 7029 7148
f 7029 7149 7148
f 7029 7030 7149
f 7030 7150 7149
f 7030 7031 7150
f 7031 7151 7150
f 7031 7032 7151
f 7032 7152 7151
f 7032 7033 7152
f 7033 7153 7152
f 7033 7034 7153
f 7034 7154 7153
f 7034 7035 7154
f 7035 7155 7154
f 7035 7036 7155
f 7036 7156 7155
f 7036 7037 7156
f 7037 7157 7156
f 7037 7038 7157
f 7038 7158 7157
f 7038 7039 7158
f 7039 7159 7158
f 7039 7040 7159
f 7040 7160 7159
f 7040 7041 7160
f 7041 7161 7160
f 7041 7042 7161
f 7042 7162 7161
f 7042 7043 7162
f 7043 7163 7162
f 7043 7044 7163
f 7044 7164 7163
f 7044 7045 7164
f 7045 7165 7164
f 7045 7046 7165
f 7046 7166 7165
f 7046 7047 7166
f 7047 7167 7166
f 7047 7048 7167
f 7048 7168 7167
f 7048 7049 7168
f 7049 7169 7168
f 7049 7050 7169
f 7050 7170 7169
f 7050 7051 7170
f 7051 7171 7170
f 7051 7052 7171
f 7052 7172 7171
f 7052 7053 7172
f 7053 7173 7172
f 7053 7054 7173
f 7054 7174 7173
f 7054 7055 7174
f 7055 7175 7174
f 7055 7056 7175
f 7056 7176 7175
f 7056 7057 7176
f 7057 7177 7176
f 7057 7058 7177
f 7058 7178 7177
f 7058 7059 7178
f 7059 7179 7178
f 7059 7060 7179
f 7060 7180 7179
f 7060 7061 7180
f 7061 7181 7180
f 7061 7062 7181
f 7062 7182 7181
f 7062 7063 7182
f 7063 7183 7182
f 7063 7064 7183
f 7064 7184 7183
f 7064 7065 7184
f 7065 7185 7184
f 7065 7066 7185
f 7066 7186 7185
f 7067 7191 7190
f 7067 7068 7191
f 7068 7192 7191
f 7068 7069 7192
f 7069 7193 7192
f 7069 7070 7193
f 7070 7194 7193
f 7070 7071 7194
f 7071 7195 7194
f 7071 7072 7195
f 7072 7196 7195
f 7072 7073 7196
f 7073 7197 7196
f 7073 7074 7197
f 7074 7198 7197
f 7074 7075 7198
f 7075 7199 7198
f 7075 7076 7199
f 7076 7200 7199
f 7076 7077 7200
f 7077 7201 7200
f 7077 7078 7201
f 7078 7202 7201
f 7078 7079 7202
f 7079 7203 7202
f 7079 7080 7203
f 7080 7204 7203
f 7080 7081 7204
f 7081 7205 7204
f 7081 7082 7205
f 7082 7206 7205
f 7082 7083 7206
f 7083 7207 7206
f 7083 7084 7207
f 7084 7208 7207
f 7084 7085 7208
f 7085 7209 7208
f 7085 7086 7209
f 7086 7210 7209
f 7086 7087 7210
f 7087 7211 7210
f 7087 7088 7211
f 7088 7212 7211
f 7088 7089 7212
f 7089 7213 7212
f 7089 7090 7213
f 7090 7214 7213
f 7090 7091 7214
f 7091 7215 7214
f 7091 7092 7215
f 7092 7216 7215
f 7092 7093 7216
f 7093 7217 7216
f 7093 7094 7217
f 7094 7218 7217
f 7095 7096 7220
f 7096 7221 7220
f 7096 7097 7221
f 7097 7222 7221
f 7097 7098 7222
f 7098 7223 7222
f 7098 7099 7223
f 7099 7224 7223
f 7099 7100 7224
f 7100 7225 7224
f 7100 7101 7225
f 7101 7226 7225
f 7101 7102 7226
f 7102 7227 7226
f 7102 7103 7227
f 7103 7228 7227
f 7103 7104 7228
f 7104 7229 7228
f 7104 7105 7229
f 7105 7230 7229
f 7105 7106 7230
f 7106 7231 7230
f 7106 7107 7231
f 7107 7232 7231
f 7107 7108 7232
f 7108 7233 7232
f 7108 7109 7233
f 7109 7234 7233
f 7109 7110 7234
f 7110 7235 7234
f 7110 7111 7235
f 7111 7236 7235
f 7111 7112 7236
f 7112 7237 7236
f 7112 7113 7237
f 7113 7238 7237
f 7113 7114 7238
f 7114 7239 7238
f 7114 7115 7239
f 7115 7240 7239
f 7115 7116 7240
f 7116 7241 7240
f 7116 7117 7241
f 7117 7242 7241
f 7117 7118 7242
f 7118 7243 7242
f 7118 7119 7243
f 7119 7244 7243
f 7119 7120 7244
f 7120 7245 7244
f 7120 7121 7245
f 7121 7246 7245
f 7121 7122 7246
f 7122 7247 7246
f 7122 7123 7247
f 7123 7248 7247
f 7123 7124 7248
f 7124 7249 7248
f 7124 7125 7249
f 7125 7250 7249
f 7125 7126 7250
f 7126 7251 7250
f 7126 7127 7251
f 7127 7252 7251
f 7127 7128 7252
f 7128 7253 7252
f 7128 7129 7253
f 7129 7254 7253
f 7129 7130 7254
f 7130 7255 7254
f 7130 7131 7255
f 7131 7256 7255
f 7131 7132 7256
f 7132 7257 7256
f 7132 7133 7257
f 7133 7258 7257
f 7133 7134 7258
f 7134 7259 7258
f 7134 7135 7259
f 7135 7260 7259
f 7135 7136 7260
f 7136 7261 7260
f 7136 7137 7261
f 7137 7262 7261
f 7137 7138 7262
f 7138 7263 7262
f 7138 7139 7263
f 7139 7264 7263
f 7139 7140 7264
f 7140 7265 7264
f 7140 7141 7265
f 7141 7266 7265
f 7141 7142 7266
f 7142 7267 7266
f 7142 7143 7267
f 7143 7268 7267
f 7143 7144 7268
f 7144 7269 7268
f 7144 7145 7269
f 7145 7270 7269
f 7145 7146 7270
f 7146 7271 7270
f 7146 7147 7271
f 7147 7272 7271
f 7147 7148 7272
f 7148 7273 7272
f 7148 7149 7273
f 7149 7274 7273
f 7149 7150 7274
f 7150 7275 7274
f 7150 7151 7275
f 7151 7276 7275
f 7151 7152 7276
f 7152 7277 7276
f 7152 7153 7277
f 7153 7278 7277
f 7153 7154 7278
f 7154 7279 7278
f 7154 7155 7279
f 7155 7280 7279
f 7155 7156 7280
f 7156 7281 7280
f 7156 7157 7281
f 7157 7282 7281
f 7157 7158 7282
f 7158 7283 7282
f 7158 7159 7283
f 7159 7284 7283
f 7159 7160 7284
f 7160 7285 7284
f 7160 7161 7285
f 7161 7286 7285
f 7161 7162 7286
f 7162 7287 7286
f 7162 7163 7287
f 7163 7288 7287
f 7163 7164 7288
f 7164 7289 7288
f 7164 7165 7289
f 7165 7290 7289
f 7165 7166 7290
f 7166 7291 7290
f 7166 7167 7291
f 7167 7292 7291
f 7167 7168 7292
f 7168 7293 7292
f 7168 7169 7293
f 7169 7294 7293
f 7169 7170 7294
f 7170 7295 7294
f 7170 7171 7295
f 7171 7296 7295
f 7171 7172 7296
f 7172 7297 7296
f 7172 7173 7297
f 7173 7298 7297
f 7173 7174 7298
f 7174 7299 7298
f 7174 7175 7299
f 7175 7300 7299
f 7175 7176 7300
f 7176 7301 7300
f 7176 7177 7301
f 7177 7302 7301
f 7177 7178 7302
f 7178 7303 7302
f 7178 7179 7303
f 7179 7304 7303
f 7179 7180 7304
f 7180 7305 7304
f 7180 7181 7305
f 7181 7306 7305
f 7181 7182 7306
f 7182 7307 7306
f 7182 7183 7307
f 7183 7308 7307
f 7183 7184 7308
f 7184 7309 7308
f 7184 7185 7309
f 7185 7310 7309
f 7185 7186 7310
f 7186 7311 7310
f 7186 7187 7311
f 7187 7312 7311
f 7187 7188 7312
f 7188 7313 7312
f 7188 7189 7313
f 7189 7314 7313
f 7190 7191 7317
f 7191 7318 7317
f 7191 7192 7318
f 7192 7319 7318
f 7192 7193 7319
f 7193 7320 7319
f 7193 7194 7320
f 7194 7321 7320
f 7194 7195 7321
f 7195 7322 7321
f 7195 7196 7322
f 7196 7323 7322
f 7196 7197 7323
f 7197 7324 7323
f 7197 7198 7324
f 7198 7325 7324
f 7198 7199 7325
f 7199 7326 7325
f 7199 7200 7326
f 7200 7327 7326
f 7200 7201 7327
f 7201 7328 7327
f 7201 7202 7328
f 7202 7329 7328
f 7202 7203 7329
f 7203 7330 7329
f 7203 7204 7330
f 7204 7331 7330
f 7204 7205 7331
f 7205 7332 7331
f 7205 7206 7332
f 7206 7333 7332
f 7206 7207 7333
f 7207 7334 7333
f 7207 7208 7334
f 7208 7335 7334
f 7208 7209 7335
f 7209 7336 7335
f 7209 7210 7336
f 7210 7337 7336
f 7210 7211 7337
f 7211 7338 7337
f 7211 7212 7338
f 7212 7339 7338
f 7212 7213 7339
f 7213 7340 7339
f 7213 7214 7340
f 7214 7341 7340
f 7214 7215 7341
f 7215 7342 7341
f 7215 7216 7342
f 7216 7343 7342
f 7216 7217 7343
f 7217 7344 7343
f 7217 7218 7344
f 7218 7345 7344
f 7218 7219 7345
f 7219 7346 7345
f 7221 7222 7348
f 7222 7349 7348
f 7222 7223 7349
f 7223 7350 7349
f 7223 7224 7350
f 7224 7351 7350
f 7224 7225 7351
f 7225 7352 7351
f 7225 7226 7352
f 7226 7353 7352
f 7226 7227 7353
f 7227 7354 7353
f 7227 7228 7354
f 7228 7355 7354
f 7228 7229 7355
f 7229 7356 7355
f 7229 7230 7356
f 7230 7357 7356
f 7230 7231 7357
f 7231 7358 7357
f 7231 7232 7358
f 7232 7359 7358
f 7232 7233 7359
f 7233 7360 7359
f 7233 7234 7360
f 7234 7361 7360
f 7234 7235 7361
f 7235 7362 7361
f 7235 7236 7362
f 7236 7363 7362
f 7236 7237 7363
f 7237 7364 7363
f 7237 7238 7364
f 7238 7365 7364
f 7238 7239 7365
f 7239 7366 7365
f 7239 7240 7366
f 7240 7367 7366
f 7240 7241 7367
f 7241 7368 7367
f 7241 7242 7368
f 7242 7369 7368
f 7242 7243 7369
f 7243 7370 7369
f 7243 7244 7370
f 7244 7371 7370
f 7244 7245 7371
f 7245 7372 7371
f 7245 7246 7372
f 7246 7373 7372
f 7246 7247 7373
f 7247 7374 7373
f 7247 7248 7374
f 7248 7375 7374
f 7248 7249 7375
f 7249 7376 7375
f 7249 7250 7376
f 7250 7377 7376
f 7250 7251 7377
f 7251 7378 7377
f 7251 7252 7378
f 7252 7379 7378
f 7252 7253 7379
f 7253 7380 7379
f 7253 7254 7380
f 7254 7381 7380
f 7254 7255 7381
f 7255 7382 7381
f 7255 7256 7382
f 7256 7383 7382
f 7256 7257 7383
f 7257 7384 7383
f 7257 7258 7384
f 7258 7385 7384
f 7258 7259 7385
f 7259 7386 7385
f 7259 7260 7386
f 7260 7387 7386
f 7260 7261 7387
f 7261 7388 7387
f 7261 7262 7388
f 7262 7389 7388
f 7262 7263 7389
f 7263 7390 7389
f 7263 7264 7390
f 7264 7391 7390
f 7264 7265 7391
f 7265 7392 7391
f 7265 7266 7392
f 7266 7393 7392
f 7266 7267 7393
f 7267 7394 7393
f 7267 7268 7394
f 7268 7395 7394
f 7268 7269 7395
f 7269 7396 7395
f 7269 7270 7396
f 7270 7397 7396
f 7270 7271 7397
f 7271 7398 7397
f 7271 7272 7398
f 7272 7399 7398
f 7272 7273 7399
f 7273 7400 7399
f 7273 7274 7400
f 7274 7401 7400
f 7274 7275 7401
f 7275 7402 7401
f 7275 7276 7402
f 7276 7403 7402
f 7276 7277 7403
f 7277 7404 7403
f 7277 7278 7404
f 7278 7405 7404
f 7278 7279 7405
f 7279 7406 7405
f 7279 7280 7406
f 7280 7407 7406
f 7280 7281 7407
f 7281 7408 7407
f 7281 7282 7408
f 7282 7409 7408
f 7282 7283 7409
f 7283 7410 7409
f 7283 7284 7410
f 7284 7411 7410
f 7284 7285 7411
f 7285 7412 7411
f 7285 7286 7412
f 7286 7413 7412
f 7286 7287 7413
f 7287 7414 7413
f 7287 7288 7414
f 7288 7415 7414
f 7288 7289 7415
f 7289 7416 7415
f 7289 7290 7416
f 7290 7417 7416
f 7290 7291 7417
f 7291 7418 7417
f 7291 7292 7418
f 7292 7419 7418
f 7292 7293 7419
f 7293 7420 7419
f 7293 7294 7420
f 7294 7421 7420
f 7294 7295 7421
f 7295 7422 7421
f 7295 7296 7422
f 7296 7423 7422
f 7296 7297 7423
f 7297 7424 7423
f 7297 7298 7424
f 7298 7425 7424
f 7298 7299 7425
f 7299 7426 7425
f 7299 7300 7426
f 7300 7427 7426
f 7300 7301 7427
f 7301 7428 7427
f 7301 7302 7428
f 7302 7429 7428
f 7302 7303 7429
f 7303 7430 7429
f 7303 7304 7430
f 7304 7431 7430
f 7304 7305 7431
f 7305 7432 7431
f 7305 7306 7432
f 7306 7433 7432
f 7306 7307 7433
f 7307 7434 7433
f 7307 7308 7434
f 7308 7435 7434
f 7308 7309 7435
f 7309 7436 7435
f 7309 7310 7436
f 7310 7437 7436
f 7310 7311 7437
f 7311 7438 7437
f 7311 7312 7438
f 7312 7439 7438
f 7312 7313 7439
f 7313 7440 7439
f 7313 7314 7440
f 7314 7441 7440
f 7314 7315 7441
f 7315 7442 7441
f 7315 7316 7442
f 7316 7443 7442
f 7318 7319 7445
f 7319 7446 7445
f 7319 7320 7446
f 7320 7447 7446
f 7320 7321 7447
f 7321 7448 7447
f 7321 7322 7448
f 7322 7449 7448
f 7322 7323 7449
f 7323 7450 7449
f 7323 7324 7450
f 7324 7451 7450
f 7324 7325 7451
f 7325 7452 7451
f 7325 7326 7452
f 7326 7453 7452
f 7326 7327 7453
f 7327 7454 7453
f 7327 7328 7454
f 7328 7455 7454
f 7328 7329 7455
f 7329 7456 7455
f 7329 7330 7456
f 7330 7457 7456
f 7330 7331 7457
f 7331 7458 7457
f 7331 7332 7458
f 7332 7459 7458
f 7332 7333 7459
f 7333 7460 7459
f 7333 7334 7460
f 7334 7461 7460
f 7334 7335 7461
f 7335 7462 7461
f 7335 7336 7462
f 7336 7463 7462
f 7336 7337 7463
f 7337 7464 7463
f 7337 7338 7464
f 7338 7465 7464
f 7338 7339 7465
f 7339 7466 7465
f 7339 7340 7466
f 7340 7467 7466
f 7340 7341 7467
f 7341 7468 7467
f 7341 7342 7468
f 7342 7469 7468
f 7342 7343 7469
f 7343 7470 7469
f 7343 7344 7470
f 7344 7471 7470
f 7344 7345 7471
f 7345 7472 7471
f 7345 7346 7472
f 7346 7473 7472
f 7346 7347 7473
f 7347 7474 7473
f 7349 7350 7475
f 7350 7476 7475
f 7350 7351 7476
f 7351 7477 7476
f 7351 7352 7477
f 7352 7478 7477
f 7352 7353 7478
f 7353 7479 7478
f 7353 7354 7479
f 7354 7480 7479
f 7354 7355 7480
f 7355 7481 7480
f 7355 7356 7481
f 7356 7482 7481
f 7356 7357 7482
f 7357 7483 7482
f 7357 7358 7483
f 7358 7484 7483
f 7358 7359 7484
f 7359 7485 7484
f 7359 7360 7485
f 7360 7486 7485
f 7360 7361 7486
f 7361 7487 7486
f 7361 7362 7487
f 7362 7488 7487
f 7362 7363 7488
f 7363 7489 7488
f 7363 7364 7489
f 7364 7490 7489
f 7364 7365 7490
f 7365 7491 7490
f 7365 7366 7491
f 7366 7492 7491
f 7366 7367 7492
f 7367 7493 7492
f 7367 7368 7493
f 7368 7494 7493
f 7368 7369 7494
f 7369 7495 7494
f 7369 7370 7495
f 7370 7496 7495
f 7370 7371 7496
f 7371 7497 7496
f 7371 7372 7497
f 7372 7498 7497
f 7372 7373 7498
f 7373 7499 7498
f 7373 7374 7499
f 7374 7500 7499
f 7374 7375 7500
f 7375 7501 7500
f 7375 7376 7501
f 7376 7502 7501
f 7376 7377 7502
f 7377 7503 7502
f 7377 7378 7503
f 7378 7504 7503
f 7378 7379 7504
f 7379 7505 7504
f 7379 7380 7505
f 7380 7506 7505
f 7380 7381 7506
f 7381 7507 7506
f 7381 7382 7507
f 7382 7508 7507
f 7382 7383 7508
f 7383 7509 7508
f 7383 7384 7509
f 7384 7510 7509
f 7384 7385 7510
f 7385 7511 7510
f 7385 7386 7511
f 7386 7512 7511
f 7386 7387 7512
f 7387 7513 7512
f 7387 7388 7513
f 7388 7514 7513
f 7388 7389 7514
f 7389 7515 7514
f 7389 7390 7515
f 7390 7516 7515
f 7390 7391 7516
f 7391 7517 7516
f 7391 7392 7517
f 7392 7518 7517
f 7392 7393 7518
f 7393 7519 7518
f 7393 7394 7519
f 7394 7520 7519
f 7394 7395 7520
f 7395 7521 7520
f 7395 7396 7521
f 7396 7522 7521
f 7396 7397 7522
f 7397 7523 7522
f 7397 7398 7523
f 7398 7524 7523
f 7398 7399 7524
f 7399 7525 7524
f 7399 7400 7525
f 7400 7526 7525
f 7400 7401 7526
f 7401 7527 7526
f 7401 7402 7527
f 7402 7528 7527
f 7402 7403 7528
f 7403 7529 7528
f 7403 7404 7529
f 7404 7530 7529
f 7404 7405 7530
f 7405 7531 7530
f 7405 7406 7531
f 7406 7532 7531
f 7406 7407 7532
f 7407 7533 7532
f 7407 7408 7533
f 7408 7534 7533
f 7408 7409 7534
f 7409 7535 7534
f 7409 7410 7535
f 7410 7536 7535
f 7410 7411 7536
f 7411 7537 7536
f 7411 7412 7537
f 7412 7538 7537
f 7412 7413 7538
f 7413 7539 7538
f 7413 7414 7539
f 7414 7540 7539
f 7414 7415 7540
f 7415 7541 7540
f 7415 7416 7541
f 7416 7542 7541
f 7416 7417 7542
f 7417 7543 7542
f 7417 7418 7543
f 7418 7544 7543
f 7418 7419 7544
f 7419 7545 7544
f 7419 7420 7545
f 7420 7546 7545
f 7420 7421 7546
f 7421 7547 7546
f 7421 7422 7547
f 7422 7548 7547
f 7422 7423 7548
f 7423 7549 7548
f 7423 7424 7549
f 7424 7550 7549
f 7424 7425 7550
f 7425 7551 7550
f 7425 7426 7551
f 7426 7552 7551
f 7426 7427 7552
f 7427 7553 7552
f 7427 7428 7553
f 7428 7554 7553
f 7428 7429 7554
f 7429 7555 7554
f 7429 7430 7555
f 7430 7556 7555
f 7430 7431 7556
f 7431 7557 7556
f 7431 7432 7557
f 7432 7558 7557
f 7432 7433 7558
f 7433 7559 7558
f 7433 7434 7559
f 7434 7560 7559
f 7434 7435 7560
f 7435 7561 7560
f 7435 7436 7561
f 7436 7562 7561
f 7436 7437 7562
f 7437 7563 7562
f 7437 7438 7563
f 7438 7564 7563
f 7438 7439 7564
f 7439 7565 7564
f 7439 7440 7565
f 7440 7566 7565
f 7440 7441 7566
f 7441 7567 7566
f 7441 7442 7567
f 7442 7568 7567
f 7442 7443 7568
f 7443 7569 7568
f 7443 7444 7569
f 7444 7570 7569
f 7445 7446 7571
f 7446 7572 7571
f 7446 7447 7572
f 7447 7573 7572
f 7447 7448 7573
f 7448 7574 7573
f 7448 7449 7574
f 7449 7575 7574
f 7449 7450 7575
f 7450 7576 7575
f 7450 7451 7576
f 7451 7577 7576
f 7451 7452 7577
f 7452 7578 7577
f 7452 7453 7578
f 7453 7579 7578
f 7453 7454 7579
f 7454 7580 7579
f 7454 7455 7580
f 7455 7581 7580
f 7455 7456 7581
f 7456 7582 7581
f 7456 7457 7582
f 7457 7583 7582
f 7457 7458 7583
f 7458 7584 7583
f 7458 7459 7584
f 7459 7585 7584
f 7459 7460 7585
f 7460 7586 7585
f 7460 7461 7586
f 7461 7587 7586
f 7461 7462 7587
f 7462 7588 7587
f 7462 7463 7588
f 7463 7589 7588
f 7463 7464 7589
f 7464 7590 7589
f 7464 7465 7590
f 7465 7591 7590
f 7465 7466 7591
f 7466 7592 7591
f 7466 7467 7592
f 7467 7593 7592
f 7467 7468 7593
f 7468 7594 7593
f 7468 7469 7594
f 7469 7595 7594
f 7469 7470 7595
f 7470 7596 7595
f 7470 7471 7596
f 7471 7597 7596
f 7471 7472 7597
f 7472 7598 7597
f 7472 7473 7598
f 7473 7599 7598
f 7473 7474 7599
f 7474 7600 7599
f 7476 7477 7602
f 7477 7603 7602
f 7477 7478 7603
f 7478 7604 7603
f 7478 7479 7604
f 7479 7605 7604
f 7479 7480 7605
f 7480 7606 7605
f 7480 7481 7606
f 7481 7607 7606
f 7481 7482 7607
f 7482 7608 7607
f 7482 7483 7608
f 7483 7609 7608
f 7483 7484 7609
f 7484 7610 7609
f 7484 7485 7610
f 7485 7611 7610
f 7485 7486 7611
f 7486 7612 7611
f 7486 7487 7612
f 7487 7613 7612
f 7487 7488 7613
f 7488 7614 7613
f 7488 7489 7614
f 7489 7615 7614
f 7489 7490 7615
f 7490 7616 7615
f 7490 7491 7616
f 7491 7617 7616
f 7491 7492 7617
f 7492 7618 7617
f 7492 7493 7618
f 7493 7619 7618
f 7493 7494 7619
f 7494 7620 7619
f 7494 7495 7620
f 7495 7621 7620
f 7495 7496 7621
f 7496 7622 7621
f 7496 7497 7622
f 7497 7623 7622
f 7497 7498 7623
f 7498 7624 7623
f 7498 7499 7624
f 7499 7625 7624
f 7499 7500 7625
f 7500 7626 7625
f 7500 7501 7626
f 7501 7627 7626
f 7501 7502 7627
f 7502 7628 7627
f 7502 7503 7628
f 7503 7629 7628
f 7503 7504 7629
f 7504 7630 7629
f 7504 7505 7630
f 7505 7631 7630
f 7505 7506 7631
f 7506 7632 7631
f 7506 7507 7632
f 7507 7633 7632
f 7507 7508 7633
f 7508 7634 7633
f 7508 7509 7634
f 7509 7635 7634
f 7509 7510 7635
f 7510 7636 7635
f 7510 7511 7636
f 7511 7637 7636
f 7511 7512 7637
f 7512 7638 7637
f 7512 7513 7638
f 7513 7639 7638
f 7513 7514 7639
f 7514 7640 7639
f 7514 7515 7640
f 7515 7641 7640
f 7515 7516 7641
f 7516 7642 7641
f 7516 7517 7642
f 7517 7643 7642
f 7517 7518 7643
f 7518 7644 7643
f 7518 7519 7644
f 7519 7645 7644
f 7519 7520 7645
f 7520 7646 7645
f 7520 7521 7646
f 7521 7647 7646
f 7521 7522 7647
f 7522 7648 7647
f 7522 7523 7648
f 7523 7649 7648
f 7523 7524 7649
f 7524 7650 7649
f 7524 7525 7650
f 7525 7651 7650
f 7525 7526 7651
f 7526 7652 7651
f 7526 7527 7652
f 7527 7653 7652
f 7527 7528 7653
f 7528 7654 7653
f 7528 7529 7654
f 7529 7655 7654
f 7529 7530 7655
f 7530 7656 7655
f 7530 7531 7656
f 7531 7657 7656
f 7531 7532 7657
f 7532 7658 7657
f 7532 7533 7658
f 7533 7659 7658
f 7533 7534 7659
f 7534 7660 7659
f 7534 7535 7660
f 7535 7661 7660
f 7535 7536 7661
f 7536 7662 7661
f 7536 7537 7662
f 7537 7663 7662
f 7537 7538 7663
f 7538 7664 7663
f 7538 7539 7664
f 7539 7665 7664
f 7539 7540 7665
f 7540 7666 7665
f 7540 7541 7666
f 7541 7667 7666
f 7541 7542 7667
f 7542 7668 7667
f 7542 7543 7668
f 7543 7669 7668
f 7543 7544 7669
f 7544 7670 7669
f 7544 7545 7670
f 7545 7671 7670
f 7545 7546 7671
f 7546 7672 7671
f 7546 7547 7672
f 7547 7673 7672
f 7547 7548 7673
f 7548 7674 7673
f 7548 7549 7674
f 7549 7675 7674
f 7549 7550 7675
f 7550 7676 7675
f 7550 7551 7676
f 7551 7677 7676
f 7551 7552 7677
f 7552 7678 7677
f 7552 7553 7678
f 7553 7679 7678
f 7553 7554 7679
f 7554 7680 7679
f 7554 7555 7680
f 7555 7681 7680
f 7555 7556 7681
f 7556 7682 7681
f 7556 7557 7682
f 7557 7683 7682
f 7557 7558 7683
f 7558 7684 7683
f 7558 7559 7684
f 7559 7685 7684
f 7559 7560 7685
f 7560 7686 7685
f 7560 7561 7686
f 7561 7687 7686
f 7561 7562 7687
f 7562 7688 7687
f 7562 7563 7688
f 7563 7689 7688
f 7563 7564 7689
f 7564 7690 7689
f 7564 7565 7690
f 7565 7691 7690
f 7565 7566 7691
f 7566 7692 7691
f 7566 7567 7692
f 7567 7693 7692
f 7567 7568 7693
f 7568 7694 7693
f 7568 7569 7694
f 7569 7695 7694
f 7569 7570 7695
f 7573 7574 7696
f 7574 7697 7696
f 7574 7575 7697
f 7575 7698 7697
f 7575 7576 7698
f 7576 7699 7698
f 7576 7577 7699
f 7577 7700 7699
f 7577 7578 7700
f 7578 7701 7700
f 7578 7579 7701
f 7579 7702 7701
f 7579 7580 7702
f 7580 7703 7702
f 7580 7581 7703
f 7581 7704 7703
f 7581 7582 7704
f 7582 7705 7704
f 7582 7583 7705
f 7583 7706 7705
f 7583 7584 7706
f 7584 7707 7706
f 7584 7585 7707
f 7585 7708 7707
f 7585 7586 7708
f 7586 7709 7708
f 7586 7587 7709
f 7587 7710 7709
f 7587 7588 7710
f 7588 7711 7710
f 7588 7589 7711
f 7589 7712 7711
f 7589 7590 7712
f 7590 7713 7712
f 7590 7591 7713
f 7591 7714 7713
f 7591 7592 7714
f 7592 7715 7714
f 7592 7593 7715
f 7593 7716 7715
f 7593 7594 7716
f 7594 7717 7716
f 7594 7595 7717
f 7595 7718 7717
f 7595 7596 7718
f 7596 7719 7718
f 7596 7597 7719
f 7597 7720 7719
f 7597 7598 7720
f 7598 7721 7720
f 7598 7599 7721
f 7599 7722 7721
f 7599 7600 7722
f 7600 7723 7722
f 7600 7601 7723
f 7601 7724 7723
f 7605 7606 7726
f 7606 7727 7726
f 7606 7607 7727
f 7607 7728 7727
f 7607 7608 7728
f 7608 7729 7728
f 7608 7609 7729
f 7609 7730 7729
f 7609 7610 7730
f 7610 7731 7730
f 7610 7611 7731
f 7611 7732 7731
f 7611 7612 7732
f 7612 7733 7732
f 7612 7613 7733
f 7613 7734 7733
f 7613 7614 7734
f 7614 7735 7734
f 7614 7615 7735
f 7615 7736 7735
f 7615 7616 7736
f 7616 7737 7736
f 7616 7617 7737
f 7617 7738 7737
f 7617 7618 7738
f 7618 7739 7738
f 7618 7619 7739
f 7619 7740 7739
f 7619 7620 7740
f 7620 7741 7740
f 7620 7621 7741
f 7621 7742 7741
f 7621 7622 7742
f 7622 7743 7742
f 7622 7623 7743
f 7623 7744 7743
f 7623 7624 7744
f 7624 7745 7744
f 7624 7625 7745
f 7625 7746 7745
f 7625 7626 7746
f 7626 7747 7746
f 7626 7627 7747
f 7627 7748 7747
f 7627 7628 7748
f 7628 7749 7748
f 7628 7629 7749
f 7629 7750 7749
f 7629 7630 7750
f 7630 7751 7750
f 7630 7631 7751
f 7631 7752 7751
f 7631 7632 7752
f 7632 7753 7752
f 7632 7633 7753
f 7633 7754 7753
f 7633 7634 7754
f 7634 7755 7754
f 7634 7635 7755
f 7635 7756 7755
f 7635 7636 7756
f 7636 7757 7756
f 7636 7637 7757
f 7637 7758 7757
f 7637 7638 7758
f 7638 7759 7758
f 7638 7639 7759
f 7639 7760 7759
f 7639 7640 7760
f 7640 7761 7760
f 7640 7641 7761
f 7641 7762 7761
f 7641 7642 7762
f 7642 7763 7762
f 7642 7643 7763
f 7643 7764 7763
f 7643 7644 7764
f 7644 7765 7764
f 7644 7645 7765
f 7645 7766 7765
f 7645 7646 7766
f 7646 7767 7766
f 7646 7647 7767
f 7647 7768 7767
f 7647 7648 7768
f 7648 7769 7768
f 7648 7649 7769
f 7649 7770 7769
f 7649 7650 7770
f 7650 7771 7770
f 7650 7651 7771
f 7651 7772 7771
f 7651 7652 7772
f 7652 7773 7772
f 7652 7653 7773
f 7653 7774 7773
f 7653 7654 7774
f 7654 7775 7774
f 7654 7655 7775
f 7655 7776 7775
f 7655 7656 7776
f 7656 7777 7776
f 7656 7657 7777
f 7657 7778 7777
f 7657 7658 7778
f 7658 7779 7778
f 7658 7659 7779
f 7659 7780 7779
f 7659 7660 7780
f 7660 7781 7780
f 7660 7661 7781
f 7661 7782 7781
f 7661 7662 7782
f 7662 7783 7782
f 7662 7663 7783
f 7663 7784 7783
f 7663 7664 7784
f 7664 7785 7784
f 7664 7665 7785
f 7665 7786 7785
f 7665 7666 7786
f 7666 7787 7786
f 7666 7667 7787
f 7667 7788 7787
f 7667 7668 7788
f 7668 7789 7788
f 7668 7669 7789
f 7669 7790 7789
f 7669 7670 7790
f 7670 7791 7790
f 7670 7671 7791
f 7671 7792 7791
f 7671 7672 7792
f 7672 7793 7792
f 7672 7673 7793
f 7673 7794 7793
f 7673 7674 7794
f 7674 7795 7794
f 7674 7675 7795
f 7675 7796 7795
f 7675 7676 7796
f 7676 7797 7796
f 7676 7677 7797
f 7677 7798 7797
f 7677 7678 7798
f 7678 7799 7798
f 7678 7679 7799
f 7679 7800 7799
f 7679 7680 7800
f 7680 7801 7800
f 7680 7681 7801
f 7681 7802 7801
f 7681 7682 7802
f 7682 7803 7802
f 7682 7683 7803
f 7683 7804 7803
f 7683 7684 7804
f 7684 7805 7804
f 7684 7685 7805
f 7685 7806 7805
f 7685 7686 7806
f 7686 7807 7806
f 7686 7687 7807
f 7687 7808 7807
f 7687 7688 7808
f 7688 7809 7808
f 7688 7689 7809
f 7689 7810 7809
f 7689 7690 7810
f 7690 7811 7810
f 7690 7691 7811
f 7691 7812 7811
f 7691 7692 7812
f 7692 7813 7812
f 7692 7693 7813
f 7693 7814 7813
f 7693 7694 7814
f 7694 7815 7814
f 7694 7695 7815
f 7695 7816 7815
f 7696 7697 7817
f 7697 7818 7817
f 7697 7698 7818
f 7698 7819 7818
f 7698 7699 7819
f 7699 7820 7819
f 7699 7700 7820
f 7700 7821 7820
f 7700 7701 7821
f 7701 7822 7821
f 7701 7702 7822
f 7702 7823 7822
f 7702 7703 7823
f 7703 7824 7823
f 7703 7704 7824
f 7704 7825 7824
f 7704 7705 7825
f 7705 7826 7825
f 7705 7706 7826
f 7706 7827 7826
f 7706 7707 7827
f 7707 7828 7827
f 7707 7708 7828
f 7708 7829 7828
f 7708 7709 7829
f 7709 7830 7829
f 7709 7710 7830
f 7710 7831 7830
f 7710 7711 7831
f 7711 7832 7831
f 7711 7712 7832
f 7712 7833 7832
f 7712 7713 7833
f 7713 7834 7833
f 7713 7714 7834
f 7714 7835 7834
f 7714 7715 7835
f 7715 7836 7835
f 7715 7716 7836
f 7716 7837 7836
f 7716 7717 7837
f 7717 7838 7837
f 7717 7718 7838
f 7718 7839 7838
f 7718 7719 7839
f 7719 7840 7839
f 7719 7720 7840
f 7720 7841 7840
f 7720 7721 7841
f 7721 7842 7841
f 7721 7722 7842
f 7722 7843 7842
f 7722 7723 7843
f 7723 7844 7843
f 7723 7724 7844
f 7724 7845 7844
f 7724 7725 7845
f 7725 7846 7845
f 7726 7727 7847
f 7727 7848 7847
f 7727 7728 7848
f 7728 7849 7848
f 7728 7729 7849
f 7729 7850 7849
f 7729 7730 7850
f 7730 7851 7850
f 7730 7731 7851
f 7731 7852 7851
f 7731 7732 7852
f 7732 7853 7852
f 7732 7733 7853
f 7733 7854 7853
f 7733 7734 7854
f 7734 7855 7854
f 7734 7735 7855
f 7735 7856 7855
f 7735 7736 7856
f 7736 7857 7856
f 7736 7737 7857
f 7737 7858 7857
f 7737 7738 7858
f 7738 7859 7858
f 7738 7739 7859
f 7739 7860 7859
f 7739 7740 7860
f 7740 7861 7860
f 7740 7741 7861
f 7741 7862 7861
f 7741 7742 7862
f 7742 7863 7862
f 7742 7743 7863
f 7743 7864 7863
f 7743 7744 7864
f 7744 7865 7864
f 7744 7745 7865
f 7745 7866 7865
f 7745 7746 7866
f 7746 7867 7866
f 7746 7747 7867
f 7747 7868 7867
f 7747 7748 7868
f 7748 7869 7868
f 7748 7749 7869
f 7749 7870 7869
f 7749 7750 7870
f 7750 7871 7870
f 7750 7751 7871
f 7751 7872 7871
f 7751 7752 7872
f 7752 7873 7872
f 7752 7753 7873
f 7753 7874 7873
f 7753 7754 7874
f 7754 7875 7874
f 7754 7755 7875
f 7755 7876 7875
f 7755 7756 7876
f 7756 7877 7876
f 7756 7757 7877
f 7757 7878 7877
f 7757 7758 7878
f 7758 7879 7878
f 7758 7759 7879
f 7759 7880 7879
f 7759 7760 7880
f 7760 7881 7880
f 7760 7761 7881
f 7761 7882 7881
f 7761 7762 7882
f 7762 7883 7882
f 7762 7763 7883
f 7763 7884 7883
f 7763 7764 7884
f 7764 7885 7884
f 7764 7765 7885
f 7765 7886 7885
f 7765 7766 7886
f 7766 7887 7886
f 7766 7767 7887
f 7767 7888 7887
f 7767 7768 7888
f 7768 7889 7888
f 7768 7769 7889
f 7769 7890 7889
f 7769 7770 7890
f 7770 7891 7890
f 7770 7771 7891
f 7771 7892 7891
f 7771 7772 7892
f 7772 7893 7892
f 7772 7773 7893
f 7773 7894 7893
f 7773 7774 7894
f 7774 7895 7894
f 7774 7775 7895
f 7775 7896 7895
f 7775 7776 7896
f 7776 7897 7896
f 7776 7777 7897
f 7777 7898 7897
f 7777 7778 7898
f 7778 7899 7898
f 7778 7779 7899
f 7779 7900 7899
f 7779 7780 7900
f 7780 7901 7900
f 7780 7781 7901
f 7781 7902 7901
f 7781 7782 7902
f 7782 7903 7902
f 7782 7783 7903
f 7783 7904 7903
f 7783 7784 7904
f 7784 7905 7904
f 7784 7785 7905
f 7785 7906 7905
f 7785 7786 7906
f 7786 7907 7906
f 7786 7787 7907
f 7787 7908 7907
f 7787 7788 7908
f 7788 7909 7908
f 7788 7789 7909
f 7789 7910 7909
f 7789 7790 7910
f 7790 7911 7910
f 7790 7791 7911
f 7791 7912 7911
f 7791 7792 7912
f 7792 7913 7912
f 7792 7793 7913
f 7793 7914 7913
f 7793 7794 7914
f 7794 7915 7914
f 7794 7795 7915
f 7795 7916 7915
f 7795 7796 7916
f 7796 7917 7916
f 7796 7797 7917
f 7797 7918 7917
f 7797 7798 7918
f 7798 7919 7918
f 7798 7799 7919
f 7799 7920 7919
f 7799 7800 7920
f 7800 7921 7920
f 7800 7801 7921
f 7801 7922 7921
f 7801 7802 7922
f 7802 7923 7922
f 7802 7803 7923
f 7803 7924 7923
f 7803 7804 7924
f 7804 7925 7924
f 7804 7805 7925
f 7805 7926 7925
f 7805 7806 7926
f 7806 7927 7926
f 7806 7807 7927
f 7807 7928 7927
f 7807 7808 7928
f 7808 7929 7928
f 7808 7809 7929
f 7809 7930 7929
f 7809 7810 7930
f 7810 7931 7930
f 7810 7811 7931
f 7811 7932 7931
f 7811 7812 7932
f 7812 7933 7932
f 7812 7813 7933
f 7813 7934 7933
f 7813 7814 7934
f 7820 7821 7935
f 7821 7936 7935
f 7821 7822 7936
f 7822 7937 7936
f 7822 7823 7937
f 7823 7938 7937
f 7823 7824 7938
f 7824 7939 7938
f 7824 7825 7939
f 7825 7940 7939
f 7825 7826 7940
f 7826 7941 7940
f 7826 7827 7941
f 7827 7942 7941
f 7827 7828 7942
f 7828 7943 7942
f 7828 7829 7943
f 7829 7944 7943
f 7829 7830 7944
f 7830 7945 7944
f 7830 7831 7945
f 7831 7946 7945
f 7831 7832 7946
f 7832 7947 7946
f 7832 7833 7947
f 7833 7948 7947
f 7833 7834 7948
f 7834 7949 7948
f 7834 7835 7949
f 7835 7950 7949
f 7835 7836 7950
f 7836 7951 7950
f 7836 7837 7951
f 7837 7952 7951
f 7837 7838 7952
f 7838 7953 7952
f 7838 7839 7953
f 7839 7954 7953
f 7839 7840 7954
f 7840 7955 7954
f 7840 7841 7955
f 7841 7956 7955
f 7841 7842 7956
f 7842 7957 7956
f 7842 7843 7957
f 7843 7958 7957
f 7843 7844 7958
f 7844 7959 7958
f 7844 7845 7959
f 7845 7960 7959
f 7845 7846 7960
f 7846 7961 7960
f 7852 7853 7963
f 7853 7964 7963
f 7853 7854 7964
f 7854 7965 7964
f 7854 7855 7965
f 7856 7857 7966
f 7857 7967 7966
f 7857 7858 7967
f 7858 7968 7967
f 7858 7859 7968
f 7859 7969 7968
f 7859 7860 7969
f 7860 7970 7969
f 7860 7861 7970
f 7861 7971 7970
f 7861 7862 7971
f 7862 7972 7971
f 7862 7863 7972
f 7863 7973 7972
f 7863 7864 7973
f 7864 7974 7973
f 7864 7865 7974
f 7865 7975 7974
f 7865 7866 7975
f 7866 7976 7975
f 7866 7867 7976
f 7867 7977 7976
f 7867 7868 7977
f 7868 7978 7977
f 7868 7869 7978
f 7869 7979 7978
f 7869 7870 7979
f 7870 7980 7979
f 7870 7871 7980
f 7871 7981 7980
f 7871 7872 7981
f 7872 7982 7981
f 7872 7873 7982
f 7873 7983 7982
f 7873 7874 7983
f 7874 7984 7983
f 7874 7875 7984
f 7875 7985 7984
f 7875 7876 7985
f 7876 7986 7985
f 7876 7877 7986
f 7877 7987 7986
f 7877 7878 7987
f 7878 7988 7987
f 7878 7879 7988
f 7879 7989 7988
f 7879 7880 7989
f 7880 7990 7989
f 7880 7881 7990
f 7881 7991 7990
f 7881 7882 7991
f 7882 7992 7991
f 7882 7883 7992
f 7883 7993 7992
f 7883 7884 7993
f 7884 7994 7993
f 7884 7885 7994
f 7885 7995 7994
f 7885 7886 7995
f 7886 7996 7995
f 7886 7887 7996
f 7887 7997 7996
f 7887 7888 7997
f 7888 7998 7997
f 7888 7889 7998
f 7889 7999 7998
f 7889 7890 7999
f 7890 8000 7999
f 7890 7891 8000
f 7891 8001 8000
f 7891 7892 8001
f 7892 8002 8001
f 7892 7893 8002
f 7893 8003 8002
f 7893 7894 8003
f 7894 8004 8003
f 7894 7895 8004
f 7895 8005 8004
f 7895 7896 8005
f 7896 8006 8005
f 7896 7897 8006
f 7897 8007 8006
f 7897 7898 8007
f 7898 8008 8007
f 7898 7899 8008
f 7899 8009 8008
f 7899 7900 8009
f 7900 8010 8009
f 7900 7901 8010
f 7901 8011 8010
f 7901 7902 8011
f 7902 8012 8011
f 7902 7903 8012
f 7903 8013 8012
f 7903 7904 8013
f 7904 8014 8013
f 7904 7905 8014
f 7905 8015 8014
f 7905 7906 8015
f 7906 8016 8015
f 7906 7907 8016
f 7907 8017 8016
f 7907 7908 8017
f 7908 8018 8017
f 7908 7909 8018
f 7909 8019 8018
f 7909 7910 8019
f 7910 8020 8019
f 7910 7911 8020
f 7911 8021 8020
f 7911 7912 8021
f 7912 8022 8021
f 7912 7913 8022
f 7913 8023 8022
f 7913 7914 8023
f 7914 8024 8023
f 7914 7915 8024
f 7915 8025 8024
f 7915 7916 8025
f 7916 8026 8025
f 7916 7917 8026
f 7917 8027 8026
f 7917 7918 8027
f 7918 8028 8027
f 7918 7919 8028
f 7919 8029 8028
f 7919 7920 8029
f 7920 8030 8029
f 7920 7921 8030
f 7921 8031 8030
f 7921 7922 8031
f 7922 8032 8031
f 7922 7923 8032
f 7923 8033 8032
f 7923 7924 8033
f 7924 8034 8033
f 7924 7925 8034
f 7925 8035 8034
f 7925 7926 8035
f 7926 8036 8035
f 7926 7927 8036
f 7927 8037 8036
f 7927 7928 8037
f 7928 8038 8037
f 7928 7929 8038
f 7937 7938 8039
f 7939 7940 8040
f 7940 8041 8040
f 7940 7941 8041
f 7941 8042 8041
f 7941 7942 8042
f 7942 8043 8042
f 7942 7943 8043
f 7943 8044 8043
f 7943 7944 8044
f 7944 8045 8044
f 7944 7945 8045
f 7945 8046 8045
f 7945 7946 8046
f 7946 8047 8046
f 7946 7947 8047
f 7947 8048 8047
f 7947 7948 8048
f 7948 8049 8048
f 7948 7949 8049
f 7949 8050 8049
f 7949 7950 8050
f 7950 8051 8050
f 7950 7951 8051
f 7951 8052 8051
f 7951 7952 8052
f 7952 8053 8052
f 7952 7953 8053
f 7953 8054 8053
f 7953 7954 8054
f 7954 8055 8054
f 7954 7955 8055
f 7956 7957 8056
f 7966 8058 8057
f 7966 7967 8058
f 7967 8059 8058
f 7967 7968 8059
f 7969 7970 8060
f 7970 8061 8060
f 7970 7971 8061
f 7971 8062 8061
f 7971 7972 8062
f 7972 8063 8062
f 7972 7973 8063
f 7973 8064 8063
f 7973 7974 8064
f 7974 8065 8064
f 7974 7975 8065
f 7975 8066 8065
f 7975 7976 8066
f 7976 8067 8066
f 7976 7977 8067
f 7977 8068 8067
f 7977 7978 8068
f 7978 8069 8068
f 7978 7979 8069
f 7979 8070 8069
f 7979 7980 8070
f 7980 8071 8070
f 7980 7981 8071
f 7981 8072 8071
f 7981 7982 8072
f 7982 8073 8072
f 7982 7983 8073
f 7983 8074 8073
f 7983 7984 8074
f 7984 8075 8074
f 7984 7985 8075
f 7985 8076 8075
f 7985 7986 8076
f 7986 8077 8076
f 7986 7987 8077
f 7987 8078 8077
f 7987 7988 8078
f 7988 8079 8078
f 7988 7989 8079
f 7989 8080 8079
f 7989 7990 8080
f 7990 8081 8080
f 7990 7991 8081
f 7991 8082 8081
f 7991 7992 8082
f 7992 8083 8082
f 7992 7993 8083
f 7993 8084 8083
f 7993 7994 8084
f 7994 8085 8084
f 7994 7995 8085
f 7995 8086 8085
f 7995 7996 8086
f 7996 8087 8086
f 7996 7997 8087
f 7997 8088 8087
f 7997 7998 8088
f 7998 8089 8088
f 7998 7999 8089
f 7999 8090 8089
f 7999 8000 8090
f 8000 8091 8090
f 8000 8001 8091
f 8001 8092 8091
f 8001 8002 8092
f 8002 8093 8092
f 8002 8003 8093
f 8003 8094 8093
f 8003 8004 8094
f 8004 8095 8094
f 8004 8005 8095
f 8005 8096 8095
f 8005 8006 8096
f 8006 8097 8096
f 8006 8007 8097
f 8007 8098 8097
f 8007 8008 8098
f 8008 8099 8098
f 8008 8009 8099
f 8009 8100 8099
f 8009 8010 8100
f 8010 8101 8100
f 8010 8011 8101
f 8011 8102 8101
f 8011 8012 8102
f 8012 8103 8102
f 8012 8013 8103
f 8013 8104 8103
f 8013 8014 8104
f 8014 8105 8104
f 8014 8015 8105
f 8015 8106 8105
f 8015 8016 8106
f 8016 8107 8106
f 8016 8017 8107
f 8017 8108 8107
f 8017 8018 8108
f 8018 8109 8108
f 8018 8019 8109
f 8019 8110 8109
f 8019 8020 8110
f 8020 8111 8110
f 8020 8021 8111
f 8021 8112 8111
f 8021 8022 8112
f 8022 8113 8112
f 8022 8023 8113
f 8023 8114 8113
f 8023 8024 8114
f 8043 8044 8115
f 8047 8048 8116
f 8062 8063 8117
f 8063 8118 8117
f 8063 8064 8118
f 8064 8119 8118
f 8064 8065 8119
f 8065 8120 8119
f 8065 8066 8120
f 8066 8121 8120
f 8066 8067 8121
f 8067 8122 8121
f 8067 8068 8122
f 8068 8123 8122
f 8068 8069 8123
f 8069 8124 8123
f 8069 8070 8124
f 8070 8125 8124
f 8070 8071 8125
f 8071 8126 8125
f 8071 8072 8126
f 8072 8127 8126
f 8072 8073 8127
f 8073 8128 8127
f 8073 8074 8128
f 8074 8129 8128
f 8074 8075 8129
f 8075 8130 8129
f 8075 8076 8130
f 8076 8131 8130
f 8076 8077 8131
f 8077 8132 8131
f 8077 8078 8132
f 8078 8133 8132
f 8078 8079 8133
f 8079 8134 8133
f 8079 8080 8134
f 8080 8135 8134
f 8080 8081 8135
f 8081 8136 8135
f 8081 8082 8136
f 8082 8137 8136
f 8082 8083 8137
f 8083 8138 8137
f 8083 8084 8138
f 8084 8139 8138
f 8084 8085 8139
f 8085 8140 8139
f 8085 8086 8140
f 8086 8141 8140
f 8086 8087 8141
f 8087 8142 8141
f 8087 8088 8142
f 8088 8143 8142
f 8088 8089 8143
f 8089 8144 8143
f 8089 8090 8144
f 8090 8145 8144
f 8090 8091 8145
f 8091 8146 8145
f 8091 8092 8146
f 8092 8147 8146
f 8092 8093 8147
f 8093 8148 8147
f 8093 8094 8148
f 8094 8149 8148
f 8094 8095 8149
f 8095 8150 8149
f 8095 8096 8150
f 8096 8151 8150
f 8096 8097 8151
f 8097 8152 8151
f 8097 8098 8152
f 8098 8153 8152
f 8098 8099 8153
f 8099 8154 8153
f 8099 8100 8154
f 8100 8155 8154
f 8100 8101 8155
f 8101 8156 8155
f 8101 8102 8156
f 8102 8157 8156
f 8102 8103 8157
f 8103 8158 8157
f 8103 8104 8158
f 8104 8159 8158
f 8104 8105 8159
f 8105 8160 8159
f 8105 8106 8160
f 8106 8161 8160
f 8106 8107 8161
f 8107 8162 8161
f 8107 8108 8162
f 8108 8163 8162
f 8108 8109 8163
f 8109 8164 8163
f 8109 8110 8164
f 8110 8165 8164
f 8110 8111 8165
f 8111 8166 8165
f 8111 8112 8166
f 8112 8167 8166
f 8112 8113 8167
f 8113 8168 8167
f 8113 8114 8168
f 8114 8169 8168
f 8117 8178 8177
f 8117 8118 8178
f 8118 8179 8178
f 8118 8119 8179
f 8122 8123 8180
f 8125 8126 8181
f 8126 8182 8181
f 8126 8127 8182
f 8127 8183 8182
f 8127 8128 8183
f 8128 8184 8183
f 8128 8129 8184
f 8129 8185 8184
f 8129 8130 8185
f 8130 8186 8185
f 8130 8131 8186
f 8131 8187 8186
f 8131 8132 8187
f 8132 8188 8187
f 8132 8133 8188
f 8133 8189 8188
f 8133 8134 8189
f 8134 8190 8189
f 8134 8135 8190
f 8135 8191 8190
f 8135 8136 8191
f 8136 8192 8191
f 8136 8137 8192
f 8137 8193 8192
f 8137 8138 8193
f 8138 8194 8193
f 8138 8139 8194
f 8139 8195 8194
f 8139 8140 8195
f 8140 8196 8195
f 8140 8141 8196
f 8141 8197 8196
f 8141 8142 8197
f 8142 8198 8197
f 8142 8143 8198
f 8143 8199 8198
f 8143 8144 8199
f 8144 8200 8199
f 8144 8145 8200
f 8145 8201 8200
f 8145 8146 8201
f 8146 8202 8201
f 8146 8147 8202
f 8147 8203 8202
f 8147 8148 8203
f 8148 8204 8203
f 8148 8149 8204
f 8149 8205 8204
f 8149 8150 8205
f 8150 8206 8205
f 8150 8151 8206
f 8151 8207 8206
f 8151 8152 8207
f 8152 8208 8207
f 8152 8153 8208
f 8153 8209 8208
f 8153 8154 8209
f 8154 8210 8209
f 8154 8155 8210
f 8155 8211 8210
f 8155 8156 8211
f 8156 8212 8211
f 8156 8157 8212
f 8157 8213 8212
f 8157 8158 8213
f 8158 8214 8213
f 8158 8159 8214
f 8159 8215 8214
f 8159 8160 8215
f 8160 8216 8215
f 8160 8161 8216
f 8161 8217 8216
f 8161 8162 8217
f 8162 8218 8217
f 8162 8163 8218
f 8163 8219 8218
f 8163 8164 8219
f 8164 8220 8219
f 8164 8165 8220
f 8165 8221 8220
f 8165 8166 8221
f 8166 8222 8221
f 8166 8167 8222
f 8167 8223 8222
f 8167 8168 8223
f 8168 8224 8223
f 8168 8169 8224
f 8169 8225 8224
f 8169 8170 8225
f 8170 8226 8225
f 8170 8171 8226
f 8171 8227 8226
f 8171 8172 8227
f 8172 8228 8227
f 8173 8174 8230
f 8174 8231 8230
f 8176 8239 8238
f 8176 8177 8239
f 8177 8240 8239
f 8177 8178 8240
f 8178 8241 8240
f 8178 8179 8241
f 8179 8242 8241
f 8180 8246 8245
f 8184 8185 8249
f 8185 8250 8249
f 8185 8186 8250
f 8186 8251 8250
f 8186 8187 8251
f 8187 8252 8251
f 8187 8188 8252
f 8188 8253 8252
f 8188 8189 8253
f 8189 8254 8253
f 8189 8190 8254
f 8190 8255 8254
f 8190 8191 8255
f 8191 8256 8255
f 8191 8192 8256
f 8192 8257 8256
f 8192 8193 8257
f 8193 8258 8257
f 8193 8194 8258
f 8194 8259 8258
f 8194 8195 8259
f 8195 8260 8259
f 8195 8196 8260
f 8196 8261 8260
f 8196 8197 8261
f 8197 8262 8261
f 8197 8198 8262
f 8198 8263 8262
f 8198 8199 8263
f 8199 8264 8263
f 8199 8200 8264
f 8200 8265 8264
f 8200 8201 8265
f 8201 8266 8265
f 8201 8202 8266
f 8202 8267 8266
f 8202 8203 8267
f 8203 8268 8267
f 8203 8204 8268
f 8204 8269 8268
f 8204 8205 8269
f 8205 8270 8269
f 8205 8206 8270
f 8206 8271 8270
f 8206 8207 8271
f 8207 8272 8271
f 8207 8208 8272
f 8208 8273 8272
f 8208 8209 8273
f 8209 8274 8273
f 8209 8210 8274
f 8210 8275 8274
f 8210 8211 8275
f 8211 8276 8275
f 8211 8212 8276
f 8212 8277 8276
f 8212 8213 8277
f 8213 8278 8277
f 8213 8214 8278
f 8214 8279 8278
f 8214 8215 8279
f 8215 8280 8279
f 8215 8216 8280
f 8216 8281 8280
f 8216 8217 8281
f 8217 8282 8281
f 8217 8218 8282
f 8218 8283 8282
f 8218 8219 8283
f 8219 8284 8283
f 8219 8220 8284
f 8220 8285 8284
f 8220 8221 8285
f 8221 8286 8285
f 8221 8222 8286
f 8222 8287 8286
f 8222 8223 8287
f 8223 8288 8287
f 8223 8224 8288
f 8224 8289 8288
f 8224 8225 8289
f 8225 8290 8289
f 8225 8226 8290
f 8226 8291 8290
f 8226 8227 8291
f 8227 8292 8291
f 8227 8228 8292
f 8228 8293 8292
f 8228 8229 8293
f 8229 8294 8293
f 8230 8231 8298
f 8231 8299 8298
f 8231 8232 8299
f 8232 8300 8299
f 8232 8233 8300
f 8233 8301 8300
f 8233 8234 8301
f 8234 8302 8301
f 8234 8235 8302
f 8235 8303 8302
f 8235 8236 8303
f 8236 8304 8303
f 8240 8241 8308
f 8241 8309 8308
f 8241 8242 8309
f 8242 8310 8309
f 8242 8243 8310
f 8243 8311 8310
f 8243 8244 8311
f 8244 8312 8311
f 8244 8245 8312
f 8245 8313 8312
f 8245 8246 8313
f 8246 8314 8313
f 8246 8247 8314
f 8247 8315 8314
f 8247 8248 8315
f 8248 8316 8315
f 8254 8255 8320
f 8255 8321 8320
f 8255 8256 8321
f 8256 8322 8321
f 8256 8257 8322
f 8257 8323 8322
f 8257 8258 8323
f 8258 8324 8323
f 8258 8259 8324
f 8259 8325 8324
f 8259 8260 8325
f 8260 8326 8325
f 8260 8261 8326
f 8261 8327 8326
f 8261 8262 8327
f 8262 8328 8327
f 8262 8263 8328
f 8263 8329 8328
f 8263 8264 8329
f 8264 8330 8329
f 8264 8265 8330
f 8265 8331 8330
f 8265 8266 8331
f 8266 8332 8331
f 8266 8267 8332
f 8267 8333 8332
f 8267 8268 8333
f 8268 8334 8333
f 8268 8269 8334
f 8269 8335 8334
f 8269 8270 8335
f 8270 8336 8335
f 8270 8271 8336
f 8271 8337 8336
f 8271 8272 8337
f 8272 8338 8337
f 8272 8273 8338
f 8273 8339 8338
f 8273 8274 8339
f 8274 8340 8339
f 8274 8275 8340
f 8275 8341 8340
f 8275 8276 8341
f 8276 8342 8341
f 8276 8277 8342
f 8277 8343 8342
f 8277 8278 8343
f 8278 8344 8343
f 8278 8279 8344
f 8279 8345 8344
f 8279 8280 8345
f 8280 8346 8345
f 8280 8281 8346
f 8281 8347 8346
f 8281 8282 8347
f 8282 8348 8347
f 8282 8283 8348
f 8283 8349 8348
f 8283 8284 8349
f 8284 8350 8349
f 8284 8285 8350
f 8285 8351 8350
f 8285 8286 8351
f 8286 8352 8351
f 8286 8287 8352
f 8287 8353 8352
f 8287 8288 8353
f 8288 8354 8353
f 8288 8289 8354
f 8289 8355 8354
f 8289 8290 8355
f 8290 8356 8355
f 8290 8291 8356
f 8291 8357 8356
f 8291 8292 8357
f 8292 8358 8357
f 8292 8293 8358
f 8293 8359 8358
f 8293 8294 8359
f 8294 8360 8359
f 8294 8295 8360
f 8295 8361 8360
f 8295 8296 8361
f 8296 8362 8361
f 8296 8297 8362
f 8297 8363 8362
f 8301 8302 8366
f 8302 8367 8366
f 8302 8303 8367
f 8303 8368 8367
f 8303 8304 8368
f 8304 8369 8368
f 8304 8305 8369
f 8305 8370 8369
f 8305 8306 8370
f 8306 8371 8370
f 8306 8307 8371
f 8307 8372 8371
f 8309 8310 8375
f 8310 8376 8375
f 8310 8311 8376
f 8311 8377 8376
f 8311 8312 8377
f 8312 8378 8377
f 8312 8313 8378
f 8313 8379 8378
f 8313 8314 8379
f 8314 8380 8379
f 8314 8315 8380
f 8317 8318 8381
f 8318 8382 8381
f 8318 8319 8382
f 8319 8383 8382
f 8327 8328 8387
f 8328 8388 8387
f 8328 8329 8388
f 8329 8389 8388
f 8329 8330 8389
f 8330 8390 8389
f 8330 8331 8390
f 8331 8391 8390
f 8331 8332 8391
f 8332 8392 8391
f 8332 8333 8392
f 8333 8393 8392
f 8333 8334 8393
f 8334 8394 8393
f 8334 8335 8394
f 8335 8395 8394
f 8335 8336 8395
f 8336 8396 8395
f 8336 8337 8396
f 8337 8397 8396
f 8337 8338 8397
f 8338 8398 8397
f 8338 8339 8398
f 8339 8399 8398
f 8339 8340 8399
f 8340 8400 8399
f 8340 8341 8400
f 8341 8401 8400
f 8341 8342 8401
f 8342 8402 8401
f 8342 8343 8402
f 8343 8403 8402
f 8343 8344 8403
f 8344 8404 8403
f 8344 8345 8404
f 8345 8405 8404
f 8345 8346 8405
f 8346 8406 8405
f 8346 8347 8406
f 8347 8407 8406
f 8347 8348 8407
f 8348 8408 8407
f 8348 8349 8408
f 8349 8409 8408
f 8349 8350 8409
f 8350 8410 8409
f 8350 8351 8410
f 8351 8411 8410
f 8351 8352 8411
f 8352 8412 8411
f 8352 8353 8412
f 8353 8413 8412
f 8353 8354 8413
f 8354 8414 8413
f 8354 8355 8414
f 8355 8415 8414
f 8355 8356 8415
f 8356 8416 8415
f 8356 8357 8416
f 8357 8417 8416
f 8357 8358 8417
f 8358 8418 8417
f 8358 8359 8418
f 8359 8419 8418
f 8359 8360 8419
f 8360 8420 8419
f 8360 8361 8420
f 8361 8421 8420
f 8361 8362 8421
f 8362 8422 8421
f 8362 8363 8422
f 8363 8423 8422
f 8363 8364 8423
f 8364 8424 8423
f 8364 8365 8424
f 8365 8425 8424
f 8367 8368 8428
f 8368 8429 8428
f 8368 8369 8429
f 8369 8430 8429
f 8369 8370 8430
f 8370 8431 8430
f 8370 8371 8431
f 8371 8432 8431
f 8371 8372 8432
f 8372 8433 8432
f 8372 8373 8433
f 8373 8434 8433
f 8373 8374 8434
f 8374 8435 8434
f 8375 8376 8438
f 8376 8439 8438
f 8376 8377 8439
f 8377 8440 8439
f 8377 8378 8440
f 8378 8441 8440
f 8378 8379 8441
f 8379 8442 8441
f 8379 8380 8442
f 8380 8443 8442
f 8382 8383 8446
f 8383 8447 8446
f 8384 8449 8448
f 8384 8385 8449
f 8385 8450 8449
f 8385 8386 8450
f 8386 8451 8450
f 8390 8391 8453
f 8391 8454 8453
f 8391 8392 8454
f 8392 8455 8454
f 8392 8393 8455
f 8393 8456 8455
f 8393 8394 8456
f 8394 8457 8456
f 8394 8395 8457
f 8395 8458 8457
f 8395 8396 8458
f 8396 8459 8458
f 8396 8397 8459
f 8397 8460 8459
f 8397 8398 8460
f 8398 8461 8460
f 8398 8399 8461
f 8399 8462 8461
f 8399 8400 8462
f 8400 8463 8462
f 8400 8401 8463
f 8401 8464 8463
f 8401 8402 8464
f 8402 8465 8464
f 8402 8403 8465
f 8403 8466 8465
f 8403 8404 8466
f 8404 8467 8466
f 8404 8405 8467
f 8405 8468 8467
f 8405 8406 8468
f 8406 8469 8468
f 8406 8407 8469
f 8407 8470 8469
f 8407 8408 8470
f 8408 8471 8470
f 8408 8409 8471
f 8409 8472 8471
f 8409 8410 8472
f 8410 8473 8472
f 8410 8411 8473
f 8411 8474 8473
f 8411 8412 8474
f 8412 8475 8474
f 8412 8413 8475
f 8413 8476 8475
f 8413 8414 8476
f 8414 8477 8476
f 8414 8415 8477
f 8415 8478 8477
f 8415 8416 8478
f 8416 8479 8478
f 8416 8417 8479
f 8417 8480 8479
f 8417 8418 8480
f 8418 8481 8480
f 8418 8419 8481
f 8419 8482 8481
f 8419 8420 8482
f 8420 8483 8482
f 8420 8421 8483
f 8421 8484 8483
f 8421 8422 8484
f 8422 8485 8484
f 8422 8423 8485
f 8423 8486 8485
f 8423 8424 8486
f 8424 8487 8486
f 8424 8425 8487
f 8425 8488 8487
f 8425 8426 8488
f 8426 8489 8488
f 8426 8427 8489
f 8427 8490 8489
f 8430 8431 8491
f 8431 8492 8491
f 8431 8432 8492
f 8432 8493 8492
f 8432 8433 8493
f 8433 8494 8493
f 8433 8434 8494
f 8434 8495 8494
f 8434 8435 8495
f 8435 8496 8495
f 8435 8436 8496
f 8436 8497 8496
f 8436 8437 8497
f 8437 8498 8497
f 8438 8502 8501
f 8438 8439 8502
f 8439 8503 8502
f 8439 8440 8503
f 8440 8504 8503
f 8440 8441 8504
f 8441 8505 8504
f 8441 8442 8505
f 8442 8506 8505
f 8442 8443 8506
f 8443 8507 8506
f 8443 8444 8507
f 8444 8508 8507
f 8444 8445 8508
f 8445 8509 8508
f 8446 8511 8510
f 8446 8447 8511
f 8447 8512 8511
f 8447 8448 8512
f 8448 8513 8512
f 8448 8449 8513
f 8449 8514 8513
f 8449 8450 8514
f 8450 8515 8514
f 8450 8451 8515
f 8451 8516 8515
f 8451 8452 8516
f 8452 8517 8516
f 8457 8458 8518
f 8458 8519 8518
f 8458 8459 8519
f 8459 8520 8519
f 8459 8460 8520
f 8460 8521 8520
f 8460 8461 8521
f 8461 8522 8521
f 8461 8462 8522
f 8462 8523 8522
f 8462 8463 8523
f 8463 8524 8523
f 8463 8464 8524
f 8464 8525 8524
f 8464 8465 8525
f 8465 8526 8525
f 8465 8466 8526
f 8466 8527 8526
f 8466 8467 8527
f 8467 8528 8527
f 8467 8468 8528
f 8468 8529 8528
f 8468 8469 8529
f 8469 8530 8529
f 8469 8470 8530
f 8470 8531 8530
f 8470 8471 8531
f 8471 8532 8531
f 8471 8472 8532
f 8472 8533 8532
f 8472 8473 8533
f 8473 8534 8533
f 8473 8474 8534
f 8474 8535 8534
f 8474 8475 8535
f 8475 8536 8535
f 8475 8476 8536
f 8476 8537 8536
f 8476 8477 8537
f 8477 8538 8537
f 8477 8478 8538
f 8478 8539 8538
f 8478 8479 8539
f 8479 8540 8539
f 8479 8480 8540
f 8480 8541 8540
f 8480 8481 8541
f 8481 8542 8541
f 8481 8482 8542
f 8482 8543 8542
f 8482 8483 8543
f 8483 8544 8543
f 8483 8484 8544
f 8484 8545 8544
f 8484 8485 8545
f 8485 8546 8545
f 8485 8486 8546
f 8486 8547 8546
f 8486 8487 8547
f 8487 8548 8547
f 8487 8488 8548
f 8488 8549 8548
f 8488 8489 8549
f 8489 8550 8549
f 8489 8490 8550
f 8490 8551 8550
f 8493 8494 8553
f 8494 8554 8553
f 8494 8495 8554
f 8495 8555 8554
f 8495 8496 8555
f 8496 8556 8555
f 8496 8497 8556
f 8497 8557 8556
f 8497 8498 8557
f 8498 8558 8557
f 8498 8499 8558
f 8499 8559 8558
f 8499 8500 8559
f 8500 8560 8559
f 8500 8501 8560
f 8501 8561 8560
f 8501 8502 8561
f 8502 8562 8561
f 8502 8503 8562
f 8503 8563 8562
f 8503 8504 8563
f 8504 8564 8563
f 8504 8505 8564
f 8505 8565 8564
f 8505 8506 8565
f 8506 8566 8565
f 8506 8507 8566
f 8507 8567 8566
f 8507 8508 8567
f 8508 8568 8567
f 8508 8509 8568
f 8509 8569 8568
f 8509 8510 8569
f 8510 8570 8569
f 8510 8511 8570
f 8511 8571 8570
f 8511 8512 8571
f 8512 8572 8571
f 8512 8513 8572
f 8513 8573 8572
f 8513 8514 8573
f 8514 8574 8573
f 8514 8515 8574
f 8515 8575 8574
f 8515 8516 8575
f 8516 8576 8575
f 8516 8517 8576
f 8517 8577 8576
f 8518 8519 8578
f 8519 8579 8578
f 8519 8520 8579
f 8520 8580 8579
f 8520 8521 8580
f 8521 8581 8580
f 8521 8522 8581
f 8522 8582 8581
f 8522 8523 8582
f 8523 8583 8582
f 8523 8524 8583
f 8524 8584 8583
f 8524 8525 8584
f 8525 8585 8584
f 8525 8526 8585
f 8526 8586 8585
f 8526 8527 8586
f 8527 8587 8586
f 8527 8528 8587
f 8528 8588 8587
f 8528 8529 8588
f 8529 8589 8588
f 8529 8530 8589
f 8530 8590 8589
f 8530 8531 8590
f 8531 8591 8590
f 8531 8532 8591
f 8532 8592 8591
f 8532 8533 8592
f 8533 8593 8592
f 8533 8534 8593
f 8534 8594 8593
f 8534 8535 8594
f 8535 8595 8594
f 8535 8536 8595
f 8536 8596 8595
f 8536 8537 8596
f 8537 8597 8596
f 8537 8538 8597
f 8538 8598 8597
f 8538 8539 8598
f 8539 8599 8598
f 8539 8540 8599
f 8540 8600 8599
f 8540 8541 8600
f 8541 8601 8600
f 8541 8542 8601
f 8542 8602 8601
f 8542 8543 8602
f 8543 8603 8602
f 8543 8544 8603
f 8544 8604 8603
f 8544 8545 8604
f 8545 8605 8604
f 8545 8546 8605
f 8546 8606 8605
f 8546 8547 8606
f 8547 8607 8606
f 8547 8548 8607
f 8548 8608 8607
f 8548 8549 8608
f 8549 8609 8608
f 8549 8550 8609
f 8550 8610 8609
f 8550 8551 8610
f 8551 8611 8610
f 8551 8552 8611
f 8554 8555 8612
f 8555 8613 8612
f 8555 8556 8613
f 8556 8614 8613
f 8556 8557 8614
f 8557 8615 8614
f 8557 8558 8615
f 8558 8616 8615
f 8558 8559 8616
f 8559 8617 8616
f 8559 8560 8617
f 8560 8618 8617
f 8560 8561 8618
f 8561 8619 8618
f 8561 8562 8619
f 8562 8620 8619
f 8562 8563 8620
f 8563 8621 8620
f 8563 8564 8621
f 8564 8622 8621
f 8564 8565 8622
f 8565 8623 8622
f 8565 8566 8623
f 8566 8624 8623
f 8566 8567 8624
f 8567 8625 8624
f 8567 8568 8625
f 8568 8626 8625
f 8568 8569 8626
f 8569 8627 8626
f 8569 8570 8627
f 8570 8628 8627
f 8570 8571 8628
f 8571 8629 8628
f 8571 8572 8629
f 8572 8630 8629
f 8572 8573 8630
f 8573 8631 8630
f 8573 8574 8631
f 8574 8632 8631
f 8574 8575 8632
f 8575 8633 8632
f 8575 8576 8633
f 8576 8634 8633
f 8576 8577 8634
f 8577 8635 8634
f 8578 8579 8640
f 8579 8641 8640
f 8579 8580 8641
f 8580 8642 8641
f 8580 8581 8642
f 8581 8643 8642
f 8581 8582 8643
f 8582 8644 8643
f 8582 8583 8644
f 8583 8645 8644
f 8583 8584 8645
f 8584 8646 8645
f 8584 8585 8646
f 8585 8647 8646
f 8585 8586 8647
f 8586 8648 8647
f 8586 8587 8648
f 8587 8649 8648
f 8587 8588 8649
f 8588 8650 8649
f 8588 8589 8650
f 8589 8651 8650
f 8589 8590 8651
f 8590 8652 8651
f 8590 8591 8652
f 8591 8653 8652
f 8591 8592 8653
f 8592 8654 8653
f 8592 8593 8654
f 8593 8655 8654
f 8593 8594 8655
f 8594 8656 8655
f 8594 8595 8656
f 8595 8657 8656
f 8595 8596 8657
f 8596 8658 8657
f 8596 8597 8658
f 8597 8659 8658
f 8597 8598 8659
f 8598 8660 8659
f 8598 8599 8660
f 8599 8661 8660
f 8599 8600 8661
f 8600 8662 8661
f 8600 8601 8662
f 8601 8663 8662
f 8601 8602 8663
f 8602 8664 8663
f 8602 8603 8664
f 8603 8665 8664
f 8603 8604 8665
f 8604 8666 8665
f 8604 8605 8666
f 8605 8667 8666
f 8605 8606 8667
f 8606 8668 8667
f 8606 8607 8668
f 8607 8669 8668
f 8607 8608 8669
f 8608 8670 8669
f 8608 8609 8670
f 8609 8671 8670
f 8609 8610 8671
f 8610 8672 8671
f 8610 8611 8672
f 8616 8617 8673
f 8618 8619 8674
f 8619 8675 8674
f 8619 8620 8675
f 8620 8676 8675
f 8620 8621 8676
f 8621 8677 8676
f 8621 8622 8677
f 8622 8678 8677
f 8622 8623 8678
f 8623 8679 8678
f 8623 8624 8679
f 8624 8680 8679
f 8624 8625 8680
f 8625 8681 8680
f 8625 8626 8681
f 8626 8682 8681
f 8626 8627 8682
f 8627 8683 8682
f 8627 8628 8683
f 8628 8684 8683
f 8628 8629 8684
f 8629 8685 8684
f 8629 8630 8685
f 8630 8686 8685
f 8630 8631 8686
f 8631 8687 8686
f 8631 8632 8687
f 8632 8688 8687
f 8632 8633 8688
f 8633 8689 8688
f 8633 8634 8689
f 8634 8690 8689
f 8634 8635 8690
f 8635 8691 8690
f 8635 8636 8691
f 8636 8692 8691
f 8636 8637 8692
f 8637 8693 8692
f 8637 8638 8693
f 8638 8694 8693
f 8639 8699 8698
f 8640 8705 8704
f 8640 8641 8705
f 8641 8706 8705
f 8641 8642 8706
f 8642 8707 8706
f 8642 8643 8707
f 8643 8708 8707
f 8643 8644 8708
f 8644 8709 8708
f 8644 8645 8709
f 8645 8710 8709
f 8645 8646 8710
f 8647 8648 8711
f 8648 8712 8711
f 8648 8649 8712
f 8649 8713 8712
f 8649 8650 8713
f 8650 8714 8713
f 8650 8651 8714
f 8651 8715 8714
f 8651 8652 8715
f 8652 8716 8715
f 8652 8653 8716
f 8653 8717 8716
f 8653 8654 8717
f 8654 8718 8717
f 8654 8655 8718
f 8655 8719 8718
f 8655 8656 8719
f 8656 8720 8719
f 8656 8657 8720
f 8657 8721 8720
f 8657 8658 8721
f 8658 8722 8721
f 8658 8659 8722
f 8659 8723 8722
f 8659 8660 8723
f 8660 8724 8723
f 8660 8661 8724
f 8661 8725 8724
f 8661 8662 8725
f 8663 8664 8726
f 8675 8676 8727
f 8676 8728 8727
f 8676 8677 8728
f 8680 8681 8729
f 8681 8730 8729
f 8681 8682 8730
f 8682 8731 8730
f 8682 8683 8731
f 8683 8732 8731
f 8683 8684 8732
f 8684 8733 8732
f 8684 8685 8733
f 8685 8734 8733
f 8685 8686 8734
f 8686 8735 8734
f 8686 8687 8735
f 8687 8736 8735
f 8687 8688 8736
f 8688 8737 8736
f 8688 8689 8737
f 8689 8738 8737
f 8689 8690 8738
f 8690 8739 8738
f 8690 8691 8739
f 8691 8740 8739
f 8691 8692 8740
f 8692 8741 8740
f 8692 8693 8741
f 8693 8742 8741
f 8693 8694 8742
f 8694 8743 8742
f 8694 8695 8743
f 8695 8744 8743
f 8695 8696 8744
f 8696 8745 8744
f 8696 8697 8745
f 8697 8746 8745
f 8697 8698 8746
f 8698 8747 8746
f 8698 8699 8747
f 8699 8748 8747
f 8699 8700 8748
f 8700 8749 8748
f 8700 8701 8749
f 8701 8750 8749
f 8701 8702 8750
f 8702 8751 8750
f 8705 8706 8753
f 8706 8754 8753
f 8706 8707 8754
f 8707 8755 8754
f 8707 8708 8755
f 8708 8756 8755
f 8708 8709 8756
f 8709 8757 8756
f 8709 8710 8757
f 8710 8758 8757
f 8711 8760 8759
f 8711 8712 8760
f 8712 8761 8760
f 8712 8713 8761
f 8713 8762 8761
f 8713 8714 8762
f 8714 8763 8762
f 8714 8715 8763
f 8715 8764 8763
f 8715 8716 8764
f 8716 8765 8764
f 8716 8717 8765
f 8717 8766 8765
f 8717 8718 8766
f 8718 8767 8766
f 8718 8719 8767
f 8719 8768 8767
f 8719 8720 8768
f 8720 8769 8768
f 8720 8721 8769
f 8721 8770 8769
f 8721 8722 8770
f 8722 8771 8770
f 8722 8723 8771
f 8723 8772 8771
f 8723 8724 8772
f 8724 8773 8772
f 8724 8725 8773
f 8725 8774 8773
f 8729 8730 8776
f 8730 8777 8776
f 8730 8731 8777
f 8731 8778 8777
f 8731 8732 8778
f 8732 8779 8778
f 8732 8733 8779
f 8733 8780 8779
f 8733 8734 8780
f 8734 8781 8780
f 8734 8735 8781
f 8735 8782 8781
f 8735 8736 8782
f 8736 8783 8782
f 8736 8737 8783
f 8737 8784 8783
f 8737 8738 8784
f 8738 8785 8784
f 8738 8739 8785
f 8739 8786 8785
f 8739 8740 8786
f 8740 8787 8786
f 8740 8741 8787
f 8741 8788 8787
f 8741 8742 8788
f 8742 8789 8788
f 8742 8743 8789
f 8743 8790 8789
f 8743 8744 8790
f 8744 8791 8790
f 8744 8745 8791
f 8745 8792 8791
f 8745 8746 8792
f 8746 8793 8792
f 8746 8747 8793
f 8747 8794 8793
f 8747 8748 8794
f 8748 8795 8794
f 8748 8749 8795
f 8749 8796 8795
f 8749 8750 8796
f 8750 8797 8796
f 8750 8751 8797
f 8751 8798 8797
f 8751 8752 8798
f 8752 8799 8798
f 8753 8754 8801
f 8754 8802 8801
f 8754 8755 8802
f 8755 8803 8802
f 8755 8756 8803
f 8756 8804 8803
f 8756 8757 8804
f 8757 8805 8804
f 8757 8758 8805
f 8758 8806 8805
f 8758 8759 8806
f 8759 8807 8806
f 8759 8760 8807
f 8760 8808 8807
f 8760 8761 8808
f 8761 8809 8808
f 8761 8762 8809
f 8762 8810 8809
f 8762 8763 8810
f 8763 8811 8810
f 8763 8764 8811
f 8764 8812 8811
f 8764 8765 8812
f 8765 8813 8812
f 8765 8766 8813
f 8766 8814 8813
f 8766 8767 8814
f 8767 8815 8814
f 8767 8768 8815
f 8768 8816 8815
f 8768 8769 8816
f 8769 8817 8816
f 8769 8770 8817
f 8770 8818 8817
f 8770 8771 8818
f 8771 8819 8818
f 8771 8772 8819
f 8772 8820 8819
f 8772 8773 8820
f 8773 8821 8820
f 8773 8774 8821
f 8774 8822 8821
f 8776 8826 8825
f 8776 8777 8826
f 8777 8827 8826
f 8777 8778 8827
f 8778 8828 8827
f 8778 8779 8828
f 8779 8829 8828
f 8779 8780 8829
f 8780 8830 8829
f 8780 8781 8830
f 8781 8831 8830
f 8781 8782 8831
f 8782 8832 8831
f 8782 8783 8832
f 8783 8833 8832
f 8783 8784 8833
f 8784 8834 8833
f 8784 8785 8834
f 8785 8835 8834
f 8785 8786 8835
f 8786 8836 8835
f 8786 8787 8836
f 8787 8837 8836
f 8787 8788 8837
f 8788 8838 8837
f 8788 8789 8838
f 8789 8839 8838
f 8789 8790 8839
f 8790 8840 8839
f 8790 8791 8840
f 8791 8841 8840
f 8791 8792 8841
f 8792 8842 8841
f 8792 8793 8842
f 8793 8843 8842
f 8793 8794 8843
f 8794 8844 8843
f 8794 8795 8844
f 8795 8845 8844
f 8795 8796 8845
f 8796 8846 8845
f 8796 8797 8846
f 8797 8847 8846
f 8797 8798 8847
f 8798 8848 8847
f 8798 8799 8848
f 8799 8849 8848
f 8799 8800 8849
f 8800 8850 8849
f 8801 8802 8851
f 8802 8852 8851
f 8802 8803 8852
f 8803 8853 8852
f 8803 8804 8853
f 8804 8854 8853
f 8804 8805 8854
f 8805 8855 8854
f 8805 8806 8855
f 8806 8856 8855
f 8806 8807 8856
f 8807 8857 8856
f 8807 8808 8857
f 8808 8858 8857
f 8808 8809 8858
f 8809 8859 8858
f 8809 8810 8859
f 8810 8860 8859
f 8810 8811 8860
f 8811 8861 8860
f 8811 8812 8861
f 8814 8815 8862
f 8815 8863 8862
f 8815 8816 8863
f 8816 8864 8863
f 8816 8817 8864
f 8818 8819 8865
f 8819 8866 8865
f 8819 8820 8866
f 8821 8822 8867
f 8824 8870 8869
f 8825 8872 8871
f 8825 8826 8872
f 8826 8873 8872
f 8826 8827 8873
f 8827 8874 8873
f 8827 8828 8874
f 8828 8875 8874
f 8828 8829 8875
f 8829 8876 8875
f 8829 8830 8876
f 8830 8877 8876
f 8830 8831 8877
f 8832 8833 8878
f 8833 8879 8878
f 8833 8834 8879
f 8834 8880 8879
f 8834 8835 8880
f 8835 8881 8880
f 8835 8836 8881
f 8836 8882 8881
f 8836 8837 8882
f 8837 8883 8882
f 8837 8838 8883
f 8838 8884 8883
f 8838 8839 8884
f 8839 8885 8884
f 8839 8840 8885
f 8840 8886 8885
f 8840 8841 8886
f 8841 8887 8886
f 8841 8842 8887
f 8842 8888 8887
f 8842 8843 8888
f 8843 8889 8888
f 8843 8844 8889
f 8844 8890 8889
f 8844 8845 8890
f 8845 8891 8890
f 8845 8846 8891
f 8846 8892 8891
f 8846 8847 8892
f 8847 8893 8892
f 8847 8848 8893
f 8848 8894 8893
f 8848 8849 8894
f 8849 8895 8894
f 8849 8850 8895
f 8850 8896 8895
f 8851 8898 8897
f 8851 8852 8898
f 8852 8899 8898
f 8852 8853 8899
f 8853 8900 8899
f 8853 8854 8900
f 8854 8901 8900
f 8854 8855 8901
f 8855 8902 8901
f 8855 8856 8902
f 8856 8903 8902
f 8856 8857 8903
f 8857 8904 8903
f 8857 8858 8904
f 8858 8905 8904
f 8858 8859 8905
f 8859 8906 8905
f 8859 8860 8906
f 8860 8907 8906
f 8860 8861 8907
f 8862 8909 8908
f 8862 8863 8909
f 8863 8910 8909
f 8863 8864 8910
f 8864 8911 8910
f 8865 8866 8912
f 8866 8913 8912
f 8870 8871 8914
f 8873 8874 8915
f 8874 8916 8915
f 8874 8875 8916
f 8875 8917 8916
f 8875 8876 8917
f 8876 8918 8917
f 8876 8877 8918
f 8877 8919 8918
f 8878 8921 8920
f 8878 8879 8921
f 8879 8922 8921
f 8879 8880 8922
f 8881 8882 8923
f 8882 8924 8923
f 8882 8883 8924
f 8883 8925 8924
f 8883 8884 8925
f 8884 8926 8925
f 8884 8885 8926
f 8885 8927 8926
f 8885 8886 8927
f 8886 8928 8927
f 8886 8887 8928
f 8887 8929 8928
f 8887 8888 8929
f 8888 8930 8929
f 8888 8889 8930
f 8889 8931 8930
f 8889 8890 8931
f 8890 8932 8931
f 8890 8891 8932
f 8891 8933 8932
f 8891 8892 8933
f 8892 8934 8933
f 8892 8893 8934
f 8893 8935 8934
f 8893 8894 8935
f 8894 8936 8935
f 8894 8895 8936
f 8896 8897 8937
f 8898 8899 8938
f 8899 8939 8938
f 8899 8900 8939
f 8900 8940 8939
f 8900 8901 8940
f 8901 8941 8940
f 8901 8902 8941
f 8902 8942 8941
f 8902 8903 8942
f 8904 8905 8943
f 8905 8944 8943
f 8905 8906 8944
f 8906 8945 8944
f 8906 8907 8945
f 8907 8946 8945
f 8908 8949 8948
f 8908 8909 8949
f 8909 8950 8949
f 8909 8910 8950
f 8910 8951 8950
f 8910 8911 8951
f 8911 8952 8951
f 8914 8956 8955
f 8917 8918 8958
f 8918 8959 8958
f 8918 8919 8959
f 8919 8960 8959
f 8919 8920 8960
f 8920 8961 8960
f 8920 8921 8961
f 8921 8962 8961
f 8921 8922 8962
f 8922 8963 8962
f 8923 8965 8964
f 8923 8924 8965
f 8924 8966 8965
f 8924 8925 8966
f 8925 8967 8966
f 8925 8926 8967
f 8926 8968 8967
f 8926 8927 8968
f 8927 8969 8968
f 8927 8928 8969
f 8928 8970 8969
f 8928 8929 8970
f 8929 8971 8970
f 8929 8930 8971
f 8930 8972 8971
f 8930 8931 8972
f 8931 8973 8972
f 8931 8932 8973
f 8932 8974 8973
f 8932 8933 8974
f 8933 8975 8974
f 8933 8934 8975
f 8934 8976 8975
f 8934 8935 8976
f 8935 8977 8976
f 8935 8936 8977
f 8936 8978 8977
f 8937 8980 8979
f 8938 8982 8981
f 8938 8939 8982
f 8939 8983 8982
f 8939 8940 8983
f 8940 8984 8983
f 8940 8941 8984
f 8941 8985 8984
f 8941 8942 8985
f 8942 8986 8985
f 8943 8988 8987
f 8943 8944 8988
f 8944 8989 8988
f 8944 8945 8989
f 8945 8990 8989
f 8945 8946 8990
f 8946 8991 8990
f 8946 8947 8991
f 8947 8992 8991
f 8947 8948 8992
f 8948 8993 8992
f 8948 8949 8993
f 8949 8994 8993
f 8949 8950 8994
f 8950 8995 8994
f 8950 8951 8995
f 8951 8996 8995
f 8951 8952 8996
f 8952 8997 8996
f 8952 8953 8997
f 8953 8998 8997
f 8963 8964 9000
f 8964 9001 9000
f 8964 8965 9001
f 8965 9002 9001
f 8965 8966 9002
f 8966 9003 9002
f 8966 8967 9003
f 8968 8969 9004
f 8969 9005 9004
f 8969 8970 9005
f 8970 9006 9005
f 8970 8971 9006
f 8971 9007 9006
f 8971 8972 9007
f 8972 9008 9007
f 8972 8973 9008
f 8973 9009 9008
f 8973 8974 9009
f 8974 9010 9009
f 8974 8975 9010
f 8975 9011 9010
f 8975 8976 9011
f 8976 9012 9011
f 8976 8977 9012
f 8977 9013 9012
f 8977 8978 9013
f 8978 9014 9013
f 8978 8979 9014
f 8979 9015 9014
f 8979 8980 9015
f 8980 9016 9015
f 8980 8981 9016
f 8981 9017 9016
f 8981 8982 9017
f 8982 9018 9017
f 8982 8983 9018
f 8983 9019 9018
f 8983 8984 9019
f 8984 9020 9019
f 8984 8985 9020
f 8985 9021 9020
f 8985 8986 9021
f 8986 9022 9021
f 8986 8987 9022
f 8987 9023 9022
f 8987 8988 9023
f 8988 9024 9023
f 8988 8989 9024
f 8989 9025 9024
f 8989 8990 9025
f 8990 9026 9025
f 8990 8991 9026
f 8991 9027 9026
f 8991 8992 9027
f 8992 9028 9027
f 8992 8993 9028
f 8993 9029 9028
f 8993 8994 9029
f 8994 9030 9029
f 8994 8995 9030
f 8995 9031 9030
f 8995 8996 9031
f 8996 9032 9031
f 8996 8997 9032
f 8997 9033 9032
f 8997 8998 9033
f 8998 9034 9033
f 9006 9007 9037
f 9007 9038 9037
f 9007 9008 9038
f 9009 9010 9039
f 9010 9040 9039
f 9010 9011 9040
f 9011 9041 9040
f 9011 9012 9041
f 9012 9042 9041
f 9012 9013 9042
f 9013 9043 9042
f 9013 9014 9043
f 9014 9044 9043
f 9014 9015 9044
f 9015 9045 9044
f 9015 9016 9045
f 9016 9046 9045
f 9016 9017 9046
f 9017 9047 9046
f 9017 9018 9047
f 9018 9048 9047
f 9018 9019 9048
f 9019 9049 9048
f 9019 9020 9049
f 9020 9050 9049
f 9020 9021 9050
f 9021 9051 9050
f 9021 9022 9051
f 9022 9052 9051
f 9022 9023 9052
f 9023 9053 9052
f 9023 9024 9053
f 9024 9054 9053
f 9024 9025 9054
f 9025 9055 9054
f 9025 9026 9055
f 9026 9056 9055
f 9026 9027 9056
f 9027 9057 9056
f 9027 9028 9057
f 9028 9058 9057
f 9028 9029 9058
f 9029 9059 9058
f 9029 9030 9059
f 9030 9060 9059
f 9030 9031 9060
f 9031 9061 9060
f 9031 9032 9061
f 9032 9062 9061
f 9032 9033 9062
f 9037 9038 9067
f 9038 9068 9067
f 9039 9070 9069
f 9039 9040 9070
f 9040 9071 9070
f 9040 9041 9071
f 9041 9072 9071
f 9041 9042 9072
f 9042 9073 9072
f 9042 9043 9073
f 9043 9074 9073
f 9043 9044 9074
f 9044 9075 9074
f 9044 9045 9075
f 9045 9076 9075
f 9045 9046 9076
f 9046 9077 9076
f 9046 9047 9077
f 9047 9078 9077
f 9047 9048 9078
f 9048 9079 9078
f 9048 9049 9079
f 9049 9080 9079
f 9049 9050 9080
f 9050 9081 9080
f 9050 9051 9081
f 9051 9082 9081
f 9051 9052 9082
f 9052 9083 9082
f 9052 9053 9083
f 9053 9084 9083
f 9053 9054 9084
f 9054 9085 9084
f 9054 9055 9085
f 9055 9086 9085
f 9055 9056 9086
f 9056 9087 9086
f 9056 9057 9087
f 9057 9088 9087
f 9057 9058 9088
f 9058 9089 9088
f 9058 9059 9089
f 9059 9090 9089
f 9059 9060 9090
f 9064 9094 9093
f 9064 9065 9094
f 9067 9102 9101
f 9067 9068 9102
f 9068 9103 9102
f 9068 9069 9103
f 9069 9104 9103
f 9069 9070 9104
f 9070 9105 9104
f 9070 9071 9105
f 9071 9106 9105
f 9071 9072 9106
f 9072 9107 9106
f 9072 9073 9107
f 9073 9108 9107
f 9073 9074 9108
f 9074 9109 9108
f 9074 9075 9109
f 9075 9110 9109
f 9075 9076 9110
f 9076 9111 9110
f 9076 9077 9111
f 9077 9112 9111
f 9077 9078 9112
f 9078 9113 9112
f 9078 9079 9113
f 9079 9114 9113
f 9079 9080 9114
f 9080 9115 9114
f 9080 9081 9115
f 9081 9116 9115
f 9081 9082 9116
f 9082 9117 9116
f 9082 9083 9117
f 9083 9118 9117
f 9083 9084 9118
f 9084 9119 9118
f 9084 9085 9119
f 9085 9120 9119
f 9085 9086 9120
f 9086 9121 9120
f 9086 9087 9121
f 9087 9122 9121
f 9087 9088 9122
f 9088 9123 9122
f 9088 9089 9123
f 9089 9124 9123
f 9089 9090 9124
f 9090 9125 9124
f 9093 9094 9127
f 9094 9128 9127
f 9095 9096 9129
f 9096 9130 9129
f 9096 9097 9130
f 9097 9131 9130
f 9097 9098 9131
f 9098 9132 9131
f 9098 9099 9132
f 9099 9133 9132
f 9101 9102 9138
f 9103 9104 9139
f 9104 9140 9139
f 9104 9105 9140
f 9105 9141 9140
f 9105 9106 9141
f 9106 9142 9141
f 9106 9107 9142
f 9107 9143 9142
f 9107 9108 9143
f 9108 9144 9143
f 9108 9109 9144
f 9109 9145 9144
f 9109 9110 9145
f 9110 9146 9145
f 9110 9111 9146
f 9111 9147 9146
f 9111 9112 9147
f 9112 9148 9147
f 9112 9113 9148
f 9113 9149 9148
f 9113 9114 9149
f 9114 9150 9149
f 9114 9115 9150
f 9115 9151 9150
f 9115 9116 9151
f 9116 9152 9151
f 9116 9117 9152
f 9117 9153 9152
f 9117 9118 9153
f 9118 9154 9153
f 9118 9119 9154
f 9120 9121 9155
f 9121 9156 9155
f 9121 9122 9156
f 9122 9157 9156
f 9122 9123 9157
f 9125 9126 9158
f 9127 9128 9159
f 9128 9160 9159
f 9133 9134 9162
f 9134 9163 9162
f 9134 9135 9163
f 9135 9164 9163
f 9135 9136 9164
f 9136 9165 9164
f 9136 9137 9165
f 9137 9166 9165
f 9138 9168 9167
f 9139 9140 9169
f 9140 9170 9169
f 9140 9141 9170
f 9141 9171 9170
f 9141 9142 9171
f 9142 9172 9171
f 9142 9143 9172
f 9143 9173 9172
f 9143 9144 9173
f 9144 9174 9173
f 9144 9145 9174
f 9145 9175 9174
f 9145 9146 9175
f 9146 9176 9175
f 9146 9147 9176
f 9147 9177 9176
f 9147 9148 9177
f 9148 9178 9177
f 9148 9149 9178
f 9150 9151 9179
f 9151 9180 9179
f 9151 9152 9180
f 9152 9181 9180
f 9152 9153 9181
f 9153 9182 9181
f 9153 9154 9182
f 9154 9183 9182
f 9156 9157 9184
f 9157 9185 9184
f 9162 9189 9188
f 9162 9163 9189
f 9163 9190 9189
f 9163 9164 9190
f 9167 9168 9191
f 9168 9192 9191
f 9170 9171 9193
f 9171 9194 9193
f 9171 9172 9194
f 9172 9195 9194
f 9172 9173 9195
f 9173 9196 9195
f 9173 9174 9196
f 9174 9197 9196
f 9174 9175 9197
f 9175 9198 9197
f 9175 9176 9198
f 9176 9199 9198
f 9176 9177 9199
f 9177 9200 9199
f 9177 9178 9200
f 9178 9201 9200
f 9179 9203 9202
f 9179 9180 9203
f 9180 9204 9203
f 9180 9181 9204
f 9181 9205 9204
f 9181 9182 9205
f 9182 9206 9205
f 9182 9183 9206
f 9191 9192 9216
f 9192 9217 9216
f 9199 9200 9218
f 9207 9221 9220
f 9207 9208 9221
f 9208 9222 9221
f 9208 9209 9222
f 9209 9223 9222
f 9209 9210 9223
f 9210 9224 9223
f 9211 9231 9230
f 9211 9212 9231
f 9212 9232 9231
f 9212 9213 9232
f 9213 9233 9232
f 9213 9214 9233
f 9214 9234 9233
f 9219 9242 9241
f 9219 9220 9242
f 9220 9243 9242
f 9220 9221 9243
f 9221 9244 9243
f 9221 9222 9244
f 9222 9245 9244
f 9222 9223 9245
f 9223 9246 9245
f 9223 9224 9246
f 9227 9228 9249
f 9228 9250 9249
f 9229 9256 9255
f 9229 9230 9256
f 9230 9257 9256
f 9230 9231 9257
f 9231 9258 9257
f 9231 9232 9258
f 9232 9259 9258
f 9232 9233 9259
f 9233 9260 9259
f 9233 9234 9260
f 9234 9261 9260
f 9234 9235 9261
f 9235 9262 9261
f 9235 9236 9262
f 9236 9263 9262
f 9236 9237 9263
f 9237 9264 9263
f 9237 9238 9264
f 9238 9265 9264
f 9239 9275 9274
f 9239 9240 9275
f 9240 9276 9275
f 9240 9241 9276
f 9241 9277 9276
f 9241 9242 9277
f 9242 9278 9277
f 9242 9243 9278
f 9243 9279 9278
f 9243 9244 9279
f 9244 9280 9279
f 9244 9245 9280
f 9245 9281 9280
f 9245 9246 9281
f 9246 9282 9281
f 9247 9286 9285
f 9247 9248 9286
f 9248 9287 9286
f 9252 9303 9302
f 9252 9253 9303
f 9253 9304 9303
f 9253 9254 9304
f 9254 9305 9304
f 9254 9255 9305
f 9255 9306 9305
f 9255 9256 9306
f 9256 9307 9306
f 9256 9257 9307
f 9257 9308 9307
f 9257 9258 9308
f 9258 9309 9308
f 9258 9259 9309
f 9259 9310 9309
f 9259 9260 9310
f 9260 9311 9310
f 9260 9261 9311
f 9261 9312 9311
f 9261 9262 9312
f 9262 9313 9312
f 9262 9263 9313
f 9263 9314 9313
f 9263 9264 9314
f 9264 9315 9314
f 9264 9265 9315
f 9265 9316 9315
f 9265 9266 9316
f 9266 9317 9316
f 9266 9267 9317
f 9267 9318 9317
f 9269 9270 9329
f 9270 9330 9329
f 9270 9271 9330
f 9271 9331 9330
f 9271 9272 9331
f 9272 9332 9331
f 9272 9273 9332
f 9273 9333 9332
f 9273 9274 9333
f 9274 9334 9333
f 9274 9275 9334
f 9275 9335 9334
f 9275 9276 9335
f 9276 9336 9335
f 9276 9277 9336
f 9277 9337 9336
f 9277 9278 9337
f 9278 9338 9337
f 9278 9279 9338
f 9279 9339 9338
f 9279 9280 9339
f 9280 9340 9339
f 9280 9281 9340
f 9281 9341 9340
f 9281 9282 9341
f 9282 9342 9341
f 9282 9283 9342
f 9283 9343 9342
f 9283 9284 9343
f 9284 9344 9343
f 9284 9285 9344
f 9285 9345 9344
f 9285 9286 9345
f 9286 9346 9345
f 9286 9287 9346
f 9287 9347 9346
f 9287 9288 9347
f 9288 9348 9347
f 9288 9289 9348
f 9289 9349 9348
f 9293 9294 9350
f 9294 9351 9350
f 9295 9355 9354
f 9295 9296 9355
f 9296 9356 9355
f 9296 9297 9356
f 9297 9357 9356
f 9297 9298 9357
f 9298 9358 9357
f 9298 9299 9358
f 9299 9359 9358
f 9299 9300 9359
f 9300 9360 9359
f 9300 9301 9360
f 9301 9361 9360
f 9301 9302 9361
f 9302 9362 9361
f 9302 9303 9362
f 9303 9363 9362
f 9303 9304 9363
f 9304 9364 9363
f 9304 9305 9364
f 9305 9365 9364
f 9305 9306 9365
f 9306 9366 9365
f 9306 9307 9366
f 9307 9367 9366
f 9307 9308 9367
f 9308 9368 9367
f 9308 9309 9368
f 9309 9369 9368
f 9309 9310 9369
f 9310 9370 9369
f 9310 9311 9370
f 9311 9371 9370
f 9311 9312 9371
f 9312 9372 9371
f 9312 9313 9372
f 9313 9373 9372
f 9313 9314 9373
f 9319 9388 9387
f 9319 9320 9388
f 9320 9389 9388
f 9320 9321 9389
f 9321 9390 9389
f 9321 9322 9390
f 9322 9391 9390
f 9323 9394 9393
f 9323 9324 9394
f 9324 9395 9394
f 9324 9325 9395
f 9325 9396 9395
f 9325 9326 9396
f 9326 9397 9396
f 9326 9327 9397
f 9327 9398 9397
f 9327 9328 9398
f 9328 9399 9398
f 9329 9401 9400
f 9329 9330 9401
f 9330 9402 9401
f 9330 9331 9402
f 9331 9403 9402
f 9331 9332 9403
f 9332 9404 9403
f 9332 9333 9404
f 9333 9405 9404
f 9333 9334 9405
f 9334 9406 9405
f 9334 9335 9406
f 9335 9407 9406
f 9335 9336 9407
f 9336 9408 9407
f 9336 9337 9408
f 9337 9409 9408
f 9337 9338 9409
f 9338 9410 9409
f 9338 9339 9410
f 9339 9411 9410
f 9339 9340 9411
f 9340 9412 9411
f 9340 9341 9412
f 9341 9413 9412
f 9341 9342 9413
f 9342 9414 9413
f 9342 9343 9414
f 9343 9415 9414
f 9343 9344 9415
f 9344 9416 9415
f 9344 9345 9416
f 9345 9417 9416
f 9345 9346 9417
f 9346 9418 9417
f 9346 9347 9418
f 9347 9419 9418
f 9347 9348 9419
f 9348 9420 9419
f 9348 9349 9420
f 9349 9421 9420
f 9351 9352 9426
f 9352 9427 9426
f 9353 9354 9433
f 9356 9357 9434
f 9357 9435 9434
f 9357 9358 9435
f 9358 9436 9435
f 9358 9359 9436
f 9359 9437 9436
f 9359 9360 9437
f 9360 9438 9437
f 9360 9361 9438
f 9361 9439 9438
f 9361 9362 9439
f 9362 9440 9439
f 9362 9363 9440
f 9363 9441 9440
f 9363 9364 9441
f 9364 9442 9441
f 9364 9365 9442
f 9365 9443 9442
f 9365 9366 9443
f 9366 9444 9443
f 9366 9367 9444
f 9367 9445 9444
f 9367 9368 9445
f 9368 9446 9445
f 9368 9369 9446
f 9369 9447 9446
f 9369 9370 9447
f 9370 9448 9447
f 9370 9371 9448
f 9371 9449 9448
f 9371 9372 9449
f 9374 9451 9450
f 9375 9453 9452
f 9375 9376 9453
f 9376 9454 9453
f 9376 9377 9454
f 9377 9455 9454
f 9377 9378 9455
f 9378 9456 9455
f 9378 9379 9456
f 9379 9457 9456
f 9379 9380 9457
f 9380 9458 9457
f 9380 9381 9458
f 9381 9459 9458
f 9381 9382 9459
f 9382 9460 9459
f 9382 9383 9460
f 9383 9461 9460
f 9383 9384 9461
f 9384 9462 9461
f 9384 9385 9462
f 9385 9463 9462
f 9385 9386 9463
f 9386 9464 9463
f 9386 9387 9464
f 9387 9465 9464
f 9387 9388 9465
f 9388 9466 9465
f 9388 9389 9466
f 9389 9467 9466
f 9389 9390 9467
f 9390 9468 9467
f 9390 9391 9468
f 9391 9469 9468
f 9391 9392 9469
f 9392 9470 9469
f 9392 9393 9470
f 9393 9471 9470
f 9393 9394 9471
f 9394 9472 9471
f 9394 9395 9472
f 9395 9473 9472
f 9395 9396 9473
f 9396 9474 9473
f 9396 9397 9474
f 9397 9475 9474
f 9397 9398 9475
f 9398 9476 9475
f 9398 9399 9476
f 9399 9477 9476
f 9399 9400 9477
f 9400 9478 9477
f 9400 9401 9478
f 9401 9479 9478
f 9401 9402 9479
f 9402 9480 9479
f 9402 9403 9480
f 9403 9481 9480
f 9403 9404 9481
f 9404 9482 9481
f 9404 9405 9482
f 9405 9483 9482
f 9405 9406 9483
f 9406 9484 9483
f 9406 9407 9484
f 9407 9485 9484
f 9407 9408 9485
f 9408 9486 9485
f 9408 9409 9486
f 9409 9487 9486
f 9409 9410 9487
f 9410 9488 9487
f 9410 9411 9488
f 9411 9489 9488
f 9411 9412 9489
f 9412 9490 9489
f 9412 9413 9490
f 9413 9491 9490
f 9413 9414 9491
f 9414 9492 9491
f 9414 9415 9492
f 9415 9493 9492
f 9415 9416 9493
f 9416 9494 9493
f 9416 9417 9494
f 9417 9495 9494
f 9417 9418 9495
f 9418 9496 9495
f 9418 9419 9496
f 9419 9497 9496
f 9419 9420 9497
f 9421 9422 9498
f 9422 9499 9498
f 9422 9423 9499
f 9423 9500 9499
f 9423 9424 9500
f 9424 9501 9500
f 9424 9425 9501
f 9425 9502 9501
f 9429 9430 9507
f 9430 9508 9507
f 9431 9510 9509
f 9431 9432 9510
f 9432 9511 9510
f 9433 9514 9513
f 9434 9517 9516
f 9434 9435 9517
f 9435 9518 9517
f 9435 9436 9518
f 9440 9441 9519
f 9441 9520 9519
f 9441 9442 9520
f 9442 9521 9520
f 9442 9443 9521
f 9444 9445 9522
f 9446 9447 9523
f 9450 9527 9526
f 9450 9451 9527
f 9451 9528 9527
f 9451 9452 9528
f 9452 9529 9528
f 9452 9453 9529
f 9453 9530 9529
f 9453 9454 9530
f 9454 9531 9530
f 9454 9455 9531
f 9455 9532 9531
f 9455 9456 9532
f 9456 9533 9532
f 9456 9457 9533
f 9457 9534 9533
f 9457 9458 9534
f 9458 9535 9534
f 9458 9459 9535
f 9459 9536 9535
f 9459 9460 9536
f 9460 9537 9536
f 9460 9461 9537
f 9461 9538 9537
f 9461 9462 9538
f 9462 9539 9538
f 9462 9463 9539
f 9463 9540 9539
f 9463 9464 9540
f 9464 9541 9540
f 9464 9465 9541
f 9465 9542 9541
f 9465 9466 9542
f 9466 9543 9542
f 9466 9467 9543
f 9467 9544 9543
f 9467 9468 9544
f 9468 9545 9544
f 9468 9469 9545
f 9469 9546 9545
f 9469 9470 9546
f 9470 9547 9546
f 9470 9471 9547
f 9471 9548 9547
f 9471 9472 9548
f 9472 9549 9548
f 9472 9473 9549
f 9473 9550 9549
f 9473 9474 9550
f 9474 9551 9550
f 9474 9475 9551
f 9475 9552 9551
f 9475 9476 9552
f 9476 9553 9552
f 9476 9477 9553
f 9477 9554 9553
f 9477 9478 9554
f 9478 9555 9554
f 9478 9479 9555
f 9479 9556 9555
f 9479 9480 9556
f 9480 9557 9556
f 9480 9481 9557
f 9481 9558 9557
f 9481 9482 9558
f 9482 9559 9558
f 9482 9483 9559
f 9483 9560 9559
f 9483 9484 9560
f 9484 9561 9560
f 9484 9485 9561
f 9485 9562 9561
f 9485 9486 9562
f 9486 9563 9562
f 9486 9487 9563
f 9487 9564 9563
f 9487 9488 9564
f 9488 9565 9564
f 9488 9489 9565
f 9489 9566 9565
f 9489 9490 9566
f 9490 9567 9566
f 9490 9491 9567
f 9491 9568 9567
f 9491 9492 9568
f 9492 9569 9568
f 9492 9493 9569
f 9493 9570 9569
f 9493 9494 9570
f 9494 9571 9570
f 9494 9495 9571
f 9495 9572 9571
f 9495 9496 9572
f 9496 9573 9572
f 9496 9497 9573
f 9497 9574 9573
f 9498 9576 9575
f 9498 9499 9576
f 9499 9577 9576
f 9499 9500 9577
f 9500 9578 9577
f 9500 9501 9578
f 9501 9579 9578
f 9501 9502 9579
f 9502 9580 9579
f 9502 9503 9580
f 9503 9581 9580
f 9503 9504 9581
f 9504 9582 9581
f 9504 9505 9582
f 9505 9583 9582
f 9514 9515 9585
f 9516 9517 9586
f 9517 9587 9586
f 9517 9518 9587
f 9519 9590 9589
f 9519 9520 9590
f 9520 9591 9590
f 9520 9521 9591
f 9521 9592 9591
f 9524 9595 9594
f 9524 9525 9595
f 9525 9596 9595
f 9525 9526 9596
f 9526 9597 9596
f 9526 9527 9597
f 9527 9598 9597
f 9527 9528 9598
f 9528 9599 9598
f 9528 9529 9599
f 9529 9600 9599
f 9529 9530 9600
f 9530 9601 9600
f 9530 9531 9601
f 9531 9602 9601
f 9531 9532 9602
f 9532 9603 9602
f 9532 9533 9603
f 9533 9604 9603
f 9533 9534 9604
f 9534 9605 9604
f 9534 9535 9605
f 9535 9606 9605
f 9535 9536 9606
f 9536 9607 9606
f 9536 9537 9607
f 9537 9608 9607
f 9537 9538 9608
f 9538 9609 9608
f 9538 9539 9609
f 9539 9610 9609
f 9539 9540 9610
f 9540 9611 9610
f 9540 9541 9611
f 9541 9612 9611
f 9541 9542 9612
f 9542 9613 9612
f 9542 9543 9613
f 9543 9614 9613
f 9543 9544 9614
f 9544 9615 9614
f 9544 9545 9615
f 9545 9616 9615
f 9545 9546 9616
f 9546 9617 9616
f 9546 9547 9617
f 9547 9618 9617
f 9547 9548 9618
f 9548 9619 9618
f 9548 9549 9619
f 9549 9620 9619
f 9549 9550 9620
f 9550 9621 9620
f 9550 9551 9621
f 9551 9622 9621
f 9551 9552 9622
f 9552 9623 9622
f 9552 9553 9623
f 9553 9624 9623
f 9553 9554 9624
f 9554 9625 9624
f 9554 9555 9625
f 9555 9626 9625
f 9555 9556 9626
f 9556 9627 9626
f 9556 9557 9627
f 9557 9628 9627
f 9557 9558 9628
f 9558 9629 9628
f 9558 9559 9629
f 9559 9630 9629
f 9559 9560 9630
f 9560 9631 9630
f 9560 9561 9631
f 9561 9632 9631
f 9561 9562 9632
f 9562 9633 9632
f 9562 9563 9633
f 9563 9634 9633
f 9563 9564 9634
f 9564 9635 9634
f 9564 9565 9635
f 9565 9636 9635
f 9565 9566 9636
f 9566 9637 9636
f 9566 9567 9637
f 9567 9638 9637
f 9567 9568 9638
f 9568 9639 9638
f 9568 9569 9639
f 9569 9640 9639
f 9569 9570 9640
f 9570 9641 9640
f 9570 9571 9641
f 9571 9642 9641
f 9571 9572 9642
f 9572 9643 9642
f 9572 9573 9643
f 9573 9644 9643
f 9573 9574 9644
f 9574 9645 9644
f 9574 9575 9645
f 9575 9646 9645
f 9575 9576 9646
f 9576 9647 9646
f 9576 9577 9647
f 9577 9648 9647
f 9577 9578 9648
f 9578 9649 9648
f 9578 9579 9649
f 9579 9650 9649
f 9579 9580 9650
f 9580 9651 9650
f 9580 9581 9651
f 9581 9652 9651
f 9581 9582 9652
f 9582 9653 9652
f 9582 9583 9653
f 9583 9654 9653
f 9593 9661 9660
f 9593 9594 9661
f 9594 9662 9661
f 9594 9595 9662
f 9595 9663 9662
f 9595 9596 9663
f 9596 9664 9663
f 9596 9597 9664
f 9597 9665 9664
f 9597 9598 9665
f 9598 9666 9665
f 9598 9599 9666
f 9599 9667 9666
f 9599 9600 9667
f 9600 9668 9667
f 9600 9601 9668
f 9601 9669 9668
f 9601 9602 9669
f 9602 9670 9669
f 9602 9603 9670
f 9603 9671 9670
f 9603 9604 9671
f 9604 9672 9671
f 9604 9605 9672
f 9605 9673 9672
f 9605 9606 9673
f 9606 9674 9673
f 9606 9607 9674
f 9607 9675 9674
f 9607 9608 9675
f 9608 9676 9675
f 9608 9609 9676
f 9609 9677 9676
f 9609 9610 9677
f 9610 9678 9677
f 9610 9611 9678
f 9611 9679 9678
f 9611 9612 9679
f 9612 9680 9679
f 9612 9613 9680
f 9613 9681 9680
f 9613 9614 9681
f 9614 9682 9681
f 9614 9615 9682
f 9615 9683 9682
f 9615 9616 9683
f 9616 9684 9683
f 9616 9617 9684
f 9617 9685 9684
f 9617 9618 9685
f 9618 9686 9685
f 9618 9619 9686
f 9619 9687 9686
f 9619 9620 9687
f 9620 9688 9687
f 9620 9621 9688
f 9621 9689 9688
f 9621 9622 9689
f 9622 9690 9689
f 9622 9623 9690
f 9623 9691 9690
f 9623 9624 9691
f 9624 9692 9691
f 9624 9625 9692
f 9625 9693 9692
f 9625 9626 9693
f 9626 9694 9693
f 9626 9627 9694
f 9627 9695 9694
f 9627 9628 9695
f 9628 9696 9695
f 9628 9629 9696
f 9629 9697 9696
f 9629 9630 9697
f 9630 9698 9697
f 9630 9631 9698
f 9631 9699 9698
f 9631 9632 9699
f 9632 9700 9699
f 9632 9633 9700
f 9633 9701 9700
f 9633 9634 9701
f 9634 9702 9701
f 9634 9635 9702
f 9635 9703 9702
f 9635 9636 9703
f 9636 9704 9703
f 9636 9637 9704
f 9637 9705 9704
f 9637 9638 9705
f 9638 9706 9705
f 9638 9639 9706
f 9639 9707 9706
f 9639 9640 9707
f 9640 9708 9707
f 9640 9641 9708
f 9641 9709 9708
f 9641 9642 9709
f 9642 9710 9709
f 9642 9643 9710
f 9643 9711 9710
f 9643 9644 9711
f 9644 9712 9711
f 9644 9645 9712
f 9645 9713 9712
f 9645 9646 9713
f 9646 9714 9713
f 9646 9647 9714
f 9647 9715 9714
f 9647 9648 9715
f 9648 9716 9715
f 9648 9649 9716
f 9649 9717 9716
f 9649 9650 9717
f 9650 9718 9717
f 9650 9651 9718
f 9651 9719 9718
f 9651 9652 9719
f 9652 9720 9719
f 9652 9653 9720
f 9653 9721 9720
f 9653 9654 9721
f 9654 9722 9721
f 9654 9655 9722
f 9655 9723 9722
f 9655 9656 9723
f 9656 9724 9723
f 9660 9661 9727
f 9661 9728 9727
f 9661 9662 9728
f 9662 9729 9728
f 9662 9663 9729
f 9663 9730 9729
f 9663 9664 9730
f 9664 9731 9730
f 9664 9665 9731
f 9665 9732 9731
f 9665 9666 9732
f 9666 9733 9732
f 9666 9667 9733
f 9667 9734 9733
f 9667 9668 9734
f 9668 9735 9734
f 9668 9669 9735
f 9669 9736 9735
f 9669 9670 9736
f 9670 9737 9736
f 9670 9671 9737
f 9671 9738 9737
f 9671 9672 9738
f 9672 9739 9738
f 9672 9673 9739
f 9673 9740 9739
f 9673 9674 9740
f 9674 9741 9740
f 9674 9675 9741
f 9675 9742 9741
f 9675 9676 9742
f 9676 9743 9742
f 9676 9677 9743
f 9677 9744 9743
f 9677 9678 9744
f 9678 9745 9744
f 9678 9679 9745
f 9679 9746 9745
f 9679 9680 9746
f 9680 9747 9746
f 9680 9681 9747
f 9681 9748 9747
f 9681 9682 9748
f 9682 9749 9748
f 9682 9683 9749
f 9683 9750 9749
f 9683 9684 9750
f 9684 9751 9750
f 9684 9685 9751
f 9685 9752 9751
f 9685 9686 9752
f 9686 9753 9752
f 9686 9687 9753
f 9687 9754 9753
f 9687 9688 9754
f 9688 9755 9754
f 9688 9689 9755
f 9689 9756 9755
f 9689 9690 9756
f 9690 9757 9756
f 9690 9691 9757
f 9691 9758 9757
f 9691 9692 9758
f 9692 9759 9758
f 9692 9693 9759
f 9693 9760 9759
f 9693 9694 9760
f 9694 9761 9760
f 9694 9695 9761
f 9695 9762 9761
f 9695 9696 9762
f 9696 9763 9762
f 9696 9697 9763
f 9697 9764 9763
f 9697 9698 9764
f 9698 9765 9764
f 9698 9699 9765
f 9699 9766 9765
f 9699 9700 9766
f 9700 9767 9766
f 9700 9701 9767
f 9701 9768 9767
f 9701 9702 9768
f 9702 9769 9768
f 9702 9703 9769
f 9703 9770 9769
f 9703 9704 9770
f 9704 9771 9770
f 9704 9705 9771
f 9705 9772 9771
f 9705 9706 9772
f 9706 9773 9772
f 9706 9707 9773
f 9707 9774 9773
f 9707 9708 9774
f 9708 9775 9774
f 9708 9709 9775
f 9709 9776 9775
f 9709 9710 9776
f 9710 9777 9776
f 9710 9711 9777
f 9711 9778 9777
f 9711 9712 9778
f 9712 9779 9778
f 9712 9713 9779
f 9713 9780 9779
f 9713 9714 9780
f 9714 9781 9780
f 9714 9715 9781
f 9715 9782 9781
f 9715 9716 9782
f 9716 9783 9782
f 9716 9717 9783
f 9717 9784 9783
f 9717 9718 9784
f 9718 9785 9784
f 9718 9719 9785
f 9719 9786 9785
f 9719 9720 9786
f 9720 9787 9786
f 9720 9721 9787
f 9721 9788 9787
f 9721 9722 9788
f 9722 9789 9788
f 9722 9723 9789
f 9723 9790 9789
f 9723 9724 9790
f 9724 9791 9790
f 9724 9725 9791
f 9725 9792 9791
f 9725 9726 9792
f 9726 9793 9792
f 9727 9728 9795
f 9729 9730 9796
f 9731 9732 9797
f 9732 9798 9797
f 9732 9733 9798
f 9733 9799 9798
f 9733 9734 9799
f 9734 9800 9799
f 9734 9735 9800
f 9735 9801 9800
f 9735 9736 9801
f 9736 9802 9801
f 9736 9737 9802
f 9737 9803 9802
f 9737 9738 9803
f 9738 9804 9803
f 9738 9739 9804
f 9739 9805 9804
f 9739 9740 9805
f 9740 9806 9805
f 9740 9741 9806
f 9741 9807 9806
f 9741 9742 9807
f 9742 9808 9807
f 9742 9743 9808
f 9743 9809 9808
f 9743 9744 9809
f 9744 9810 9809
f 9744 9745 9810
f 9745 9811 9810
f 9745 9746 9811
f 9746 9812 9811
f 9746 9747 9812
f 9747 9813 9812
f 9747 9748 9813
f 9748 9814 9813
f 9748 9749 9814
f 9749 9815 9814
f 9749 9750 9815
f 9750 9816 9815
f 9750 9751 9816
f 9751 9817 9816
f 9751 9752 9817
f 9752 9818 9817
f 9752 9753 9818
f 9753 9819 9818
f 9753 9754 9819
f 9754 9820 9819
f 9754 9755 9820
f 9755 9821 9820
f 9755 9756 9821
f 9756 9822 9821
f 9756 9757 9822
f 9757 9823 9822
f 9757 9758 9823
f 9758 9824 9823
f 9758 9759 9824
f 9759 9825 9824
f 9759 9760 9825
f 9760 9826 9825
f 9760 9761 9826
f 9761 9827 9826
f 9761 9762 9827
f 9762 9828 9827
f 9762 9763 9828
f 9763 9829 9828
f 9763 9764 9829
f 9764 9830 9829
f 9764 9765 9830
f 9765 9831 9830
f 9765 9766 9831
f 9766 9832 9831
f 9766 9767 9832
f 9767 9833 9832
f 9767 9768 9833
f 9768 9834 9833
f 9768 9769 9834
f 9769 9835 9834
f 9769 9770 9835
f 9770 9836 9835
f 9770 9771 9836
f 9771 9837 9836
f 9771 9772 9837
f 9772 9838 9837
f 9772 9773 9838
f 9773 9839 9838
f 9773 9774 9839
f 9774 9840 9839
f 9774 9775 9840
f 9775 9841 9840
f 9775 9776 9841
f 9776 9842 9841
f 9776 9777 9842
f 9777 9843 9842
f 9777 9778 9843
f 9778 9844 9843
f 9778 9779 9844
f 9779 9845 9844
f 9779 9780 9845
f 9780 9846 9845
f 9780 9781 9846
f 9781 9847 9846
f 9781 9782 9847
f 9782 9848 9847
f 9782 9783 9848
f 9783 9849 9848
f 9783 9784 9849
f 9784 9850 9849
f 9784 9785 9850
f 9785 9851 9850
f 9785 9786 9851
f 9786 9852 9851
f 9786 9787 9852
f 9787 9853 9852
f 9787 9788 9853
f 9788 9854 9853
f 9788 9789 9854
f 9789 9855 9854
f 9789 9790 9855
f 9790 9856 9855
f 9790 9791 9856
f 9791 9857 9856
f 9791 9792 9857
f 9792 9858 9857
f 9792 9793 9858
f 9793 9859 9858
f 9793 9794 9859
f 9794 9860 9859
f 9797 9862 9861
f 9797 9798 9862
f 9798 9863 9862
f 9798 9799 9863
f 9799 9864 9863
f 9799 9800 9864
f 9800 9865 9864
f 9800 9801 9865
f 9801 9866 9865
f 9801 9802 9866
f 9802 9867 9866
f 9802 9803 9867
f 9803 9868 9867
f 9803 9804 9868
f 9804 9869 9868
f 9804 9805 9869
f 9805 9870 9869
f 9805 9806 9870
f 9806 9871 9870
f 9806 9807 9871
f 9807 9872 9871
f 9807 9808 9872
f 9808 9873 9872
f 9808 9809 9873
f 9809 9874 9873
f 9809 9810 9874
f 9810 9875 9874
f 9810 9811 9875
f 9811 9876 9875
f 9811 9812 9876
f 9812 9877 9876
f 9812 9813 9877
f 9813 9878 9877
f 9813 9814 9878
f 9814 9879 9878
f 9814 9815 9879
f 9815 9880 9879
f 9815 9816 9880
f 9816 9881 9880
f 9816 9817 9881
f 9817 9882 9881
f 9817 9818 9882
f 9818 9883 9882
f 9818 9819 9883
f 9819 9884 9883
f 9819 9820 9884
f 9820 9885 9884
f 9820 9821 9885
f 9821 9886 9885
f 9821 9822 9886
f 9822 9887 9886
f 9822 9823 9887
f 9823 9888 9887
f 9823 9824 9888
f 9824 9889 9888
f 9824 9825 9889
f 9825 9890 9889
f 9825 9826 9890
f 9826 9891 9890
f 9826 9827 9891
f 9827 9892 9891
f 9827 9828 9892
f 9828 9893 9892
f 9828 9829 9893
f 9829 9894 9893
f 9829 9830 9894
f 9830 9895 9894
f 9830 9831 9895
f 9831 9896 9895
f 9831 9832 9896
f 9832 9897 9896
f 9832 9833 9897
f 9833 9898 9897
f 9833 9834 9898
f 9834 9899 9898
f 9834 9835 9899
f 9835 9900 9899
f 9835 9836 9900
f 9836 9901 9900
f 9836 9837 9901
f 9837 9902 9901
f 9837 9838 9902
f 9838 9903 9902
f 9838 9839 9903
f 9839 9904 9903
f 9839 9840 9904
f 9840 9905 9904
f 9840 9841 9905
f 9841 9906 9905
f 9841 9842 9906
f 9842 9907 9906
f 9842 9843 9907
f 9843 9908 9907
f 9843 9844 9908
f 9844 9909 9908
f 9844 9845 9909
f 9845 9910 9909
f 9845 9846 9910
f 9846 9911 9910
f 9846 9847 9911
f 9847 9912 9911
f 9847 9848 9912
f 9848 9913 9912
f 9848 9849 9913
f 9849 9914 9913
f 9849 9850 9914
f 9850 9915 9914
f 9850 9851 9915
f 9851 9916 9915
f 9851 9852 9916
f 9852 9917 9916
f 9852 9853 9917
f 9853 9918 9917
f 9853 9854 9918
f 9854 9919 9918
f 9854 9855 9919
f 9855 9920 9919
f 9855 9856 9920
f 9856 9921 9920
f 9856 9857 9921
f 9857 9922 9921
f 9857 9858 9922
f 9858 9923 9922
f 9858 9859 9923
f 9859 9924 9923
f 9859 9860 9924
f 9860 9925 9924
f 9865 9866 9933
f 9866 9934 9933
f 9866 9867 9934
f 9868 9869 9935
f 9869 9936 9935
f 9869 9870 9936
f 9870 9937 9936
f 9870 9871 9937
f 9871 9938 9937
f 9871 9872 9938
f 9872 9939 9938
f 9872 9873 9939
f 9873 9940 9939
f 9873 9874 9940
f 9874 9941 9940
f 9874 9875 9941
f 9875 9942 9941
f 9875 9876 9942
f 9876 9943 9942
f 9876 9877 9943
f 9877 9944 9943
f 9877 9878 9944
f 9878 9945 9944
f 9878 9879 9945
f 9879 9946 9945
f 9879 9880 9946
f 9880 9947 9946
f 9880 9881 9947
f 9881 9948 9947
f 9881 9882 9948
f 9882 9949 9948
f 9882 9883 9949
f 9883 9950 9949
f 9883 9884 9950
f 9884 9951 9950
f 9884 9885 9951
f 9885 9952 9951
f 9885 9886 9952
f 9886 9953 9952
f 9886 9887 9953
f 9887 9954 9953
f 9887 9888 9954
f 9888 9955 9954
f 9888 9889 9955
f 9889 9956 9955
f 9889 9890 9956
f 9890 9957 9956
f 9890 9891 9957
f 9891 9958 9957
f 9891 9892 9958
f 9892 9959 9958
f 9892 9893 9959
f 9893 9960 9959
f 9893 9894 9960
f 9894 9961 9960
f 9894 9895 9961
f 9895 9962 9961
f 9895 9896 9962
f 9896 9963 9962
f 9896 9897 9963
f 9897 9964 9963
f 9897 9898 9964
f 9898 9965 9964
f 9898 9899 9965
f 9899 9966 9965
f 9899 9900 9966
f 9900 9967 9966
f 9900 9901 9967
f 9901 9968 9967
f 9901 9902 9968
f 9902 9969 9968
f 9902 9903 9969
f 9903 9970 9969
f 9903 9904 9970
f 9904 9971 9970
f 9904 9905 9971
f 9905 9972 9971
f 9905 9906 9972
f 9906 9973 9972
f 9906 9907 9973
f 9907 9974 9973
f 9907 9908 9974
f 9908 9975 9974
f 9908 9909 9975
f 9909 9976 9975
f 9909 9910 9976
f 9910 9977 9976
f 9910 9911 9977
f 9911 9978 9977
f 9911 9912 9978
f 9912 9979 9978
f 9912 9913 9979
f 9913 9980 9979
f 9913 9914 9980
f 9914 9981 9980
f 9914 9915 9981
f 9915 9982 9981
f 9915 9916 9982
f 9916 9983 9982
f 9916 9917 9983
f 9917 9984 9983
f 9917 9918 9984
f 9918 9985 9984
f 9918 9919 9985
f 9919 9986 9985
f 9919 9920 9986
f 9920 9987 9986
f 9920 9921 9987
f 9921 9988 9987
f 9921 9922 9988
f 9922 9989 9988
f 9922 9923 9989
f 9923 9990 9989
f 9923 9924 9990
f 9924 9991 9990
f 9924 9925 9991
f 9925 9992 9991
f 9925 9926 9992
f 9926 9993 9992
f 9927 9928 9999
f 9928 10000 9999
f 9930 10002 10001
f 9930 9931 10002
f 9935 9936 10007
f 9936 10008 10007
f 9936 9937 10008
f 9937 10009 10008
f 9937 9938 10009
f 9938 10010 10009
f 9938 9939 10010
f 9939 10011 10010
f 9939 9940 10011
f 9940 10012 10011
f 9940 9941 10012
f 9941 10013 10012
f 9941 9942 10013
f 9942 10014 10013
f 9942 9943 10014
f 9943 10015 10014
f 9943 9944 10015
f 9944 10016 10015
f 9944 9945 10016
f 9945 10017 10016
f 9945 9946 10017
f 9946 10018 10017
f 9946 9947 10018
f 9947 10019 10018
f 9947 9948 10019
f 9948 10020 10019
f 9948 9949 10020
f 9949 10021 10020
f 9949 9950 10021
f 9950 10022 10021
f 9950 9951 10022
f 9951 10023 10022
f 9951 9952 10023
f 9952 10024 10023
f 9952 9953 10024
f 9953 10025 10024
f 9953 9954 10025
f 9954 10026 10025
f 9954 9955 10026
f 9955 10027 10026
f 9955 9956 10027
f 9956 10028 10027
f 9956 9957 10028
f 9957 10029 10028
f 9957 9958 10029
f 9958 10030 10029
f 9958 9959 10030
f 9959 10031 10030
f 9959 9960 10031
f 9960 10032 10031
f 9960 9961 10032
f 9961 10033 10032
f 9961 9962 10033
f 9962 10034 10033
f 9962 9963 10034
f 9963 10035 10034
f 9963 9964 10035
f 9964 10036 10035
f 9964 9965 10036
f 9965 10037 10036
f 9965 9966 10037
f 9966 10038 10037
f 9966 9967 10038
f 9967 10039 10038
f 9967 9968 10039
f 9968 10040 10039
f 9968 9969 10040
f 9969 10041 10040
f 9969 9970 10041
f 9970 10042 10041
f 9970 9971 10042
f 9971 10043 10042
f 9971 9972 10043
f 9972 10044 10043
f 9972 9973 10044
f 9973 10045 10044
f 9973 9974 10045
f 9974 10046 10045
f 9974 9975 10046
f 9975 10047 10046
f 9975 9976 10047
f 9976 10048 10047
f 9976 9977 10048
f 9977 10049 10048
f 9977 9978 10049
f 9978 10050 10049
f 9978 9979 10050
f 9979 10051 10050
f 9979 9980 10051
f 9980 10052 10051
f 9980 9981 10052
f 9981 10053 10052
f 9981 9982 10053
f 9982 10054 10053
f 9982 9983 10054
f 9983 10055 10054
f 9983 9984 10055
f 9984 10056 10055
f 9984 9985 10056
f 9985 10057 10056
f 9985 9986 10057
f 9986 10058 10057
f 9986 9987 10058
f 9987 10059 10058
f 9987 9988 10059
f 9988 10060 10059
f 9988 9989 10060
f 9989 10061 10060
f 9989 9990 10061
f 9990 10062 10061
f 9990 9991 10062
f 9991 10063 10062
f 9991 9992 10063
f 9992 10064 10063
f 9992 9993 10064
f 9993 10065 10064
f 9993 9994 10065
f 9994 10066 10065
f 9994 9995 10066
f 9995 10067 10066
f 9995 9996 10067
f 9996 10068 10067
f 9996 9997 10068
f 9997 10069 10068
f 9997 9998 10069
f 9998 10070 10069
f 9999 10000 10074
f 10000 10075 10074
f 10010 10011 10083
f 10011 10084 10083
f 10011 10012 10084
f 10012 10085 10084
f 10012 10013 10085
f 10013 10086 10085
f 10013 10014 10086
f 10014 10087 10086
f 10014 10015 10087
f 10015 10088 10087
f 10015 10016 10088
f 10016 10089 10088
f 10016 10017 10089
f 10017 10090 10089
f 10017 10018 10090
f 10018 10091 10090
f 10018 10019 10091
f 10019 10092 10091
f 10019 10020 10092
f 10020 10093 10092
f 10020 10021 10093
f 10021 10094 10093
f 10021 10022 10094
f 10022 10095 10094
f 10022 10023 10095
f 10023 10096 10095
f 10023 10024 10096
f 10024 10097 10096
f 10024 10025 10097
f 10025 10098 10097
f 10025 10026 10098
f 10026 10099 10098
f 10026 10027 10099
f 10027 10100 10099
f 10027 10028 10100
f 10028 10101 10100
f 10028 10029 10101
f 10029 10102 10101
f 10029 10030 10102
f 10030 10103 10102
f 10030 10031 10103
f 10031 10104 10103
f 10031 10032 10104
f 10032 10105 10104
f 10032 10033 10105
f 10033 10106 10105
f 10033 10034 10106
f 10034 10107 10106
f 10034 10035 10107
f 10035 10108 10107
f 10035 10036 10108
f 10036 10109 10108
f 10036 10037 10109
f 10037 10110 10109
f 10037 10038 10110
f 10038 10111 10110
f 10038 10039 10111
f 10039 10112 10111
f 10039 10040 10112
f 10040 10113 10112
f 10040 10041 10113
f 10041 10114 10113
f 10041 10042 10114
f 10042 10115 10114
f 10042 10043 10115
f 10043 10116 10115
f 10043 10044 10116
f 10044 10117 10116
f 10044 10045 10117
f 10045 10118 10117
f 10045 10046 10118
f 10046 10119 10118
f 10046 10047 10119
f 10047 10120 10119
f 10047 10048 10120
f 10048 10121 10120
f 10048 10049 10121
f 10049 10122 10121
f 10049 10050 10122
f 10050 10123 10122
f 10050 10051 10123
f 10051 10124 10123
f 10051 10052 10124
f 10052 10125 10124
f 10052 10053 10125
f 10053 10126 10125
f 10053 10054 10126
f 10054 10127 10126
f 10054 10055 10127
f 10055 10128 10127
f 10055 10056 10128
f 10056 10129 10128
f 10056 10057 10129
f 10057 10130 10129
f 10057 10058 10130
f 10058 10131 10130
f 10058 10059 10131
f 10059 10132 10131
f 10059 10060 10132
f 10060 10133 10132
f 10060 10061 10133
f 10061 10134 10133
f 10061 10062 10134
f 10062 10135 10134
f 10062 10063 10135
f 10063 10136 10135
f 10063 10064 10136
f 10064 10137 10136
f 10064 10065 10137
f 10065 10138 10137
f 10065 10066 10138
f 10066 10139 10138
f 10066 10067 10139
f 10067 10140 10139
f 10067 10068 10140
f 10068 10141 10140
f 10068 10069 10141
f 10069 10142 10141
f 10069 10070 10142
f 10070 10143 10142
f 10070 10071 10143
f 10071 10144 10143
f 10071 10072 10144
f 10072 10145 10144
f 10073 10147 10146
f 10074 10150 10149
f 10074 10075 10150
f 10075 10151 10150
f 10075 10076 10151
f 10076 10152 10151
f 10076 10077 10152
f 10077 10153 10152
f 10078 10155 10154
f 10078 10079 10155
f 10079 10156 10155
f 10080 10081 10159
f 10081 10160 10159
f 10081 10082 10160
f 10082 10161 10160
f 10085 10086 10165
f 10086 10166 10165
f 10086 10087 10166
f 10087 10167 10166
f 10087 10088 10167
f 10088 10168 10167
f 10088 10089 10168
f 10089 10169 10168
f 10089 10090 10169
f 10090 10170 10169
f 10090 10091 10170
f 10091 10171 10170
f 10091 10092 10171
f 10092 10172 10171
f 10092 10093 10172
f 10093 10173 10172
f 10093 10094 10173
f 10094 10174 10173
f 10094 10095 10174
f 10095 10175 10174
f 10095 10096 10175
f 10096 10176 10175
f 10096 10097 10176
f 10097 10177 10176
f 10097 10098 10177
f 10098 10178 10177
f 10098 10099 10178
f 10099 10179 10178
f 10099 10100 10179
f 10100 10180 10179
f 10100 10101 10180
f 10101 10181 10180
f 10101 10102 10181
f 10102 10182 10181
f 10102 10103 10182
f 10103 10183 10182
f 10103 10104 10183
f 10104 10184 10183
f 10104 10105 10184
f 10105 10185 10184
f 10105 10106 10185
f 10106 10186 10185
f 10106 10107 10186
f 10107 10187 10186
f 10107 10108 10187
f 10108 10188 10187
f 10108 10109 10188
f 10109 10189 10188
f 10109 10110 10189
f 10110 10190 10189
f 10110 10111 10190
f 10111 10191 10190
f 10111 10112 10191
f 10112 10192 10191
f 10112 10113 10192
f 10113 10193 10192
f 10113 10114 10193
f 10114 10194 10193
f 10114 10115 10194
f 10115 10195 10194
f 10115 10116 10195
f 10116 10196 10195
f 10116 10117 10196
f 10117 10197 10196
f 10117 10118 10197
f 10118 10198 10197
f 10118 10119 10198
f 10119 10199 10198
f 10119 10120 10199
f 10120 10200 10199
f 10120 10121 10200
f 10121 10201 10200
f 10121 10122 10201
f 10122 10202 10201
f 10122 10123 10202
f 10123 10203 10202
f 10123 10124 10203
f 10124 10204 10203
f 10124 10125 10204
f 10125 10205 10204
f 10125 10126 10205
f 10126 10206 10205
f 10126 10127 10206
f 10127 10207 10206
f 10127 10128 10207
f 10128 10208 10207
f 10128 10129 10208
f 10129 10209 10208
f 10129 10130 10209
f 10130 10210 10209
f 10130 10131 10210
f 10131 10211 10210
f 10131 10132 10211
f 10132 10212 10211
f 10132 10133 10212
f 10133 10213 10212
f 10133 10134 10213
f 10134 10214 10213
f 10134 10135 10214
f 10135 10215 10214
f 10135 10136 10215
f 10136 10216 10215
f 10136 10137 10216
f 10137 10217 10216
f 10137 10138 10217
f 10138 10218 10217
f 10138 10139 10218
f 10139 10219 10218
f 10139 10140 10219
f 10140 10220 10219
f 10140 10141 10220
f 10141 10221 10220
f 10141 10142 10221
f 10142 10222 10221
f 10142 10143 10222
f 10143 10223 10222
f 10143 10144 10223
f 10144 10224 10223
f 10144 10145 10224
f 10145 10225 10224
f 10145 10146 10225
f 10146 10226 10225
f 10146 10147 10226
f 10147 10227 10226
f 10147 10148 10227
f 10148 10228 10227
f 10149 10150 10230
f 10150 10231 10230
f 10150 10151 10231
f 10151 10232 10231
f 10151 10152 10232
f 10152 10233 10232
f 10152 10153 10233
f 10153 10234 10233
f 10153 10154 10234
f 10154 10235 10234
f 10154 10155 10235
f 10155 10236 10235
f 10155 10156 10236
f 10156 10237 10236
f 10156 10157 10237
f 10157 10238 10237
f 10157 10158 10238
f 10158 10239 10238
f 10160 10161 10243
f 10166 10167 10247
f 10167 10248 10247
f 10167 10168 10248
f 10168 10249 10248
f 10168 10169 10249
f 10169 10250 10249
f 10169 10170 10250
f 10170 10251 10250
f 10170 10171 10251
f 10171 10252 10251
f 10171 10172 10252
f 10172 10253 10252
f 10172 10173 10253
f 10173 10254 10253
f 10173 10174 10254
f 10174 10255 10254
f 10174 10175 10255
f 10175 10256 10255
f 10175 10176 10256
f 10176 10257 10256
f 10176 10177 10257
f 10177 10258 10257
f 10177 10178 10258
f 10178 10259 10258
f 10178 10179 10259
f 10179 10260 10259
f 10179 10180 10260
f 10180 10261 10260
f 10180 10181 10261
f 10181 10262 10261
f 10181 10182 10262
f 10182 10263 10262
f 10182 10183 10263
f 10183 10264 10263
f 10183 10184 10264
f 10184 10265 10264
f 10184 10185 10265
f 10185 10266 10265
f 10185 10186 10266
f 10186 10267 10266
f 10186 10187 10267
f 10187 10268 10267
f 10187 10188 10268
f 10188 10269 10268
f 10188 10189 10269
f 10189 10270 10269
f 10189 10190 10270
f 10190 10271 10270
f 10190 10191 10271
f 10191 10272 10271
f 10191 10192 10272
f 10192 10273 10272
f 10192 10193 10273
f 10193 10274 10273
f 10193 10194 10274
f 10194 10275 10274
f 10194 10195 10275
f 10195 10276 10275
f 10195 10196 10276
f 10196 10277 10276
f 10196 10197 10277
f 10197 10278 10277
f 10197 10198 10278
f 10198 10279 10278
f 10198 10199 10279
f 10199 10280 10279
f 10199 10200 10280
f 10200 10281 10280
f 10200 10201 10281
f 10201 10282 10281
f 10201 10202 10282
f 10202 10283 10282
f 10202 10203 10283
f 10203 10284 10283
f 10203 10204 10284
f 10204 10285 10284
f 10204 10205 10285
f 10205 10286 10285
f 10205 10206 10286
f 10206 10287 10286
f 10206 10207 10287
f 10207 10288 10287
f 10207 10208 10288
f 10208 10289 10288
f 10208 10209 10289
f 10209 10290 10289
f 10209 10210 10290
f 10210 10291 10290
f 10210 10211 10291
f 10211 10292 10291
f 10211 10212 10292
f 10212 10293 10292
f 10212 10213 10293
f 10213 10294 10293
f 10213 10214 10294
f 10214 10295 10294
f 10214 10215 10295
f 10215 10296 10295
f 10215 10216 10296
f 10216 10297 10296
f 10216 10217 10297
f 10217 10298 10297
f 10217 10218 10298
f 10218 10299 10298
f 10218 10219 10299
f 10219 10300 10299
f 10219 10220 10300
f 10220 10301 10300
f 10220 10221 10301
f 10221 10302 10301
f 10221 10222 10302
f 10222 10303 10302
f 10222 10223 10303
f 10223 10304 10303
f 10223 10224 10304
f 10224 10305 10304
f 10224 10225 10305
f 10225 10306 10305
f 10225 10226 10306
f 10226 10307 10306
f 10226 10227 10307
f 10227 10308 10307
f 10227 10228 10308
f 10228 10309 10308
f 10228 10229 10309
f 10229 10310 10309
f 10230 10312 10311
f 10230 10231 10312
f 10231 10313 10312
f 10231 10232 10313
f 10232 10314 10313
f 10232 10233 10314
f 10233 10315 10314
f 10233 10234 10315
f 10234 10316 10315
f 10234 10235 10316
f 10235 10317 10316
f 10235 10236 10317
f 10236 10318 10317
f 10236 10237 10318
f 10237 10319 10318
f 10237 10238 10319
f 10238 10320 10319
f 10238 10239 10320
f 10239 10321 10320
f 10239 10240 10321
f 10240 10322 10321
f 10240 10241 10322
f 10241 10323 10322
f 10241 10242 10323
f 10243 10325 10324
f 10245 10330 10329
f 10249 10250 10333
f 10250 10334 10333
f 10250 10251 10334
f 10251 10335 10334
f 10251 10252 10335
f 10252 10336 10335
f 10252 10253 10336
f 10253 10337 10336
f 10253 10254 10337
f 10254 10338 10337
f 10254 10255 10338
f 10255 10339 10338
f 10255 10256 10339
f 10256 10340 10339
f 10256 10257 10340
f 10257 10341 10340
f 10257 10258 10341
f 10258 10342 10341
f 10258 10259 10342
f 10259 10343 10342
f 10259 10260 10343
f 10260 10344 10343
f 10260 10261 10344
f 10261 10345 10344
f 10261 10262 10345
f 10262 10346 10345
f 10262 10263 10346
f 10263 10347 10346
f 10263 10264 10347
f 10264 10348 10347
f 10264 10265 10348
f 10265 10349 10348
f 10265 10266 10349
f 10266 10350 10349
f 10266 10267 10350
f 10267 10351 10350
f 10267 10268 10351
f 10268 10352 10351
f 10268 10269 10352
f 10269 10353 10352
f 10269 10270 10353
f 10270 10354 10353
f 10270 10271 10354
f 10271 10355 10354
f 10271 10272 10355
f 10272 10356 10355
f 10272 10273 10356
f 10273 10357 10356
f 10273 10274 10357
f 10274 10358 10357
f 10274 10275 10358
f 10275 10359 10358
f 10275 10276 10359
f 10276 10360 10359
f 10276 10277 10360
f 10277 10361 10360
f 10277 10278 10361
f 10278 10362 10361
f 10278 10279 10362
f 10279 10363 10362
f 10279 10280 10363
f 10280 10364 10363
f 10280 10281 10364
f 10281 10365 10364
f 10281 10282 10365
f 10282 10366 10365
f 10282 10283 10366
f 10283 10367 10366
f 10283 10284 10367
f 10284 10368 10367
f 10284 10285 10368
f 10285 10369 10368
f 10285 10286 10369
f 10286 10370 10369
f 10286 10287 10370
f 10287 10371 10370
f 10287 10288 10371
f 10288 10372 10371
f 10288 10289 10372
f 10289 10373 10372
f 10289 10290 10373
f 10290 10374 10373
f 10290 10291 10374
f 10291 10375 10374
f 10291 10292 10375
f 10292 10376 10375
f 10292 10293 10376
f 10293 10377 10376
f 10293 10294 10377
f 10294 10378 10377
f 10294 10295 10378
f 10295 10379 10378
f 10295 10296 10379
f 10296 10380 10379
f 10296 10297 10380
f 10297 10381 10380
f 10297 10298 10381
f 10298 10382 10381
f 10298 10299 10382
f 10299 10383 10382
f 10299 10300 10383
f 10300 10384 10383
f 10300 10301 10384
f 10301 10385 10384
f 10301 10302 10385
f 10302 10386 10385
f 10302 10303 10386
f 10303 10387 10386
f 10303 10304 10387
f 10304 10388 10387
f 10304 10305 10388
f 10305 10389 10388
f 10305 10306 10389
f 10306 10390 10389
f 10306 10307 10390
f 10307 10391 10390
f 10307 10308 10391
f 10308 10392 10391
f 10308 10309 10392
f 10309 10393 10392
f 10309 10310 10393
f 10310 10394 10393
f 10310 10311 10394
f 10311 10395 10394
f 10311 10312 10395
f 10312 10396 10395
f 10312 10313 10396
f 10313 10397 10396
f 10313 10314 10397
f 10314 10398 10397
f 10314 10315 10398
f 10315 10399 10398
f 10315 10316 10399
f 10316 10400 10399
f 10316 10317 10400
f 10317 10401 10400
f 10317 10318 10401
f 10318 10402 10401
f 10318 10319 10402
f 10319 10403 10402
f 10319 10320 10403
f 10320 10404 10403
f 10320 10321 10404
f 10321 10405 10404
f 10321 10322 10405
f 10322 10406 10405
f 10322 10323 10406
f 10323 10407 10406
f 10324 10409 10408
f 10324 10325 10409
f 10325 10410 10409
f 10325 10326 10410
f 10326 10411 10410
f 10326 10327 10411
f 10327 10412 10411
f 10328 10414 10413
f 10329 10416 10415
f 10329 10330 10416
f 10330 10417 10416
f 10330 10331 10417
f 10331 10418 10417
f 10331 10332 10418
f 10332 10419 10418
f 10335 10336 10420
f 10337 10338 10421
f 10338 10422 10421
f 10338 10339 10422
f 10339 10423 10422
f 10339 10340 10423
f 10340 10424 10423
f 10340 10341 10424
f 10341 10425 10424
f 10341 10342 10425
f 10342 10426 10425
f 10342 10343 10426
f 10343 10427 10426
f 10343 10344 10427
f 10344 10428 10427
f 10344 10345 10428
f 10345 10429 10428
f 10345 10346 10429
f 10346 10430 10429
f 10346 10347 10430
f 10347 10431 10430
f 10347 10348 10431
f 10348 10432 10431
f 10348 10349 10432
f 10349 10433 10432
f 10349 10350 10433
f 10350 10434 10433
f 10350 10351 10434
f 10351 10435 10434
f 10351 10352 10435
f 10352 10436 10435
f 10352 10353 10436
f 10353 10437 10436
f 10353 10354 10437
f 10354 10438 10437
f 10354 10355 10438
f 10355 10439 10438
f 10355 10356 10439
f 10356 10440 10439
f 10356 10357 10440
f 10357 10441 10440
f 10357 10358 10441
f 10358 10442 10441
f 10358 10359 10442
f 10359 10443 10442
f 10359 10360 10443
f 10360 10444 10443
f 10360 10361 10444
f 10361 10445 10444
f 10361 10362 10445
f 10362 10446 10445
f 10362 10363 10446
f 10363 10447 10446
f 10363 10364 10447
f 10364 10448 10447
f 10364 10365 10448
f 10365 10449 10448
f 10365 10366 10449
f 10366 10450 10449
f 10366 10367 10450
f 10367 10451 10450
f 10367 10368 10451
f 10368 10452 10451
f 10368 10369 10452
f 10369 10453 10452
f 10369 10370 10453
f 10370 10454 10453
f 10370 10371 10454
f 10371 10455 10454
f 10371 10372 10455
f 10372 10456 10455
f 10372 10373 10456
f 10373 10457 10456
f 10373 10374 10457
f 10374 10458 10457
f 10374 10375 10458
f 10375 10459 10458
f 10375 10376 10459
f 10376 10460 10459
f 10376 10377 10460
f 10377 10461 10460
f 10377 10378 10461
f 10378 10462 10461
f 10378 10379 10462
f 10379 10463 10462
f 10379 10380 10463
f 10380 10464 10463
f 10380 10381 10464
f 10381 10465 10464
f 10381 10382 10465
f 10382 10466 10465
f 10382 10383 10466
f 10383 10467 10466
f 10383 10384 10467
f 10384 10468 10467
f 10384 10385 10468
f 10385 10469 10468
f 10385 10386 10469
f 10386 10470 10469
f 10386 10387 10470
f 10387 10471 10470
f 10387 10388 10471
f 10388 10472 10471
f 10388 10389 10472
f 10389 10473 10472
f 10389 10390 10473
f 10390 10474 10473
f 10390 10391 10474
f 10391 10475 10474
f 10391 10392 10475
f 10392 10476 10475
f 10392 10393 10476
f 10393 10477 10476
f 10393 10394 10477
f 10394 10478 10477
f 10394 10395 10478
f 10395 10479 10478
f 10395 10396 10479
f 10396 10480 10479
f 10396 10397 10480
f 10397 10481 10480
f 10397 10398 10481
f 10398 10482 10481
f 10398 10399 10482
f 10399 10483 10482
f 10399 10400 10483
f 10400 10484 10483
f 10400 10401 10484
f 10401 10485 10484
f 10401 10402 10485
f 10402 10486 10485
f 10402 10403 10486
f 10403 10487 10486
f 10403 10404 10487
f 10404 10488 10487
f 10404 10405 10488
f 10405 10489 10488
f 10405 10406 10489
f 10406 10490 10489
f 10406 10407 10490
f 10407 10491 10490
f 10407 10408 10491
f 10408 10492 10491
f 10408 10409 10492
f 10409 10493 10492
f 10409 10410 10493
f 10410 10494 10493
f 10410 10411 10494
f 10411 10495 10494
f 10411 10412 10495
f 10412 10496 10495
f 10412 10413 10496
f 10413 10497 10496
f 10413 10414 10497
f 10414 10498 10497
f 10414 10415 10498
f 10415 10499 10498
f 10415 10416 10499
f 10416 10500 10499
f 10416 10417 10500
f 10417 10501 10500
f 10417 10418 10501
f 10418 10502 10501
f 10418 10419 10502
f 10419 10503 10502
f 10425 10426 10507
f 10426 10508 10507
f 10426 10427 10508
f 10427 10509 10508
f 10427 10428 10509
f 10428 10510 10509
f 10428 10429 10510
f 10429 10511 10510
f 10429 10430 10511
f 10430 10512 10511
f 10430 10431 10512
f 10432 10433 10513
f 10433 10514 10513
f 10433 10434 10514
f 10434 10515 10514
f 10434 10435 10515
f 10435 10516 10515
f 10435 10436 10516
f 10436 10517 10516
f 10436 10437 10517
f 10437 10518 10517
f 10437 10438 10518
f 10438 10519 10518
f 10438 10439 10519
f 10439 10520 10519
f 10439 10440 10520
f 10440 10521 10520
f 10440 10441 10521
f 10441 10522 10521
f 10441 10442 10522
f 10442 10523 10522
f 10442 10443 10523
f 10443 10524 10523
f 10443 10444 10524
f 10444 10525 10524
f 10444 10445 10525
f 10445 10526 10525
f 10445 10446 10526
f 10446 10527 10526
f 10446 10447 10527
f 10447 10528 10527
f 10447 10448 10528
f 10448 10529 10528
f 10448 10449 10529
f 10449 10530 10529
f 10449 10450 10530
f 10450 10531 10530
f 10450 10451 10531
f 10451 10532 10531
f 10451 10452 10532
f 10452 10533 10532
f 10452 10453 10533
f 10453 10534 10533
f 10453 10454 10534
f 10454 10535 10534
f 10454 10455 10535
f 10455 10536 10535
f 10455 10456 10536
f 10457 10458 10537
f 10458 10538 10537
f 10458 10459 10538
f 10459 10539 10538
f 10459 10460 10539
f 10460 10540 10539
f 10460 10461 10540
f 10461 10541 10540
f 10461 10462 10541
f 10462 10542 10541
f 10462 10463 10542
f 10463 10543 10542
f 10463 10464 10543
f 10464 10544 10543
f 10464 10465 10544
f 10465 10545 10544
f 10465 10466 10545
f 10466 10546 10545
f 10466 10467 10546
f 10467 10547 10546
f 10467 10468 10547
f 10468 10548 10547
f 10468 10469 10548
f 10469 10549 10548
f 10469 10470 10549
f 10470 10550 10549
f 10470 10471 10550
f 10471 10551 10550
f 10471 10472 10551
f 10472 10552 10551
f 10472 10473 10552
f 10473 10553 10552
f 10473 10474 10553
f 10474 10554 10553
f 10474 10475 10554
f 10475 10555 10554
f 10475 10476 10555
f 10476 10556 10555
f 10476 10477 10556
f 10477 10557 10556
f 10477 10478 10557
f 10478 10558 10557
f 10478 10479 10558
f 10480 10481 10559
f 10481 10560 10559
f 10481 10482 10560
f 10482 10561 10560
f 10482 10483 10561
f 10483 10562 10561
f 10483 10484 10562
f 10484 10563 10562
f 10484 10485 10563
f 10485 10564 10563
f 10485 10486 10564
f 10486 10565 10564
f 10486 10487 10565
f 10487 10566 10565
f 10487 10488 10566
f 10488 10567 10566
f 10488 10489 10567
f 10489 10568 10567
f 10489 10490 10568
f 10490 10569 10568
f 10490 10491 10569
f 10491 10570 10569
f 10491 10492 10570
f 10492 10571 10570
f 10492 10493 10571
f 10493 10572 10571
f 10493 10494 10572
f 10494 10573 10572
f 10494 10495 10573
f 10495 10574 10573
f 10495 10496 10574
f 10496 10575 10574
f 10496 10497 10575
f 10497 10576 10575
f 10497 10498 10576
f 10498 10577 10576
f 10498 10499 10577
f 10499 10578 10577
f 10499 10500 10578
f 10500 10579 10578
f 10500 10501 10579
f 10502 10503 10580
f 10503 10581 10580
f 10509 10510 10585
f 10510 10586 10585
f 10510 10511 10586
f 10511 10587 10586
f 10511 10512 10587
f 10513 10589 10588
f 10513 10514 10589
f 10514 10590 10589
f 10514 10515 10590
f 10515 10591 10590
f 10515 10516 10591
f 10516 10592 10591
f 10516 10517 10592
f 10517 10593 10592
f 10517 10518 10593
f 10518 10594 10593
f 10518 10519 10594
f 10519 10595 10594
f 10519 10520 10595
f 10520 10596 10595
f 10520 10521 10596
f 10521 10597 10596
f 10521 10522 10597
f 10522 10598 10597
f 10522 10523 10598
f 10523 10599 10598
f 10523 10524 10599
f 10524 10600 10599
f 10524 10525 10600
f 10525 10601 10600
f 10525 10526 10601
f 10526 10602 10601
f 10526 10527 10602
f 10527 10603 10602
f 10527 10528 10603
f 10528 10604 10603
f 10528 10529 10604
f 10529 10605 10604
f 10529 10530 10605
f 10530 10606 10605
f 10530 10531 10606
f 10531 10607 10606
f 10531 10532 10607
f 10532 10608 10607
f 10532 10533 10608
f 10533 10609 10608
f 10533 10534 10609
f 10534 10610 10609
f 10534 10535 10610
f 10535 10611 10610
f 10535 10536 10611
f 10537 10613 10612
f 10537 10538 10613
f 10538 10614 10613
f 10538 10539 10614
f 10539 10615 10614
f 10539 10540 10615
f 10540 10616 10615
f 10540 10541 10616
f 10541 10617 10616
f 10541 10542 10617
f 10542 10618 10617
f 10542 10543 10618
f 10543 10619 10618
f 10543 10544 10619
f 10544 10620 10619
f 10544 10545 10620
f 10545 10621 10620
f 10545 10546 10621
f 10546 10622 10621
f 10546 10547 10622
f 10547 10623 10622
f 10547 10548 10623
f 10548 10624 10623
f 10548 10549 10624
f 10549 10625 10624
f 10549 10550 10625
f 10550 10626 10625
f 10550 10551 10626
f 10551 10627 10626
f 10551 10552 10627
f 10552 10628 10627
f 10552 10553 10628
f 10553 10629 10628
f 10553 10554 10629
f 10554 10630 10629
f 10554 10555 10630
f 10555 10631 10630
f 10555 10556 10631
f 10556 10632 10631
f 10556 10557 10632
f 10557 10633 10632
f 10557 10558 10633
f 10558 10634 10633
f 10559 10636 10635
f 10559 10560 10636
f 10560 10637 10636
f 10560 10561 10637
f 10561 10638 10637
f 10561 10562 10638
f 10562 10639 10638
f 10562 10563 10639
f 10563 10640 10639
f 10563 10564 10640
f 10564 10641 10640
f 10564 10565 10641
f 10565 10642 10641
f 10565 10566 10642
f 10566 10643 10642
f 10566 10567 10643
f 10567 10644 10643
f 10567 10568 10644
f 10568 10645 10644
f 10568 10569 10645
f 10569 10646 10645
f 10569 10570 10646
f 10570 10647 10646
f 10570 10571 10647
f 10571 10648 10647
f 10571 10572 10648
f 10572 10649 10648
f 10572 10573 10649
f 10573 10650 10649
f 10573 10574 10650
f 10574 10651 10650
f 10574 10575 10651
f 10575 10652 10651
f 10575 10576 10652
f 10576 10653 10652
f 10576 10577 10653
f 10577 10654 10653
f 10577 10578 10654
f 10578 10655 10654
f 10578 10579 10655
f 10579 10656 10655
f 10580 10658 10657
f 10580 10581 10658
f 10581 10659 10658
f 10581 10582 10659
f 10582 10660 10659
f 10590 10591 10664
f 10591 10665 10664
f 10591 10592 10665
f 10592 10666 10665
f 10592 10593 10666
f 10593 10667 10666
f 10593 10594 10667
f 10594 10668 10667
f 10594 10595 10668
f 10595 10669 10668
f 10595 10596 10669
f 10596 10670 10669
f 10596 10597 10670
f 10597 10671 10670
f 10597 10598 10671
f 10598 10672 10671
f 10598 10599 10672
f 10599 10673 10672
f 10599 10600 10673
f 10600 10674 10673
f 10600 10601 10674
f 10601 10675 10674
f 10601 10602 10675
f 10602 10676 10675
f 10602 10603 10676
f 10603 10677 10676
f 10603 10604 10677
f 10604 10678 10677
f 10604 10605 10678
f 10605 10679 10678
f 10605 10606 10679
f 10606 10680 10679
f 10606 10607 10680
f 10607 10681 10680
f 10607 10608 10681
f 10608 10682 10681
f 10608 10609 10682
f 10609 10683 10682
f 10609 10610 10683
f 10610 10684 10683
f 10610 10611 10684
f 10612 10686 10685
f 10612 10613 10686
f 10613 10687 10686
f 10613 10614 10687
f 10614 10688 10687
f 10614 10615 10688
f 10615 10689 10688
f 10615 10616 10689
f 10616 10690 10689
f 10616 10617 10690
f 10617 10691 10690
f 10617 10618 10691
f 10618 10692 10691
f 10618 10619 10692
f 10619 10693 10692
f 10619 10620 10693
f 10620 10694 10693
f 10620 10621 10694
f 10621 10695 10694
f 10621 10622 10695
f 10622 10696 10695
f 10622 10623 10696
f 10623 10697 10696
f 10623 10624 10697
f 10624 10698 10697
f 10624 10625 10698
f 10625 10699 10698
f 10625 10626 10699
f 10626 10700 10699
f 10626 10627 10700
f 10627 10701 10700
f 10627 10628 10701
f 10628 10702 10701
f 10628 10629 10702
f 10629 10703 10702
f 10629 10630 10703
f 10630 10704 10703
f 10630 10631 10704
f 10631 10705 10704
f 10631 10632 10705
f 10632 10706 10705
f 10632 10633 10706
f 10633 10707 10706
f 10633 10634 10707
f 10634 10708 10707
f 10634 10635 10708
f 10635 10709 10708
f 10635 10636 10709
f 10636 10710 10709
f 10636 10637 10710
f 10637 10711 10710
f 10637 10638 10711
f 10638 10712 10711
f 10638 10639 10712
f 10639 10713 10712
f 10639 10640 10713
f 10640 10714 10713
f 10640 10641 10714
f 10641 10715 10714
f 10641 10642 10715
f 10642 10716 10715
f 10642 10643 10716
f 10643 10717 10716
f 10643 10644 10717
f 10644 10718 10717
f 10644 10645 10718
f 10645 10719 10718
f 10645 10646 10719
f 10646 10720 10719
f 10646 10647 10720
f 10647 10721 10720
f 10647 10648 10721
f 10648 10722 10721
f 10648 10649 10722
f 10649 10723 10722
f 10649 10650 10723
f 10650 10724 10723
f 10650 10651 10724
f 10651 10725 10724
f 10651 10652 10725
f 10652 10726 10725
f 10652 10653 10726
f 10653 10727 10726
f 10653 10654 10727
f 10654 10728 10727
f 10654 10655 10728
f 10655 10729 10728
f 10655 10656 10729
f 10656 10730 10729
f 10656 10657 10730
f 10657 10731 10730
f 10657 10658 10731
f 10658 10732 10731
f 10658 10659 10732
f 10659 10733 10732
f 10659 10660 10733
f 10660 10734 10733
f 10660 10661 10734
f 10661 10735 10734
f 10662 10737 10736
f 10662 10663 10737
f 10663 10738 10737
f 10664 10665 10742
f 10665 10743 10742
f 10665 10666 10743
f 10666 10744 10743
f 10666 10667 10744
f 10667 10745 10744
f 10667 10668 10745
f 10668 10746 10745
f 10668 10669 10746
f 10669 10747 10746
f 10669 10670 10747
f 10670 10748 10747
f 10670 10671 10748
f 10671 10749 10748
f 10671 10672 10749
f 10672 10750 10749
f 10672 10673 10750
f 10673 10751 10750
f 10673 10674 10751
f 10674 10752 10751
f 10674 10675 10752
f 10675 10753 10752
f 10675 10676 10753
f 10676 10754 10753
f 10676 10677 10754
f 10677 10755 10754
f 10677 10678 10755
f 10678 10756 10755
f 10678 10679 10756
f 10679 10757 10756
f 10679 10680 10757
f 10680 10758 10757
f 10680 10681 10758
f 10681 10759 10758
f 10681 10682 10759
f 10682 10760 10759
f 10682 10683 10760
f 10683 10761 10760
f 10683 10684 10761
f 10685 10763 10762
f 10685 10686 10763
f 10686 10764 10763
f 10686 10687 10764
f 10687 10765 10764
f 10687 10688 10765
f 10688 10766 10765
f 10688 10689 10766
f 10689 10767 10766
f 10689 10690 10767
f 10690 10768 10767
f 10690 10691 10768
f 10691 10769 10768
f 10691 10692 10769
f 10692 10770 10769
f 10692 10693 10770
f 10693 10771 10770
f 10693 10694 10771
f 10694 10772 10771
f 10694 10695 10772
f 10695 10773 10772
f 10695 10696 10773
f 10696 10774 10773
f 10696 10697 10774
f 10697 10775 10774
f 10697 10698 10775
f 10698 10776 10775
f 10698 10699 10776
f 10699 10777 10776
f 10699 10700 10777
f 10700 10778 10777
f 10700 10701 10778
f 10701 10779 10778
f 10701 10702 10779
f 10702 10780 10779
f 10702 10703 10780
f 10703 10781 10780
f 10703 10704 10781
f 10704 10782 10781
f 10704 10705 10782
f 10705 10783 10782
f 10705 10706 10783
f 10706 10784 10783
f 10706 10707 10784
f 10707 10785 10784
f 10707 10708 10785
f 10708 10786 10785
f 10708 10709 10786
f 10709 10787 10786
f 10709 10710 10787
f 10710 10788 10787
f 10710 10711 10788
f 10711 10789 10788
f 10711 10712 10789
f 10712 10790 10789
f 10712 10713 10790
f 10713 10791 10790
f 10713 10714 10791
f 10714 10792 10791
f 10714 10715 10792
f 10715 10793 10792
f 10715 10716 10793
f 10716 10794 10793
f 10716 10717 10794
f 10717 10795 10794
f 10717 10718 10795
f 10718 10796 10795
f 10718 10719 10796
f 10719 10797 10796
f 10719 10720 10797
f 10720 10798 10797
f 10720 10721 10798
f 10721 10799 10798
f 10721 10722 10799
f 10722 10800 10799
f 10722 10723 10800
f 10723 10801 10800
f 10723 10724 10801
f 10724 10802 10801
f 10724 10725 10802
f 10725 10803 10802
f 10725 10726 10803
f 10726 10804 10803
f 10726 10727 10804
f 10727 10805 10804
f 10727 10728 10805
f 10728 10806 10805
f 10728 10729 10806
f 10729 10807 10806
f 10729 10730 10807
f 10730 10808 10807
f 10730 10731 10808
f 10731 10809 10808
f 10731 10732 10809
f 10732 10810 10809
f 10732 10733 10810
f 10733 10811 10810
f 10733 10734 10811
f 10734 10812 10811
f 10734 10735 10812
f 10735 10813 10812
f 10735 10736 10813
f 10736 10814 10813
f 10736 10737 10814
f 10737 10815 10814
f 10737 10738 10815
f 10738 10816 10815
f 10738 10739 10816
f 10739 10817 10816
f 10740 10741 10819
f 10748 10749 10820
f 10749 10821 10820
f 10749 10750 10821
f 10750 10822 10821
f 10750 10751 10822
f 10751 10823 10822
f 10751 10752 10823
f 10752 10824 10823
f 10752 10753 10824
f 10753 10825 10824
f 10753 10754 10825
f 10754 10826 10825
f 10754 10755 10826
f 10755 10827 10826
f 10755 10756 10827
f 10756 10828 10827
f 10756 10757 10828
f 10757 10829 10828
f 10757 10758 10829
f 10758 10830 10829
f 10758 10759 10830
f 10759 10831 10830
f 10759 10760 10831
f 10760 10832 10831
f 10760 10761 10832
f 10762 10763 10833
f 10763 10834 10833
f 10763 10764 10834
f 10764 10835 10834
f 10764 10765 10835
f 10765 10836 10835
f 10765 10766 10836
f 10766 10837 10836
f 10766 10767 10837
f 10767 10838 10837
f 10767 10768 10838
f 10768 10839 10838
f 10768 10769 10839
f 10769 10840 10839
f 10769 10770 10840
f 10770 10841 10840
f 10770 10771 10841
f 10771 10842 10841
f 10771 10772 10842
f 10772 10843 10842
f 10772 10773 10843
f 10773 10844 10843
f 10773 10774 10844
f 10774 10845 10844
f 10774 10775 10845
f 10775 10846 10845
f 10775 10776 10846
f 10776 10847 10846
f 10776 10777 10847
f 10777 10848 10847
f 10777 10778 10848
f 10778 10849 10848
f 10778 10779 10849
f 10780 10781 10850
f 10782 10783 10851
f 10783 10852 10851
f 10783 10784 10852
f 10784 10853 10852
f 10784 10785 10853
f 10785 10854 10853
f 10785 10786 10854
f 10786 10855 10854
f 10786 10787 10855
f 10787 10856 10855
f 10787 10788 10856
f 10788 10857 10856
f 10788 10789 10857
f 10789 10858 10857
f 10789 10790 10858
f 10790 10859 10858
f 10790 10791 10859
f 10791 10860 10859
f 10791 10792 10860
f 10792 10861 10860
f 10792 10793 10861
f 10793 10862 10861
f 10793 10794 10862
f 10794 10863 10862
f 10794 10795 10863
f 10795 10864 10863
f 10795 10796 10864
f 10796 10865 10864
f 10796 10797 10865
f 10797 10866 10865
f 10797 10798 10866
f 10798 10867 10866
f 10798 10799 10867
f 10799 10868 10867
f 10799 10800 10868
f 10800 10869 10868
f 10800 10801 10869
f 10801 10870 10869
f 10801 10802 10870
f 10802 10871 10870
f 10802 10803 10871
f 10803 10872 10871
f 10803 10804 10872
f 10804 10873 10872
f 10804 10805 10873
f 10805 10874 10873
f 10805 10806 10874
f 10806 10875 10874
f 10806 10807 10875
f 10807 10876 10875
f 10807 10808 10876
f 10808 10877 10876
f 10808 10809 10877
f 10809 10878 10877
f 10809 10810 10878
f 10810 10879 10878
f 10810 10811 10879
f 10811 10880 10879
f 10811 10812 10880
f 10812 10881 10880
f 10812 10813 10881
f 10815 10816 10882
f 10816 10883 10882
f 10816 10817 10883
f 10817 10884 10883
f 10817 10818 10884
f 10818 10885 10884
f 10820 10821 10888
f 10821 10889 10888
f 10821 10822 10889
f 10822 10890 10889
f 10822 10823 10890
f 10823 10891 10890
f 10823 10824 10891
f 10824 10892 10891
f 10824 10825 10892
f 10825 10893 10892
f 10825 10826 10893
f 10826 10894 10893
f 10826 10827 10894
f 10827 10895 10894
f 10827 10828 10895
f 10828 10896 10895
f 10828 10829 10896
f 10829 10897 10896
f 10829 10830 10897
f 10830 10898 10897
f 10830 10831 10898
f 10833 10900 10899
f 10833 10834 10900
f 10834 10901 10900
f 10834 10835 10901
f 10835 10902 10901
f 10835 10836 10902
f 10836 10903 10902
f 10836 10837 10903
f 10837 10904 10903
f 10837 10838 10904
f 10838 10905 10904
f 10838 10839 10905
f 10839 10906 10905
f 10839 10840 10906
f 10840 10907 10906
f 10840 10841 10907
f 10841 10908 10907
f 10841 10842 10908
f 10842 10909 10908
f 10842 10843 10909
f 10843 10910 10909
f 10843 10844 10910
f 10844 10911 10910
f 10844 10845 10911
f 10845 10912 10911
f 10845 10846 10912
f 10847 10848 10913
f 10851 10852 10915
f 10852 10916 10915
f 10852 10853 10916
f 10853 10917 10916
f 10853 10854 10917
f 10854 10918 10917
f 10854 10855 10918
f 10855 10919 10918
f 10855 10856 10919
f 10856 10920 10919
f 10856 10857 10920
f 10857 10921 10920
f 10857 10858 10921
f 10858 10922 10921
f 10858 10859 10922
f 10859 10923 10922
f 10859 10860 10923
f 10860 10924 10923
f 10860 10861 10924
f 10861 10925 10924
f 10861 10862 10925
f 10862 10926 10925
f 10862 10863 10926
f 10863 10927 10926
f 10863 10864 10927
f 10864 10928 10927
f 10864 10865 10928
f 10865 10929 10928
f 10865 10866 10929
f 10866 10930 10929
f 10866 10867 10930
f 10867 10931 10930
f 10867 10868 10931
f 10868 10932 10931
f 10868 10869 10932
f 10869 10933 10932
f 10869 10870 10933
f 10870 10934 10933
f 10870 10871 10934
f 10871 10935 10934
f 10871 10872 10935
f 10872 10936 10935
f 10872 10873 10936
f 10873 10937 10936
f 10873 10874 10937
f 10874 10938 10937
f 10874 10875 10938
f 10875 10939 10938
f 10875 10876 10939
f 10876 10940 10939
f 10876 10877 10940
f 10877 10941 10940
f 10877 10878 10941
f 10878 10942 10941
f 10878 10879 10942
f 10879 10943 10942
f 10879 10880 10943
f 10880 10944 10943
f 10880 10881 10944
f 10881 10945 10944
f 10882 10947 10946
f 10882 10883 10947
f 10883 10948 10947
f 10883 10884 10948
f 10884 10949 10948
f 10884 10885 10949
f 10886 10887 10950
f 10887 10951 10950
f 10892 10893 10952
f 10893 10953 10952
f 10893 10894 10953
f 10894 10954 10953
f 10894 10895 10954
f 10895 10955 10954
f 10895 10896 10955
f 10896 10956 10955
f 10896 10897 10956
f 10897 10957 10956
f 10897 10898 10957
f 10900 10901 10959
f 10901 10960 10959
f 10901 10902 10960
f 10902 10961 10960
f 10902 10903 10961
f 10903 10962 10961
f 10903 10904 10962
f 10904 10963 10962
f 10904 10905 10963
f 10905 10964 10963
f 10905 10906 10964
f 10906 10965 10964
f 10906 10907 10965
f 10907 10966 10965
f 10907 10908 10966
f 10908 10967 10966
f 10908 10909 10967
f 10909 10968 10967
f 10909 10910 10968
f 10910 10969 10968
f 10910 10911 10969
f 10911 10970 10969
f 10911 10912 10970
f 10912 10971 10970
f 10916 10917 10976
f 10917 10977 10976
f 10917 10918 10977
f 10918 10978 10977
f 10918 10919 10978
f 10919 10979 10978
f 10919 10920 10979
f 10920 10980 10979
f 10920 10921 10980
f 10921 10981 10980
f 10921 10922 10981
f 10922 10982 10981
f 10922 10923 10982
f 10923 10983 10982
f 10923 10924 10983
f 10924 10984 10983
f 10924 10925 10984
f 10925 10985 10984
f 10925 10926 10985
f 10926 10986 10985
f 10926 10927 10986
f 10927 10987 10986
f 10927 10928 10987
f 10928 10988 10987
f 10928 10929 10988
f 10929 10989 10988
f 10929 10930 10989
f 10930 10990 10989
f 10930 10931 10990
f 10931 10991 10990
f 10931 10932 10991
f 10932 10992 10991
f 10932 10933 10992
f 10933 10993 10992
f 10933 10934 10993
f 10934 10994 10993
f 10934 10935 10994
f 10935 10995 10994
f 10935 10936 10995
f 10936 10996 10995
f 10936 10937 10996
f 10937 10997 10996
f 10937 10938 10997
f 10938 10998 10997
f 10938 10939 10998
f 10939 10999 10998
f 10939 10940 10999
f 10940 11000 10999
f 10940 10941 11000
f 10941 11001 11000
f 10941 10942 11001
f 10942 11002 11001
f 10942 10943 11002
f 10943 11003 11002
f 10943 10944 11003
f 10944 11004 11003
f 10944 10945 11004
f 10945 11005 11004
f 10946 10947 11006
f 10947 11007 11006
f 10947 10948 11007
f 10948 11008 11007
f 10948 10949 11008
f 10949 11009 11008
f 10950 10951 11011
f 10951 11012 11011
f 10953 10954 11015
f 10954 11016 11015
f 10954 10955 11016
f 10955 11017 11016
f 10955 10956 11017
f 10956 11018 11017
f 10956 10957 11018
f 10960 10961 11019
f 10961 11020 11019
f 10961 10962 11020
f 10962 11021 11020
f 10962 10963 11021
f 10963 11022 11021
f 10963 10964 11022
f 10964 11023 11022
f 10964 10965 11023
f 10965 11024 11023
f 10965 10966 11024
f 10968 10969 11025
f 10969 11026 11025
f 10969 10970 11026
f 10973 10974 11028
f 10976 11031 11030
f 10976 10977 11031
f 10977 11032 11031
f 10977 10978 11032
f 10978 11033 11032
f 10978 10979 11033
f 10979 11034 11033
f 10979 10980 11034
f 10980 11035 11034
f 10980 10981 11035
f 10981 11036 11035
f 10981 10982 11036
f 10982 11037 11036
f 10982 10983 11037
f 10983 11038 11037
f 10983 10984 11038
f 10984 11039 11038
f 10984 10985 11039
f 10985 11040 11039
f 10985 10986 11040
f 10986 11041 11040
f 10986 10987 11041
f 10987 11042 11041
f 10987 10988 11042
f 10988 11043 11042
f 10988 10989 11043
f 10989 11044 11043
f 10989 10990 11044
f 10990 11045 11044
f 10990 10991 11045
f 10991 11046 11045
f 10991 10992 11046
f 10992 11047 11046
f 10992 10993 11047
f 10993 11048 11047
f 10993 10994 11048
f 10994 11049 11048
f 10994 10995 11049
f 10995 11050 11049
f 10995 10996 11050
f 10996 11051 11050
f 10996 10997 11051
f 10997 11052 11051
f 10997 10998 11052
f 10998 11053 11052
f 10998 10999 11053
f 10999 11054 11053
f 10999 11000 11054
f 11001 11002 11055
f 11002 11056 11055
f 11002 11003 11056
f 11003 11057 11056
f 11003 11004 11057
f 11004 11058 11057
f 11004 11005 11058
f 11005 11059 11058
f 11006 11007 11060
f 11007 11061 11060
f 11007 11008 11061
f 11008 11062 11061
f 11008 11009 11062
f 11009 11063 11062
f 11009 11010 11063
f 11010 11064 11063
f 11011 11066 11065
f 11011 11012 11066
f 11012 11067 11066
f 11012 11013 11067
f 11014 11070 11069
f 11023 11024 11072
f 11029 11030 11076
f 11030 11077 11076
f 11030 11031 11077
f 11031 11078 11077
f 11031 11032 11078
f 11032 11079 11078
f 11032 11033 11079
f 11033 11080 11079
f 11033 11034 11080
f 11034 11081 11080
f 11034 11035 11081
f 11035 11082 11081
f 11035 11036 11082
f 11036 11083 11082
f 11036 11037 11083
f 11037 11084 11083
f 11037 11038 11084
f 11038 11085 11084
f 11038 11039 11085
f 11039 11086 11085
f 11039 11040 11086
f 11040 11087 11086
f 11040 11041 11087
f 11041 11088 11087
f 11041 11042 11088
f 11042 11089 11088
f 11042 11043 11089
f 11043 11090 11089
f 11043 11044 11090
f 11044 11091 11090
f 11044 11045 11091
f 11045 11092 11091
f 11045 11046 11092
f 11046 11093 11092
f 11046 11047 11093
f 11047 11094 11093
f 11047 11048 11094
f 11048 11095 11094
f 11048 11049 11095
f 11049 11096 11095
f 11049 11050 11096
f 11050 11097 11096
f 11050 11051 11097
f 11051 11098 11097
f 11051 11052 11098
f 11052 11099 11098
f 11052 11053 11099
f 11053 11100 11099
f 11053 11054 11100
f 11054 11101 11100
f 11056 11057 11103
f 11057 11104 11103
f 11057 11058 11104
f 11058 11105 11104
f 11058 11059 11105
f 11059 11106 11105
f 11060 11061 11107
f 11061 11108 11107
f 11061 11062 11108
f 11062 11109 11108
f 11062 11063 11109
f 11063 11110 11109
f 11063 11064 11110
f 11064 11111 11110
f 11064 11065 11111
f 11066 11067 11112
f 11067 11113 11112
f 11070 11071 11117
f 11071 11118 11117
f 11075 11121 11120
f 11076 11125 11124
f 11076 11077 11125
f 11077 11126 11125
f 11077 11078 11126
f 11078 11127 11126
f 11078 11079 11127
f 11079 11128 11127
f 11079 11080 11128
f 11080 11129 11128
f 11080 11081 11129
f 11081 11130 11129
f 11081 11082 11130
f 11082 11131 11130
f 11082 11083 11131
f 11083 11132 11131
f 11083 11084 11132
f 11084 11133 11132
f 11084 11085 11133
f 11085 11134 11133
f 11085 11086 11134
f 11086 11135 11134
f 11086 11087 11135
f 11087 11136 11135
f 11087 11088 11136
f 11088 11137 11136
f 11088 11089 11137
f 11089 11138 11137
f 11089 11090 11138
f 11090 11139 11138
f 11090 11091 11139
f 11091 11140 11139
f 11091 11092 11140
f 11092 11141 11140
f 11092 11093 11141
f 11093 11142 11141
f 11093 11094 11142
f 11094 11143 11142
f 11094 11095 11143
f 11095 11144 11143
f 11095 11096 11144
f 11096 11145 11144
f 11096 11097 11145
f 11097 11146 11145
f 11097 11098 11146
f 11098 11147 11146
f 11098 11099 11147
f 11099 11148 11147
f 11099 11100 11148
f 11100 11149 11148
f 11100 11101 11149
f 11101 11150 11149
f 11101 11102 11150
f 11102 11151 11150
f 11103 11153 11152
f 11103 11104 11153
f 11107 11156 11155
f 11107 11108 11156
f 11108 11157 11156
f 11108 11109 11157
f 11109 11158 11157
f 11109 11110 11158
f 11110 11159 11158
f 11110 11111 11159
f 11112 11161 11160
f 11112 11113 11161
f 11113 11162 11161
f 11113 11114 11162
f 11117 11118 11164
f 11118 11165 11164
f 11118 11119 11165
f 11120 11171 11170
f 11120 11121 11171
f 11121 11172 11171
f 11121 11122 11172
f 11122 11173 11172
f 11122 11123 11173
f 11123 11174 11173
f 11123 11124 11174
f 11124 11175 11174
f 11124 11125 11175
f 11125 11176 11175
f 11125 11126 11176
f 11126 11177 11176
f 11126 11127 11177
f 11127 11178 11177
f 11127 11128 11178
f 11128 11179 11178
f 11128 11129 11179
f 11129 11180 11179
f 11129 11130 11180
f 11130 11181 11180
f 11130 11131 11181
f 11131 11182 11181
f 11131 11132 11182
f 11132 11183 11182
f 11132 11133 11183
f 11133 11184 11183
f 11133 11134 11184
f 11134 11185 11184
f 11134 11135 11185
f 11135 11186 11185
f 11135 11136 11186
f 11136 11187 11186
f 11136 11137 11187
f 11137 11188 11187
f 11137 11138 11188
f 11138 11189 11188
f 11138 11139 11189
f 11140 11141 11190
f 11141 11191 11190
f 11141 11142 11191
f 11142 11192 11191
f 11142 11143 11192
f 11143 11193 11192
f 11143 11144 11193
f 11144 11194 11193
f 11144 11145 11194
f 11145 11195 11194
f 11145 11146 11195
f 11146 11196 11195
f 11146 11147 11196
f 11147 11197 11196
f 11147 11148 11197
f 11148 11198 11197
f 11148 11149 11198
f 11150 11151 11199
f 11151 11200 11199
f 11151 11152 11200
f 11152 11201 11200
f 11152 11153 11201
f 11153 11202 11201
f 11154 11155 11204
f 11155 11205 11204
f 11155 11156 11205
f 11156 11206 11205
f 11156 11157 11206
f 11157 11207 11206
f 11157 11158 11207
f 11161 11162 11208
f 11164 11165 11209
f 11165 11210 11209
f 11170 11217 11216
f 11170 11171 11217
f 11171 11218 11217
f 11171 11172 11218
f 11172 11219 11218
f 11172 11173 11219
f 11173 11220 11219
f 11173 11174 11220
f 11174 11221 11220
f 11174 11175 11221
f 11175 11222 11221
f 11175 11176 11222
f 11178 11179 11223
f 11179 11224 11223
f 11179 11180 11224
f 11180 11225 11224
f 11180 11181 11225
f 11181 11226 11225
f 11181 11182 11226
f 11182 11227 11226
f 11182 11183 11227
f 11183 11228 11227
f 11183 11184 11228
f 11184 11229 11228
f 11184 11185 11229
f 11185 11230 11229
f 11185 11186 11230
f 11186 11231 11230
f 11186 11187 11231
f 11190 11233 11232
f 11190 11191 11233
f 11191 11234 11233
f 11191 11192 11234
f 11192 11235 11234
f 11192 11193 11235
f 11193 11236 11235
f 11193 11194 11236
f 11194 11237 11236
f 11194 11195 11237
f 11195 11238 11237
f 11195 11196 11238
f 11196 11239 11238
f 11196 11197 11239
f 11197 11240 11239
f 11197 11198 11240
f 11198 11241 11240
f 11199 11243 11242
f 11199 11200 11243
f 11200 11244 11243
f 11200 11201 11244
f 11201 11245 11244
f 11201 11202 11245
f 11202 11246 11245
f 11202 11203 11246
f 11204 11248 11247
f 11204 11205 11248
f 11205 11249 11248
f 11205 11206 11249
f 11206 11250 11249
f 11206 11207 11250
f 11208 11252 11251
f 11209 11254 11253
f 11209 11210 11254
f 11210 11255 11254
f 11210 11211 11255
f 11211 11256 11255
f 11213 11214 11259
f 11217 11218 11261
f 11218 11262 11261
f 11218 11219 11262
f 11220 11221 11263
f 11221 11264 11263
f 11221 11222 11264
f 11223 11267 11266
f 11223 11224 11267
f 11225 11226 11268
f 11226 11269 11268
f 11226 11227 11269
f 11227 11270 11269
f 11227 11228 11270
f 11228 11271 11270
f 11228 11229 11271
f 11229 11272 11271
f 11229 11230 11272
f 11230 11273 11272
f 11230 11231 11273
f 11231 11274 11273
f 11232 11278 11277
f 11232 11233 11278
f 11233 11279 11278
f 11233 11234 11279
f 11234 11280 11279
f 11234 11235 11280
f 11235 11281 11280
f 11235 11236 11281
f 11236 11282 11281
f 11236 11237 11282
f 11237 11283 11282
f 11237 11238 11283
f 11238 11284 11283
f 11238 11239 11284
f 11239 11285 11284
f 11239 11240 11285
f 11240 11286 11285
f 11240 11241 11286
f 11243 11244 11287
f 11244 11288 11287
f 11244 11245 11288
f 11245 11289 11288
f 11245 11246 11289
f 11246 11290 11289
f 11247 11292 11291
f 11247 11248 11292
f 11248 11293 11292
f 11248 11249 11293
f 11249 11294 11293
f 11249 11250 11294
f 11250 11295 11294
f 11251 11298 11297
f 11251 11252 11298
f 11252 11299 11298
f 11253 11254 11300
f 11256 11257 11301
f 11257 11302 11301
f 11258 11304 11303
f 11265 11309 11308
f 11265 11266 11309
f 11266 11310 11309
f 11266 11267 11310
f 11267 11311 11310
f 11268 11313 11312
f 11268 11269 11313
f 11269 11314 11313
f 11269 11270 11314
f 11270 11315 11314
f 11270 11271 11315
f 11271 11316 11315
f 11271 11272 11316
f 11272 11317 11316
f 11272 11273 11317
f 11273 11318 11317
f 11273 11274 11318
f 11274 11319 11318
f 11274 11275 11319
f 11275 11320 11319
f 11275 11276 11320
f 11276 11321 11320
f 11276 11277 11321
f 11277 11322 11321
f 11277 11278 11322
f 11278 11323 11322
f 11278 11279 11323
f 11279 11324 11323
f 11279 11280 11324
f 11280 11325 11324
f 11280 11281 11325
f 11284 11285 11326
f 11287 11329 11328
f 11287 11288 11329
f 11289 11290 11330
f 11290 11331 11330
f 11290 11291 11331
f 11291 11332 11331
f 11291 11292 11332
f 11292 11333 11332
f 11292 11293 11333
f 11293 11334 11333
f 11293 11294 11334
f 11294 11335 11334
f 11294 11295 11335
f 11295 11336 11335
f 11295 11296 11336
f 11297 11338 11337
f 11297 11298 11338
f 11298 11339 11338
f 11298 11299 11339
f 11301 11341 11340
f 11301 11302 11341
f 11302 11342 11341
f 11302 11303 11342
f 11308 11351 11350
f 11308 11309 11351
f 11309 11352 11351
f 11309 11310 11352
f 11310 11353 11352
f 11310 11311 11353
f 11311 11354 11353
f 11311 11312 11354
f 11312 11355 11354
f 11312 11313 11355
f 11313 11356 11355
f 11313 11314 11356
f 11314 11357 11356
f 11314 11315 11357
f 11315 11358 11357
f 11315 11316 11358
f 11316 11359 11358
f 11316 11317 11359
f 11317 11360 11359
f 11317 11318 11360
f 11318 11361 11360
f 11318 11319 11361
f 11319 11362 11361
f 11319 11320 11362
f 11320 11363 11362
f 11320 11321 11363
f 11321 11364 11363
f 11321 11322 11364
f 11322 11365 11364
f 11322 11323 11365
f 11323 11366 11365
f 11323 11324 11366
f 11324 11367 11366
f 11324 11325 11367
f 11325 11368 11367
f 11327 11374 11373
f 11327 11328 11374
f 11331 11332 11375
f 11333 11334 11376
f 11334 11377 11376
f 11334 11335 11377
f 11335 11378 11377
f 11335 11336 11378
f 11336 11379 11378
f 11337 11338 11380
f 11338 11381 11380
f 11338 11339 11381
f 11339 11382 11381
f 11348 11387 11386
f 11348 11349 11387
f 11349 11388 11387
f 11349 11350 11388
f 11350 11389 11388
f 11350 11351 11389
f 11351 11390 11389
f 11351 11352 11390
f 11352 11391 11390
f 11352 11353 11391
f 11353 11392 11391
f 11353 11354 11392
f 11354 11393 11392
f 11354 11355 11393
f 11355 11394 11393
f 11355 11356 11394
f 11356 11395 11394
f 11356 11357 11395
f 11357 11396 11395
f 11357 11358 11396
f 11358 11397 11396
f 11358 11359 11397
f 11359 11398 11397
f 11359 11360 11398
f 11360 11399 11398
f 11360 11361 11399
f 11361 11400 11399
f 11361 11362 11400
f 11362 11401 11400
f 11362 11363 11401
f 11363 11402 11401
f 11363 11364 11402
f 11364 11403 11402
f 11364 11365 11403
f 11365 11404 11403
f 11365 11366 11404
f 11366 11405 11404
f 11366 11367 11405
f 11367 11406 11405
f 11367 11368 11406
f 11368 11407 11406
f 11368 11369 11407
f 11369 11408 11407
f 11369 11370 11408
f 11370 11409 11408
f 11370 11371 11409
f 11371 11410 11409
f 11372 11412 11411
f 11372 11373 11412
f 11373 11413 11412
f 11373 11374 11413
f 11374 11414 11413
f 11375 11417 11416
f 11376 11419 11418
f 11376 11377 11419
f 11377 11420 11419
f 11377 11378 11420
f 11380 11381 11421
f 11385 11386 11424
f 11386 11425 11424
f 11386 11387 11425
f 11387 11426 11425
f 11387 11388 11426
f 11388 11427 11426
f 11388 11389 11427
f 11389 11428 11427
f 11389 11390 11428
f 11390 11429 11428
f 11390 11391 11429
f 11391 11430 11429
f 11391 11392 11430
f 11392 11431 11430
f 11392 11393 11431
f 11393 11432 11431
f 11393 11394 11432
f 11394 11433 11432
f 11394 11395 11433
f 11395 11434 11433
f 11395 11396 11434
f 11396 11435 11434
f 11396 11397 11435
f 11397 11436 11435
f 11397 11398 11436
f 11398 11437 11436
f 11398 11399 11437
f 11399 11438 11437
f 11399 11400 11438
f 11400 11439 11438
f 11400 11401 11439
f 11401 11440 11439
f 11401 11402 11440
f 11402 11441 11440
f 11402 11403 11441
f 11403 11442 11441
f 11403 11404 11442
f 11404 11443 11442
f 11404 11405 11443
f 11405 11444 11443
f 11405 11406 11444
f 11406 11445 11444
f 11406 11407 11445
f 11407 11446 11445
f 11407 11408 11446
f 11408 11447 11446
f 11408 11409 11447
f 11409 11448 11447
f 11409 11410 11448
f 11410 11449 11448
f 11410 11411 11449
f 11411 11450 11449
f 11411 11412 11450
f 11412 11451 11450
f 11412 11413 11451
f 11413 11452 11451
f 11413 11414 11452
f 11414 11453 11452
f 11414 11415 11453
f 11415 11454 11453
f 11416 11417 11456
f 11417 11457 11456
f 11417 11418 11457
f 11419 11420 11458
f 11425 11426 11459
f 11426 11460 11459
f 11426 11427 11460
f 11427 11461 11460
f 11427 11428 11461
f 11428 11462 11461
f 11428 11429 11462
f 11429 11463 11462
f 11429 11430 11463
f 11430 11464 11463
f 11430 11431 11464
f 11431 11465 11464
f 11431 11432 11465
f 11432 11466 11465
f 11432 11433 11466
f 11433 11467 11466
f 11433 11434 11467
f 11434 11468 11467
f 11434 11435 11468
f 11435 11469 11468
f 11435 11436 11469
f 11436 11470 11469
f 11436 11437 11470
f 11437 11471 11470
f 11437 11438 11471
f 11438 11472 11471
f 11438 11439 11472
f 11439 11473 11472
f 11439 11440 11473
f 11440 11474 11473
f 11440 11441 11474
f 11441 11475 11474
f 11441 11442 11475
f 11442 11476 11475
f 11442 11443 11476
f 11443 11477 11476
f 11443 11444 11477
f 11444 11478 11477
f 11444 11445 11478
f 11445 11479 11478
f 11445 11446 11479
f 11446 11480 11479
f 11446 11447 11480
f 11447 11481 11480
f 11447 11448 11481
f 11448 11482 11481
f 11448 11449 11482
f 11449 11483 11482
f 11449 11450 11483
f 11450 11484 11483
f 11450 11451 11484
f 11451 11485 11484
f 11451 11452 11485
f 11452 11486 11485
f 11452 11453 11486
f 11453 11487 11486
f 11453 11454 11487
f 11456 11489 11488
f 11456 11457 11489
f 11458 11491 11490
f 11459 11493 11492
f 11459 11460 11493
f 11460 11494 11493
f 11460 11461 11494
f 11461 11495 11494
f 11461 11462 11495
f 11462 11496 11495
f 11462 11463 11496
f 11463 11497 11496
f 11463 11464 11497
f 11464 11498 11497
f 11464 11465 11498
f 11465 11499 11498
f 11465 11466 11499
f 11466 11500 11499
f 11466 11467 11500
f 11467 11501 11500
f 11467 11468 11501
f 11468 11502 11501
f 11468 11469 11502
f 11469 11503 11502
f 11469 11470 11503
f 11470 11504 11503
f 11470 11471 11504
f 11471 11505 11504
f 11471 11472 11505
f 11472 11506 11505
f 11472 11473 11506
f 11473 11507 11506
f 11473 11474 11507
f 11474 11508 11507
f 11474 11475 11508
f 11475 11509 11508
f 11475 11476 11509
f 11476 11510 11509
f 11476 11477 11510
f 11477 11511 11510
f 11477 11478 11511
f 11478 11512 11511
f 11478 11479 11512
f 11479 11513 11512
f 11479 11480 11513
f 11480 11514 11513
f 11480 11481 11514
f 11481 11515 11514
f 11481 11482 11515
f 11482 11516 11515
f 11482 11483 11516
f 11483 11517 11516
f 11483 11484 11517
f 11484 11518 11517
f 11484 11485 11518
f 11485 11519 11518
f 11485 11486 11519
f 11486 11520 11519
f 11486 11487 11520
f 11488 11489 11522
f 11489 11523 11522
f 11495 11496 11524
f 11496 11525 11524
f 11496 11497 11525
f 11497 11526 11525
f 11497 11498 11526
f 11498 11527 11526
f 11498 11499 11527
f 11499 11528 11527
f 11499 11500 11528
f 11500 11529 11528
f 11500 11501 11529
f 11501 11530 11529
f 11501 11502 11530
f 11502 11531 11530
f 11502 11503 11531
f 11503 11532 11531
f 11503 11504 11532
f 11504 11533 11532
f 11504 11505 11533
f 11505 11534 11533
f 11505 11506 11534
f 11506 11535 11534
f 11506 11507 11535
f 11507 11536 11535
f 11507 11508 11536
f 11508 11537 11536
f 11508 11509 11537
f 11509 11538 11537
f 11509 11510 11538
f 11510 11539 11538
f 11510 11511 11539
f 11511 11540 11539
f 11511 11512 11540
f 11512 11541 11540
f 11512 11513 11541
f 11513 11542 11541
f 11513 11514 11542
f 11514 11543 11542
f 11514 11515 11543
f 11515 11544 11543
f 11515 11516 11544
f 11516 11545 11544
f 11516 11517 11545
f 11517 11546 11545
f 11517 11518 11546
f 11518 11547 11546
f 11518 11519 11547
f 11519 11548 11547
f 11519 11520 11548
f 11520 11549 11548
f 11529 11530 11552
f 11530 11553 11552
f 11530 11531 11553
f 11531 11554 11553
f 11531 11532 11554
f 11532 11555 11554
f 11532 11533 11555
f 11533 11556 11555
f 11533 11534 11556
f 11534 11557 11556
f 11534 11535 11557
f 11535 11558 11557
f 11535 11536 11558
f 11536 11559 11558
f 11536 11537 11559
f 11537 11560 11559
f 11537 11538 11560
f 11538 11561 11560
f 11538 11539 11561
f 11539 11562 11561
f 11539 11540 11562
f 11540 11563 11562
f 11540 11541 11563
f 11541 11564 11563
f 11541 11542 11564
f 11542 11565 11564
f 11542 11543 11565
f 11543 11566 11565
f 11543 11544 11566
f 11544 11567 11566
f 11544 11545 11567
f 11545 11568 11567
f 11545 11546 11568
f 11546 11569 11568
f 11546 11547 11569
f 11547 11570 11569
f 11547 11548 11570
f 11548 11571 11570
f 11548 11549 11571
f 11549 11572 11571
f 11549 11550 11572
f 11550 11573 11572
f 11555 11556 11579
f 11556 11580 11579
f 11556 11557 11580
f 11557 11581 11580
f 11557 11558 11581
f 11558 11582 11581
f 11558 11559 11582
f 11559 11583 11582
f 11559 11560 11583
f 11560 11584 11583
f 11560 11561 11584
f 11561 11585 11584
f 11561 11562 11585
f 11562 11586 11585
f 11562 11563 11586
f 11563 11587 11586
f 11563 11564 11587
f 11564 11588 11587
f 11564 11565 11588
f 11565 11589 11588
f 11565 11566 11589
f 11566 11590 11589
f 11566 11567 11590
f 11567 11591 11590
f 11567 11568 11591
f 11568 11592 11591
f 11568 11569 11592
f 11569 11593 11592
f 11569 11570 11593
f 11570 11594 11593
f 11570 11571 11594
f 11571 11595 11594
f 11571 11572 11595
f 11572 11596 11595
f 11572 11573 11596
f 11573 11597 11596
f 11574 11599 11598
f 11574 11575 11599
f 11575 11600 11599
f 11575 11576 11600
f 11576 11601 11600
f 11576 11577 11601
f 11577 11602 11601
f 11577 11578 11602
f 11578 11603 11602
f 11584 11585 11604
f 11586 11587 11605
f 11587 11606 11605
f 11587 11588 11606
f 11588 11607 11606
f 11588 11589 11607
f 11589 11608 11607
f 11589 11590 11608
f 11590 11609 11608
f 11590 11591 11609
f 11591 11610 11609
f 11591 11592 11610
f 11592 11611 11610
f 11592 11593 11611
f 11595 11596 11612
f 11596 11613 11612
f 11596 11597 11613
f 11597 11614 11613
f 11597 11598 11614
f 11598 11615 11614
f 11598 11599 11615
f 11599 11616 11615
f 11599 11600 11616
f 11602 11603 11617
f 11603 11618 11617
f 11608 11609 11619
f 11615 11616 11621
f 11616 11622 11621
f 11621 11622 11624
f 11622 11625 11624
