# IPC-compatible surface mesh — generated by stanford2ipc.py
# vertices 11542  faces 20652

v 0.05975000188 0.05189941451 0.08759465814
v 0.06025000289 0.05191166699 0.08771474659
v 0.0607500039 0.05192392319 0.08783482015
v 0.06125000119 0.05191166699 0.08771474659
v 0.05900000408 0.0525862053 0.08759303391
v 0.05950000137 0.05263500288 0.08807335794
v 0.06000000238 0.05263500288 0.08807335794
v 0.0605000034 0.05264720321 0.0881934464
v 0.06100000441 0.05263500288 0.08807335794
v 0.0615000017 0.05263500288 0.08807335794
v 0.06200000271 0.05262280256 0.08795326948
v 0.05875000358 0.05328513682 0.08771152794
v 0.05925000459 0.0533337146 0.08819183707
v 0.05975000188 0.05334585905 0.08831192553
v 0.06025000289 0.05334585905 0.08831192553
v 0.0607500039 0.05334585905 0.08831192553
v 0.06125000119 0.05334585905 0.08831192553
v 0.06175000221 0.0533337146 0.08819183707
v 0.07025000453 0.05320012569 0.08687095344
v 0.07075000554 0.05323655903 0.08723118901
v 0.07125000656 0.05320012569 0.08687095344
v 0.05800000206 0.05391142145 0.08710949123
v 0.05850000307 0.05399604514 0.08795006573
v 0.05900000408 0.05403231457 0.08831033111
v 0.05950000137 0.05405274406 0.08854396641
v 0.06000000238 0.05404440314 0.08843040466
v 0.0605000034 0.05404440314 0.08843040466
v 0.06100000441 0.054020226 0.08819022775
v 0.0615000017 0.05400813743 0.08807015419
v 0.06200000271 0.054020226 0.08819022775
v 0.06950000674 0.05391142145 0.08710949123
v 0.0700000003 0.05393560231 0.08734966815
v 0.07050000131 0.05394769087 0.0874697417
v 0.07100000232 0.05394769087 0.0874697417
v 0.07150000334 0.05394769087 0.0874697417
v 0.07200000435 0.05394769087 0.0874697417
v 0.05825000256 0.0546826683 0.08794845641
v 0.05875000358 0.05473080277 0.08842881024
v 0.05925000459 0.05474736542 0.08865593374
v 0.05975000188 0.05474736542 0.08865593374
v 0.06025000289 0.05473908409 0.08854237199
v 0.0607500039 0.05473080277 0.08842881024
v 0.06125000119 0.05471877009 0.08830873668
v 0.06175000221 0.0546826683 0.08794845641
v 0.06225000322 0.05469470099 0.08806854486
v 0.06875000149 0.05462250113 0.08734804392
v 0.0692500025 0.0546585992 0.08770829439
v 0.06975000352 0.05467063561 0.08782838285
v 0.07025000453 0.0546826683 0.08794845641
v 0.07075000554 0.05467063561 0.08782838285
v 0.07125000656 0.05463453382 0.08746813238
v 0.07175000012 0.05463453382 0.08746813238
v 0.07225000113 0.05464656651 0.08758820593
v 0.05800000206 0.05538126826 0.08806693554
v 0.05850000307 0.05542542413 0.08854077756
v 0.05900000408 0.05544186756 0.08876791596
v 0.05950000137 0.05544186756 0.08876791596
v 0.06000000238 0.05544186756 0.08876791596
v 0.0605000034 0.05543364584 0.08865435421
v 0.06100000441 0.05541720241 0.08842721581
v 0.0615000017 0.0554052256 0.08830712736
v 0.06200000271 0.05536928773 0.08794684708
v 0.0680000037 0.05530939996 0.08734643459
v 0.06850000471 0.05535731092 0.08782677352
v 0.06900000572 0.05538126826 0.08806693554
v 0.06950000674 0.05539324507 0.088187024
v 0.0700000003 0.05538126826 0.08806693554
v 0.07050000131 0.05538126826 0.08806693554
v 0.07100000232 0.05536928773 0.08794684708
v 0.07150000334 0.05534533411 0.08770668507
v 0.07200000435 0.05534533411 0.08770668507
v 0.05775000155 0.05610360205 0.08842560649
v 0.05825000256 0.05612808838 0.08876633644
v 0.05875000358 0.0561362505 0.08887989819
v 0.05925000459 0.05614441261 0.08899348974
v 0.05975000188 0.05614441261 0.08899348974
v 0.06025000289 0.0561362505 0.08887989819
v 0.0607500039 0.05611992627 0.08865275979
v 0.06125000119 0.05610360205 0.08842560649
v 0.06175000221 0.05607975647 0.08818542957
v 0.06225000322 0.05607975647 0.08818542957
v 0.06775000691 0.0560320653 0.08770507574
v 0.06825000048 0.05607975647 0.08818542957
v 0.06875000149 0.05609168112 0.08830551803
v 0.0692500025 0.05610360205 0.08842560649
v 0.06975000352 0.05609168112 0.08830551803
v 0.07025000453 0.05607975647 0.08818542957
v 0.07075000554 0.05606783181 0.08806534111
v 0.07125000656 0.05604398996 0.0878251642
v 0.07175000012 0.0560320653 0.08770507574
v 0.07225000113 0.0560320653 0.08770507574
v 0.05750000104 0.05681430921 0.08876475692
v 0.05800000206 0.05683051422 0.08899192512
v 0.05850000307 0.05683861673 0.08910550177
v 0.05900000408 0.05684671924 0.08921909332
v 0.05950000137 0.05685482174 0.08933268487
v 0.06000000238 0.05683861673 0.08910550177
v 0.0605000034 0.05683051422 0.08899192512
v 0.06100000441 0.0568062067 0.08865118027
v 0.0615000017 0.05679000169 0.08842401206
v 0.06200000271 0.05675439909 0.08806373179
v 0.06700000167 0.05671879649 0.08770346642
v 0.06750000268 0.05675439909 0.08806373179
v 0.0680000037 0.05679000169 0.08842401206
v 0.06850000471 0.0568062067 0.08865118027
v 0.06900000572 0.0568062067 0.08865118027
v 0.06950000674 0.0568062067 0.08865118027
v 0.0700000003 0.0567981042 0.08853758872
v 0.07050000131 0.05679000169 0.08842401206
v 0.07100000232 0.05676626787 0.08818382025
v 0.07150000334 0.05671879649 0.08770346642
v 0.07200000435 0.05670692772 0.08758336306
v -0.01975000091 0.05900432169 0.1101157069
v -0.01925000176 0.0590123944 0.1102292836
v -0.01875000075 0.0590204671 0.1103428751
v -0.01825000159 0.05899624899 0.1100021452
v 0.05725000426 0.05751083791 0.08910483122
v 0.05775000155 0.05752698332 0.08933198452
v 0.05825000256 0.05753505975 0.08944554627
v 0.05875000358 0.05753505975 0.08944554627
v 0.05925000459 0.05753505975 0.08944554627
v 0.05975000188 0.05753505975 0.08944554627
v 0.06025000289 0.05751083791 0.08910483122
v 0.0607500039 0.05750276521 0.08899126947
v 0.06125000119 0.0574785471 0.08865055442
v 0.06175000221 0.05743883178 0.0881832391
v 0.06225000322 0.05742704868 0.08806315064
v 0.06675000489 0.05742704868 0.08806315064
v 0.0672500059 0.05745061859 0.08830332756
v 0.06775000691 0.0574785471 0.08865055442
v 0.06825000048 0.0574946925 0.08887769282
v 0.06875000149 0.0574946925 0.08887769282
v 0.0692500025 0.0574866198 0.08876411617
v 0.06975000352 0.0574785471 0.08865055442
v 0.07025000453 0.0574785471 0.08865055442
v 0.07075000554 0.05745061859 0.08830332756
v 0.07125000656 0.05742704868 0.08806315064
v 0.07175000012 0.05739169195 0.08770290017
v 0.07225000113 0.05737990886 0.08758281171
v -0.02000000142 0.05967108533 0.1101128161
v -0.0195000004 0.05970325693 0.1105670482
v -0.01900000125 0.05971129984 0.1106806248
v -0.01850000024 0.05970325693 0.1105670482
v -0.01800000109 0.05968717113 0.1103399396
v -0.01750000007 0.05967108533 0.1101128161
v -0.01700000092 0.05963891 0.1096585691
v 0.05700000376 0.05819914863 0.08933129907
v 0.05750000104 0.05822328106 0.08967196941
v 0.05800000206 0.05822328106 0.08967196941
v 0.05850000307 0.05823132396 0.08978553116
v 0.05900000408 0.05822328106 0.08967196941
v 0.05950000137 0.05822328106 0.08967196941
v 0.06000000238 0.05820719153 0.08944484591
v 0.0605000034 0.05819110572 0.08921772242
v 0.06100000441 0.05816697329 0.08887703717
v 0.0615000017 0.05814284459 0.08853636682
v 0.06200000271 0.05814284459 0.08853636682
v 0.06599999964 0.05806458741 0.08770233393
v 0.06650000066 0.05812310055 0.08830273151
v 0.06700000167 0.05815088749 0.08864992857
v 0.06750000268 0.05816697329 0.08887703717
v 0.0680000037 0.05818306282 0.08910416067
v 0.06850000471 0.05818306282 0.08910416067
v 0.06900000572 0.05818306282 0.08910416067
v 0.06950000674 0.05816697329 0.08887703717
v 0.0700000003 0.05815893412 0.08876349032
v 0.07050000131 0.05815088749 0.08864992857
v 0.07100000232 0.05812310055 0.08830273151
v 0.07150000334 0.05809969455 0.0880625695
v 0.07200000435 0.05806458741 0.08770233393
v -0.02025000006 0.06031380221 0.1097692549
v -0.01975000091 0.06036188826 0.1104505658
v -0.01925000176 0.06038592756 0.1107911915
v -0.01875000075 0.06038592756 0.1107911915
v -0.01825000159 0.06038592756 0.1107911915
v -0.01775000058 0.06036990136 0.1105640978
v -0.01725000143 0.06034585834 0.1102234572
v -0.01675000042 0.06032181904 0.1098828167
v -0.01625000127 0.06027373299 0.1092015207
v 0.05625000224 0.05883925781 0.08887639642
v 0.05675000325 0.05889535323 0.08967123926
v 0.05725000426 0.05891939625 0.0900118798
v 0.05775000155 0.05892740935 0.09012542665
v 0.05825000256 0.05892740935 0.09012542665
v 0.05875000358 0.05892740935 0.09012542665
v 0.05925000459 0.05891138315 0.08989833295
v 0.05975000188 0.05890336633 0.08978478611
v 0.06025000289 0.05889535323 0.08967123926
v 0.0607500039 0.05886330083 0.08921703696
v 0.06125000119 0.05882323161 0.08864930272
v 0.06175000221 0.05881521478 0.08853575587
v 0.06225000322 0.05880720168 0.08842220902
v 0.06575000286 0.0587955825 0.08830213547
v 0.06625000387 0.05883124471 0.08876284957
v 0.06675000489 0.05884727091 0.08898994327
v 0.0672500059 0.05886330083 0.08921703696
v 0.06775000691 0.05887131393 0.08933059871
v 0.06825000048 0.05887932703 0.08944413066
v 0.06875000149 0.05887131393 0.08933059871
v 0.0692500025 0.05886330083 0.08921703696
v 0.06975000352 0.05883925781 0.08887639642
v 0.07025000453 0.05883124471 0.08876284957
v 0.07075000554 0.05882323161 0.08864930272
v 0.07125000656 0.0587955825 0.08830213547
v 0.07175000012 0.05877234414 0.08806198835
v -0.02000000142 0.06099662185 0.1099934727
v -0.0195000004 0.06103654578 0.1105611473
v -0.01900000125 0.06105251238 0.1107882261
v -0.01850000024 0.06105251238 0.1107882261
v -0.01800000109 0.0610604994 0.110901773
v -0.01750000007 0.06103654578 0.1105611473
v -0.01700000092 0.06102057546 0.1103340983
v -0.01649999991 0.06098863855 0.1098799407
v -0.01600000076 0.06097266823 0.109652862
v 0.05650000274 0.05958339572 0.08989757299
v 0.05700000376 0.05961533263 0.09035171568
v 0.05750000104 0.05962331593 0.09046526253
v 0.05800000206 0.05962331593 0.09046526253
v 0.05850000307 0.05962331593 0.09046526253
v 0.05900000408 0.05960734934 0.09023818374
v 0.05950000137 0.05959137902 0.09001111984
v 0.06000000238 0.05958339572 0.08989757299
v 0.0605000034 0.0595674254 0.0896704942
v 0.06100000441 0.05952750519 0.08910281956
v 0.0615000017 0.05950355157 0.08876220882
v 0.06200000271 0.05949556828 0.08864867687
v 0.06550000608 0.05951952189 0.08898928761
v 0.06599999964 0.05954347178 0.08932989836
v 0.06650000066 0.0595594421 0.08955696225
v 0.06700000167 0.0595594421 0.08955696225
v 0.06750000268 0.0595674254 0.0896704942
v 0.0680000037 0.0595674254 0.0896704942
v 0.06850000471 0.0595674254 0.0896704942
v 0.06900000572 0.05954347178 0.08932989836
v 0.06950000674 0.05954347178 0.08932989836
v 0.0700000003 0.05951153487 0.08887574077
v 0.07050000131 0.05950355157 0.08876220882
v 0.07100000232 0.05947959796 0.08842161298
v 0.07150000334 0.05943344906 0.08794131875
v -0.01975000091 0.06166341901 0.1099905819
v -0.01925000176 0.06170319021 0.1105581969
v -0.01875000075 0.06171114743 0.1106717288
v -0.01825000159 0.06171910092 0.1107852459
v -0.01775000058 0.06172705442 0.1108987778
v -0.01725000143 0.06170319021 0.1105581969
v -0.01675000042 0.06170319021 0.1105581969
v -0.01625000127 0.06166341901 0.1099905819
v -0.01575000025 0.06165546179 0.1098770648
v -0.0152500011 0.06161569059 0.1093094498
v 0.05625000224 0.06028723344 0.09035091102
v 0.05675000325 0.06031109765 0.09069149196
v 0.05725000426 0.06031905487 0.09080500901
v 0.05775000155 0.06032700837 0.09091852605
v 0.05825000256 0.06032700837 0.09091852605
v 0.05875000358 0.06031905487 0.09080500901
v 0.05925000459 0.06030314416 0.09057796001
v 0.05975000188 0.06027927995 0.09023739398
v 0.06025000289 0.06026336923 0.09001034498
v 0.0607500039 0.06023155153 0.08955623209
v 0.06125000119 0.0601997301 0.08910213411
v 0.06175000221 0.0601917766 0.08898861706
v 0.06525000185 0.06022359431 0.08944271505
v 0.06575000286 0.06024745852 0.08978329599
v 0.06625000387 0.06025541574 0.08989681304
v 0.06675000489 0.06027132273 0.09012386203
v 0.0672500059 0.06026336923 0.09001034498
v 0.06775000691 0.06026336923 0.09001034498
v 0.06825000048 0.06024745852 0.08978329599
v 0.06875000149 0.06024745852 0.08978329599
v 0.0692500025 0.06022359431 0.08944271505
v 0.06975000352 0.06020768732 0.08921566606
v 0.07025000453 0.06018381938 0.08887508512
v 0.07075000554 0.06017586589 0.08876158297
v 0.07125000656 0.06011763588 0.08806082606
v 0.07175000012 0.06002599746 0.08710034192
v -0.0195000004 0.06233020872 0.1099877059
v -0.01900000125 0.06236191094 0.1104417443
v -0.01850000024 0.06237776205 0.1106687784
v -0.01800000109 0.06238568574 0.1107822806
v -0.01750000007 0.06238568574 0.1107822806
v -0.01700000092 0.06238568574 0.1107822806
v -0.01649999991 0.06237776205 0.1106687784
v -0.01600000076 0.06234605983 0.1102147251
v -0.01550000068 0.06233020872 0.1099877059
v -0.0150000006 0.06229058281 0.1094201356
v -0.01450000051 0.062266808 0.1090795994
v 0.05550000444 0.06091950461 0.08978255093
v 0.05600000173 0.06098290905 0.0906906426
v 0.05650000274 0.06100668386 0.09103117883
v 0.05700000376 0.06101460755 0.09114469588
v 0.05750000104 0.06101460755 0.09114469588
v 0.05800000206 0.06101460755 0.09114469588
v 0.05850000307 0.06101460755 0.09114469588
v 0.05900000408 0.06100668386 0.09103117883
v 0.05950000137 0.06099876016 0.09091766179
v 0.06000000238 0.06097498164 0.09057712555
v 0.0605000034 0.06094328314 0.09012308717
v 0.06100000441 0.06089572981 0.08944201469
v 0.0615000017 0.0608798787 0.0892149806
v 0.06200000271 0.06084817648 0.08876094222
v 0.06450000405 0.06088780612 0.08932851255
v 0.06500000507 0.06092743203 0.08989605308
v 0.06550000608 0.06095120683 0.09023660421
v 0.06599999964 0.06095913053 0.09035010636
v 0.06650000066 0.06096705794 0.0904636234
v 0.06700000167 0.06095120683 0.09023660421
v 0.06750000268 0.06095120683 0.09023660421
v 0.0680000037 0.06094328314 0.09012308717
v 0.06850000471 0.06092743203 0.08989605308
v 0.06900000572 0.06091950461 0.08978255093
v 0.06950000674 0.06088780612 0.08932851255
v 0.0700000003 0.0608798787 0.0892149806
v 0.07050000131 0.0608561039 0.08887444437
v 0.07100000232 0.06083232909 0.08853392303
v 0.07150000334 0.06076754257 0.08782014251
v -0.01925000176 0.06299699843 0.1099848151
v -0.01875000075 0.06302858144 0.1104388088
v -0.01825000159 0.06304437667 0.1106658131
v -0.01775000058 0.06306016445 0.1108928025
v -0.01725000143 0.06305226684 0.1107793003
v -0.01675000042 0.06306016445 0.1108928025
v -0.01625000127 0.06305226684 0.1107793003
v -0.01575000025 0.06303647906 0.110552296
v -0.0152500011 0.06300489604 0.1100983024
v -0.01475000102 0.06298121065 0.1097577959
v -0.01425000094 0.0629575178 0.1094173044
v -0.01375000086 0.06293383241 0.1090768129
v 0.05575000122 0.06165471673 0.09068980813
v 0.05625000224 0.06170209125 0.0913708061
v 0.05675000325 0.06171788275 0.09159781039
v 0.05725000426 0.06172578037 0.09171131253
v 0.05775000155 0.06172578037 0.09171131253
v 0.05825000256 0.06171788275 0.09159781039
v 0.05875000358 0.06170209125 0.0913708061
v 0.05925000459 0.06170209125 0.0913708061
v 0.05975000188 0.06168629974 0.09114380181
v 0.06025000289 0.06165471673 0.09068980813
v 0.0607500039 0.06159155071 0.08978180587
v 0.06125000119 0.0615599677 0.08932781219
v 0.06175000221 0.0615362823 0.08898730576
v 0.06424999982 0.06161523983 0.09012229741
v 0.06475000083 0.06163103133 0.0903493017
v 0.06525000185 0.06163892522 0.09046280384
v 0.06575000286 0.06164682284 0.09057630599
v 0.06625000387 0.06166261435 0.09080329537
v 0.06675000489 0.06165471673 0.09068980813
v 0.0672500059 0.06163892522 0.09046280384
v 0.06775000691 0.06163103133 0.0903493017
v 0.06825000048 0.06160734221 0.09000881016
v 0.06875000149 0.06159944832 0.08989530802
v 0.0692500025 0.0615757592 0.08955480158
v 0.06975000352 0.06156786531 0.08944129944
v 0.07025000453 0.0615599677 0.08932781219
v 0.07075000554 0.06148551404 0.08829976618
v 0.07125000656 0.06146293133 0.08805966377
v -0.02850000188 0.06392338127 0.1137270182
v -0.02800000086 0.06394697726 0.11406748
v -0.02750000171 0.06395484507 0.1141809672
v -0.0270000007 0.06393910944 0.1139539927
v -0.01900000125 0.06366379559 0.1099819243
v -0.01850000024 0.06369525939 0.1104358733
v -0.01800000109 0.06371885538 0.110776335
v -0.01750000007 0.06372672319 0.1108898222
v -0.01700000092 0.06372672319 0.1108898222
v -0.01649999991 0.06372672319 0.1108898222
v -0.01600000076 0.06372672319 0.1108898222
v -0.01550000068 0.06370311975 0.1105493456
v -0.0150000006 0.06369525939 0.1104358733
v -0.01450000051 0.06366379559 0.1099819243
v -0.01400000043 0.06364019215 0.1096414477
v -0.01350000035 0.06362446398 0.1094144732
v 0.05600000173 0.06236585975 0.09125639498
v 0.05650000274 0.06241305545 0.09193731844
v 0.05700000376 0.06242878735 0.09216429293
v 0.05750000104 0.06242878735 0.09216429293
v 0.05800000206 0.06242092326 0.09205082059
v 0.05850000307 0.06241305545 0.09193731844
v 0.05900000408 0.06239732355 0.09171035886
v 0.05950000137 0.06238945574 0.09159687161
v 0.06000000238 0.06238159165 0.09148338437
v 0.0605000034 0.06230292842 0.09034849703
v 0.06100000441 0.0622635968 0.08978106081
v 0.0615000017 0.06223999709 0.08944059908
v 0.06350000203 0.06230292842 0.09034849703
v 0.06400000304 0.06231866032 0.09057547152
v 0.06450000405 0.06233439222 0.09080244601
v 0.06500000507 0.06234226003 0.09091593325
v 0.06550000608 0.06234226003 0.09091593325
v 0.06599999964 0.06234226003 0.09091593325
v 0.06650000066 0.06234226003 0.09091593325
v 0.06700000167 0.06232652813 0.09068895876
v 0.06750000268 0.06231866032 0.09057547152
v 0.0680000037 0.06230292842 0.09034849703
v 0.06850000471 0.0622793287 0.0900080353
v 0.06900000572 0.0622635968 0.08978106081
v 0.06950000674 0.0622478649 0.08955407143
v 0.0700000003 0.062232133 0.08932711184
v 0.07050000131 0.06220066547 0.08887314796
v 0.07100000232 0.0621467866 0.08817911148
v 0.07700000703 0.06213558093 0.08805908263
v 0.0775000006 0.0621467866 0.08817911148
v -0.0747500062 0.05250048265 -0.02094012499
v -0.02875000052 0.06461270154 0.114064157
v -0.02825000137 0.06463621557 0.1144045889
v -0.02775000222 0.06463621557 0.1144045889
v -0.02725000121 0.06463621557 0.1144045889
v -0.02675000206 0.06462053955 0.1141776443
v -0.02625000104 0.06460486352 0.1139506847
v -0.02575000189 0.06458135694 0.1136102527
v -0.02525000088 0.06458135694 0.1136102527
v -0.01875000075 0.06433841586 0.1100925058
v -0.01825000159 0.0643697679 0.1105464101
v -0.01775000058 0.06438543648 0.1107733548
v -0.01725000143 0.06439327449 0.110886842
v -0.01675000042 0.0644011125 0.1110003144
v -0.01625000127 0.0644011125 0.1110003144
v -0.01575000025 0.0644011125 0.1110003144
v -0.0152500011 0.06439327449 0.110886842
v -0.01475000102 0.06437759846 0.1106598824
v -0.01425000094 0.06435409188 0.1103194654
v -0.01375000086 0.06433057785 0.1099790335
v -0.01325000077 0.06430707127 0.1096386015
v -0.01275000069 0.06429139525 0.109411642
v 0.05575000122 0.06305319071 0.0914824605
v 0.05625000224 0.06310021132 0.09216330945
v 0.05675000325 0.06312372535 0.09250374138
v 0.05725000426 0.06312372535 0.09250374138
v 0.05775000155 0.06312372535 0.09250374138
v 0.05825000256 0.06310804933 0.0922767818
v 0.05875000358 0.06311588734 0.09239025414
v 0.05925000459 0.06310021132 0.09216330945
v 0.05975000188 0.06307670474 0.09182287753
v 0.06025000289 0.06306102872 0.09159593284
v 0.0607500039 0.06298266351 0.09046117961
v 0.06125000119 0.06296698749 0.09023422003
v 0.06275000423 0.06299833953 0.0906881243
v 0.06325000525 0.0630140081 0.09091506898
v 0.06375000626 0.06302968413 0.09114202857
v 0.06424999982 0.06303752214 0.09125550091
v 0.06475000083 0.06303752214 0.09125550091
v 0.06525000185 0.06303752214 0.09125550091
v 0.06575000286 0.06303752214 0.09125550091
v 0.06625000387 0.06302968413 0.09114202857
v 0.06675000489 0.06302184612 0.09102854133
v 0.0672500059 0.06300617009 0.09080159664
v 0.06775000691 0.06299050152 0.09057463706
v 0.06825000048 0.0629748255 0.09034769237
v 0.06875000149 0.06295131892 0.09000727534
v 0.0692500025 0.0629356429 0.08978031576
v 0.06975000352 0.06290429831 0.08932641149
v 0.07025000453 0.06289646029 0.08921293914
v 0.07075000554 0.06283047795 0.08829857409
v 0.07575000077 0.06278597564 0.08781842887
v 0.07625000179 0.06284160167 0.08841860294
v 0.0767500028 0.06285727769 0.08864556253
v 0.07725000381 0.06285727769 0.08864556253
v 0.07775000483 0.06285727769 0.08864556253
v 0.07825000584 0.06287294626 0.08887250721
v -0.07600000501 0.05330528691 -0.02026557177
v -0.07550000399 0.05331902951 -0.02013055235
v -0.07500000298 0.05327780545 -0.02053560317
v -0.07450000197 0.05323658511 -0.02094064653
v -0.02900000103 0.06525500864 0.1137204468
v -0.02850000188 0.06530185789 0.1144012362
v -0.02800000086 0.06532527506 0.1147416234
v -0.02750000171 0.06532527506 0.1147416234
v -0.0270000007 0.0653096661 0.1145146936
v -0.02650000155 0.06530185789 0.1144012362
v -0.02600000054 0.06528624147 0.1141743064
v -0.02550000139 0.06526281685 0.1138339043
v -0.02500000037 0.06526281685 0.1138339043
v -0.02450000122 0.06523939967 0.113493517
v -0.02400000021 0.06518474966 0.1126992702
v -0.01850000024 0.06499737501 0.1099761426
v -0.01800000109 0.06502860039 0.1104300022
v -0.01750000007 0.06505983323 0.1108838469
v -0.01700000092 0.06507544965 0.1111107767
v -0.01649999991 0.06507544965 0.1111107767
v -0.01600000076 0.0650832504 0.1112242341
v -0.01550000068 0.06507544965 0.1111107767
v -0.0150000006 0.06507544965 0.1111107767
v -0.01450000051 0.06506764144 0.1109973043
v -0.01400000043 0.06505202502 0.1107703745
v -0.01350000035 0.06502860039 0.1104300022
v -0.01300000027 0.06499737501 0.1099761426
v -0.01250000019 0.0649895668 0.1098626703
v -0.0120000001 0.06495053321 0.1092953682
v 0.0540000014 0.06380286813 0.09261615574
v 0.05450000241 0.06384190172 0.09318348765
v 0.05550000444 0.06383410096 0.09307003021
v 0.05600000173 0.06383410096 0.09307003021
v 0.05650000274 0.06383410096 0.09307003021
v 0.05700000376 0.06384190172 0.09318348765
v 0.05750000104 0.06383410096 0.09307003021
v 0.05800000206 0.06381848454 0.09284310043
v 0.05850000307 0.06381067634 0.09272962809
v 0.05900000408 0.06379505992 0.0925026983
v 0.05950000137 0.06378725171 0.09238922596
v 0.06000000238 0.06377164274 0.09216231108
v 0.0605000034 0.06375602633 0.09193538129
v 0.06100000441 0.0637326017 0.09159499407
v 0.0615000017 0.06372480094 0.09148153663
v 0.06200000271 0.0637326017 0.09159499407
v 0.0625 0.0637326017 0.09159499407
v 0.06300000101 0.06372480094 0.09148153663
v 0.06350000203 0.0637326017 0.09159499407
v 0.06400000304 0.0637326017 0.09159499407
v 0.06450000405 0.0637326017 0.09159499407
v 0.06500000507 0.06372480094 0.09148153663
v 0.06550000608 0.06372480094 0.09148153663
v 0.06599999964 0.06371699274 0.09136806428
v 0.06650000066 0.06370918453 0.09125459194
v 0.06700000167 0.06369356811 0.09102766216
v 0.06750000268 0.0636857599 0.09091420472
v 0.0680000037 0.06365453452 0.09046036005
v 0.06850000471 0.06364672631 0.09034688771
v 0.06900000572 0.06361549348 0.08989302814
v 0.06950000674 0.06358426809 0.08943918347
v 0.0700000003 0.06356865168 0.08921225369
v 0.07050000131 0.06355303526 0.08898532391
v 0.07500000298 0.06348087639 0.08805790544
v 0.07550000399 0.06353742629 0.08875839412
v 0.07600000501 0.06355303526 0.08898532391
v 0.07650000602 0.06356084347 0.08909878135
v 0.07700000703 0.06356084347 0.08909878135
v 0.0775000006 0.06354522705 0.08887185156
v 0.07800000161 0.06355303526 0.08898532391
v 0.07850000262 0.06356084347 0.08909878135
v -0.0767500028 0.0540272072 -0.02040114254
v -0.07625000179 0.05408173054 -0.0198611021
v -0.07575000077 0.05408173054 -0.0198611021
v -0.07525000721 0.05408173054 -0.0198611021
v -0.0747500062 0.0540272072 -0.02040114254
v -0.07425000519 0.05395905674 -0.02107618749
v -0.07325000316 0.05293679982 -0.03120176867
v -0.02875000052 0.06592860818 0.1138306111
v -0.02825000137 0.06597527862 0.1145113111
v -0.02775000222 0.06599860638 0.1148516834
v -0.02725000121 0.06599860638 0.1148516834
v -0.02675000206 0.06599082798 0.1147382408
v -0.02625000104 0.06598304957 0.1146247685
v -0.02575000189 0.06596750021 0.1143978685
v -0.02525000088 0.0659519434 0.1141709685
v -0.02475000173 0.06594416499 0.1140575111
v -0.02425000072 0.06592082977 0.1137171686
v -0.02375000156 0.0658897236 0.1132633537
v -0.02325000055 0.06587416679 0.1130364537
v -0.01825000159 0.06565638632 0.1098597944
v -0.01775000058 0.06570305675 0.1105405092
v -0.01725000143 0.06572639197 0.1108808666
v -0.01675000042 0.06574194133 0.1111077666
v -0.01625000127 0.06575749815 0.1113346666
v -0.01575000025 0.06576527655 0.1114481241
v -0.0152500011 0.06575749815 0.1113346666
v -0.01475000102 0.06575749815 0.1113346666
v -0.01425000094 0.06574971974 0.1112212092
v -0.01375000086 0.06574194133 0.1111077666
v -0.01325000077 0.06571861356 0.1107674092
v -0.01275000069 0.06570305675 0.1105405092
v -0.01225000061 0.06567972153 0.1102001518
v -0.01175000053 0.06564860791 0.1097463369
v -0.01125000045 0.06561750174 0.1092925519
v 0.05425000191 0.06454417855 0.09363618493
v 0.05475000292 0.06455973536 0.09386308491
v 0.05525000393 0.06455973536 0.09386308491
v 0.05575000122 0.06455973536 0.09386308491
v 0.05625000224 0.06455195695 0.09374964237
v 0.05675000325 0.06454417855 0.09363618493
v 0.05725000426 0.06453640014 0.09352274239
v 0.05775000155 0.06452862173 0.09340928495
v 0.05825000256 0.06452862173 0.09340928495
v 0.05875000358 0.06451306492 0.09318238497
v 0.05925000459 0.0644897297 0.09284202754
v 0.05975000188 0.0644897297 0.09284202754
v 0.06025000289 0.06448195875 0.0927285701
v 0.0607500039 0.06445862353 0.09238821268
v 0.06125000119 0.06444306672 0.0921613127
v 0.06175000221 0.06443528831 0.09204785526
v 0.06225000322 0.06444306672 0.0921613127
v 0.06275000423 0.06444306672 0.0921613127
v 0.06325000525 0.06443528831 0.09204785526
v 0.06375000626 0.0644275099 0.09193439782
v 0.06424999982 0.0644275099 0.09193439782
v 0.06475000083 0.0644275099 0.09193439782
v 0.06525000185 0.0644197315 0.09182095528
v 0.06575000286 0.06440417469 0.09159405529
v 0.06625000387 0.06438862532 0.09136715531
v 0.06675000489 0.06437306851 0.09114025533
v 0.0672500059 0.06437306851 0.09114025533
v 0.06775000691 0.0643575117 0.09091334045
v 0.06825000048 0.06433417648 0.09057298303
v 0.06875000149 0.06431084871 0.0902326405
v 0.0692500025 0.06428751349 0.08989226818
v 0.06975000352 0.06423306465 0.0890981108
v 0.07025000453 0.06424084306 0.08921156824
v 0.07425000519 0.06420195848 0.08864431083
v 0.0747500062 0.06424084306 0.08921156824
v 0.07525000721 0.06424862146 0.08932502568
v 0.07575000077 0.06424862146 0.08932502568
v 0.07625000179 0.06424862146 0.08932502568
v 0.0767500028 0.06424862146 0.08932502568
v 0.07725000381 0.06424084306 0.08921156824
v 0.07775000483 0.06423306465 0.0890981108
v 0.07825000584 0.06423306465 0.0890981108
v 0.07875000685 0.0642252937 0.08898466825
v -0.07650000602 0.05481694266 -0.0198617056
v -0.07600000501 0.05484398082 -0.01959171891
v -0.07550000399 0.0548574999 -0.01945672184
v -0.07500000298 0.05483046174 -0.01972672343
v -0.07450000197 0.0547763817 -0.02026671916
v -0.07349999994 0.05373540148 -0.03066151962
v -0.07300000638 0.05372187868 -0.03079652041
v -0.02850000188 0.06660214812 0.1139407605
v -0.02800000086 0.06664863229 0.1146213859
v -0.02750000171 0.06665638089 0.1147348434
v -0.0270000007 0.06665638089 0.1147348434
v -0.02650000155 0.0666641295 0.114848271
v -0.02600000054 0.0666641295 0.114848271
v -0.02550000139 0.06664863229 0.1146213859
v -0.02500000037 0.06663314253 0.1143945158
v -0.02450000122 0.06663314253 0.1143945158
v -0.02400000021 0.06660989672 0.1140541881
v -0.02350000106 0.06658665091 0.1137138754
v -0.02300000191 0.0665634051 0.1133735627
v -0.02250000089 0.06654015929 0.1130332351
v -0.02200000174 0.06650916487 0.1125794649
v -0.01800000109 0.06631546468 0.1097434759
v -0.01750000007 0.06636969745 0.1105375588
v -0.01700000092 0.06639294326 0.1108778864
v -0.01649999991 0.06641618907 0.1112181991
v -0.01600000076 0.06643168628 0.1114450693
v -0.01550000068 0.06643168628 0.1114450693
v -0.0150000006 0.06643943489 0.1115585119
v -0.01450000051 0.06643168628 0.1114450693
v -0.01400000043 0.06643168628 0.1114450693
v -0.01350000035 0.06642393768 0.1113316417
v -0.01300000027 0.06640844047 0.1111047566
v -0.01250000019 0.06639294326 0.1108778864
v -0.0120000001 0.06637744606 0.1106510013
v -0.01150000095 0.06634645909 0.1101972461
v -0.01100000087 0.06632321328 0.1098569185
v -0.01050000079 0.06626897305 0.1090628505
v 0.05350000411 0.06518422812 0.09318126738
v 0.0540000014 0.06522297114 0.09374848008
v 0.05450000241 0.0652462095 0.0940887928
v 0.05500000343 0.06526170671 0.09431566298
v 0.05550000444 0.06525395811 0.09420223534
v 0.05600000173 0.0652462095 0.0940887928
v 0.05650000274 0.0652384609 0.09397533536
v 0.05700000376 0.06523071229 0.09386190772
v 0.05750000104 0.06521522254 0.09363502264
v 0.05800000206 0.06521522254 0.09363502264
v 0.05850000307 0.06520747393 0.093521595
v 0.05900000408 0.06519197673 0.09329472482
v 0.05950000137 0.06518422812 0.09318126738
v 0.06000000238 0.06517647952 0.09306783974
v 0.0605000034 0.06517647952 0.09306783974
v 0.06100000441 0.06516098231 0.09284095466
v 0.0615000017 0.0651377365 0.09250064194
v 0.06200000271 0.0651299879 0.0923871845
v 0.0625 0.0651377365 0.09250064194
v 0.06300000101 0.0651299879 0.0923871845
v 0.06350000203 0.06512223929 0.09227375686
v 0.06400000304 0.06511449069 0.09216031432
v 0.06450000405 0.06511449069 0.09216031432
v 0.06500000507 0.06510674208 0.09204687178
v 0.06550000608 0.06509899348 0.09193342924
v 0.06599999964 0.06509124488 0.0918200016
v 0.06650000066 0.06506800652 0.09147968888
v 0.06700000167 0.06505250931 0.0912527889
v 0.06750000268 0.0650370121 0.09102591872
v 0.0680000037 0.06501376629 0.090685606
v 0.06850000471 0.06499826908 0.09045872092
v 0.06900000572 0.06495952606 0.08989152312
v 0.06950000674 0.06490529329 0.08909744024
v 0.0700000003 0.06492079049 0.08932432532
v 0.07349999994 0.06491304189 0.08921088278
v 0.07400000095 0.0649285391 0.08943776786
v 0.07450000197 0.06494402885 0.08966463804
v 0.07500000298 0.06495177746 0.08977808058
v 0.07550000399 0.06494402885 0.08966463804
v 0.07600000501 0.06494402885 0.08966463804
v 0.07650000602 0.0649285391 0.08943776786
v 0.07700000703 0.06492079049 0.08932432532
v 0.0775000006 0.06491304189 0.08921088278
v 0.07800000161 0.06491304189 0.08921088278
v 0.07850000262 0.06490529329 0.08909744024
v -0.07575000077 0.05557897314 -0.01959234476
v -0.07525000721 0.05557897314 -0.01959234476
v -0.0747500062 0.05551192909 -0.02026729286
v -0.07425000519 0.05552534014 -0.02013229579
v -0.07325000316 0.05449288711 -0.03052632883
v -0.07275000215 0.05443925783 -0.03106626123
v -0.02825000137 0.0672679022 0.1139374375
v -0.02775000222 0.0672987774 0.114391163
v -0.02725000121 0.067314215 0.1146180034
v -0.02675000206 0.06732193381 0.1147314459
v -0.02625000104 0.06732965261 0.1148448586
v -0.02575000189 0.06732965261 0.1148448586
v -0.02525000088 0.06732193381 0.1147314459
v -0.02475000173 0.0673064962 0.1145045757
v -0.02425000072 0.0673064962 0.1145045757
v -0.02375000156 0.0672910586 0.1142777205
v -0.02325000055 0.067275621 0.1140508652
v -0.0227500014 0.06724474579 0.1135971546
v -0.02225000039 0.06722930819 0.1133703142
v -0.02175000124 0.06721387058 0.1131434441
v -0.02125000022 0.06717527658 0.1125763059
v -0.01775000058 0.06696687639 0.1095137447
v -0.01725000143 0.06703633815 0.1105346084
v -0.01675000042 0.06706721336 0.1109883189
v -0.01625000127 0.06709036976 0.1113286018
v -0.01575000025 0.06710580736 0.1115554571
v -0.0152500011 0.06711352617 0.1116688848
v -0.01475000102 0.06712124497 0.1117823124
v -0.01425000094 0.06711352617 0.1116688848
v -0.01375000086 0.06711352617 0.1116688848
v -0.01325000077 0.06710580736 0.1115554571
v -0.01275000069 0.06709808856 0.1114420295
v -0.01225000061 0.06709036976 0.1113286018
v -0.01175000053 0.06705949455 0.1108748913
v -0.01125000045 0.0670440644 0.110648036
v -0.01075000037 0.06699775159 0.1099674702
v -0.01025000028 0.06697459519 0.1096271873
v 0.05325000361 0.06585538387 0.09318016469
v 0.05375000089 0.06590169668 0.09386073053
v 0.05425000191 0.06593257189 0.09431444108
v 0.05475000292 0.06594800949 0.09454131126
v 0.05525000393 0.06595572829 0.094654724
v 0.05575000122 0.06594029069 0.09442786872
v 0.05625000224 0.06593257189 0.09431444108
v 0.05675000325 0.06591713428 0.09408758581
v 0.05725000426 0.06590941548 0.09397415817
v 0.05775000155 0.06590169668 0.09386073053
v 0.05825000256 0.06589397788 0.09374731779
v 0.05875000358 0.06588625908 0.09363387525
v 0.05925000459 0.06587082148 0.09340701997
v 0.05975000188 0.06586310267 0.09329359233
v 0.06025000289 0.06585538387 0.09318016469
v 0.0607500039 0.06584766507 0.09306675196
v 0.06125000119 0.06583994627 0.09295330942
v 0.06175000221 0.06582450867 0.09272645414
v 0.06225000322 0.06581678987 0.0926130265
v 0.06275000423 0.06582450867 0.09272645414
v 0.06325000525 0.06580907106 0.09249959886
v 0.06375000626 0.06580907106 0.09249959886
v 0.06424999982 0.06580907106 0.09249959886
v 0.06475000083 0.06580135226 0.09238617122
v 0.06525000185 0.06579363346 0.09227274358
v 0.06575000286 0.06578591466 0.09215931594
v 0.06625000387 0.06578591466 0.09215931594
v 0.06675000489 0.0657550469 0.09170562029
v 0.0672500059 0.0657318905 0.09136532247
v 0.06775000691 0.06570101529 0.09091159701
v 0.06825000048 0.06567785889 0.090571329
v 0.06875000149 0.06564698368 0.09011761844
v 0.0692500025 0.06560838968 0.08955048025
v 0.06975000352 0.06559295207 0.08932362497
v 0.07025000453 0.06560067087 0.08943705261
v 0.07275000215 0.06560067087 0.08943705261
v 0.07325000316 0.06562382728 0.08977735043
v 0.07375000417 0.06564698368 0.09011761844
v 0.07425000519 0.06564698368 0.09011761844
v 0.0747500062 0.06564698368 0.09011761844
v 0.07525000721 0.06564698368 0.09011761844
v 0.07575000077 0.06563154608 0.08989076316
v 0.07625000179 0.06562382728 0.08977735043
v 0.0767500028 0.06560838968 0.08955048025
v 0.07725000381 0.06559295207 0.08932362497
v 0.07775000483 0.06559295207 0.08932362497
v 0.07825000584 0.06557751447 0.08909676969
v -0.07450000197 0.05627407134 -0.01999789476
v -0.07400000095 0.05623418093 -0.02040282637
v -0.07349999994 0.05531664565 -0.02971624956
v -0.02800000086 0.06793366373 0.1139341295
v -0.02750000171 0.06795673072 0.1142743677
v -0.0270000007 0.06797210872 0.1145012081
v -0.02650000155 0.06798748672 0.1147280484
v -0.02600000054 0.06798748672 0.1147280484
v -0.02550000139 0.06798748672 0.1147280484
v -0.02500000037 0.06798748672 0.1147280484
v -0.02450000122 0.06797979772 0.1146146208
v -0.02400000021 0.06797979772 0.1146146208
v -0.02350000106 0.06796441972 0.1143877953
v -0.02300000191 0.06794904172 0.1141609699
v -0.02250000089 0.06793366373 0.1139341295
v -0.02200000174 0.06791828573 0.113707304
v -0.02150000073 0.06788752973 0.1132536381
v -0.02100000158 0.06787215173 0.1130268127
v -0.02050000057 0.06786446273 0.112913385
v -0.02000000142 0.06781832129 0.1122328937
v -0.01700000092 0.0676952973 0.1104182452
v -0.01649999991 0.0677414313 0.1110987365
v -0.01600000076 0.06776449829 0.1114389747
v -0.01550000068 0.06777987629 0.1116658151
v -0.0150000006 0.06778756529 0.1117792279
v -0.01450000051 0.06779525429 0.1118926555
v -0.01400000043 0.06779525429 0.1118926555
v -0.01350000035 0.06780294329 0.1120060682
v -0.01300000027 0.06777987629 0.1116658151
v -0.01250000019 0.06778756529 0.1117792279
v -0.0120000001 0.06777987629 0.1116658151
v -0.01150000095 0.0677491203 0.1112121493
v -0.01100000087 0.0677337423 0.1109853238
v -0.01050000079 0.0677106753 0.1106450856
v -0.01000000071 0.0676722303 0.1100779921
v -0.009500000626 0.06763378531 0.1095109135
v 0.0530000031 0.06652654707 0.09317906201
v 0.05350000411 0.06658037007 0.09397296607
v 0.0540000014 0.06661112607 0.09442663193
v 0.05450000241 0.06662650406 0.0946534723
v 0.05500000343 0.06664188206 0.09488029778
v 0.05550000444 0.06663419306 0.09476688504
v 0.05600000173 0.06662650406 0.0946534723
v 0.05650000274 0.06661881506 0.09454005957
v 0.05700000376 0.06659574807 0.09419980645
v 0.05750000104 0.06658805907 0.09408637881
v 0.05800000206 0.06658037007 0.09397296607
v 0.05850000307 0.06655730307 0.09363272786
v 0.05900000408 0.06655730307 0.09363272786
v 0.05950000137 0.06654192507 0.09340588748
v 0.06000000238 0.06653423607 0.09329247475
v 0.0605000034 0.06652654707 0.09317906201
v 0.06100000441 0.06651116908 0.09295223653
v 0.0615000017 0.06651116908 0.09295223653
v 0.06200000271 0.06650348008 0.0928388238
v 0.0625 0.06650348008 0.0928388238
v 0.06300000101 0.06649579108 0.09272539616
v 0.06350000203 0.06648810208 0.09261198342
v 0.06400000304 0.06649579108 0.09272539616
v 0.06450000405 0.06649579108 0.09272539616
v 0.06500000507 0.06648810208 0.09261198342
v 0.06550000608 0.06648041308 0.09249857068
v 0.06599999964 0.06648041308 0.09249857068
v 0.06650000066 0.06646503508 0.0922717452
v 0.06700000167 0.06645734608 0.09215831757
v 0.06750000268 0.06641890109 0.09159123898
v 0.0680000037 0.06638045609 0.09102416039
v 0.06850000471 0.06633431464 0.09034366906
v 0.06900000572 0.06628049165 0.08954975009
v 0.06950000674 0.06626511365 0.08932293952
v 0.0700000003 0.06627280265 0.08943635225
v 0.07150000334 0.06631124765 0.09000343084
v 0.07200000435 0.06634200364 0.0904570967
v 0.07250000536 0.06634200364 0.0904570967
v 0.07300000638 0.06634969264 0.09057049453
v 0.07349999994 0.06634200364 0.0904570967
v 0.07400000095 0.06634969264 0.09057049453
v 0.07450000197 0.06634200364 0.0904570967
v 0.07500000298 0.06633431464 0.09034366906
v 0.07550000399 0.06631893665 0.09011684358
v 0.07600000501 0.06631124765 0.09000343084
v 0.07650000602 0.06629586965 0.08977660537
v 0.07700000703 0.06627280265 0.08943635225
v 0.0775000006 0.06626511365 0.08932293952
v 0.07800000161 0.06625742465 0.08920951188
v -0.0747500062 0.05698302388 -0.0202684328
v -0.02775000222 0.06857644022 0.1135905981
v -0.02725000121 0.068607077 0.1140442193
v -0.02675000206 0.06863005459 0.1143844426
v -0.02625000104 0.06864537299 0.1146112382
v -0.02575000189 0.06865303218 0.114724651
v -0.02525000088 0.06865303218 0.114724651
v -0.02475000173 0.06864537299 0.1146112382
v -0.02425000072 0.06865303218 0.114724651
v -0.02375000156 0.06865303218 0.114724651
v -0.02325000055 0.06863771379 0.1144978255
v -0.0227500014 0.06863005459 0.1143844426
v -0.02225000039 0.0686147362 0.114157632
v -0.02175000124 0.06859175861 0.1138174087
v -0.02125000022 0.06857644022 0.1135905981
v -0.02075000107 0.06856112182 0.1133638173
v -0.02025000006 0.06854580343 0.1131369919
v -0.01975000091 0.06851515919 0.1126833856
v -0.01925000176 0.0684921816 0.1123431772
v -0.01675000042 0.06835430861 0.1103019118
v -0.01625000127 0.06840793043 0.1110957265
v -0.01575000025 0.06843856722 0.1115493476
v -0.0152500011 0.06846154481 0.1118895561
v -0.01475000102 0.06846920401 0.1120029539
v -0.01425000094 0.06847686321 0.1121163666
v -0.01375000086 0.06847686321 0.1121163666
v -0.01325000077 0.06847686321 0.1121163666
v -0.01275000069 0.06846920401 0.1120029539
v -0.01225000061 0.06846920401 0.1120029539
v -0.01175000053 0.06845388561 0.1117761433
v -0.01125000045 0.06843856722 0.1115493476
v -0.01075000037 0.06842324883 0.1113225371
v -0.01025000028 0.06841558963 0.1112091243
v -0.009750000201 0.0683772862 0.1106421202
v -0.009250000119 0.06833899021 0.1100751013
v -0.008750000037 0.06831601262 0.1097348779
v -0.008249999955 0.06830069423 0.1095080674
v -0.007750000339 0.0682394132 0.1086008549
v -0.007250000257 0.06827771664 0.109167859
v 0.05325000361 0.06724366546 0.09385837615
v 0.05375000089 0.06728196144 0.09442539513
v 0.05425000191 0.06730493903 0.09476561844
v 0.05475000292 0.06732025743 0.09499241412
v 0.05525000393 0.06732025743 0.09499241412
v 0.05575000122 0.06731259823 0.09487901628
v 0.05625000224 0.06731259823 0.09487901628
v 0.05675000325 0.06728196144 0.09442539513
v 0.05725000426 0.06727430224 0.09431199729
v 0.05775000155 0.06725898385 0.09408518672
v 0.05825000256 0.06724366546 0.09385837615
v 0.05875000358 0.06723600626 0.09374497831
v 0.05925000459 0.06722834706 0.09363156557
v 0.05975000188 0.06720536947 0.09329135716
v 0.06025000289 0.06719770283 0.09317795932
v 0.0607500039 0.06719770283 0.09317795932
v 0.06125000119 0.06718238443 0.09295114875
v 0.06175000221 0.06718238443 0.09295114875
v 0.06225000322 0.06717472523 0.09283775091
v 0.06275000423 0.06717472523 0.09283775091
v 0.06325000525 0.06717472523 0.09283775091
v 0.06375000626 0.06716706604 0.09272433817
v 0.06424999982 0.06717472523 0.09283775091
v 0.06475000083 0.06716706604 0.09272433817
v 0.06525000185 0.06716706604 0.09272433817
v 0.06575000286 0.06716706604 0.09272433817
v 0.06625000387 0.06715940684 0.09261094034
v 0.06675000489 0.06715940684 0.09261094034
v 0.0672500059 0.06713642925 0.09227073193
v 0.06775000691 0.06712877005 0.09215731919
v 0.06825000048 0.06712111086 0.09204392135
v 0.06875000149 0.06706748903 0.09125009179
v 0.0692500025 0.06691429764 0.08898203075
v 0.06975000352 0.06690663844 0.08886861801
v 0.07075000554 0.06701387465 0.09045627713
v 0.07125000656 0.06702919304 0.09068307281
v 0.07175000012 0.06705217063 0.09102328122
v 0.07225000113 0.06705217063 0.09102328122
v 0.07275000215 0.06705217063 0.09102328122
v 0.07325000316 0.06703685224 0.09079647064
v 0.07375000417 0.06703685224 0.09079647064
v 0.07425000519 0.06702919304 0.09068307281
v 0.0747500062 0.06702153385 0.09056967497
v 0.07525000721 0.06701387465 0.09045627713
v 0.07575000077 0.06699855626 0.09022946656
v 0.07625000179 0.06698323786 0.09000265598
v 0.0767500028 0.06695260108 0.08954903483
v 0.07725000381 0.06693728268 0.08932223916
v 0.07775000483 0.06694494188 0.089435637
v -0.07400000095 0.05771856755 -0.02026900649
v -0.02750000171 0.06922702491 0.113360554
v -0.0270000007 0.06926517934 0.1139275134
v -0.02650000155 0.06929569691 0.1143810749
v -0.02600000054 0.06930332631 0.1144944578
v -0.02550000139 0.0693109557 0.1146078557
v -0.02500000037 0.0693185851 0.1147212535
v -0.02450000122 0.0693109557 0.1146078557
v -0.02400000021 0.0693185851 0.1147212535
v -0.02350000106 0.0693185851 0.1147212535
v -0.02300000191 0.0693185851 0.1147212535
v -0.02250000089 0.0693109557 0.1146078557
v -0.02200000174 0.06929569691 0.1143810749
v -0.02150000073 0.06928043813 0.1141542941
v -0.02100000158 0.06925754994 0.1138141155
v -0.02050000057 0.0692422837 0.1135873348
v -0.02000000142 0.06922702491 0.113360554
v -0.0195000004 0.06919650733 0.1129069775
v -0.01900000125 0.06918887794 0.1127935797
v -0.01850000024 0.06914309412 0.1121132523
v -0.01649999991 0.06902864575 0.1104123741
v -0.01600000076 0.06908205152 0.1112061143
v -0.01550000068 0.06912020594 0.1117730737
v -0.0150000006 0.06913546473 0.1119998544
v -0.01450000051 0.06914309412 0.1121132523
v -0.01400000043 0.06915835291 0.1123400331
v -0.01350000035 0.06915835291 0.1123400331
v -0.01300000027 0.06915072352 0.1122266352
v -0.01250000019 0.06915072352 0.1122266352
v -0.0120000001 0.06914309412 0.1121132523
v -0.01150000095 0.06913546473 0.1119998544
v -0.01100000087 0.06912020594 0.1117730737
v -0.01050000079 0.06911257654 0.1116596758
v -0.01000000071 0.06909731776 0.1114328951
v -0.009500000626 0.06907442212 0.1110927165
v -0.009000000544 0.06905153394 0.1107525378
v -0.008500000462 0.06903627515 0.1105257571
v -0.00800000038 0.06903627515 0.1105257571
v -0.007500000298 0.06899049133 0.1098454148
v -0.007000000216 0.06899812073 0.1099588126
v 0.0530000031 0.06790702045 0.09374381602
v 0.05350000411 0.06796042621 0.09453755617
v 0.0540000014 0.06798332185 0.09487771988
v 0.05450000241 0.06799858063 0.09510451555
v 0.05500000343 0.06800621003 0.09521789849
v 0.05550000444 0.06801383942 0.09533129632
v 0.05600000173 0.06799858063 0.09510451555
v 0.05650000274 0.067975685 0.09476433694
v 0.05700000376 0.06796042621 0.09453755617
v 0.05750000104 0.06794516742 0.0943107605
v 0.05800000206 0.06792990863 0.09408397973
v 0.05850000307 0.06792227924 0.09397058189
v 0.05900000408 0.06791464984 0.09385719895
v 0.05950000137 0.06790702045 0.09374381602
v 0.06000000238 0.06789175421 0.09351702034
v 0.0605000034 0.06787649542 0.09329023957
v 0.06100000441 0.06787649542 0.09329023957
v 0.0615000017 0.06786886603 0.09317684174
v 0.06200000271 0.06786123663 0.0930634588
v 0.0625 0.06785360724 0.09295006096
v 0.06300000101 0.06784597784 0.09283667803
v 0.06350000203 0.06784597784 0.09283667803
v 0.06400000304 0.06783834845 0.09272328019
v 0.06450000405 0.06784597784 0.09283667803
v 0.06500000507 0.06783834845 0.09272328019
v 0.06550000608 0.06784597784 0.09283667803
v 0.06599999964 0.06784597784 0.09283667803
v 0.06650000066 0.06784597784 0.09283667803
v 0.06700000167 0.06783071905 0.09260988235
v 0.06750000268 0.06782308966 0.09249649942
v 0.0680000037 0.06781545281 0.09238310158
v 0.06850000471 0.06780782342 0.09226971865
v 0.06900000572 0.06779256463 0.09204293787
v 0.06950000674 0.06779256463 0.09204293787
v 0.0700000003 0.06776967645 0.09170275927
v 0.07050000131 0.06774678826 0.09136258066
v 0.07100000232 0.06774678826 0.09136258066
v 0.07150000334 0.06774678826 0.09136258066
v 0.07200000435 0.06776204705 0.09158937633
v 0.07250000536 0.06774678826 0.09136258066
v 0.07300000638 0.06774678826 0.09136258066
v 0.07349999994 0.06773152202 0.09113579988
v 0.07400000095 0.06773152202 0.09113579988
v 0.07450000197 0.06770863384 0.09079562128
v 0.07500000298 0.06770100445 0.09068223834
v 0.07550000399 0.06768574566 0.09045545757
v 0.07600000501 0.06767048687 0.0902286768
v 0.07650000602 0.06764759123 0.08988849819
v 0.07700000703 0.06761707366 0.08943493664
v 0.0775000006 0.06761707366 0.08943493664
v -0.07375000417 0.05845411494 -0.02026958019
v -0.02725000121 0.06988533586 0.1132439226
v -0.02675000206 0.06992333382 0.1138108224
v -0.02625000104 0.06994614005 0.1141509563
v -0.02575000189 0.06996133924 0.1143777221
v -0.02525000088 0.06996893883 0.1144910902
v -0.02475000173 0.06997653842 0.1146044731
v -0.02425000072 0.06998413801 0.114717856
v -0.02375000156 0.06998413801 0.114717856
v -0.02325000055 0.06999174505 0.1148312241
v -0.0227500014 0.06999174505 0.1148312241
v -0.02225000039 0.06998413801 0.114717856
v -0.02175000124 0.06997653842 0.1146044731
v -0.02125000022 0.06995373964 0.1142643243
v -0.02075000107 0.06993854046 0.1140375733
v -0.02025000006 0.06991573423 0.1136974394
v -0.01975000091 0.06990813464 0.1135840565
v -0.01925000176 0.06988533586 0.1132439226
v -0.01875000075 0.06987012923 0.1130171567
v -0.01825000159 0.06985493004 0.1127903908
v -0.01625000127 0.06971052289 0.1106361896
v -0.01575000025 0.06976372749 0.1114298403
v -0.0152500011 0.06980172545 0.1119967401
v -0.01475000102 0.06982453167 0.1123368889
v -0.01425000094 0.06983973086 0.1125636399
v -0.01375000086 0.06984733045 0.1126770228
v -0.01325000077 0.06984733045 0.1126770228
v -0.01275000069 0.06983973086 0.1125636399
v -0.01225000061 0.06983213127 0.1124502569
v -0.01175000053 0.06982453167 0.1123368889
v -0.01125000045 0.06981692463 0.112223506
v -0.01075000037 0.06980932504 0.1121101379
v -0.01025000028 0.06980172545 0.1119967401
v -0.009750000201 0.06978652626 0.1117699891
v -0.009250000119 0.06976372749 0.1114298403
v -0.008750000037 0.06974852085 0.1112030894
v -0.008249999955 0.06974852085 0.1112030894
v -0.007750000339 0.06974852085 0.1112030894
v -0.007250000257 0.06973332167 0.1109763235
v -0.006750000175 0.06972572207 0.1108629555
v -0.006250000093 0.06968011707 0.1101826727
v -0.005750000477 0.06968011707 0.1101826727
v 0.05275000259 0.0685704276 0.09362925589
v 0.05325000361 0.06863123178 0.09453630447
v 0.05375000089 0.0686616376 0.09498980641
v 0.05425000191 0.06868443638 0.09532995522
v 0.05475000292 0.06869203597 0.09544333816
v 0.05525000393 0.06869203597 0.09544333816
v 0.05575000122 0.06869964302 0.09555672109
v 0.05625000224 0.06867683679 0.09521657228
v 0.05675000325 0.0686616376 0.09498980641
v 0.05725000426 0.06863883138 0.09464967251
v 0.05775000155 0.06862363219 0.09442292154
v 0.05825000256 0.06860843301 0.09419615567
v 0.05875000358 0.06860083342 0.09408277273
v 0.05925000459 0.06859323382 0.0939693898
v 0.05975000188 0.06858563423 0.09385602176
v 0.06025000289 0.06857802719 0.09374265373
v 0.0607500039 0.068562828 0.09351588786
v 0.06125000119 0.068562828 0.09351588786
v 0.06175000221 0.06854762882 0.09328912199
v 0.06225000322 0.06854002923 0.09317573905
v 0.06275000423 0.06853242964 0.09306237102
v 0.06325000525 0.06853242964 0.09306237102
v 0.06375000626 0.06852482259 0.09294898808
v 0.06424999982 0.06852482259 0.09294898808
v 0.06475000083 0.06852482259 0.09294898808
v 0.06525000185 0.06852482259 0.09294898808
v 0.06575000286 0.068517223 0.09283560514
v 0.06625000387 0.06852482259 0.09294898808
v 0.06675000489 0.068517223 0.09283560514
v 0.0672500059 0.06850962341 0.09272222221
v 0.06775000691 0.068517223 0.09283560514
v 0.06825000048 0.06850962341 0.09272222221
v 0.06875000149 0.06850202382 0.09260883927
v 0.0692500025 0.06849442422 0.09249547124
v 0.06975000352 0.06847922504 0.09226870537
v 0.07025000453 0.06847162545 0.09215532243
v 0.07075000554 0.06847162545 0.09215532243
v 0.07125000656 0.06845641881 0.09192857146
v 0.07175000012 0.06845641881 0.09192857146
v 0.07225000113 0.06844881922 0.09181518853
v 0.07275000215 0.06843362004 0.09158843756
v 0.07325000316 0.06843362004 0.09158843756
v 0.07375000417 0.06842602044 0.09147505462
v 0.07425000519 0.06840321422 0.09113490582
v 0.0747500062 0.06838801503 0.09090813994
v 0.07525000721 0.06837281585 0.09068140388
v 0.07575000077 0.06835761666 0.090454638
v 0.07625000179 0.06833481044 0.0901145041
v 0.0767500028 0.06830441207 0.08966098726
v 0.07725000381 0.06829680502 0.08954758942
v -0.0270000007 0.07051341236 0.1126738489
v -0.02650000155 0.07057398558 0.1135807782
v -0.02600000054 0.07060426474 0.1140342504
v -0.02550000139 0.07061941177 0.1142609864
v -0.02500000037 0.07062698156 0.1143743545
v -0.02450000122 0.07063455135 0.1144877225
v -0.02400000021 0.07064969838 0.1147144735
v -0.02350000106 0.07065726817 0.1148278266
v -0.02300000191 0.07066483796 0.1149411947
v -0.02250000089 0.07065726817 0.1148278266
v -0.02200000174 0.07065726817 0.1148278266
v -0.02150000073 0.07064212114 0.1146010906
v -0.02100000158 0.07064212114 0.1146010906
v -0.02050000057 0.07061184198 0.1141476184
v -0.02000000142 0.07059669495 0.1139208823
v -0.0195000004 0.07058155537 0.1136941612
v -0.01900000125 0.07056641579 0.1134674251
v -0.01850000024 0.070558846 0.1133540571
v -0.01800000109 0.07053612918 0.113013953
v -0.01750000007 0.07050584257 0.1125604659
v -0.01700000092 0.07046041638 0.1118802726
v -0.01649999991 0.07043770701 0.1115401685
v -0.01550000068 0.07049070299 0.1123337448
v -0.0150000006 0.07051341236 0.1126738489
v -0.01450000051 0.07052855939 0.11290057
v -0.01400000043 0.07052855939 0.11290057
v -0.01350000035 0.07052855939 0.11290057
v -0.01300000027 0.07052855939 0.11290057
v -0.01250000019 0.0705209896 0.112787202
v -0.0120000001 0.07051341236 0.1126738489
v -0.01150000095 0.07050584257 0.1125604659
v -0.01100000087 0.07049070299 0.1123337448
v -0.01050000079 0.0704831332 0.1122203767
v -0.01000000071 0.07049070299 0.1123337448
v -0.009500000626 0.07047556341 0.1121070087
v -0.009000000544 0.07045284659 0.1117669046
v -0.008500000462 0.0704452768 0.1116535366
v -0.00800000038 0.0704452768 0.1116535366
v -0.007500000298 0.07043770701 0.1115401685
v -0.007000000216 0.07042255998 0.1113134325
v -0.006500000134 0.0704074204 0.1110866964
v -0.006000000052 0.07039228082 0.1108599752
v -0.005500000436 0.07037713379 0.1106332392
v -0.005000000354 0.07028628141 0.1092728227
v 0.0530000031 0.06930203736 0.09453505278
v 0.05350000411 0.06933989376 0.09510189295
v 0.0540000014 0.06936261058 0.09544198215
v 0.05450000241 0.06937775016 0.09566871822
v 0.05500000343 0.06938531995 0.09578208625
v 0.05550000444 0.06937775016 0.09566871822
v 0.05600000173 0.06937018037 0.09555535018
v 0.05650000274 0.06935504079 0.09532862902
v 0.05700000376 0.06933232397 0.09498851001
v 0.05750000104 0.0693096146 0.09464842081
v 0.05800000206 0.06929446757 0.09442168474
v 0.05850000307 0.06929446757 0.09442168474
v 0.05900000408 0.06927932799 0.09419494867
v 0.05950000137 0.0692717582 0.09408158064
v 0.06000000238 0.0692717582 0.09408158064
v 0.0605000034 0.06925661117 0.09385484457
v 0.06100000441 0.06924147159 0.0936281085
v 0.0615000017 0.06924904138 0.09374147654
v 0.06200000271 0.0692339018 0.09351474047
v 0.0625 0.06922633201 0.09340137243
v 0.06300000101 0.06921876222 0.0932880044
v 0.06350000203 0.06921876222 0.0932880044
v 0.06400000304 0.06920361519 0.09306126833
v 0.06450000405 0.06920361519 0.09306126833
v 0.06500000507 0.06920361519 0.09306126833
v 0.06550000608 0.0691960454 0.0929479003
v 0.06599999964 0.0691960454 0.0929479003
v 0.06650000066 0.0691960454 0.0929479003
v 0.06700000167 0.0691960454 0.0929479003
v 0.06750000268 0.0691960454 0.0929479003
v 0.0680000037 0.06918847561 0.09283454716
v 0.06850000471 0.0691960454 0.0929479003
v 0.06900000572 0.06918090582 0.09272116423
v 0.06950000674 0.06918847561 0.09283454716
v 0.0700000003 0.06918090582 0.09272116423
v 0.07050000131 0.06916575879 0.09249444306
v 0.07100000232 0.069158189 0.09238106012
v 0.07150000334 0.06915061921 0.09226770699
v 0.07200000435 0.06914304942 0.09215432405
v 0.07250000536 0.06912790239 0.09192758799
v 0.07300000638 0.06912790239 0.09192758799
v 0.07349999994 0.06911276281 0.09170086682
v 0.07400000095 0.06910519302 0.09158749878
v 0.07450000197 0.0690824762 0.09124739468
v 0.07500000298 0.06905219704 0.09079392254
v 0.07550000399 0.06904462725 0.09068055451
v 0.07600000501 0.06902191043 0.09034045041
v 0.07650000602 0.06898405403 0.08977362514
v 0.07700000703 0.06896891445 0.08954687417
v -0.02625000104 0.07122474164 0.1133508086
v -0.02575000189 0.07125490904 0.1138042212
v -0.02525000088 0.07126999646 0.1140309274
v -0.02475000173 0.07128507644 0.1142576337
v -0.02425000072 0.07130016387 0.11448434
v -0.02375000156 0.07131524384 0.114711076
v -0.02325000055 0.07132278383 0.1148244143
v -0.0227500014 0.07132278383 0.1148244143
v -0.02225000039 0.07133032382 0.1149377823
v -0.02175000124 0.07133032382 0.1149377823
v -0.02125000022 0.07132278383 0.1148244143
v -0.02075000107 0.07131524384 0.114711076
v -0.02025000006 0.07129261643 0.1143710017
v -0.01975000091 0.07128507644 0.1142576337
v -0.01925000176 0.07126244903 0.1139175743
v -0.01875000075 0.07124736905 0.113690868
v -0.01825000159 0.07124736905 0.113690868
v -0.01775000058 0.07122474164 0.1133508086
v -0.01725000143 0.07120212168 0.1130107343
v -0.01675000042 0.07120212168 0.1130107343
v -0.01625000127 0.07120966166 0.1131240875
v -0.01575000025 0.07119458169 0.1128973812
v -0.0152500011 0.07120966166 0.1131240875
v -0.01475000102 0.07121720165 0.1132374406
v -0.01425000094 0.07122474164 0.1133508086
v -0.01375000086 0.07121720165 0.1132374406
v -0.01325000077 0.07120966166 0.1131240875
v -0.01275000069 0.07120966166 0.1131240875
v -0.01225000061 0.07119458169 0.1128973812
v -0.01175000053 0.07117949426 0.11267066
v -0.01125000045 0.07117195427 0.1125573069
v -0.01075000037 0.07116441429 0.1124439538
v -0.01025000028 0.0711568743 0.1123306006
v -0.009750000201 0.07114932686 0.1122172475
v -0.009250000119 0.07114178687 0.1121038944
v -0.008750000037 0.0711267069 0.1118771732
v -0.008249999955 0.0711267069 0.1118771732
v -0.007750000339 0.07111915946 0.1117638201
v -0.007250000257 0.07111161947 0.1116504669
v -0.006750000175 0.07111161947 0.1116504669
v -0.006250000093 0.0710965395 0.1114237458
v -0.005750000477 0.07108899951 0.1113104075
v -0.005250000395 0.0710663721 0.1109703332
v -0.004750000313 0.0710362047 0.1105169058
v -0.004250000231 0.07099095732 0.1098367721
v 0.05275000259 0.06995776296 0.09430707991
v 0.05325000361 0.07001055777 0.09510058165
v 0.05375000089 0.07003317773 0.09544064105
v 0.05425000191 0.07005580515 0.09578070045
v 0.05475000292 0.07007088512 0.09600742161
v 0.05525000393 0.07007088512 0.09600742161
v 0.05575000122 0.07006334513 0.09589406848
v 0.05625000224 0.07004071772 0.09555399418
v 0.05675000325 0.07002563775 0.09532728791
v 0.05725000426 0.07001809776 0.09521391988
v 0.05775000155 0.06999547035 0.09487386048
v 0.05825000256 0.06998039037 0.09464715421
v 0.05875000358 0.06997284293 0.09453380108
v 0.05925000459 0.06996530294 0.09442044795
v 0.05975000188 0.06995776296 0.09430707991
v 0.06025000289 0.06995022297 0.09419372678
v 0.0607500039 0.06993513554 0.09396700561
v 0.06125000119 0.06993513554 0.09396700561
v 0.06175000221 0.06992759556 0.09385365248
v 0.06225000322 0.06992005557 0.09374031425
v 0.06275000423 0.06991251558 0.09362694621
v 0.06325000525 0.06991251558 0.09362694621
v 0.06375000626 0.06990497559 0.09351359308
v 0.06424999982 0.06988988817 0.09328688681
v 0.06475000083 0.06988988817 0.09328688681
v 0.06525000185 0.06988988817 0.09328688681
v 0.06575000286 0.06987480819 0.09306018054
v 0.06625000387 0.06986726075 0.09294682741
v 0.06675000489 0.06987480819 0.09306018054
v 0.0672500059 0.06987480819 0.09306018054
v 0.06775000691 0.06986726075 0.09294682741
v 0.06825000048 0.06986726075 0.09294682741
v 0.06875000149 0.06987480819 0.09306018054
v 0.0692500025 0.06986726075 0.09294682741
v 0.06975000352 0.06986726075 0.09294682741
v 0.07025000453 0.06985972077 0.09283347428
v 0.07075000554 0.06985218078 0.09272010624
v 0.07125000656 0.0698371008 0.09249339998
v 0.07175000012 0.06982955337 0.09238003194
v 0.07225000113 0.06982201338 0.09226669371
v 0.07275000215 0.06981447339 0.09215332568
v 0.07325000316 0.06979939342 0.09192661941
v 0.07375000417 0.06978430599 0.09169991314
v 0.07425000519 0.069776766 0.09158656001
v 0.0747500062 0.0697465986 0.09113313258
v 0.07525000721 0.06972397119 0.09079305828
v 0.07575000077 0.0697164312 0.09067972004
v 0.07625000179 0.06967118382 0.08999958634
v 0.0767500028 0.06962593645 0.08931945264
v -0.02550000139 0.07189816236 0.1134608984
v -0.02500000037 0.07192821056 0.1139142662
v -0.02450000122 0.07195074856 0.1142542958
v -0.02400000021 0.07196577638 0.1144809723
v -0.02350000106 0.07198079675 0.1147076786
v -0.02300000191 0.07198079675 0.1147076786
v -0.02250000089 0.07198830694 0.1148210019
v -0.02200000174 0.07200333476 0.1150476933
v -0.02150000073 0.07200333476 0.1150476933
v -0.02100000158 0.07198830694 0.1148210019
v -0.02050000057 0.07198830694 0.1148210019
v -0.02000000142 0.07196577638 0.1144809723
v -0.0195000004 0.07195825875 0.114367649
v -0.01900000125 0.07195074856 0.1142542958
v -0.01850000024 0.07193572819 0.1140276045
v -0.01800000109 0.07192821056 0.1139142662
v -0.01750000007 0.07192070037 0.1138009131
v -0.01700000092 0.07189816236 0.1134608984
v -0.01649999991 0.07189816236 0.1134608984
v -0.01600000076 0.07190567255 0.1135742217
v -0.01550000068 0.07189816236 0.1134608984
v -0.0150000006 0.07189816236 0.1134608984
v -0.01450000051 0.07190567255 0.1135742217
v -0.01400000043 0.07189816236 0.1134608984
v -0.01350000035 0.07189816236 0.1134608984
v -0.01300000027 0.07188314199 0.113234207
v -0.01250000019 0.07187563181 0.1131208688
v -0.0120000001 0.07186060399 0.1128941774
v -0.01150000095 0.07183806598 0.1125541329
v -0.01100000087 0.07183806598 0.1125541329
v -0.01050000079 0.07182304561 0.1123274565
v -0.01000000071 0.07181553543 0.1122141182
v -0.009500000626 0.07180801779 0.11210078
v -0.009000000544 0.07180050761 0.1119874269
v -0.008500000462 0.07179299742 0.1118740886
v -0.00800000038 0.07180050761 0.1119874269
v -0.007500000298 0.07178548723 0.1117607355
v -0.007000000216 0.07178548723 0.1117607355
v -0.006500000134 0.07178548723 0.1117607355
v -0.006000000052 0.0717779696 0.1116473973
v -0.005500000436 0.07176294923 0.1114207059
v -0.005000000354 0.07174792141 0.1111940145
v -0.004500000272 0.07173290104 0.1109673381
v -0.00400000019 0.07171036303 0.1106273085
v -0.003500000108 0.07166529447 0.1099472493
v 0.0530000031 0.07067370415 0.09498591721
v 0.05350000411 0.07071126252 0.09555263817
v 0.0540000014 0.07073380053 0.09589266777
v 0.05450000241 0.0707488209 0.09611935914
v 0.05500000343 0.07075633109 0.09623269737
v 0.05550000444 0.07075633109 0.09623269737
v 0.05600000173 0.07074131072 0.096006006
v 0.05650000274 0.07072628289 0.09577932954
v 0.05700000376 0.07070375234 0.09543928504
v 0.05750000104 0.0706962347 0.09532594681
v 0.05800000206 0.07068121433 0.09509927034
v 0.05850000307 0.07066618651 0.09487257898
v 0.05900000408 0.07065116614 0.09464588761
v 0.05950000137 0.07063613832 0.09441921115
v 0.06000000238 0.07063613832 0.09441921115
v 0.0605000034 0.07062862813 0.09430585802
v 0.06100000441 0.07062111795 0.09419251978
v 0.0615000017 0.07061360776 0.09407916665
v 0.06200000271 0.07060609013 0.09396581352
v 0.0625 0.07059857994 0.09385247529
v 0.06300000101 0.07059857994 0.09385247529
v 0.06350000203 0.07059106976 0.09373915195
v 0.06400000304 0.07058355957 0.09362579882
v 0.06450000405 0.07057604194 0.09351246059
v 0.06500000507 0.07056853175 0.09339910746
v 0.06550000608 0.07056102157 0.09328576922
v 0.06599999964 0.07055351138 0.09317243099
v 0.06650000066 0.07054599375 0.09305909276
v 0.06700000167 0.07054599375 0.09305909276
v 0.06750000268 0.07054599375 0.09305909276
v 0.0680000037 0.07054599375 0.09305909276
v 0.06850000471 0.07054599375 0.09305909276
v 0.06900000572 0.07054599375 0.09305909276
v 0.06950000674 0.07053848356 0.09294573963
v 0.0700000003 0.07054599375 0.09305909276
v 0.07050000131 0.07054599375 0.09305909276
v 0.07100000232 0.07053097337 0.09283240139
v 0.07150000334 0.07051594555 0.09260571003
v 0.07200000435 0.07051594555 0.09260571003
v 0.07250000536 0.07050843537 0.0924923718
v 0.07300000638 0.070493415 0.09226568043
v 0.07349999994 0.07046336681 0.0918123126
v 0.07400000095 0.07044833899 0.09158562124
v 0.07450000197 0.07042580098 0.09124559164
v 0.07500000298 0.07039575279 0.09079220891
v 0.07550000399 0.07037322223 0.09045219421
v 0.07600000501 0.07035068423 0.09011214972
v 0.07650000602 0.07031312585 0.08954542875
v -0.02525000088 0.07253410667 0.113004297
v -0.02475000173 0.07257900387 0.1136842966
v -0.02425000072 0.07260145247 0.1140242815
v -0.02375000156 0.07262390107 0.1143642813
v -0.02325000055 0.07263886184 0.1145909429
v -0.0227500014 0.07264634222 0.1147042811
v -0.02225000039 0.07266131043 0.1149309427
v -0.02175000124 0.07266879082 0.115044266
v -0.02125000022 0.07266879082 0.115044266
v -0.02075000107 0.07266879082 0.115044266
v -0.02025000006 0.07266131043 0.1149309427
v -0.01975000091 0.07264634222 0.1147042811
v -0.01925000176 0.07263886184 0.1145909429
v -0.01875000075 0.07263138145 0.1144776046
v -0.01825000159 0.07263138145 0.1144776046
v -0.01775000058 0.07261641324 0.1142509431
v -0.01725000143 0.07260893285 0.1141376197
v -0.01675000042 0.07260145247 0.1140242815
v -0.01625000127 0.07260145247 0.1140242815
v -0.01575000025 0.07259396464 0.1139109582
v -0.0152500011 0.07259396464 0.1139109582
v -0.01475000102 0.07259396464 0.1139109582
v -0.01425000094 0.07257900387 0.1136842966
v -0.01375000086 0.07256403565 0.113457635
v -0.01325000077 0.07256403565 0.113457635
v -0.01275000069 0.07254907489 0.1132309586
v -0.01225000061 0.07253410667 0.113004297
v -0.01175000053 0.07251914591 0.1127776355
v -0.01125000045 0.07251165807 0.1126643121
v -0.01075000037 0.07250417769 0.1125509739
v -0.01025000028 0.07248172909 0.112210989
v -0.009750000201 0.07247424871 0.1120976657
v -0.009250000119 0.07247424871 0.1120976657
v -0.008750000037 0.07246676832 0.1119843125
v -0.008249999955 0.07246676832 0.1119843125
v -0.007750000339 0.07245928049 0.1118709892
v -0.007250000257 0.07245928049 0.1118709892
v -0.006750000175 0.07246676832 0.1119843125
v -0.006250000093 0.07245928049 0.1118709892
v -0.005750000477 0.07245928049 0.1118709892
v -0.005250000395 0.07244431973 0.1116443276
v -0.004750000313 0.07243683189 0.1115309894
v -0.004250000231 0.07241439074 0.1111910045
v -0.003750000149 0.07239942253 0.110964343
v -0.003250000067 0.07236201316 0.1103976816
v 0.05275000259 0.07132194191 0.09464462101
v 0.05325000361 0.07138179988 0.09555128217
v 0.05375000089 0.07141920924 0.09611794353
v 0.05425000191 0.07143417746 0.09634460509
v 0.05475000292 0.07144165784 0.09645792842
v 0.05525000393 0.07144165784 0.09645792842
v 0.05575000122 0.07143417746 0.09634460509
v 0.05625000224 0.07142669708 0.09623126686
v 0.05675000325 0.07140424848 0.09589128196
v 0.05725000426 0.07138179988 0.09555128217
v 0.05775000155 0.07137431949 0.09543794394
v 0.05825000256 0.07135935128 0.09521128237
v 0.05875000358 0.07135187089 0.09509795904
v 0.05925000459 0.07133690268 0.09487128258
v 0.05975000188 0.0713294223 0.09475797415
v 0.06025000289 0.07132194191 0.09464462101
v 0.0607500039 0.0713069737 0.09441795945
v 0.06125000119 0.0713069737 0.09441795945
v 0.06175000221 0.07129949331 0.09430463612
v 0.06225000322 0.07129201293 0.09419129789
v 0.06275000423 0.07127704471 0.09396463633
v 0.06325000525 0.07127704471 0.09396463633
v 0.06375000626 0.07126956433 0.09385129809
v 0.06424999982 0.07126956433 0.09385129809
v 0.06475000083 0.07126208395 0.09373798966
v 0.06525000185 0.07125459611 0.09362463653
v 0.06575000286 0.07124711573 0.0935113132
v 0.06625000387 0.07123963535 0.09339797497
v 0.06675000489 0.07123963535 0.09339797497
v 0.0672500059 0.07122466713 0.09317131341
v 0.06775000691 0.07122466713 0.09317131341
v 0.06825000048 0.07122466713 0.09317131341
v 0.06875000149 0.07122466713 0.09317131341
v 0.0692500025 0.07121718675 0.09305799007
v 0.06975000352 0.07121718675 0.09305799007
v 0.07025000453 0.07123214751 0.09328465164
v 0.07075000554 0.07123214751 0.09328465164
v 0.07125000656 0.07120969892 0.09294465184
v 0.07175000012 0.07120969892 0.09294465184
v 0.07225000113 0.07119473815 0.09271799028
v 0.07275000215 0.07117976993 0.09249132872
v 0.07325000316 0.07114984095 0.09203800559
v 0.07375000417 0.07112739235 0.0916980207
v 0.07425000519 0.07109746337 0.09124468267
v 0.0747500062 0.07107501477 0.09090468287
v 0.07525000721 0.07105256617 0.09056469798
v 0.07575000077 0.07103012502 0.09022471309
v 0.07625000179 0.07099270821 0.08965805173
v -0.02450000122 0.07322246581 0.1133410484
v -0.02400000021 0.07325227559 0.1137943268
v -0.02350000106 0.07328208536 0.1142475903
v -0.02300000191 0.07330444455 0.1145875603
v -0.02250000089 0.07331935316 0.1148141921
v -0.02200000174 0.07332680374 0.1149275154
v -0.02150000073 0.07333425432 0.1150408387
v -0.02100000158 0.07334171236 0.115154162
v -0.02050000057 0.07334171236 0.115154162
v -0.02000000142 0.07333425432 0.1150408387
v -0.0195000004 0.07332680374 0.1149275154
v -0.01900000125 0.07332680374 0.1149275154
v -0.01850000024 0.07331190258 0.1147008836
v -0.01800000109 0.07331935316 0.1148141921
v -0.01750000007 0.07329699397 0.114474237
v -0.01700000092 0.07329699397 0.114474237
v -0.01649999991 0.07329699397 0.114474237
v -0.01600000076 0.07328208536 0.1142475903
v -0.01550000068 0.07327463478 0.1141342819
v -0.0150000006 0.0732671842 0.1140209585
v -0.01450000051 0.0732671842 0.1140209585
v -0.01400000043 0.07325972617 0.1139076501
v -0.01350000035 0.07322991639 0.1134543717
v -0.01300000027 0.07322246581 0.1133410484
v -0.01250000019 0.07321500778 0.113227725
v -0.0120000001 0.07319264859 0.1128877699
v -0.01150000095 0.07317774743 0.1126611233
v -0.01100000087 0.0731702894 0.1125477999
v -0.01050000079 0.07316283882 0.1124344915
v -0.01000000071 0.0731479302 0.1122078598
v -0.009500000626 0.0731479302 0.1122078598
v -0.009000000544 0.07314047962 0.1120945364
v -0.008500000462 0.07313302904 0.1119812131
v -0.00800000038 0.07313302904 0.1119812131
v -0.007500000298 0.07313302904 0.1119812131
v -0.007000000216 0.07313302904 0.1119812131
v -0.006500000134 0.07313302904 0.1119812131
v -0.006000000052 0.07313302904 0.1119812131
v -0.005500000436 0.07313302904 0.1119812131
v -0.005000000354 0.07312557101 0.1118678898
v -0.004500000272 0.07311066985 0.111641258
v -0.00400000019 0.07310321182 0.1115279347
v -0.003500000108 0.07307340205 0.1110746562
v -0.003000000026 0.07305849344 0.1108480245
v 0.0530000031 0.07202998549 0.09520995617
v 0.05350000411 0.07208960503 0.09611651301
v 0.0540000014 0.07211941481 0.09656979144
v 0.05450000241 0.07212687284 0.09668311477
v 0.05500000343 0.07212687284 0.09668311477
v 0.05550000444 0.07211941481 0.09656979144
v 0.05600000173 0.07211196423 0.09645646811
v 0.05650000274 0.07208960503 0.09611651301
v 0.05700000376 0.07207470387 0.09588988125
v 0.05750000104 0.07205234468 0.09554992616
v 0.05800000206 0.07204488665 0.09543660283
v 0.05850000307 0.07202998549 0.09520995617
v 0.05900000408 0.07201507688 0.09498330951
v 0.05950000137 0.0720076263 0.09487000108
v 0.06000000238 0.0720076263 0.09487000108
v 0.0605000034 0.07200016826 0.09475669265
v 0.06100000441 0.07199271768 0.09464336932
v 0.0615000017 0.0719852671 0.09453004599
v 0.06200000271 0.07197035849 0.09430339932
v 0.0625 0.07197035849 0.09430339932
v 0.06300000101 0.07195544988 0.09407676756
v 0.06350000203 0.07195544988 0.09407676756
v 0.06400000304 0.07195544988 0.09407676756
v 0.06450000405 0.0719479993 0.09396344423
v 0.06500000507 0.07193309069 0.09373681247
v 0.06550000608 0.07193309069 0.09373681247
v 0.06599999964 0.07192564011 0.09362348914
v 0.06650000066 0.07193309069 0.09373681247
v 0.06700000167 0.07191818953 0.09351016581
v 0.06750000268 0.07191073149 0.09339685738
v 0.0680000037 0.07190328091 0.09328353405
v 0.06850000471 0.07189583033 0.09317021072
v 0.06900000572 0.07189583033 0.09317021072
v 0.06950000674 0.07189583033 0.09317021072
v 0.0700000003 0.07190328091 0.09328353405
v 0.07050000131 0.07190328091 0.09328353405
v 0.07100000232 0.07190328091 0.09328353405
v 0.07150000334 0.07189583033 0.09317021072
v 0.07200000435 0.0718883723 0.09305690229
v 0.07250000536 0.07186601311 0.0927169323
v 0.07300000638 0.07185111195 0.09249030054
v 0.07349999994 0.07181384414 0.09192369878
v 0.07400000095 0.07179148495 0.09158374369
v 0.07450000197 0.07173931599 0.09079051018
v 0.07500000298 0.07172440737 0.09056386352
v 0.07550000399 0.07168714702 0.08999727666
v 0.07600000501 0.0716573298 0.08954399824
v -0.03075000085 0.07411107421 0.1167370081
v -0.0302500017 0.07414077222 0.1171902418
v -0.02975000069 0.07414077222 0.1171902418
v -0.02925000153 0.07413334399 0.1170769334
v -0.02875000052 0.07410365343 0.1166237146
v -0.02375000156 0.07390321791 0.1135644019
v -0.02325000055 0.07393290848 0.1140176356
v -0.0227500014 0.07395518571 0.1143575609
v -0.02225000039 0.07397002727 0.1145841777
v -0.02175000124 0.07399229705 0.114924103
v -0.02125000022 0.07400714606 0.1151507199
v -0.02075000107 0.07400714606 0.1151507199
v -0.02025000006 0.07401456684 0.1152640134
v -0.01975000091 0.07401456684 0.1152640134
v -0.01925000176 0.07400714606 0.1151507199
v -0.01875000075 0.07399229705 0.114924103
v -0.01825000159 0.07399229705 0.114924103
v -0.01775000058 0.07399229705 0.114924103
v -0.01725000143 0.0739774555 0.1146974862
v -0.01675000042 0.0739774555 0.1146974862
v -0.01625000127 0.0739774555 0.1146974862
v -0.01575000025 0.07396260649 0.1144708544
v -0.0152500011 0.07395518571 0.1143575609
v -0.01475000102 0.07393290848 0.1140176356
v -0.01425000094 0.07393290848 0.1140176356
v -0.01375000086 0.07391063869 0.1136777252
v -0.01325000077 0.07390321791 0.1135644019
v -0.01275000069 0.07389579713 0.1134511083
v -0.01225000061 0.07388094813 0.1132244915
v -0.01175000053 0.07386609912 0.1129978746
v -0.01125000045 0.07385125011 0.1127712578
v -0.01075000037 0.07385125011 0.1127712578
v -0.01025000028 0.07383640856 0.1125446409
v -0.009750000201 0.07382898033 0.1124313325
v -0.009250000119 0.07382155955 0.1123180389
v -0.008750000037 0.07380671054 0.1120914221
v -0.008249999955 0.07380671054 0.1120914221
v -0.007750000339 0.07379928976 0.1119780988
v -0.007250000257 0.07379928976 0.1119780988
v -0.006750000175 0.07380671054 0.1120914221
v -0.006250000093 0.07380671054 0.1120914221
v -0.005750000477 0.07381413877 0.1122047305
v -0.005250000395 0.07380671054 0.1120914221
v -0.004750000313 0.07380671054 0.1120914221
v -0.004250000231 0.07379186153 0.1118648052
v -0.003750000149 0.07378444076 0.1117514968
v -0.003250000067 0.07376959175 0.1115248799
v -0.002750000218 0.07374732196 0.1111849546
v 0.05325000361 0.07276000082 0.0961150974
v 0.05375000089 0.07278969139 0.09656833112
v 0.05425000191 0.07281196117 0.09690824151
v 0.05475000292 0.07281196117 0.09690824151
v 0.05525000393 0.07281196117 0.09690824151
v 0.05575000122 0.0728045404 0.09679494798
v 0.05625000224 0.07277484983 0.09634171426
v 0.05675000325 0.0727674216 0.09622840583
v 0.05725000426 0.0727525726 0.09600178897
v 0.05775000155 0.07273773104 0.09577517211
v 0.05825000256 0.07272288203 0.09554855525
v 0.05875000358 0.07270803303 0.0953219533
v 0.05925000459 0.07270061225 0.09520862997
v 0.05975000188 0.07268576324 0.09498201311
v 0.06025000289 0.07268576324 0.09498201311
v 0.0607500039 0.07267092168 0.09475542605
v 0.06125000119 0.07267092168 0.09475542605
v 0.06175000221 0.07266349345 0.09464210272
v 0.06225000322 0.07265607268 0.09452879429
v 0.06275000423 0.07264864445 0.09441548586
v 0.06325000525 0.07263380289 0.094188869
v 0.06375000626 0.07264122367 0.09430217743
v 0.06424999982 0.07264122367 0.09430217743
v 0.06475000083 0.07263380289 0.094188869
v 0.06525000185 0.07261895388 0.09396225214
v 0.06575000286 0.07261153311 0.09384894371
v 0.06625000387 0.07261153311 0.09384894371
v 0.06675000489 0.07261895388 0.09396225214
v 0.0672500059 0.07258925587 0.09350903332
v 0.06775000691 0.07258925587 0.09350903332
v 0.06825000048 0.07258183509 0.09339572489
v 0.06875000149 0.07257441431 0.09328241646
v 0.0692500025 0.07257441431 0.09328241646
v 0.06975000352 0.07258183509 0.09339572489
v 0.07025000453 0.07258183509 0.09339572489
v 0.07075000554 0.07258183509 0.09339572489
v 0.07125000656 0.07258183509 0.09339572489
v 0.07175000012 0.07257441431 0.09328241646
v 0.07225000113 0.07255956531 0.0930557996
v 0.07275000215 0.07252987474 0.09260256588
v 0.07325000316 0.07252244651 0.09248927236
v 0.07375000417 0.07247790694 0.09180942178
v 0.07425000519 0.07242593914 0.09101626277
v 0.0747500062 0.07239624858 0.09056304395
v 0.07525000721 0.07232943922 0.08954326808
v -0.03100000136 0.07479088753 0.1169599891
v -0.03050000221 0.07481306791 0.1172998697
v -0.03000000119 0.07482785732 0.1175264716
v -0.02950000204 0.07482045889 0.1174131781
v -0.02900000103 0.07481306791 0.1172998697
v -0.02850000188 0.07479827851 0.1170732826
v -0.02800000086 0.07476870716 0.1166201085
v -0.02750000171 0.07473912835 0.1161669195
v -0.0270000007 0.07473173738 0.1160536259
v -0.02300000191 0.07456906885 0.1135611236
v -0.02250000089 0.07460603863 0.1141276062
v -0.02200000174 0.07463560998 0.1145807952
v -0.02150000073 0.07465039939 0.1148073822
v -0.02100000158 0.07467257977 0.1151472777
v -0.02050000057 0.07467997819 0.1152605563
v -0.02000000142 0.07467997819 0.1152605563
v -0.0195000004 0.07468736917 0.1153738648
v -0.01900000125 0.07467997819 0.1152605563
v -0.01850000024 0.07467257977 0.1151472777
v -0.01800000109 0.07465779781 0.1149206758
v -0.01750000007 0.07466518879 0.1150339693
v -0.01700000092 0.07465779781 0.1149206758
v -0.01649999991 0.07465039939 0.1148073822
v -0.01600000076 0.07462821901 0.1144674867
v -0.01550000068 0.07462821901 0.1144674867
v -0.0150000006 0.07462082803 0.1143542081
v -0.01450000051 0.0745986402 0.1140143126
v -0.01400000043 0.07459124923 0.1139010191
v -0.01350000035 0.0745838508 0.1137877256
v -0.01300000027 0.07456906885 0.1135611236
v -0.01250000019 0.07456167042 0.113447845
v -0.0120000001 0.07455427945 0.1133345515
v -0.01150000095 0.07453209907 0.112994656
v -0.01100000087 0.07452470064 0.1128813624
v -0.01050000079 0.07451730967 0.1127680689
v -0.01000000071 0.07450991124 0.1126547754
v -0.009500000626 0.07450252026 0.112541467
v -0.009000000544 0.07449512929 0.1124281883
v -0.008500000462 0.07448773086 0.1123148948
v -0.00800000038 0.07448033988 0.1122016013
v -0.007500000298 0.07447294146 0.1120883077
v -0.007000000216 0.07447294146 0.1120883077
v -0.006500000134 0.07447294146 0.1120883077
v -0.006000000052 0.07448033988 0.1122016013
v -0.005500000436 0.07448033988 0.1122016013
v -0.005000000354 0.07448773086 0.1123148948
v -0.004500000272 0.07448033988 0.1122016013
v -0.00400000019 0.07446555048 0.1119749993
v -0.003500000108 0.07445815951 0.1118617058
v -0.003000000026 0.07445815951 0.1118617058
v -0.002500000177 0.0744137913 0.1111819297
v -0.002000000095 0.07436943054 0.1105021536
v 0.0530000031 0.07342299819 0.09600037336
v 0.05350000411 0.07345996797 0.09656685591
v 0.0540000014 0.07348214835 0.09690673649
v 0.05450000241 0.07348954678 0.09702003002
v 0.05500000343 0.07349693775 0.09713333845
v 0.05550000444 0.07348954678 0.09702003002
v 0.05600000173 0.07347475737 0.09679345787
v 0.05650000274 0.07345996797 0.09656685591
v 0.05700000376 0.07343778759 0.09622697532
v 0.05750000104 0.07343038917 0.09611368179
v 0.05800000206 0.07340820879 0.09577378631
v 0.05850000307 0.07340820879 0.09577378631
v 0.05900000408 0.07338602841 0.09543390572
v 0.05950000137 0.07337863743 0.09532061219
v 0.06000000238 0.07336384803 0.09509402514
v 0.0605000034 0.0733564496 0.09498071671
v 0.06100000441 0.0733564496 0.09498071671
v 0.0615000017 0.07334905863 0.09486742318
v 0.06200000271 0.07333426923 0.09464083612
v 0.0625 0.07333426923 0.09464083612
v 0.06300000101 0.07331947982 0.09441424906
v 0.06350000203 0.07331947982 0.09441424906
v 0.06400000304 0.07331947982 0.09441424906
v 0.06450000405 0.07331947982 0.09441424906
v 0.06500000507 0.07330469787 0.09418766201
v 0.06550000608 0.07329729944 0.09407436848
v 0.06599999964 0.07328990847 0.09396106005
v 0.06650000066 0.07329729944 0.09407436848
v 0.06700000167 0.07328990847 0.09396106005
v 0.06750000268 0.07327511907 0.09373448789
v 0.0680000037 0.07327511907 0.09373448789
v 0.06850000471 0.07326772809 0.09362117946
v 0.06900000572 0.07326032966 0.09350788593
v 0.06950000674 0.07326032966 0.09350788593
v 0.0700000003 0.07326032966 0.09350788593
v 0.07050000131 0.07326032966 0.09350788593
v 0.07100000232 0.07326772809 0.09362117946
v 0.07150000334 0.07326032966 0.09350788593
v 0.07200000435 0.07326772809 0.09362117946
v 0.07250000536 0.07323814929 0.09316800535
v 0.07300000638 0.0732011795 0.0926015228
v 0.07349999994 0.0731863901 0.09237493575
v 0.07400000095 0.07314942032 0.0918084681
v 0.07450000197 0.07307548076 0.09067550302
v 0.07500000298 0.07298675179 0.08931596577
v -0.03125 0.07543375343 0.1166165024
v -0.03075000085 0.0754705742 0.1171829253
v -0.0302500017 0.07549266517 0.1175227612
v -0.02975000069 0.07549266517 0.1175227612
v -0.02925000153 0.07549266517 0.1175227612
v -0.02875000052 0.07547793537 0.117296204
v -0.02825000137 0.07546320558 0.1170696318
v -0.02775000222 0.0754411146 0.116729781
v -0.02725000121 0.07542638481 0.1165032238
v -0.02675000206 0.07542638481 0.1165032238
v -0.02625000104 0.07538219541 0.1158235222
v -0.02575000189 0.07536747307 0.115596965
v -0.02525000088 0.07532328367 0.1149172634
v -0.02225000039 0.07525700331 0.113897711
v -0.02175000124 0.07529382408 0.1144641191
v -0.02125000022 0.07532328367 0.1149172634
v -0.02075000107 0.07533801347 0.1151438206
v -0.02025000006 0.07535274327 0.1153703928
v -0.01975000091 0.07536010444 0.1154836714
v -0.01925000176 0.07535274327 0.1153703928
v -0.01875000075 0.07535274327 0.1153703928
v -0.01825000159 0.07535274327 0.1153703928
v -0.01775000058 0.07533801347 0.1151438206
v -0.01725000143 0.07533801347 0.1151438206
v -0.01675000042 0.07533064485 0.115030542
v -0.01625000127 0.07530855387 0.1146907061
v -0.01575000025 0.07529382408 0.1144641191
v -0.0152500011 0.07527909428 0.1142375618
v -0.01475000102 0.07527909428 0.1142375618
v -0.01425000094 0.07526436448 0.1140109897
v -0.01375000086 0.07525700331 0.113897711
v -0.01325000077 0.07524227351 0.1136711389
v -0.01275000069 0.07523491234 0.1135578603
v -0.01225000061 0.07522018254 0.113331303
v -0.01175000053 0.07522018254 0.113331303
v -0.01125000045 0.07521281391 0.1132180095
v -0.01075000037 0.07519808412 0.1129914373
v -0.01025000028 0.07519072294 0.1128781587
v -0.009750000201 0.07518336177 0.1127648801
v -0.009250000119 0.07517599314 0.1126516014
v -0.008750000037 0.07516863197 0.1125383079
v -0.008249999955 0.07516863197 0.1125383079
v -0.007750000339 0.07515390217 0.1123117507
v -0.007250000257 0.07515390217 0.1123117507
v -0.006750000175 0.07515390217 0.1123117507
v -0.006250000093 0.07515390217 0.1123117507
v -0.005750000477 0.07514653355 0.1121984571
v -0.005250000395 0.07514653355 0.1121984571
v -0.004750000313 0.07515390217 0.1123117507
v -0.004250000231 0.07516126335 0.1124250293
v -0.003750000149 0.07514653355 0.1121984571
v -0.003250000067 0.07513917238 0.1120851785
v -0.002750000218 0.07513917238 0.1120851785
v -0.002250000136 0.07508762181 0.1112921983
v -0.001750000054 0.07507289201 0.111065641
v -0.001250000088 0.07506553084 0.1109523475
v 0.05275000259 0.07407869399 0.0957724005
v 0.05325000361 0.07413024455 0.09656539559
v 0.05375000089 0.0741596967 0.097018525
v 0.05425000191 0.0741744265 0.09724508226
v 0.05475000292 0.0741744265 0.09724508226
v 0.05525000393 0.0741744265 0.09724508226
v 0.05575000122 0.0741596967 0.097018525
v 0.05625000224 0.07414497435 0.09679196775
v 0.05675000325 0.07411551476 0.09633882344
v 0.05725000426 0.07411551476 0.09633882344
v 0.05775000155 0.07410078496 0.09611226618
v 0.05825000256 0.07408605516 0.09588569403
v 0.05875000358 0.07407132536 0.09565912187
v 0.05925000459 0.07406396419 0.09554584324
v 0.05975000188 0.07406396419 0.09554584324
v 0.06025000289 0.07404186577 0.09520597756
v 0.0607500039 0.07404186577 0.09520597756
v 0.06125000119 0.07404186577 0.09520597756
v 0.06175000221 0.07402714342 0.0949794203
v 0.06225000322 0.07401241362 0.09475286305
v 0.06275000423 0.07401241362 0.09475286305
v 0.06325000525 0.07401241362 0.09475286305
v 0.06375000626 0.07399768382 0.09452630579
v 0.06424999982 0.07399768382 0.09452630579
v 0.06475000083 0.07399768382 0.09452630579
v 0.06525000185 0.07398295403 0.09429971874
v 0.06575000286 0.07398295403 0.09429971874
v 0.06625000387 0.0739755854 0.09418644011
v 0.06675000489 0.07398295403 0.09429971874
v 0.0672500059 0.07396086305 0.09395986795
v 0.06775000691 0.07396086305 0.09395986795
v 0.06825000048 0.07395349443 0.09384658933
v 0.06875000149 0.07395349443 0.09384658933
v 0.0692500025 0.07393876463 0.09362001717
v 0.06975000352 0.07393876463 0.09362001717
v 0.07025000453 0.07393876463 0.09362001717
v 0.07075000554 0.07394613326 0.0937333256
v 0.07125000656 0.07394613326 0.0937333256
v 0.07175000012 0.07394613326 0.0937333256
v 0.07225000113 0.07393876463 0.09362001717
v 0.07275000215 0.07393140346 0.09350673854
v 0.07325000316 0.07389458269 0.09294033051
v 0.07375000417 0.07384303212 0.09214733541
v 0.07425000519 0.07382830232 0.09192077816
v 0.0747500062 0.07379884273 0.09146766365
v -0.03100000136 0.0761134699 0.1168394387
v -0.03050000221 0.07614281029 0.1172925234
v -0.03000000119 0.07615748048 0.1175190657
v -0.02950000204 0.07615748048 0.1175190657
v -0.02900000103 0.07615014911 0.117405802
v -0.02850000188 0.07614281029 0.1172925234
v -0.02800000086 0.07612814009 0.117065981
v -0.02750000171 0.07612080872 0.1169527173
v -0.0270000007 0.07610613853 0.116726175
v -0.02650000155 0.07609879971 0.1166129112
v -0.02600000054 0.07606945932 0.1161598265
v -0.02550000139 0.07604745775 0.1158200055
v -0.02500000037 0.07603278756 0.1155934781
v -0.02450000122 0.07600344718 0.1151403785
v -0.02400000021 0.0759961158 0.1150271147
v -0.02200000174 0.07591542602 0.1137811244
v -0.02150000073 0.07596677542 0.1145740151
v -0.02100000158 0.07600344718 0.1151403785
v -0.02050000057 0.07602545619 0.1154801846
v -0.02000000142 0.07603278756 0.1155934781
v -0.0195000004 0.07603278756 0.1155934781
v -0.01900000125 0.07603278756 0.1155934781
v -0.01850000024 0.07602545619 0.1154801846
v -0.01800000109 0.07601811737 0.1153669208
v -0.01750000007 0.07601811737 0.1153669208
v -0.01700000092 0.076010786 0.1152536571
v -0.01649999991 0.07600344718 0.1151403785
v -0.01600000076 0.07598144561 0.1148005575
v -0.01550000068 0.0759594366 0.1144607514
v -0.0150000006 0.07595210522 0.1143474877
v -0.01450000051 0.07593743503 0.1141209453
v -0.01400000043 0.07593009621 0.1140076667
v -0.01350000035 0.07592276484 0.113894403
v -0.01300000027 0.07590809464 0.1136678606
v -0.01250000019 0.07590075582 0.113554582
v -0.0120000001 0.07589342445 0.1134413183
v -0.01150000095 0.07589342445 0.1134413183
v -0.01100000087 0.07587875426 0.1132147759
v -0.01050000079 0.07587141544 0.1131014973
v -0.01000000071 0.07586408406 0.1129882336
v -0.009500000626 0.07585674524 0.1128749549
v -0.009000000544 0.07584941387 0.1127616763
v -0.008500000462 0.0758420825 0.1126484126
v -0.00800000038 0.0758420825 0.1126484126
v -0.007500000298 0.07582741231 0.1124218702
v -0.007000000216 0.07582741231 0.1124218702
v -0.006500000134 0.07582741231 0.1124218702
v -0.006000000052 0.07582007349 0.1123086065
v -0.005500000436 0.07582007349 0.1123086065
v -0.005000000354 0.07582007349 0.1123086065
v -0.004500000272 0.07582741231 0.1124218702
v -0.00400000019 0.07582741231 0.1124218702
v -0.003500000108 0.07582007349 0.1123086065
v -0.003000000026 0.07582007349 0.1123086065
v -0.002500000177 0.07581274211 0.1121953279
v -0.002000000095 0.07578340173 0.1117422432
v -0.001500000013 0.07575406134 0.1112891585
v -0.001000000047 0.07573205233 0.1109493524
v 0.0530000031 0.07479318231 0.09645064175
v 0.05350000411 0.07484452426 0.09724354744
v 0.0540000014 0.07485919446 0.09747008979
v 0.05450000241 0.07485919446 0.09747008979
v 0.05500000343 0.07485919446 0.09747008979
v 0.05550000444 0.07485186309 0.09735681117
v 0.05600000173 0.07483719289 0.09713026881
v 0.05650000274 0.07481519133 0.09679046273
v 0.05700000376 0.07479318231 0.09645064175
v 0.05750000104 0.07478585094 0.09633739293
v 0.05800000206 0.07477118075 0.09611083567
v 0.05850000307 0.07476384193 0.09599757195
v 0.05900000408 0.07474917173 0.09577102959
v 0.05950000137 0.07474917173 0.09577102959
v 0.06000000238 0.07473450154 0.09554448724
v 0.0605000034 0.07473450154 0.09554448724
v 0.06100000441 0.07471983135 0.09531794488
v 0.0615000017 0.07471249998 0.09520466626
v 0.06200000271 0.07469782978 0.0949781239
v 0.0625 0.07470516115 0.09509140253
v 0.06300000101 0.07469049096 0.09486486018
v 0.06350000203 0.07469049096 0.09486486018
v 0.06400000304 0.07468315959 0.09475159645
v 0.06450000405 0.07468315959 0.09475159645
v 0.06500000507 0.0746684894 0.0945250541
v 0.06550000608 0.0746684894 0.0945250541
v 0.06599999964 0.07466115057 0.09441177547
v 0.06650000066 0.07466115057 0.09441177547
v 0.06700000167 0.07464648038 0.09418521821
v 0.06750000268 0.07464648038 0.09418521821
v 0.0680000037 0.07464648038 0.09418521821
v 0.06850000471 0.07463181019 0.09395867586
v 0.06900000572 0.07462447882 0.09384541214
v 0.06950000674 0.07462447882 0.09384541214
v 0.0700000003 0.07462447882 0.09384541214
v 0.07050000131 0.07463181019 0.09395867586
v 0.07100000232 0.07463914901 0.09407195449
v 0.07150000334 0.07463181019 0.09395867586
v 0.07200000435 0.07462447882 0.09384541214
v 0.07250000536 0.07461714745 0.09373214841
v 0.07300000638 0.07460247725 0.09350560606
v 0.07349999994 0.07458046824 0.09316578507
v 0.07400000095 0.0744997859 0.09191980958
v 0.07450000197 0.07444110513 0.09101364017
v 0.07500000298 0.07435308397 0.08965438604
v -0.03125 0.07672001421 0.1159297526
v -0.03075000085 0.07677845657 0.1168358177
v -0.0302500017 0.07680037618 0.1171756089
v -0.02975000069 0.07680767775 0.1172888577
v -0.02925000153 0.07680767775 0.1172888577
v -0.02875000052 0.07681498677 0.1174021214
v -0.02825000137 0.07680767775 0.1172888577
v -0.02775000222 0.07680037618 0.1171756089
v -0.02725000121 0.07679306716 0.1170623302
v -0.02675000206 0.07678576559 0.1169490814
v -0.02625000104 0.076771155 0.1167225689
v -0.02575000189 0.07675654441 0.1164960414
v -0.02525000088 0.07674193382 0.1162695289
v -0.02475000173 0.0767346248 0.1161562651
v -0.02425000072 0.07671271265 0.1158164889
v -0.02375000156 0.07668349147 0.1153634638
v -0.02325000055 0.07669810206 0.1155899763
v -0.0227500014 0.07668349147 0.1153634638
v -0.02175000124 0.07660312951 0.1141176075
v -0.02125000022 0.07665427029 0.1149104238
v -0.02075000107 0.07669079304 0.1154767126
v -0.02025000006 0.07670540363 0.1157032251
v -0.01975000091 0.07671271265 0.1158164889
v -0.01925000176 0.07671271265 0.1158164889
v -0.01875000075 0.07670540363 0.1157032251
v -0.01825000159 0.07669810206 0.1155899763
v -0.01775000058 0.07669079304 0.1154767126
v -0.01725000143 0.07668349147 0.1153634638
v -0.01675000042 0.07667618245 0.1152502
v -0.01625000127 0.07666888088 0.1151369363
v -0.01575000025 0.07664696127 0.11479716
v -0.0152500011 0.07663235068 0.1145706326
v -0.01475000102 0.07661043108 0.1142308563
v -0.01425000094 0.07660312951 0.1141176075
v -0.01375000086 0.07659582049 0.1140043437
v -0.01325000077 0.07659582049 0.1140043437
v -0.01275000069 0.0765812099 0.1137778312
v -0.01225000061 0.07657390833 0.1136645675
v -0.01175000053 0.07656659931 0.1135513037
v -0.01125000045 0.07655929774 0.1134380549
v -0.01075000037 0.07655198872 0.1133248061
v -0.01025000028 0.07654468715 0.1132115275
v -0.009750000201 0.07653737813 0.1130982786
v -0.009250000119 0.07653007656 0.1129850149
v -0.008750000037 0.07651546597 0.1127584875
v -0.008249999955 0.07652276754 0.1128717512
v -0.007750000339 0.07650815696 0.1126452386
v -0.007250000257 0.07650815696 0.1126452386
v -0.006750000175 0.07650085539 0.1125319749
v -0.006250000093 0.07649354637 0.1124187261
v -0.005750000477 0.07649354637 0.1124187261
v -0.005250000395 0.0764862448 0.1123054624
v -0.004750000313 0.07649354637 0.1124187261
v -0.004250000231 0.07649354637 0.1124187261
v -0.003750000149 0.07649354637 0.1124187261
v -0.003250000067 0.07649354637 0.1124187261
v -0.002750000218 0.07649354637 0.1124187261
v -0.002250000136 0.07647893578 0.1121921986
v -0.001750000054 0.07647163421 0.1120789498
v -0.001250000088 0.07644241303 0.1116259098
v -0.0007500000065 0.07642049342 0.1112861335
v -0.0002500000119 0.07640588284 0.111059621
v 0.05275000259 0.07548540086 0.09678897262
v 0.05325000361 0.07552193105 0.09735526145
v 0.05375000089 0.07554384321 0.09769503772
v 0.05425000191 0.07555115223 0.09780831635
v 0.05475000292 0.07554384321 0.09769503772
v 0.05525000393 0.07553654164 0.0975817889
v 0.05575000122 0.07552193105 0.09735526145
v 0.05625000224 0.07550732046 0.09712874889
v 0.05675000325 0.07548540086 0.09678897262
v 0.05725000426 0.07547809929 0.09667570889
v 0.05775000155 0.0754634887 0.09644919634
v 0.05825000256 0.07544887811 0.09622266889
v 0.05875000358 0.07544156909 0.09610942006
v 0.05925000459 0.07543426752 0.09599615633
v 0.05975000188 0.0754269585 0.09588290751
v 0.06025000289 0.07541965693 0.09576964378
v 0.0607500039 0.07541234791 0.09565638006
v 0.06125000119 0.07539773732 0.09542986751
v 0.06175000221 0.07538312674 0.09520334005
v 0.06225000322 0.07538312674 0.09520334005
v 0.06275000423 0.07538312674 0.09520334005
v 0.06325000525 0.07537581772 0.09509009123
v 0.06375000626 0.07536851615 0.0949768275
v 0.06424999982 0.07536851615 0.0949768275
v 0.06475000083 0.07536120713 0.09486356378
v 0.06525000185 0.07535390556 0.09475031495
v 0.06575000286 0.07534659654 0.09463705122
v 0.06625000387 0.07534659654 0.09463705122
v 0.06675000489 0.07533929497 0.0945238024
v 0.0672500059 0.07532468438 0.09429727495
v 0.06775000691 0.07532468438 0.09429727495
v 0.06825000048 0.07532468438 0.09429727495
v 0.06875000149 0.07531737536 0.09418401122
v 0.0692500025 0.07531007379 0.0940707624
v 0.06975000352 0.07531737536 0.09418401122
v 0.07025000453 0.07531737536 0.09418401122
v 0.07075000554 0.07532468438 0.09429727495
v 0.07125000656 0.07532468438 0.09429727495
v 0.07175000012 0.07531737536 0.09418401122
v 0.07225000113 0.07531737536 0.09418401122
v 0.07275000215 0.0752954632 0.09384423494
v 0.07325000316 0.07528085262 0.09361772239
v 0.07375000417 0.07524432242 0.09305143356
v 0.07425000519 0.07519318908 0.09225861728
v 0.0747500062 0.07498133183 0.08897410333
v 0.07525000721 0.07498863339 0.08908735216
v -0.03050000221 0.07742162049 0.1164924651
v -0.03000000119 0.07744345069 0.1168321967
v -0.02950000204 0.07745800167 0.1170586795
v -0.02900000103 0.07747255266 0.1172851771
v -0.02850000188 0.07747255266 0.1172851771
v -0.02800000086 0.07747255266 0.1172851771
v -0.02750000171 0.07747983187 0.1173984408
v -0.0270000007 0.07745800167 0.1170586795
v -0.02650000155 0.07745800167 0.1170586795
v -0.02600000054 0.07745072991 0.1169454455
v -0.02550000139 0.07744345069 0.1168321967
v -0.02500000037 0.07744345069 0.1168321967
v -0.02450000122 0.07742889971 0.116605714
v -0.02400000021 0.07742162049 0.1164924651
v -0.02350000106 0.0774070695 0.1162659675
v -0.02300000191 0.0774070695 0.1162659675
v -0.02250000089 0.07739251852 0.1160394698
v -0.02200000174 0.07737796754 0.1158129722
v -0.02150000073 0.07736341655 0.1155864894
v -0.02100000158 0.07737796754 0.1158129722
v -0.02050000057 0.07737796754 0.1158129722
v -0.02000000142 0.07738524675 0.115926221
v -0.0195000004 0.07739251852 0.1160394698
v -0.01900000125 0.07739251852 0.1160394698
v -0.01850000024 0.07738524675 0.115926221
v -0.01800000109 0.07737069577 0.1156997234
v -0.01750000007 0.07736341655 0.1155864894
v -0.01700000092 0.07734886557 0.1153599918
v -0.01649999991 0.07734158635 0.115246743
v -0.01600000076 0.07733431458 0.1151334941
v -0.01550000068 0.0773197636 0.1149070114
v -0.0150000006 0.07730521262 0.1146805137
v -0.01450000051 0.07729066163 0.1144540012
v -0.01400000043 0.0772761032 0.1142275184
v -0.01350000035 0.07726155221 0.1140010208
v -0.01300000027 0.07726155221 0.1140010208
v -0.01250000019 0.07725428045 0.113887772
v -0.0120000001 0.07724700123 0.1137745231
v -0.01150000095 0.07723972946 0.1136612892
v -0.01100000087 0.07723972946 0.1136612892
v -0.01050000079 0.07722517848 0.1134347916
v -0.01000000071 0.07721789926 0.1133215576
v -0.009500000626 0.07721062005 0.1132082939
v -0.009000000544 0.07720334828 0.1130950451
v -0.008500000462 0.07719606906 0.1129817963
v -0.00800000038 0.07719606906 0.1129817963
v -0.007500000298 0.07718151808 0.1127552986
v -0.007000000216 0.07718151808 0.1127552986
v -0.006500000134 0.07718151808 0.1127552986
v -0.006000000052 0.07716696709 0.1125288159
v -0.005500000436 0.07715969533 0.112415567
v -0.005000000354 0.07716696709 0.1125288159
v -0.004500000272 0.07715969533 0.112415567
v -0.00400000019 0.07715969533 0.112415567
v -0.003500000108 0.07715969533 0.112415567
v -0.003000000026 0.07716696709 0.1125288159
v -0.002500000177 0.07715969533 0.112415567
v -0.002000000095 0.07715241611 0.1123023182
v -0.001500000013 0.07714513689 0.1121890694
v -0.001000000047 0.07711603492 0.1117360741
v -0.0005000000237 0.07710876316 0.1116228402
v 0 0.07709421217 0.1113963425
v 0.05250000209 0.07614106685 0.09656099975
v 0.0530000031 0.07620655 0.09758022428
v 0.05350000411 0.0762283802 0.09791995585
v 0.0540000014 0.07623565197 0.09803320467
v 0.05450000241 0.0762283802 0.09791995585
v 0.05500000343 0.07622110099 0.09780670702
v 0.05550000444 0.07621382177 0.0976934582
v 0.05600000173 0.07619199902 0.09735371172
v 0.05650000274 0.07617744803 0.09712721407
v 0.05700000376 0.07616289705 0.09690073133
v 0.05750000104 0.07614834607 0.09667423368
v 0.05800000206 0.07614834607 0.09667423368
v 0.05850000307 0.07612651587 0.0963345021
v 0.05900000408 0.07611923665 0.09622123837
v 0.05950000137 0.07611923665 0.09622123837
v 0.06000000238 0.07610468566 0.09599475563
v 0.0605000034 0.0760974139 0.0958815068
v 0.06100000441 0.07609013468 0.09576825798
v 0.0615000017 0.07608285546 0.09565500915
v 0.06200000271 0.07606830448 0.0954285115
v 0.0625 0.07606103271 0.09531527758
v 0.06300000101 0.07606103271 0.09531527758
v 0.06350000203 0.07606103271 0.09531527758
v 0.06400000304 0.0760537535 0.09520201385
v 0.06450000405 0.07604648173 0.09508877993
v 0.06500000507 0.07603920251 0.0949755311
v 0.06550000608 0.07603193074 0.09486228228
v 0.06599999964 0.07603193074 0.09486228228
v 0.06650000066 0.07602465153 0.09474904835
v 0.06700000167 0.07601737976 0.09463578463
v 0.06750000268 0.07601010054 0.0945225507
v 0.0680000037 0.07601010054 0.0945225507
v 0.06850000471 0.07600282133 0.09440930188
v 0.06900000572 0.07600282133 0.09440930188
v 0.06950000674 0.07600282133 0.09440930188
v 0.0700000003 0.07600282133 0.09440930188
v 0.07050000131 0.07600282133 0.09440930188
v 0.07100000232 0.07601010054 0.0945225507
v 0.07150000334 0.07600282133 0.09440930188
v 0.07200000435 0.07599554956 0.09429605305
v 0.07250000536 0.07598099858 0.0940695554
v 0.07300000638 0.07595916837 0.09372982383
v 0.07349999994 0.07593006641 0.09327682853
v 0.07400000095 0.07590096444 0.09282384813
v 0.07450000197 0.07590096444 0.09282384813
v -0.02975000069 0.07808670402 0.116488874
v -0.02925000153 0.07810844481 0.1168285757
v -0.02875000052 0.07812293619 0.1170550436
v -0.02825000137 0.0781301856 0.1171682775
v -0.02775000222 0.07813742757 0.1172815114
v -0.02725000121 0.07814467698 0.1173947453
v -0.02675000206 0.07813742757 0.1172815114
v -0.02625000104 0.0781301856 0.1171682775
v -0.02575000189 0.0781301856 0.1171682775
v -0.02525000088 0.07812293619 0.1170550436
v -0.02475000173 0.07812293619 0.1170550436
v -0.02425000072 0.07811569422 0.1169418097
v -0.02375000156 0.07810844481 0.1168285757
v -0.02325000055 0.07810119539 0.1167153418
v -0.0227500014 0.07810119539 0.1167153418
v -0.02225000039 0.07809395343 0.1166021079
v -0.02175000124 0.07808670402 0.116488874
v -0.02125000022 0.07808670402 0.116488874
v -0.02075000107 0.07807946205 0.11637564
v -0.02025000006 0.07807946205 0.11637564
v -0.01975000091 0.07807946205 0.11637564
v -0.01925000176 0.07807946205 0.11637564
v -0.01875000075 0.07807221264 0.1162624061
v -0.01825000159 0.07806496322 0.1161491722
v -0.01775000058 0.07804322988 0.1158094555
v -0.01725000143 0.07802873105 0.1155830026
v -0.01675000042 0.07801423967 0.1153565198
v -0.01625000127 0.07801423967 0.1153565198
v -0.01575000025 0.07799974829 0.115130052
v -0.0152500011 0.07799249887 0.115016818
v -0.01475000102 0.07798525691 0.1149035841
v -0.01425000094 0.07797076553 0.1146771163
v -0.01375000086 0.07794902474 0.1143374145
v -0.01325000077 0.07794177532 0.1142241657
v -0.01275000069 0.07793453336 0.1141109318
v -0.01225000061 0.07792728394 0.1139976978
v -0.01175000053 0.07792004198 0.1138844639
v -0.01125000045 0.07792004198 0.1138844639
v -0.01075000037 0.07791279256 0.11377123
v -0.01025000028 0.07789830118 0.1135447472
v -0.009750000201 0.07789105177 0.1134315282
v -0.009250000119 0.07789105177 0.1134315282
v -0.008750000037 0.07787656039 0.1132050604
v -0.008249999955 0.07786931098 0.1130918264
v -0.007750000339 0.07786206901 0.1129785925
v -0.007250000257 0.0778548196 0.1128653437
v -0.006750000175 0.0778548196 0.1128653437
v -0.006250000093 0.07784757763 0.1127521098
v -0.005750000477 0.07784032822 0.1126388758
v -0.005250000395 0.07784032822 0.1126388758
v -0.004750000313 0.07784032822 0.1126388758
v -0.004250000231 0.0778330788 0.1125256419
v -0.003750000149 0.0778330788 0.1125256419
v -0.003250000067 0.0778330788 0.1125256419
v -0.002750000218 0.0778330788 0.1125256419
v -0.002250000136 0.07782583684 0.112412408
v -0.001750000054 0.0778330788 0.1125256419
v -0.001250000088 0.07781858742 0.1122991741
v -0.0007500000065 0.07779684663 0.1119594723
v -0.0002500000119 0.07778235525 0.1117330045
v 0.0002500000119 0.07777511328 0.1116197705
v 0.0007500000065 0.07763018459 0.1093550622
v 0.05275000259 0.07688380778 0.09769186378
v 0.05325000361 0.07691279054 0.09814481437
v 0.05375000089 0.07691279054 0.09814481437
v 0.05425000191 0.07692003995 0.0982580483
v 0.05475000292 0.07691279054 0.09814481437
v 0.05525000393 0.07689829916 0.09791834652
v 0.05575000122 0.07689104974 0.0978051126
v 0.05625000224 0.07686206698 0.097352162
v 0.05675000325 0.07685481757 0.09723892808
v 0.05725000426 0.07684032619 0.09701246023
v 0.05775000155 0.07683308423 0.09689922631
v 0.05825000256 0.0768185854 0.09667275846
v 0.05875000358 0.07680409402 0.09644627571
v 0.05925000459 0.07680409402 0.09644627571
v 0.05975000188 0.07678960264 0.09621980786
v 0.06025000289 0.07678235322 0.09610657394
v 0.0607500039 0.07677511126 0.09599334002
v 0.06125000119 0.07676786184 0.09588010609
v 0.06175000221 0.07676061988 0.09576687217
v 0.06225000322 0.07676061988 0.09576687217
v 0.06275000423 0.07675337046 0.09565363824
v 0.06325000525 0.07675337046 0.09565363824
v 0.06375000626 0.07673887908 0.0954271704
v 0.06424999982 0.07673887908 0.0954271704
v 0.06475000083 0.07673887908 0.0954271704
v 0.06525000185 0.07672438771 0.09520068765
v 0.06575000286 0.07671713829 0.09508746862
v 0.06625000387 0.07671713829 0.09508746862
v 0.06675000489 0.07670988888 0.0949742198
v 0.0672500059 0.07670264691 0.09486100078
v 0.06775000691 0.07670264691 0.09486100078
v 0.06825000048 0.0766953975 0.09474776685
v 0.06875000149 0.07668815553 0.09463453293
v 0.0692500025 0.07668815553 0.09463453293
v 0.06975000352 0.0766953975 0.09474776685
v 0.07025000453 0.0766953975 0.09474776685
v 0.07075000554 0.07670264691 0.09486100078
v 0.07125000656 0.0766953975 0.09474776685
v 0.07175000012 0.07668815553 0.09463453293
v 0.07225000113 0.0766736567 0.09440806508
v 0.07275000215 0.07664467394 0.09395509958
v 0.07325000316 0.07662293315 0.09361541271
v 0.07375000417 0.07658670098 0.09304924309
v 0.07425000519 0.0765722096 0.09282277524
v -0.02950000204 0.07873012871 0.1161456108
v -0.02900000103 0.07875178009 0.1164852828
v -0.02850000188 0.07877343148 0.1168249398
v -0.02800000086 0.07878786325 0.1170513928
v -0.02750000171 0.07880229503 0.1172778308
v -0.0270000007 0.07880951464 0.1173910648
v -0.02650000155 0.07880951464 0.1173910648
v -0.02600000054 0.07880951464 0.1173910648
v -0.02550000139 0.07880951464 0.1173910648
v -0.02500000037 0.07880951464 0.1173910648
v -0.02450000122 0.07880229503 0.1172778308
v -0.02400000021 0.07879508287 0.1171646267
v -0.02350000106 0.07878786325 0.1170513928
v -0.02300000191 0.07878786325 0.1170513928
v -0.02250000089 0.07878786325 0.1170513928
v -0.02200000174 0.07878064364 0.1169381738
v -0.02150000073 0.07878064364 0.1169381738
v -0.02100000158 0.07878064364 0.1169381738
v -0.02050000057 0.07877343148 0.1168249398
v -0.02000000142 0.07877343148 0.1168249398
v -0.0195000004 0.07876621187 0.1167117208
v -0.01900000125 0.07875899971 0.1165985018
v -0.01850000024 0.07875178009 0.1164852828
v -0.01800000109 0.07872290909 0.1160323918
v -0.01750000007 0.07870847732 0.1158059388
v -0.01700000092 0.07868682593 0.1154662669
v -0.01649999991 0.07867961377 0.1153530478
v -0.01600000076 0.07867239416 0.1152398288
v -0.01550000068 0.07866517454 0.1151266098
v -0.0150000006 0.07866517454 0.1151266098
v -0.01450000051 0.07865074277 0.1149001718
v -0.01400000043 0.07864352316 0.1147869378
v -0.01350000035 0.07862909138 0.1145604849
v -0.01300000027 0.07862187922 0.1144472659
v -0.01250000019 0.07860743999 0.1142208129
v -0.0120000001 0.07860022783 0.1141075939
v -0.01150000095 0.07859300822 0.1139943749
v -0.01100000087 0.07858578861 0.1138811558
v -0.01050000079 0.07858578861 0.1138811558
v -0.01000000071 0.07857857645 0.1137679368
v -0.009500000626 0.07857135683 0.1136547178
v -0.009000000544 0.07855692506 0.1134282649
v -0.008500000462 0.07854970545 0.1133150458
v -0.00800000038 0.07854970545 0.1133150458
v -0.007500000298 0.07854249328 0.1132018119
v -0.007000000216 0.07852805406 0.1129753739
v -0.006500000134 0.07852805406 0.1129753739
v -0.006000000052 0.0785208419 0.1128621399
v -0.005500000436 0.07851362228 0.1127489209
v -0.005000000354 0.07851362228 0.1127489209
v -0.004500000272 0.07850640267 0.1126357019
v -0.00400000019 0.07850640267 0.1126357019
v -0.003500000108 0.07849919051 0.1125224829
v -0.003000000026 0.07849919051 0.1125224829
v -0.002500000177 0.07850640267 0.1126357019
v -0.002000000095 0.07850640267 0.1126357019
v -0.001500000013 0.07849919051 0.1125224829
v -0.001000000047 0.0784919709 0.1124092638
v -0.0005000000237 0.07847753912 0.1121828109
v 0 0.07847031951 0.1120695919
v 0.0005000000237 0.07845588773 0.1118431389
v 0.001000000047 0.07831876725 0.109691903
v 0.05250000209 0.07755377889 0.09769028425
v 0.0530000031 0.07759708166 0.09836961329
v 0.05350000411 0.07760429382 0.09848283231
v 0.0540000014 0.07760429382 0.09848283231
v 0.05450000241 0.07759708166 0.09836961329
v 0.05500000343 0.07758264244 0.09814317524
v 0.05550000444 0.07757543027 0.09802995622
v 0.05600000173 0.07755377889 0.09769028425
v 0.05650000274 0.07753934711 0.09746383131
v 0.05700000376 0.0775321275 0.09735061228
v 0.05750000104 0.07751769572 0.09712415934
v 0.05800000206 0.07751047611 0.09701094031
v 0.05850000307 0.0775032565 0.09689772129
v 0.05900000408 0.07748882473 0.09667128325
v 0.05950000137 0.07748161256 0.09655806422
v 0.06000000238 0.07747439295 0.0964448303
v 0.0605000034 0.07745996118 0.09621837735
v 0.06100000441 0.07745274156 0.09610515833
v 0.0615000017 0.07745274156 0.09610515833
v 0.06200000271 0.07745274156 0.09610515833
v 0.0625 0.07744552195 0.09599193931
v 0.06300000101 0.07743830979 0.09587872028
v 0.06350000203 0.07743109018 0.09576548636
v 0.06400000304 0.0774166584 0.09553904831
v 0.06450000405 0.07742387801 0.09565226734
v 0.06500000507 0.07740943879 0.09542582929
v 0.06550000608 0.07740943879 0.09542582929
v 0.06599999964 0.07740943879 0.09542582929
v 0.06650000066 0.07739500701 0.09519937634
v 0.06700000167 0.0773877874 0.09508615732
v 0.06750000268 0.0773877874 0.09508615732
v 0.0680000037 0.0773877874 0.09508615732
v 0.06850000471 0.0773877874 0.09508615732
v 0.06900000572 0.07738057524 0.0949729234
v 0.06950000674 0.0773877874 0.09508615732
v 0.0700000003 0.0773877874 0.09508615732
v 0.07050000131 0.0773877874 0.09508615732
v 0.07100000232 0.07738057524 0.0949729234
v 0.07150000334 0.07737335563 0.09485970438
v 0.07200000435 0.07734449208 0.09440681338
v 0.07250000536 0.07732284069 0.09406715631
v 0.07300000638 0.07729396969 0.09361425042
v 0.07349999994 0.0772723183 0.09327459335
v 0.07400000095 0.07711354643 0.09078368545
v -0.02875000052 0.07939530164 0.1161420643
v -0.02825000137 0.07942405343 0.1165949106
v -0.02775000222 0.0794384256 0.1168213189
v -0.02725000121 0.07945279777 0.117047742
v -0.02675000206 0.07946717739 0.1172741652
v -0.02625000104 0.07947435975 0.1173873842
v -0.02575000189 0.07948154956 0.1175005883
v -0.02525000088 0.07948154956 0.1175005883
v -0.02475000173 0.07947435975 0.1173873842
v -0.02425000072 0.07947435975 0.1173873842
v -0.02375000156 0.07947435975 0.1173873842
v -0.02325000055 0.07947435975 0.1173873842
v -0.0227500014 0.07946717739 0.1172741652
v -0.02225000039 0.07946717739 0.1172741652
v -0.02175000124 0.07946717739 0.1172741652
v -0.02125000022 0.07947435975 0.1173873842
v -0.02075000107 0.07946717739 0.1172741652
v -0.02025000006 0.07945998758 0.117160961
v -0.01975000091 0.07945279777 0.117047742
v -0.01925000176 0.07944561541 0.1169345379
v -0.01875000075 0.0794384256 0.1168213189
v -0.01825000159 0.07941686362 0.1164816916
v -0.01775000058 0.07938811183 0.1160288453
v -0.01725000143 0.07937373966 0.1158024222
v -0.01675000042 0.07935217768 0.1154627949
v -0.01625000127 0.07935217768 0.1154627949
v -0.01575000025 0.07934498787 0.1153495908
v -0.0152500011 0.07933780551 0.1152363718
v -0.01475000102 0.07933780551 0.1152363718
v -0.01425000094 0.07932342589 0.1150099486
v -0.01375000086 0.07931624353 0.1148967445
v -0.01325000077 0.07930905372 0.1147835255
v -0.01275000069 0.07930186391 0.1146703213
v -0.01225000061 0.07928749174 0.1144438982
v -0.01175000053 0.07927311212 0.1142174751
v -0.01125000045 0.07926592976 0.1141042709
v -0.01075000037 0.07925873995 0.1139910519
v -0.01025000028 0.07925873995 0.1139910519
v -0.009750000201 0.07925155759 0.1138778478
v -0.009250000119 0.07924436778 0.1137646288
v -0.008750000037 0.07923717797 0.1136514246
v -0.008249999955 0.07922998816 0.1135382056
v -0.007750000339 0.0792228058 0.1134250015
v -0.007250000257 0.07921561599 0.1133117974
v -0.006750000175 0.07920124382 0.1130853742
v -0.006250000093 0.07920124382 0.1130853742
v -0.005750000477 0.07919405401 0.1129721552
v -0.005250000395 0.07919405401 0.1129721552
v -0.004750000313 0.0791868642 0.1128589362
v -0.004250000231 0.0791868642 0.1128589362
v -0.003750000149 0.07917249203 0.1126325279
v -0.003250000067 0.07917249203 0.1126325279
v -0.002750000218 0.07917968184 0.1127457321
v -0.002250000136 0.07917968184 0.1127457321
v -0.001750000054 0.07917968184 0.1127457321
v -0.001250000088 0.07917249203 0.1126325279
v -0.0007500000065 0.07916530222 0.1125193089
v -0.0002500000119 0.07915811986 0.1124061048
v 0.0002500000119 0.07915093005 0.1122929007
v 0.0007500000065 0.07913655788 0.1120664775
v 0.001250000088 0.0791149959 0.1117268354
v 0.001750000054 0.07905749232 0.1108211577
v 0.05275000259 0.07826688886 0.09836795926
v 0.05325000361 0.07829564065 0.09882080555
v 0.05375000089 0.07829564065 0.09882080555
v 0.05425000191 0.07828126103 0.09859438241
v 0.05475000292 0.07827407867 0.09848116338
v 0.05525000393 0.07825969905 0.09825474024
v 0.05575000122 0.07824532688 0.098028332
v 0.05625000224 0.07823095471 0.09780190885
v 0.05675000325 0.0782237649 0.09768868983
v 0.05725000426 0.07820939273 0.09746226668
v 0.05775000155 0.07819501311 0.09723584354
v 0.05825000256 0.07818064094 0.09700942039
v 0.05875000358 0.07818064094 0.09700942039
v 0.05925000459 0.07817345113 0.09689621627
v 0.05975000188 0.07815907896 0.09666979313
v 0.06025000289 0.07815907896 0.09666979313
v 0.0607500039 0.07814469934 0.09644336998
v 0.06125000119 0.07814469934 0.09644336998
v 0.06175000221 0.07813751698 0.09633016586
v 0.06225000322 0.07813751698 0.09633016586
v 0.06275000423 0.07813032717 0.09621694684
v 0.06325000525 0.07812314481 0.09610374272
v 0.06375000626 0.078115955 0.0959905237
v 0.06424999982 0.078115955 0.0959905237
v 0.06475000083 0.07810158283 0.09576411545
v 0.06525000185 0.07809439301 0.09565089643
v 0.06575000286 0.0780872032 0.09553769231
v 0.06625000387 0.0780872032 0.09553769231
v 0.06675000489 0.07808001339 0.09542447329
v 0.0672500059 0.07808001339 0.09542447329
v 0.06775000691 0.07807283103 0.09531126916
v 0.06825000048 0.07808001339 0.09542447329
v 0.06875000149 0.07807283103 0.09531126916
v 0.0692500025 0.07808001339 0.09542447329
v 0.06975000352 0.07808001339 0.09542447329
v 0.07025000453 0.07807283103 0.09531126916
v 0.07075000554 0.07806564122 0.09519805014
v 0.07125000656 0.07805845141 0.09508484602
v 0.07175000012 0.07803689688 0.09474521875
v 0.07225000113 0.07798658311 0.0939527303
v 0.07275000215 0.07796502113 0.09361310303
v 0.07325000316 0.07795064151 0.09338667989
v 0.07375000417 0.07778533548 0.09078283608
v -0.02850000188 0.08002468199 0.1155725271
v -0.02800000086 0.08006046712 0.116138503
v -0.02750000171 0.08008909971 0.1165913045
v -0.0270000007 0.08011057228 0.116930902
v -0.02650000155 0.0801320523 0.1172704846
v -0.02600000054 0.08013920486 0.1173837036
v -0.02550000139 0.08014636487 0.1174968928
v -0.02500000037 0.08014636487 0.1174968928
v -0.02450000122 0.08014636487 0.1174968928
v -0.02400000021 0.08015352488 0.1176100969
v -0.02350000106 0.08015352488 0.1176100969
v -0.02300000191 0.08015352488 0.1176100969
v -0.02250000089 0.08015352488 0.1176100969
v -0.02200000174 0.08015352488 0.1176100969
v -0.02150000073 0.08015352488 0.1176100969
v -0.02100000158 0.08015352488 0.1176100969
v -0.02050000057 0.08014636487 0.1174968928
v -0.02000000142 0.08015352488 0.1176100969
v -0.0195000004 0.08014636487 0.1174968928
v -0.01900000125 0.08013920486 0.1173837036
v -0.01850000024 0.08008909971 0.1165913045
v -0.01800000109 0.08007478714 0.1163649112
v -0.01750000007 0.08005331457 0.1160252988
v -0.01700000092 0.08004615456 0.1159121096
v -0.01649999991 0.08003899455 0.1157989055
v -0.01600000076 0.08003184199 0.1156857163
v -0.01550000068 0.08001036942 0.1153461188
v -0.0150000006 0.08001752198 0.115459308
v -0.01450000051 0.08000320941 0.1152329147
v -0.01400000043 0.08000320941 0.1152329147
v -0.01350000035 0.0799960494 0.1151197255
v -0.01300000027 0.0799888894 0.1150065213
v -0.01250000019 0.07998173684 0.1148933321
v -0.0120000001 0.07996741682 0.1146669239
v -0.01150000095 0.07995310426 0.1144405156
v -0.01100000087 0.07994594425 0.1143273413
v -0.01050000079 0.07993163168 0.1141009331
v -0.01000000071 0.07993163168 0.1141009331
v -0.009500000626 0.07992447168 0.113987729
v -0.009000000544 0.07992447168 0.113987729
v -0.008500000462 0.07991731167 0.1138745397
v -0.00800000038 0.07991731167 0.1138745397
v -0.007500000298 0.0798958391 0.1135349274
v -0.007000000216 0.0798958391 0.1135349274
v -0.006500000134 0.07988152653 0.1133085489
v -0.006000000052 0.07988152653 0.1133085489
v -0.005500000436 0.07987436652 0.1131953299
v -0.005000000354 0.07986720651 0.1130821407
v -0.004500000272 0.07986720651 0.1130821407
v -0.00400000019 0.07986005396 0.1129689366
v -0.003500000108 0.07985289395 0.1128557473
v -0.003000000026 0.07985289395 0.1128557473
v -0.002500000177 0.07985289395 0.1128557473
v -0.002000000095 0.07985289395 0.1128557473
v -0.001500000013 0.07984573394 0.1127425432
v -0.001000000047 0.07984573394 0.1127425432
v -0.0005000000237 0.07983858138 0.1126293391
v 0 0.07983858138 0.1126293391
v 0.0005000000237 0.07983142138 0.1125161499
v 0.001000000047 0.07982426137 0.1124029458
v 0.001500000013 0.0798099488 0.1121765524
v 0.002000000095 0.07978131622 0.1117237508
v 0.002500000177 0.07973837107 0.1110445708
v 0.05200000107 0.07891521603 0.09802670777
v 0.05250000209 0.07895100862 0.09859269857
v 0.0530000031 0.07897248119 0.09893229604
v 0.05350000411 0.0789796412 0.09904548526
v 0.0540000014 0.0789796412 0.09904548526
v 0.05450000241 0.07895816118 0.09870588779
v 0.05500000343 0.07894384861 0.09847949445
v 0.05550000444 0.0789366886 0.09836630523
v 0.05600000173 0.07892237604 0.09813989699
v 0.05650000274 0.07890805602 0.09791350365
v 0.05700000376 0.07890090346 0.09780031443
v 0.05750000104 0.07889374346 0.0976870954
v 0.05800000206 0.07887943089 0.09746070206
v 0.05850000307 0.07887227088 0.09734751284
v 0.05900000408 0.07886511087 0.09723430872
v 0.05950000137 0.0788436383 0.09689471126
v 0.06000000238 0.07883647829 0.09678152204
v 0.0605000034 0.0788436383 0.09689471126
v 0.06100000441 0.07883647829 0.09678152204
v 0.0615000017 0.07882932574 0.09666831791
v 0.06200000271 0.07882216573 0.09655512869
v 0.0625 0.07882216573 0.09655512869
v 0.06300000101 0.07881500572 0.09644190967
v 0.06350000203 0.07880785316 0.09632872045
v 0.06400000304 0.07880069315 0.09621551633
v 0.06450000405 0.07880069315 0.09621551633
v 0.06500000507 0.07878637314 0.09598912299
v 0.06550000608 0.07878637314 0.09598912299
v 0.06599999964 0.07877922058 0.09587593377
v 0.06650000066 0.07877206057 0.09576272964
v 0.06700000167 0.07877206057 0.09576272964
v 0.06750000268 0.07877922058 0.09587593377
v 0.0680000037 0.07877206057 0.09576272964
v 0.06850000471 0.07877206057 0.09576272964
v 0.06900000572 0.07877922058 0.09587593377
v 0.06950000674 0.07877206057 0.09576272964
v 0.0700000003 0.07876490057 0.09564952552
v 0.07050000131 0.078750588 0.09542313218
v 0.07100000232 0.07874342799 0.09530992806
v 0.07150000334 0.07871479541 0.09485712647
v 0.07200000435 0.07867901027 0.09429113567
v 0.07250000536 0.07859311253 0.09293276072
v 0.07300000638 0.07844995707 0.09066878259
v 0.07349999994 0.07844995707 0.09066878259
v -0.02725000121 0.08073989302 0.1163613349
v -0.02675000206 0.08076127619 0.1167008877
v -0.02625000104 0.08078265935 0.1170404404
v -0.02575000189 0.08079691976 0.1172668189
v -0.02525000088 0.08080404997 0.1173800081
v -0.02475000173 0.08081117272 0.1174931973
v -0.02425000072 0.08081830293 0.1176063865
v -0.02375000156 0.08081830293 0.1176063865
v -0.02325000055 0.08082543314 0.1177195758
v -0.0227500014 0.08082543314 0.1177195758
v -0.02225000039 0.0808396861 0.1179459393
v -0.02175000124 0.0808396861 0.1179459393
v -0.02125000022 0.0808396861 0.1179459393
v -0.02075000107 0.0808396861 0.1179459393
v -0.02025000006 0.08083255589 0.117832765
v -0.01975000091 0.08083255589 0.117832765
v -0.01925000176 0.08083255589 0.117832765
v -0.01875000075 0.08081117272 0.1174931973
v -0.01825000159 0.0807755366 0.1169272661
v -0.01775000058 0.08074702322 0.1164745241
v -0.01725000143 0.08073276281 0.1162481457
v -0.01675000042 0.08072563261 0.1161349565
v -0.01625000127 0.08071850985 0.1160217673
v -0.01575000025 0.08070424944 0.1157953888
v -0.0152500011 0.08069711924 0.1156821996
v -0.01475000102 0.08068999648 0.1155690253
v -0.01425000094 0.08068999648 0.1155690253
v -0.01375000086 0.08068286628 0.1154558361
v -0.01325000077 0.08067573607 0.1153426468
v -0.01275000069 0.08066148311 0.1151162833
v -0.01225000061 0.08066148311 0.1151162833
v -0.01175000053 0.0806472227 0.1148899049
v -0.01125000045 0.08064009249 0.1147767156
v -0.01075000037 0.08061157912 0.1143239737
v -0.01025000028 0.08061157912 0.1143239737
v -0.009750000201 0.08061157912 0.1143239737
v -0.009250000119 0.08060445637 0.1142107844
v -0.008750000037 0.08059732616 0.1140975952
v -0.008249999955 0.08059732616 0.1140975952
v -0.007750000339 0.08058306575 0.1138712168
v -0.007250000257 0.08057594299 0.1137580276
v -0.006750000175 0.08056881279 0.1136448532
v -0.006250000093 0.08056168258 0.1135316491
v -0.005750000477 0.08056168258 0.1135316491
v -0.005250000395 0.08055455238 0.1134184748
v -0.004750000313 0.08054742962 0.1133053005
v -0.004250000231 0.08053316921 0.113078922
v -0.003750000149 0.080526039 0.1129657328
v -0.003250000067 0.080526039 0.1129657328
v -0.002750000218 0.080526039 0.1129657328
v -0.002250000136 0.08051891625 0.1128525436
v -0.001750000054 0.080526039 0.1129657328
v -0.001250000088 0.080526039 0.1129657328
v -0.0007500000065 0.080526039 0.1129657328
v -0.0002500000119 0.08051178604 0.1127393544
v 0.0002500000119 0.08051178604 0.1127393544
v 0.0007500000065 0.08051178604 0.1127393544
v 0.001250000088 0.08050465584 0.1126261652
v 0.001750000054 0.08049752563 0.1125129759
v 0.002250000136 0.08047614247 0.1121734232
v 0.002750000218 0.08043337613 0.1114943027
v 0.003250000067 0.08040486276 0.1110415608
v 0.05225000158 0.07964213192 0.0989305675
v 0.05275000259 0.07966351509 0.09927012026
v 0.05325000361 0.07966351509 0.09927012026
v 0.05375000089 0.07965639234 0.09915694594
v 0.05425000191 0.07964926213 0.09904375672
v 0.05475000292 0.07963500917 0.09881739318
v 0.05525000393 0.07962074876 0.09859101474
v 0.05575000122 0.07961361855 0.09847782552
v 0.05625000224 0.0796064958 0.0983646363
v 0.05675000325 0.07958510518 0.09802508354
v 0.05725000426 0.07957798243 0.09791189432
v 0.05775000155 0.07957085222 0.0977987051
v 0.05825000256 0.07956372201 0.09768551588
v 0.05875000358 0.07955659181 0.09757234156
v 0.05925000459 0.07954233885 0.09734594822
v 0.05975000188 0.07952095568 0.09700639546
v 0.06025000289 0.07952807844 0.09711958468
v 0.0607500039 0.07952807844 0.09711958468
v 0.06125000119 0.07952095568 0.09700639546
v 0.06175000221 0.07951382548 0.09689320624
v 0.06225000322 0.07951382548 0.09689320624
v 0.06275000423 0.07949956506 0.0966668427
v 0.06325000525 0.07949956506 0.0966668427
v 0.06375000626 0.07949956506 0.0966668427
v 0.06424999982 0.07949244231 0.09655365348
v 0.06475000083 0.0794781819 0.09632728994
v 0.06525000185 0.0794781819 0.09632728994
v 0.06575000286 0.07946392894 0.0961008966
v 0.06625000387 0.07946392894 0.0961008966
v 0.06675000489 0.07946392894 0.0961008966
v 0.0672500059 0.07946392894 0.0961008966
v 0.06775000691 0.07947105169 0.09621408582
v 0.06825000048 0.07946392894 0.0961008966
v 0.06875000149 0.07946392894 0.0961008966
v 0.0692500025 0.07946392894 0.0961008966
v 0.06975000352 0.07944966853 0.09587453306
v 0.07025000453 0.07943541557 0.09564815462
v 0.07075000554 0.07941402495 0.09530860186
v 0.07125000656 0.07938551158 0.09485584497
v 0.07175000012 0.07936412841 0.09451629221
v -0.02650000155 0.08139790595 0.1162445843
v -0.02600000054 0.08141919971 0.1165841073
v -0.02550000139 0.08144049346 0.1169236302
v -0.02500000037 0.08145469427 0.1171499789
v -0.02450000122 0.08146889508 0.1173763275
v -0.02400000021 0.08147598803 0.1174895018
v -0.02350000106 0.08147598803 0.1174895018
v -0.02300000191 0.08149018884 0.1177158505
v -0.02250000089 0.08149728924 0.1178290248
v -0.02200000174 0.08150438219 0.1179421991
v -0.02150000073 0.0815114826 0.1180553734
v -0.02100000158 0.081518583 0.1181685477
v -0.02050000057 0.081518583 0.1181685477
v -0.02000000142 0.08150438219 0.1179421991
v -0.0195000004 0.08150438219 0.1179421991
v -0.01900000125 0.08150438219 0.1179421991
v -0.01850000024 0.08148308843 0.1176026762
v -0.01800000109 0.08147598803 0.1174895018
v -0.01750000007 0.08142630011 0.1166972816
v -0.01700000092 0.0814120993 0.116470933
v -0.01649999991 0.0814049989 0.1163577586
v -0.01600000076 0.08139790595 0.1162445843
v -0.01550000068 0.08139080554 0.11613141
v -0.0150000006 0.08137660474 0.1159050614
v -0.01450000051 0.08137660474 0.1159050614
v -0.01400000043 0.08136951178 0.1157918721
v -0.01350000035 0.08135531098 0.1155655384
v -0.01300000027 0.08134821057 0.1154523492
v -0.01250000019 0.08134111017 0.1153391898
v -0.0120000001 0.08133401722 0.1152260005
v -0.01150000095 0.08133401722 0.1152260005
v -0.01100000087 0.08132691681 0.1151128411
v -0.01050000079 0.08129852265 0.1146601439
v -0.01000000071 0.08129852265 0.1146601439
v -0.009500000626 0.08129142225 0.1145469546
v -0.009000000544 0.08127722144 0.1143206209
v -0.008500000462 0.08127722144 0.1143206209
v -0.00800000038 0.08127012849 0.1142074317
v -0.007500000298 0.08125592768 0.113981083
v -0.007000000216 0.08124882728 0.1138679087
v -0.006500000134 0.08124172688 0.1137547344
v -0.006000000052 0.08124172688 0.1137547344
v -0.005500000436 0.08122753352 0.1135283709
v -0.005000000354 0.08122753352 0.1135283709
v -0.004500000272 0.08121333271 0.113302052
v -0.00400000019 0.08121333271 0.113302052
v -0.003500000108 0.08120623976 0.1131888628
v -0.003000000026 0.08119913936 0.1130756885
v -0.002500000177 0.08119203895 0.1129625142
v -0.002000000095 0.08119913936 0.1130756885
v -0.001500000013 0.08119913936 0.1130756885
v -0.001000000047 0.08119913936 0.1130756885
v -0.0005000000237 0.08119203895 0.1129625142
v 0 0.08118493855 0.1128493398
v 0.0005000000237 0.08119203895 0.1129625142
v 0.001000000047 0.08119203895 0.1129625142
v 0.001500000013 0.08117783815 0.1127361655
v 0.002000000095 0.08117074519 0.1126229912
v 0.002500000177 0.08115654439 0.1123966426
v 0.003000000026 0.08114944398 0.1122834682
v 0.003500000108 0.08109975606 0.111491248
v 0.05200000107 0.08031889051 0.09904201329
v 0.05250000209 0.08034018427 0.09938155115
v 0.0530000031 0.08035438508 0.09960789979
v 0.05350000411 0.08034728467 0.09949472547
v 0.0540000014 0.08033308387 0.09926836193
v 0.05450000241 0.08032598346 0.09915520251
v 0.05500000343 0.08031179011 0.09892885387
v 0.05550000444 0.0802975893 0.09870249033
v 0.05600000173 0.08029049635 0.09858933091
v 0.05650000274 0.08028339595 0.09847615659
v 0.05700000376 0.08026919514 0.09824980795
v 0.05750000104 0.08025500178 0.09802345932
v 0.05800000206 0.08024790138 0.097910285
v 0.05850000307 0.08024080098 0.09779711068
v 0.05900000408 0.08023370057 0.09768392146
v 0.05950000137 0.08021950722 0.09745757282
v 0.06000000238 0.08021950722 0.09745757282
v 0.0605000034 0.08021240681 0.0973443985
v 0.06100000441 0.08021240681 0.0973443985
v 0.0615000017 0.08020530641 0.09723122418
v 0.06200000271 0.08019820601 0.09711804986
v 0.0625 0.08019111305 0.09700487554
v 0.06300000101 0.08018401265 0.09689170122
v 0.06350000203 0.08018401265 0.09689170122
v 0.06400000304 0.08017691225 0.0967785418
v 0.06450000405 0.08016981184 0.09666535258
v 0.06500000507 0.08016271144 0.09655219316
v 0.06550000608 0.08016271144 0.09655219316
v 0.06599999964 0.08015561849 0.09643900394
v 0.06650000066 0.08015561849 0.09643900394
v 0.06700000167 0.08016271144 0.09655219316
v 0.06750000268 0.08016271144 0.09655219316
v 0.0680000037 0.08015561849 0.09643900394
v 0.06850000471 0.08015561849 0.09643900394
v 0.06900000572 0.08014141768 0.09621265531
v 0.06950000674 0.08014141768 0.09621265531
v 0.0700000003 0.08012012392 0.09587313235
v 0.07050000131 0.08009172976 0.09542043507
v 0.07100000232 0.08006332815 0.09496773779
v 0.07150000334 0.08002074063 0.09428869188
v -0.02575000189 0.08205597848 0.1161278486
v -0.02525000088 0.08207718283 0.1164673418
v -0.02475000173 0.08209132403 0.1166936606
v -0.02425000072 0.08211252838 0.1170331538
v -0.02375000156 0.08211959898 0.1171463281
v -0.02325000055 0.08213374019 0.1173726469
v -0.0227500014 0.08214080334 0.1174858063
v -0.02225000039 0.08216201514 0.1178252995
v -0.02175000124 0.08217614889 0.1180516183
v -0.02125000022 0.08219029009 0.1182779372
v -0.02075000107 0.0822044313 0.1185042709
v -0.02025000006 0.08219736069 0.1183911115
v -0.01975000091 0.08219029009 0.1182779372
v -0.01925000176 0.08218321949 0.1181647778
v -0.01875000075 0.08217614889 0.1180516183
v -0.01825000159 0.08216908574 0.1179384589
v -0.01775000058 0.08215494454 0.1177121401
v -0.01725000143 0.08212666959 0.1172594726
v -0.01675000042 0.08209838718 0.11680682
v -0.01625000127 0.08208425343 0.1165805012
v -0.01575000025 0.08208425343 0.1165805012
v -0.0152500011 0.08207718283 0.1164673418
v -0.01475000102 0.08206304163 0.1162410229
v -0.01425000094 0.08206304163 0.1162410229
v -0.01375000086 0.08204890788 0.1160146892
v -0.01325000077 0.08204183728 0.1159015298
v -0.01275000069 0.08203476667 0.1157883555
v -0.01225000061 0.08202062547 0.1155620515
v -0.01175000053 0.08201356232 0.1154488772
v -0.01125000045 0.08200649172 0.1153357178
v -0.01075000037 0.08199942112 0.1152225584
v -0.01025000028 0.08198527992 0.1149962246
v -0.009750000201 0.08197820932 0.1148830652
v -0.009250000119 0.08197114617 0.1147698909
v -0.008750000037 0.08195700496 0.1145435721
v -0.008249999955 0.08194993436 0.1144304127
v -0.007750000339 0.08194286376 0.1143172532
v -0.007250000257 0.08192873001 0.1140909195
v -0.006750000175 0.08192165941 0.1139777601
v -0.006250000093 0.08192165941 0.1139777601
v -0.005750000477 0.08191458881 0.1138646007
v -0.005250000395 0.08190751821 0.1137514412
v -0.004750000313 0.08190044761 0.1136382818
v -0.004250000231 0.08190044761 0.1136382818
v -0.003750000149 0.08188631386 0.1134119481
v -0.003250000067 0.08188631386 0.1134119481
v -0.002750000218 0.08187924325 0.1132987887
v -0.002250000136 0.08187217265 0.1131856143
v -0.001750000054 0.08187217265 0.1131856143
v -0.001250000088 0.08186510205 0.1130724698
v -0.0007500000065 0.08186510205 0.1130724698
v -0.0002500000119 0.08185803145 0.1129592955
v 0.0002500000119 0.08186510205 0.1130724698
v 0.0007500000065 0.08185803145 0.1129592955
v 0.001250000088 0.08186510205 0.1130724698
v 0.001750000054 0.0818509683 0.1128461361
v 0.002250000136 0.0818509683 0.1128461361
v 0.002750000218 0.0818368271 0.1126198173
v 0.003250000067 0.0818297565 0.1125066429
v 0.003750000149 0.08180855215 0.1121671647
v 0.004250000231 0.08178026974 0.1117145121
v 0.05175000429 0.08100265265 0.09926661849
v 0.05225000158 0.0810309276 0.09971927106
v 0.05275000259 0.0810379982 0.09983243048
v 0.05325000361 0.0810309276 0.09971927106
v 0.05375000089 0.08101679385 0.09949295223
v 0.05425000191 0.08100972325 0.09937979281
v 0.05475000292 0.08100265265 0.09926661849
v 0.05525000393 0.08098144829 0.09892712533
v 0.05575000122 0.08097437769 0.09881398082
v 0.05625000224 0.08096730709 0.0987008065
v 0.05675000325 0.08096023649 0.09858764708
v 0.05725000426 0.08094609529 0.09836131334
v 0.05775000155 0.08094609529 0.09836131334
v 0.05825000256 0.08092489094 0.09802183509
v 0.05875000358 0.08091782033 0.09790867567
v 0.05925000459 0.08090367913 0.09768234193
v 0.05975000188 0.08090367913 0.09768234193
v 0.06025000289 0.08090367913 0.09768234193
v 0.0607500039 0.08089661598 0.09756918252
v 0.06125000119 0.08089661598 0.09756918252
v 0.06175000221 0.08088954538 0.0974560082
v 0.06225000322 0.08087540418 0.09722968936
v 0.06275000423 0.08087540418 0.09722968936
v 0.06325000525 0.08086833358 0.09711652994
v 0.06375000626 0.08086833358 0.09711652994
v 0.06424999982 0.08085419983 0.09689021111
v 0.06475000083 0.08084712923 0.09677705169
v 0.06525000185 0.08085419983 0.09689021111
v 0.06575000286 0.08084712923 0.09677705169
v 0.06625000387 0.08085419983 0.09689021111
v 0.06675000489 0.08085419983 0.09689021111
v 0.0672500059 0.08084712923 0.09677705169
v 0.06775000691 0.08085419983 0.09689021111
v 0.06825000048 0.08084005862 0.09666387737
v 0.06875000149 0.08082591742 0.09643754363
v 0.0692500025 0.08081178367 0.09621122479
v 0.06975000352 0.08079764247 0.09598490596
v 0.07025000453 0.08077643812 0.0956454128
v 0.07075000554 0.08072695136 0.09485326707
v 0.07125000656 0.08069867641 0.0944006294
v -0.02500000037 0.08270001411 0.1157848388
v -0.02450000122 0.08272817731 0.1162374616
v -0.02400000021 0.08274225891 0.1164637506
v -0.02350000106 0.08275633305 0.1166900545
v -0.02300000191 0.08277745545 0.117029503
v -0.02250000089 0.08280561119 0.1174821109
v -0.02200000174 0.08282673359 0.1178215593
v -0.02150000073 0.08284785599 0.1181610078
v -0.02100000158 0.08287601173 0.1186136156
v -0.02050000057 0.08289009333 0.1188399196
v -0.02000000142 0.08289009333 0.1188399196
v -0.0195000004 0.08286897093 0.1185004711
v -0.01900000125 0.08286193013 0.1183873266
v -0.01850000024 0.08286193013 0.1183873266
v -0.01800000109 0.08285488933 0.1182741523
v -0.01750000007 0.08284081519 0.1180478632
v -0.01700000092 0.08283377439 0.1179347038
v -0.01649999991 0.08279857785 0.1173689663
v -0.01600000076 0.08277041465 0.1169163585
v -0.01550000068 0.08277041465 0.1169163585
v -0.0150000006 0.08276337385 0.1168031991
v -0.01450000051 0.08274929971 0.11657691
v -0.01400000043 0.08274225891 0.1164637506
v -0.01350000035 0.08273521811 0.1163506061
v -0.01300000027 0.08272113651 0.1161243021
v -0.01250000019 0.08272113651 0.1161243021
v -0.0120000001 0.08270001411 0.1157848388
v -0.01150000095 0.08270001411 0.1157848388
v -0.01100000087 0.08268593997 0.1155585498
v -0.01050000079 0.08267889917 0.1154453903
v -0.01000000071 0.08266481757 0.1152191013
v -0.009500000626 0.08265777677 0.1151059419
v -0.009000000544 0.08264370263 0.1148796529
v -0.008500000462 0.08263666183 0.1147664934
v -0.00800000038 0.08262962103 0.1146533489
v -0.007500000298 0.08261553943 0.1144270301
v -0.007000000216 0.08260145783 0.1142007411
v -0.006500000134 0.08260145783 0.1142007411
v -0.006000000052 0.08259442449 0.1140875816
v -0.005500000436 0.08258738369 0.1139744371
v -0.005000000354 0.08258738369 0.1139744371
v -0.004500000272 0.08258034289 0.1138612926
v -0.00400000019 0.08257330209 0.1137481332
v -0.003500000108 0.08256626129 0.1136349887
v -0.003000000026 0.08256626129 0.1136349887
v -0.002500000177 0.08255217969 0.1134086847
v -0.002000000095 0.08255217969 0.1134086847
v -0.001500000013 0.08254514635 0.1132955402
v -0.001000000047 0.08253810555 0.1131823808
v -0.0005000000237 0.08253810555 0.1131823808
v 0 0.08253810555 0.1131823808
v 0.0005000000237 0.08253810555 0.1131823808
v 0.001000000047 0.08253106475 0.1130692363
v 0.001500000013 0.08253106475 0.1130692363
v 0.002000000095 0.08253106475 0.1130692363
v 0.002500000177 0.08253106475 0.1130692363
v 0.003000000026 0.08251698315 0.1128429323
v 0.003500000108 0.08251698315 0.1128429323
v 0.00400000019 0.08249586076 0.1125034839
v 0.004500000272 0.08248178661 0.11227718
v 0.005000000354 0.08243954927 0.1115982831
v 0.05150000378 0.08166517317 0.09915171564
v 0.05200000107 0.08171445131 0.09994375706
v 0.05250000209 0.08172149211 0.1000569165
v 0.0530000031 0.08172149211 0.1000569165
v 0.05350000411 0.08171445131 0.09994375706
v 0.0540000014 0.08170036972 0.09971746802
v 0.05450000241 0.08168628812 0.09949116409
v 0.05500000343 0.08167925477 0.09937801957
v 0.05550000444 0.08165813237 0.09903855622
v 0.05600000173 0.08165813237 0.09903855622
v 0.05650000274 0.08164405078 0.09881226718
v 0.05700000376 0.08163700998 0.09869910777
v 0.05750000104 0.08162997663 0.09858596325
v 0.05800000206 0.08162293583 0.09847280383
v 0.05850000307 0.08161589503 0.09835965931
v 0.05900000408 0.08160181344 0.09813335538
v 0.05950000137 0.08159477264 0.09802021086
v 0.06000000238 0.08159477264 0.09802021086
v 0.0605000034 0.08159477264 0.09802021086
v 0.06100000441 0.08158069849 0.09779390693
v 0.0615000017 0.08158069849 0.09779390693
v 0.06200000271 0.08157365769 0.09768074751
v 0.0625 0.08155957609 0.09745444357
v 0.06300000101 0.08155957609 0.09745444357
v 0.06350000203 0.08155957609 0.09745444357
v 0.06400000304 0.0815525353 0.09734129906
v 0.06450000405 0.0815384537 0.09711499512
v 0.06500000507 0.0815384537 0.09711499512
v 0.06550000608 0.0815384537 0.09711499512
v 0.06599999964 0.0815454945 0.09722815454
v 0.06650000066 0.0815454945 0.09722815454
v 0.06700000167 0.0815454945 0.09722815454
v 0.06750000268 0.0815314129 0.09700185061
v 0.0680000037 0.0815314129 0.09700185061
v 0.06850000471 0.08151029795 0.09666240215
v 0.06900000572 0.08148917556 0.0963229537
v 0.06950000674 0.08146101981 0.09587034583
v 0.0700000003 0.08143989742 0.09553089738
v 0.07050000131 0.08134134114 0.09394676983
v 0.07100000232 0.08133430034 0.09383362532
v -0.02325000055 0.08339332044 0.1162338853
v -0.0227500014 0.08342836797 0.1167995781
v -0.02225000039 0.08347043395 0.1174784154
v -0.02175000124 0.08351249248 0.1181572378
v -0.02125000022 0.08354053646 0.1186098009
v -0.02075000107 0.083561562 0.1189492196
v -0.02025000006 0.083561562 0.1189492196
v -0.01975000091 0.08355455101 0.1188360751
v -0.01925000176 0.08355455101 0.1188360751
v -0.01875000075 0.08354053646 0.1186098009
v -0.01825000159 0.08354053646 0.1186098009
v -0.01775000058 0.08352651447 0.1183835268
v -0.01725000143 0.08351950347 0.1182703823
v -0.01675000042 0.08351249248 0.1181572378
v -0.01625000127 0.08349847049 0.1179309636
v -0.01575000025 0.08348445594 0.1177046895
v -0.0152500011 0.08346342295 0.1173652709
v -0.01475000102 0.08345641196 0.1172521263
v -0.01425000094 0.08344940096 0.1171389967
v -0.01375000086 0.08342836797 0.1167995781
v -0.01325000077 0.08341435343 0.1165733039
v -0.01275000069 0.08340033144 0.1163470298
v -0.01225000061 0.08340033144 0.1163470298
v -0.01175000053 0.08338630944 0.1161207557
v -0.01125000045 0.08337929845 0.1160076112
v -0.01075000037 0.08336527646 0.1157813221
v -0.01025000028 0.08335125446 0.1155550629
v -0.009750000201 0.08335125446 0.1155550629
v -0.009250000119 0.08333723992 0.1153287739
v -0.008750000037 0.08332321793 0.1151024997
v -0.008249999955 0.08332321793 0.1151024997
v -0.007750000339 0.08330919594 0.1148762256
v -0.007250000257 0.08329517394 0.1146499515
v -0.006750000175 0.08328115195 0.1144236624
v -0.006250000093 0.08328115195 0.1144236624
v -0.005750000477 0.08326713741 0.1141973883
v -0.005250000395 0.08326012641 0.1140842587
v -0.004750000313 0.08326012641 0.1140842587
v -0.004250000231 0.08326012641 0.1140842587
v -0.003750000149 0.08324610442 0.1138579845
v -0.003250000067 0.08324610442 0.1138579845
v -0.002750000218 0.08323909342 0.11374484
v -0.002250000136 0.08323208243 0.1136317104
v -0.001750000054 0.08323208243 0.1136317104
v -0.001250000088 0.08322507143 0.113518551
v -0.0007500000065 0.08321806043 0.1134054214
v -0.0002500000119 0.08321806043 0.1134054214
v 0.0002500000119 0.08321105689 0.1132922918
v 0.0007500000065 0.08321105689 0.1132922918
v 0.001250000088 0.08320404589 0.1131791472
v 0.001750000054 0.08320404589 0.1131791472
v 0.002250000136 0.08320404589 0.1131791472
v 0.002750000218 0.08320404589 0.1131791472
v 0.003250000067 0.0831970349 0.1130660176
v 0.003750000149 0.0831970349 0.1130660176
v 0.004250000231 0.0831900239 0.1129528731
v 0.004750000313 0.0831830129 0.1128397286
v 0.005250000395 0.08316899091 0.1126134545
v 0.005750000477 0.0830918774 0.1113689244
v 0.05125000328 0.08236982673 0.09971566498
v 0.05175000429 0.08239786327 0.1001682132
v 0.05225000158 0.08240487427 0.1002813429
v 0.05275000259 0.08240487427 0.1002813429
v 0.05325000361 0.08240487427 0.1002813429
v 0.05375000089 0.08239085227 0.1000550687
v 0.05425000191 0.08236982673 0.09971566498
v 0.05475000292 0.08236281574 0.09960252047
v 0.05525000393 0.08234879375 0.09937624633
v 0.05575000122 0.08234178275 0.09926310182
v 0.05625000224 0.08233477175 0.0991499722
v 0.05675000325 0.08232075721 0.09892368317
v 0.05725000426 0.08231374621 0.09881055355
v 0.05775000155 0.08231374621 0.09881055355
v 0.05825000256 0.08229972422 0.09858427942
v 0.05875000358 0.08229972422 0.09858427942
v 0.05925000459 0.08229271322 0.0984711349
v 0.05975000188 0.08228570223 0.09835799038
v 0.06025000289 0.08228570223 0.09835799038
v 0.0607500039 0.08227168024 0.09813171625
v 0.06125000119 0.08226466924 0.09801858664
v 0.06175000221 0.08226466924 0.09801858664
v 0.06225000322 0.08226466924 0.09801858664
v 0.06275000423 0.0822436437 0.09767916799
v 0.06325000525 0.0822436437 0.09767916799
v 0.06375000626 0.0822366327 0.09756603837
v 0.06424999982 0.0822366327 0.09756603837
v 0.06475000083 0.0822366327 0.09756603837
v 0.06525000185 0.08222962171 0.09745287895
v 0.06575000286 0.0822366327 0.09756603837
v 0.06625000387 0.0822366327 0.09756603837
v 0.06675000489 0.0822366327 0.09756603837
v 0.0672500059 0.08222261071 0.09733974934
v 0.06775000691 0.08221559972 0.09722660482
v 0.06825000048 0.08220858872 0.0971134752
v 0.06875000149 0.08216653019 0.0964346379
v 0.0692500025 0.08212446421 0.09575581551
v 0.06975000352 0.0820613727 0.09473757446
v 0.07025000453 0.08198425919 0.09349304438
v 0.07075000554 0.08196323365 0.09315362573
v -0.02250000089 0.08412128687 0.1172484607
v -0.02200000174 0.08416317403 0.1179272234
v -0.02150000073 0.08419109136 0.118379727
v -0.02100000158 0.08421901613 0.1188322306
v -0.02050000057 0.08422599733 0.1189453602
v -0.02000000142 0.08421901613 0.1188322306
v -0.0195000004 0.08422599733 0.1189453602
v -0.01900000125 0.08421901613 0.1188322306
v -0.01850000024 0.08421901613 0.1188322306
v -0.01800000109 0.08421203494 0.1187191159
v -0.01750000007 0.08420505375 0.1186059862
v -0.01700000092 0.08420505375 0.1186059862
v -0.01649999991 0.08419109136 0.118379727
v -0.01600000076 0.08417712897 0.1181534678
v -0.01550000068 0.08417014778 0.1180403382
v -0.0150000006 0.08415619284 0.1178140938
v -0.01450000051 0.08414921165 0.1177009642
v -0.01400000043 0.08414223045 0.1175878495
v -0.01350000035 0.08412128687 0.1172484607
v -0.01300000027 0.08409336209 0.1167959571
v -0.01250000019 0.0840863809 0.1166828275
v -0.0120000001 0.0840793997 0.1165696979
v -0.01150000095 0.08407241851 0.1164565831
v -0.01100000087 0.08405845612 0.1162303239
v -0.01050000079 0.08404450119 0.1160040647
v -0.01000000071 0.0840305388 0.1157778054
v -0.009500000626 0.0840305388 0.1157778054
v -0.009000000544 0.08400959522 0.1154384315
v -0.008500000462 0.08400959522 0.1154384315
v -0.00800000038 0.08399563283 0.1152121872
v -0.007500000298 0.08398167044 0.1149859279
v -0.007000000216 0.08397468925 0.1148728132
v -0.006500000134 0.08396770805 0.1147596687
v -0.006000000052 0.08395374566 0.1145334244
v -0.005500000436 0.08393979073 0.11430718
v -0.005000000354 0.08393280953 0.1141940355
v -0.004500000272 0.08393979073 0.11430718
v -0.00400000019 0.08392582834 0.1140809208
v -0.003500000108 0.08392582834 0.1140809208
v -0.003000000026 0.08391884714 0.1139677912
v -0.002500000177 0.08391186595 0.1138546616
v -0.002000000095 0.08391186595 0.1138546616
v -0.001500000013 0.08390488476 0.1137415469
v -0.001000000047 0.08389790356 0.1136284173
v -0.0005000000237 0.08389092237 0.1135152727
v 0 0.08388394117 0.1134021729
v 0.0005000000237 0.08388394117 0.1134021729
v 0.001000000047 0.08388394117 0.1134021729
v 0.001500000013 0.08387695998 0.1132890433
v 0.002000000095 0.08386997879 0.1131758988
v 0.002500000177 0.08387695998 0.1132890433
v 0.003000000026 0.08387695998 0.1132890433
v 0.003500000108 0.08387695998 0.1132890433
v 0.00400000019 0.08386997879 0.1131758988
v 0.004500000272 0.08386997879 0.1131758988
v 0.005000000354 0.08386997879 0.1131758988
v 0.005500000436 0.0838560164 0.1129496545
v 0.006000000052 0.08384205401 0.1127233952
v 0.006500000134 0.08382809907 0.1124971509
v 0.05100000277 0.08306021243 0.100053221
v 0.05150000378 0.08308115602 0.1003926247
v 0.05200000107 0.0830951184 0.1006188691
v 0.05250000209 0.0830951184 0.1006188691
v 0.0530000031 0.0830951184 0.1006188691
v 0.05350000411 0.08307417482 0.1002794802
v 0.0540000014 0.08306719363 0.1001663655
v 0.05450000241 0.0830462575 0.09982697666
v 0.05500000343 0.0830392763 0.09971384704
v 0.05550000444 0.08303229511 0.09960073233
v 0.05600000173 0.08301833272 0.09937447309
v 0.05650000274 0.08301135153 0.09926134348
v 0.05700000376 0.08300437033 0.09914822876
v 0.05750000104 0.08299738914 0.09903508425
v 0.05800000206 0.08298342675 0.09880885482
v 0.05850000307 0.08298342675 0.09880885482
v 0.05900000408 0.08297644556 0.0986957103
v 0.05950000137 0.08296946436 0.09858258069
v 0.06000000238 0.08296946436 0.09858258069
v 0.0605000034 0.08296248317 0.09846946597
v 0.06100000441 0.08295550197 0.09835633636
v 0.0615000017 0.08294852823 0.09824320674
v 0.06200000271 0.08294154704 0.09813009202
v 0.0625 0.08294154704 0.09813009202
v 0.06300000101 0.08293456584 0.09801696241
v 0.06350000203 0.08292758465 0.09790383279
v 0.06400000304 0.08292060345 0.09779071808
v 0.06450000405 0.08292758465 0.09790383279
v 0.06500000507 0.08292758465 0.09790383279
v 0.06550000608 0.08292060345 0.09779071808
v 0.06599999964 0.08292060345 0.09779071808
v 0.06650000066 0.08292060345 0.09779071808
v 0.06700000167 0.08289965987 0.09745132923
v 0.06750000268 0.08289965987 0.09745132923
v 0.0680000037 0.08288569748 0.09722507
v 0.06850000471 0.08285079151 0.09665943682
v 0.06900000572 0.08273909986 0.09484940767
v 0.06950000674 0.08273909986 0.09484940767
v -0.0227500014 0.08474444598 0.1165661067
v -0.02225000039 0.08479310572 0.1173579097
v -0.02175000124 0.08482091129 0.1178103536
v -0.02125000022 0.08484176546 0.1181496978
v -0.02075000107 0.08485566825 0.1183759421
v -0.02025000006 0.08486957103 0.1186021715
v -0.01975000091 0.08487652242 0.1187152863
v -0.01925000176 0.08488347381 0.1188283861
v -0.01875000075 0.08488347381 0.1188283861
v -0.01825000159 0.08488347381 0.1188283861
v -0.01775000058 0.08487652242 0.1187152863
v -0.01725000143 0.08486957103 0.1186021715
v -0.01675000042 0.08486957103 0.1186021715
v -0.01625000127 0.08486261964 0.1184890568
v -0.01575000025 0.08484871686 0.1182628125
v -0.0152500011 0.08484871686 0.1182628125
v -0.01475000102 0.08483481407 0.1180365831
v -0.01425000094 0.08482786268 0.1179234833
v -0.01375000086 0.08482786268 0.1179234833
v -0.01325000077 0.0848139599 0.1176972538
v -0.01275000069 0.08480005711 0.1174710244
v -0.01225000061 0.08477225155 0.1170185506
v -0.01175000053 0.08476530015 0.1169054359
v -0.01125000045 0.08475139737 0.1166792214
v -0.01075000037 0.0847305432 0.1163398772
v -0.01025000028 0.0847235918 0.1162267625
v -0.009750000201 0.08470968902 0.1160005182
v -0.009250000119 0.08470273763 0.1158874184
v -0.008750000037 0.0846888423 0.115661189
v -0.008249999955 0.0846818909 0.1155480891
v -0.007750000339 0.08466798812 0.1153218448
v -0.007250000257 0.08465408534 0.1150956154
v -0.006750000175 0.08465408534 0.1150956154
v -0.006250000093 0.08464713395 0.1149825007
v -0.005750000477 0.08462627977 0.1146431565
v -0.005250000395 0.08462627977 0.1146431565
v -0.004750000313 0.08461932838 0.1145300418
v -0.004250000231 0.0846054256 0.1143038273
v -0.003750000149 0.0845984742 0.1141906977
v -0.003250000067 0.0845984742 0.1141906977
v -0.002750000218 0.08459152281 0.114077583
v -0.002250000136 0.08459152281 0.114077583
v -0.001750000054 0.08458457142 0.1139644682
v -0.001250000088 0.08457762003 0.1138513535
v -0.0007500000065 0.08457066864 0.1137382388
v -0.0002500000119 0.08456371725 0.1136251241
v 0.0002500000119 0.08456371725 0.1136251241
v 0.0007500000065 0.08455676585 0.1135120094
v 0.001250000088 0.08454981446 0.1133989096
v 0.001750000054 0.08454981446 0.1133989096
v 0.002250000136 0.08454286307 0.1132857949
v 0.002750000218 0.08454981446 0.1133989096
v 0.003250000067 0.08454981446 0.1133989096
v 0.003750000149 0.08454286307 0.1132857949
v 0.004250000231 0.08454286307 0.1132857949
v 0.004750000313 0.08454286307 0.1132857949
v 0.005250000395 0.08454286307 0.1132857949
v 0.005750000477 0.08453591168 0.1131726652
v 0.006250000093 0.08452896029 0.1130595654
v 0.006750000175 0.08452896029 0.1130595654
v 0.007250000257 0.0844385922 0.1115890592
v 0.007750000339 0.0844385922 0.1115890592
v 0.05075000226 0.08374347538 0.1002776176
v 0.05125000328 0.08377128094 0.1007300764
v 0.05175000429 0.08378518373 0.1009563059
v 0.05225000158 0.08378518373 0.1009563059
v 0.05275000259 0.08378518373 0.1009563059
v 0.05325000361 0.08377128094 0.1007300764
v 0.05375000089 0.08375042677 0.1003907472
v 0.05425000191 0.08373652399 0.1001645178
v 0.05475000292 0.0837226212 0.09993827343
v 0.05525000393 0.0837226212 0.09993827343
v 0.05575000122 0.08370176703 0.09959894419
v 0.05625000224 0.08369481564 0.09948582947
v 0.05675000325 0.08368786424 0.09937271476
v 0.05725000426 0.08368786424 0.09937271476
v 0.05775000155 0.08368786424 0.09937271476
v 0.05825000256 0.08366701007 0.09903335571
v 0.05875000358 0.08366006613 0.098920241
v 0.05925000459 0.08366006613 0.098920241
v 0.05975000188 0.08366006613 0.098920241
v 0.06025000289 0.08365311474 0.09880714118
v 0.0607500039 0.08364616334 0.09869401157
v 0.06125000119 0.08364616334 0.09869401157
v 0.06175000221 0.08363226056 0.09846778214
v 0.06225000322 0.08362530917 0.09835468233
v 0.06275000423 0.08362530917 0.09835468233
v 0.06325000525 0.08361835778 0.09824156761
v 0.06375000626 0.08361835778 0.09824156761
v 0.06424999982 0.08361835778 0.09824156761
v 0.06475000083 0.08362530917 0.09835468233
v 0.06525000185 0.08361835778 0.09824156761
v 0.06575000286 0.08361140639 0.0981284529
v 0.06625000387 0.08360445499 0.09801533818
v 0.06675000489 0.08359055221 0.09778910875
v 0.0672500059 0.08357664943 0.09756287932
v 0.06775000691 0.08356274664 0.09733664989
v 0.06825000048 0.08352103829 0.09665796161
v 0.06875000149 0.08340287209 0.09473502636
v 0.0692500025 0.08341676742 0.09496124089
v -0.02250000089 0.08539565653 0.116336301
v -0.02200000174 0.08543026447 0.1169018
v -0.02150000073 0.08545795083 0.1173542291
v -0.02100000158 0.08547179401 0.1175804287
v -0.02050000057 0.08549948037 0.118032828
v -0.02000000142 0.08552024513 0.1183721423
v -0.0195000004 0.08552024513 0.1183721423
v -0.01900000125 0.08552716672 0.1184852421
v -0.01850000024 0.08552716672 0.1184852421
v -0.01800000109 0.08552716672 0.1184852421
v -0.01750000007 0.08552716672 0.1184852421
v -0.01700000092 0.08552716672 0.1184852421
v -0.01649999991 0.08552716672 0.1184852421
v -0.01600000076 0.08552716672 0.1184852421
v -0.01550000068 0.08552024513 0.1183721423
v -0.0150000006 0.08551332355 0.1182590276
v -0.01450000051 0.08550640196 0.1181459278
v -0.01400000043 0.08550640196 0.1181459278
v -0.01350000035 0.08549948037 0.118032828
v -0.01300000027 0.08549255878 0.1179197282
v -0.01250000019 0.08548563719 0.1178066283
v -0.0120000001 0.08547179401 0.1175804287
v -0.01150000095 0.08545795083 0.1173542291
v -0.01100000087 0.08543026447 0.1169018
v -0.01050000079 0.08541642129 0.1166756004
v -0.01000000071 0.08540257812 0.1164494008
v -0.009500000626 0.08538873494 0.1162232012
v -0.009000000544 0.08538181335 0.1161101013
v -0.008500000462 0.08536797017 0.1158838868
v -0.00800000038 0.08536104858 0.1157707721
v -0.007500000298 0.0853472054 0.1155445874
v -0.007000000216 0.08533336222 0.1153183728
v -0.006500000134 0.08533336222 0.1153183728
v -0.006000000052 0.08531951904 0.1150921732
v -0.005500000436 0.08530567586 0.1148659736
v -0.005000000354 0.08530567586 0.1148659736
v -0.004500000272 0.08529183269 0.114639774
v -0.00400000019 0.0852849111 0.1145266593
v -0.003500000108 0.08526414633 0.1141873449
v -0.003000000026 0.08526414633 0.1141873449
v -0.002500000177 0.08526414633 0.1141873449
v -0.002000000095 0.08526414633 0.1141873449
v -0.001500000013 0.08525722474 0.1140742451
v -0.001000000047 0.08525030315 0.1139611453
v -0.0005000000237 0.08524338156 0.1138480455
v 0 0.08523645997 0.1137349457
v 0.0005000000237 0.08523645997 0.1137349457
v 0.001000000047 0.08523645997 0.1137349457
v 0.001500000013 0.08522261679 0.1135087311
v 0.002000000095 0.08522261679 0.1135087311
v 0.002500000177 0.0852156952 0.1133956462
v 0.003000000026 0.0852156952 0.1133956462
v 0.003500000108 0.0852156952 0.1133956462
v 0.00400000019 0.0852156952 0.1133956462
v 0.004500000272 0.0852156952 0.1133956462
v 0.005000000354 0.08522261679 0.1135087311
v 0.005500000436 0.0852156952 0.1133956462
v 0.006000000052 0.0852156952 0.1133956462
v 0.006500000134 0.08520877361 0.1132825464
v 0.007000000216 0.0852156952 0.1133956462
v 0.007500000298 0.08513955772 0.1121515185
v 0.00800000038 0.08514647931 0.1122646183
v 0.05050000176 0.08441277593 0.1002757549
v 0.05100000277 0.08445430547 0.1009543687
v 0.05150000378 0.08446814865 0.1011805683
v 0.05200000107 0.08447507024 0.1012936682
v 0.05250000209 0.08446814865 0.1011805683
v 0.0530000031 0.08445430547 0.1009543687
v 0.05350000411 0.08444046229 0.1007281691
v 0.0540000014 0.08441969752 0.1003888696
v 0.05450000241 0.08441277593 0.1002757549
v 0.05500000343 0.08440585434 0.1001626551
v 0.05550000444 0.08439201117 0.09993644059
v 0.05600000173 0.08438508958 0.09982334077
v 0.05650000274 0.08437816799 0.09971024096
v 0.05700000376 0.08436432481 0.09948404133
v 0.05750000104 0.08436432481 0.09948404133
v 0.05800000206 0.08436432481 0.09948404133
v 0.05850000307 0.08435048163 0.09925782681
v 0.05900000408 0.08434356004 0.09914474189
v 0.05950000137 0.08434356004 0.09914474189
v 0.06000000238 0.08433663845 0.09903162718
v 0.0605000034 0.08432971686 0.09891852736
v 0.06100000441 0.08432279527 0.09880542755
v 0.0615000017 0.08431587368 0.09869231284
v 0.06200000271 0.08431587368 0.09869231284
v 0.0625 0.08431587368 0.09869231284
v 0.06300000101 0.08430895209 0.09857921302
v 0.06350000203 0.08431587368 0.09869231284
v 0.06400000304 0.08430895209 0.09857921302
v 0.06450000405 0.08430895209 0.09857921302
v 0.06500000507 0.0843020305 0.09846611321
v 0.06550000608 0.08429510891 0.0983530134
v 0.06599999964 0.08429510891 0.0983530134
v 0.06650000066 0.08427434415 0.09801371396
v 0.06700000167 0.0842397362 0.09744819999
v 0.06750000268 0.08421897143 0.09710888565
v 0.0680000037 0.08419820666 0.09676958621
v 0.06850000471 0.08403208852 0.09405513108
v 0.06900000572 0.08406669647 0.09462063015
v -0.02125000022 0.08608144522 0.1166719943
v -0.02075000107 0.08612968773 0.1174636334
v -0.02025000006 0.0861434713 0.1176898032
v -0.01975000091 0.08615036309 0.1178029031
v -0.01925000176 0.08615036309 0.1178029031
v -0.01875000075 0.0861710459 0.1181421578
v -0.01825000159 0.08616414666 0.1180290729
v -0.01775000058 0.08617793769 0.1182552576
v -0.01725000143 0.08618482947 0.1183683574
v -0.01675000042 0.08618482947 0.1183683574
v -0.01625000127 0.08618482947 0.1183683574
v -0.01575000025 0.08618482947 0.1183683574
v -0.0152500011 0.08617793769 0.1182552576
v -0.01475000102 0.08618482947 0.1183683574
v -0.01425000094 0.0861710459 0.1181421578
v -0.01375000086 0.0861710459 0.1181421578
v -0.01325000077 0.08616414666 0.1180290729
v -0.01275000069 0.08616414666 0.1180290729
v -0.01225000061 0.08615036309 0.1178029031
v -0.01175000053 0.08615036309 0.1178029031
v -0.01125000045 0.08613657951 0.1175767183
v -0.01075000037 0.08612279594 0.1173505336
v -0.01025000028 0.08610212058 0.117011264
v -0.009750000201 0.086088337 0.1167850792
v -0.009250000119 0.08607455343 0.1165589094
v -0.008750000037 0.08606076986 0.1163327247
v -0.008249999955 0.08604698628 0.11610654
v -0.007750000339 0.08604009449 0.1159934402
v -0.007250000257 0.08602630347 0.1157672554
v -0.006750000175 0.0860125199 0.1155411005
v -0.006250000093 0.08600562811 0.1154280007
v -0.005750000477 0.08599873632 0.1153149009
v -0.005250000395 0.08598495275 0.1150887311
v -0.004750000313 0.08597116917 0.1148625463
v -0.004250000231 0.08597116917 0.1148625463
v -0.003750000149 0.08595049381 0.1145232767
v -0.003250000067 0.08593671024 0.1142971069
v -0.002750000218 0.08592981845 0.114184007
v -0.002250000136 0.08593671024 0.1142971069
v -0.001750000054 0.08592981845 0.114184007
v -0.001250000088 0.08592981845 0.114184007
v -0.0007500000065 0.08592981845 0.114184007
v -0.0002500000119 0.08591603488 0.1139578223
v 0.0002500000119 0.08590914309 0.1138447374
v 0.0007500000065 0.08591603488 0.1139578223
v 0.001250000088 0.08590224385 0.1137316376
v 0.001750000054 0.08589535207 0.1136185527
v 0.002250000136 0.08589535207 0.1136185527
v 0.002750000218 0.08588846028 0.1135054529
v 0.003250000067 0.08588846028 0.1135054529
v 0.003750000149 0.08588156849 0.1133923829
v 0.004250000231 0.08588156849 0.1133923829
v 0.004750000313 0.08588846028 0.1135054529
v 0.005250000395 0.08588846028 0.1135054529
v 0.005750000477 0.08588846028 0.1135054529
v 0.006250000093 0.08588846028 0.1135054529
v 0.006750000175 0.08588156849 0.1133923829
v 0.007250000257 0.08586089313 0.1130531132
v 0.007750000339 0.0858264342 0.112487644
v 0.008249999955 0.0858264342 0.112487644
v 0.008750000037 0.08578508347 0.1118091047
v 0.05025000125 0.08508207649 0.1002738923
v 0.05075000226 0.08513032645 0.1010655165
v 0.05125000328 0.0851578936 0.1015178859
v 0.05175000429 0.0851578936 0.1015178859
v 0.05225000158 0.0851578936 0.1015178859
v 0.05275000259 0.08514411002 0.1012917012
v 0.05325000361 0.08513721824 0.1011786163
v 0.05375000089 0.08511654288 0.1008393466
v 0.05425000191 0.0851027593 0.1006131619
v 0.05475000292 0.08508896828 0.1003869921
v 0.05525000393 0.08508207649 0.1002738923
v 0.05575000122 0.08506829292 0.1000477076
v 0.05625000224 0.08506829292 0.1000477076
v 0.05675000325 0.08505450934 0.09982152283
v 0.05725000426 0.08504072577 0.09959535301
v 0.05775000155 0.08502694219 0.09936916828
v 0.05825000256 0.08503383398 0.0994822681
v 0.05875000358 0.08502694219 0.09936916828
v 0.05925000459 0.08502694219 0.09936916828
v 0.05975000188 0.08502694219 0.09936916828
v 0.06025000289 0.08502005041 0.09925606847
v 0.0607500039 0.08501315862 0.09914299846
v 0.06125000119 0.08499937505 0.09891679883
v 0.06175000221 0.08499937505 0.09891679883
v 0.06225000322 0.08499937505 0.09891679883
v 0.06275000423 0.08499937505 0.09891679883
v 0.06325000525 0.08500626683 0.09902989864
v 0.06375000626 0.08499937505 0.09891679883
v 0.06424999982 0.08499937505 0.09891679883
v 0.06475000083 0.08499248326 0.09880372882
v 0.06525000185 0.08497869968 0.09857752919
v 0.06575000286 0.0849718079 0.09846444428
v 0.06625000387 0.08495112509 0.09812517464
v 0.06675000489 0.08492355794 0.09767280519
v 0.0672500059 0.08486842364 0.09676809609
v 0.06775000691 0.08482707292 0.09608954191
v -0.02050000057 0.08675332367 0.1167814583
v -0.02000000142 0.08677390963 0.1171206981
v -0.0195000004 0.08678077161 0.1172337681
v -0.01900000125 0.08680135757 0.1175730079
v -0.01850000024 0.08679449558 0.117459923
v -0.01800000109 0.08680821955 0.1176860929
v -0.01750000007 0.08682881296 0.1180253178
v -0.01700000092 0.08682881296 0.1180253178
v -0.01649999991 0.08682881296 0.1180253178
v -0.01600000076 0.08683567494 0.1181384027
v -0.01550000068 0.08683567494 0.1181384027
v -0.0150000006 0.08683567494 0.1181384027
v -0.01450000051 0.08682881296 0.1180253178
v -0.01400000043 0.08682881296 0.1180253178
v -0.01350000035 0.08682881296 0.1180253178
v -0.01300000027 0.08682881296 0.1180253178
v -0.01250000019 0.08682195097 0.1179122478
v -0.0120000001 0.08682195097 0.1179122478
v -0.01150000095 0.08682195097 0.1179122478
v -0.01100000087 0.08680821955 0.1176860929
v -0.01050000079 0.08680135757 0.1175730079
v -0.01000000071 0.08678077161 0.1172337681
v -0.009500000626 0.08676704764 0.1170076132
v -0.009000000544 0.08676018566 0.1168945283
v -0.008500000462 0.0867395997 0.1165553033
v -0.00800000038 0.08672586828 0.1163291484
v -0.007500000298 0.08671214432 0.1161029935
v -0.007000000216 0.08671214432 0.1161029935
v -0.006500000134 0.08669842035 0.1158768386
v -0.006000000052 0.08668469638 0.1156506687
v -0.005500000436 0.08667097241 0.1154245138
v -0.005000000354 0.08665724099 0.1151983589
v -0.004500000272 0.08664351702 0.114972204
v -0.00400000019 0.08664351702 0.114972204
v -0.003500000108 0.08662979305 0.1147460341
v -0.003000000026 0.08660234511 0.1142937392
v -0.002500000177 0.08660234511 0.1142937392
v -0.002000000095 0.08660234511 0.1142937392
v -0.001500000013 0.08659548312 0.1141806543
v -0.001000000047 0.08660234511 0.1142937392
v -0.0005000000237 0.08659548312 0.1141806543
v 0 0.08658862114 0.1140675843
v 0.0005000000237 0.0865817517 0.1139544994
v 0.001000000047 0.0865817517 0.1139544994
v 0.001500000013 0.08657488972 0.1138414294
v 0.002000000095 0.08656802773 0.1137283444
v 0.002500000177 0.08656802773 0.1137283444
v 0.003000000026 0.08656116575 0.1136152744
v 0.003500000108 0.08655430377 0.1135021746
v 0.00400000019 0.08655430377 0.1135021746
v 0.004500000272 0.08655430377 0.1135021746
v 0.005000000354 0.08655430377 0.1135021746
v 0.005500000436 0.08656802773 0.1137283444
v 0.006000000052 0.08656802773 0.1137283444
v 0.006500000134 0.08656116575 0.1136152744
v 0.007000000216 0.08655430377 0.1135021746
v 0.007500000298 0.08654744178 0.1133891195
v 0.00800000038 0.08651313186 0.1128237098
v 0.008500000462 0.08649940044 0.1125975549
v 0.009000000544 0.08646509051 0.1120321751
v 0.009500000626 0.08643077314 0.1114667803
v 0.05050000176 0.08579254895 0.1009504944
v 0.05100000277 0.08582685888 0.1015158743
v 0.05150000378 0.0858405903 0.1017420292
v 0.05200000107 0.08583372831 0.1016289741
v 0.05250000209 0.08583372831 0.1016289741
v 0.0530000031 0.08581999689 0.1014028043
v 0.05350000411 0.08580627292 0.1011766493
v 0.0540000014 0.08579254895 0.1009504944
v 0.05450000241 0.08577882499 0.1007243395
v 0.05500000343 0.08576510102 0.1004981846
v 0.05550000444 0.08575823903 0.1003851146
v 0.05600000173 0.0857513696 0.1002720147
v 0.05650000274 0.08574450761 0.1001589596
v 0.05700000376 0.08573764563 0.1000458598
v 0.05750000104 0.08572392166 0.09981971979
v 0.05800000206 0.08571705967 0.09970663488
v 0.05850000307 0.08571705967 0.09970663488
v 0.05900000408 0.08571019769 0.09959356487
v 0.05950000137 0.08571019769 0.09959356487
v 0.06000000238 0.08571019769 0.09959356487
v 0.0605000034 0.0857033357 0.09948047996
v 0.06100000441 0.08568961173 0.09925431013
v 0.0615000017 0.08569647372 0.09936740994
v 0.06200000271 0.08569647372 0.09936740994
v 0.0625 0.08568961173 0.09925431013
v 0.06300000101 0.08569647372 0.09936740994
v 0.06350000203 0.08568961173 0.09925431013
v 0.06400000304 0.08568961173 0.09925431013
v 0.06450000405 0.08568274975 0.09914125502
v 0.06500000507 0.08567588031 0.09902815521
v 0.06550000608 0.08565529436 0.09868893027
v 0.06599999964 0.08562784642 0.09823662043
v 0.06650000066 0.08559352905 0.09767122567
v 0.06700000167 0.08551117778 0.09631429613
v 0.06750000268 0.08549059182 0.09597505629
v 0.0680000037 0.08544255048 0.09518349171
v -0.02075000107 0.08728165179 0.1145164967
v -0.02025000006 0.08731582016 0.1150818467
v -0.01975000091 0.0873363167 0.1154210418
v -0.01925000176 0.08739098161 0.1163255721
v -0.01875000075 0.08740465343 0.1165516973
v -0.01825000159 0.08741831779 0.1167778373
v -0.01775000058 0.08743881434 0.1171170324
v -0.01725000143 0.08745247871 0.1173431724
v -0.01675000042 0.08745931834 0.1174562275
v -0.01625000127 0.08745931834 0.1174562275
v -0.01575000025 0.08746615052 0.1175692976
v -0.0152500011 0.08746615052 0.1175692976
v -0.01475000102 0.08746615052 0.1175692976
v -0.01425000094 0.0874729827 0.1176823676
v -0.01375000086 0.08747981489 0.1177954227
v -0.01325000077 0.08747981489 0.1177954227
v -0.01275000069 0.08748664707 0.1179084927
v -0.01225000061 0.08748664707 0.1179084927
v -0.01175000053 0.08747981489 0.1177954227
v -0.01125000045 0.08747981489 0.1177954227
v -0.01075000037 0.08747981489 0.1177954227
v -0.01025000028 0.0874729827 0.1176823676
v -0.009750000201 0.08745931834 0.1174562275
v -0.009250000119 0.08745247871 0.1173431724
v -0.008750000037 0.08743881434 0.1171170324
v -0.008249999955 0.08743198216 0.1170039624
v -0.007750000339 0.08740465343 0.1165516973
v -0.007250000257 0.08739098161 0.1163255721
v -0.006750000175 0.08738414943 0.1162125021
v -0.006250000093 0.08737048507 0.1159863621
v -0.005750000477 0.08736365288 0.115873307
v -0.005250000395 0.08734314889 0.1155341119
v -0.004750000313 0.08734314889 0.1155341119
v -0.004250000231 0.08732265234 0.1151949018
v -0.003750000149 0.08732265234 0.1151949018
v -0.003250000067 0.08731582016 0.1150818467
v -0.002750000218 0.08729531616 0.1147426367
v -0.002250000136 0.08728165179 0.1145164967
v -0.001750000054 0.08726798743 0.1142903864
v -0.001250000088 0.08726798743 0.1142903864
v -0.0007500000065 0.08727481961 0.1144034415
v -0.0002500000119 0.08726798743 0.1142903864
v 0.0002500000119 0.08726798743 0.1142903864
v 0.0007500000065 0.08726115525 0.1141773015
v 0.001250000088 0.08725432307 0.1140642464
v 0.001750000054 0.08725432307 0.1140642464
v 0.002250000136 0.0872406587 0.1138381064
v 0.002750000218 0.0872406587 0.1138381064
v 0.003250000067 0.08723381907 0.1137250513
v 0.003750000149 0.08723381907 0.1137250513
v 0.004250000231 0.08722698689 0.1136119813
v 0.004750000313 0.08722698689 0.1136119813
v 0.005250000395 0.08723381907 0.1137250513
v 0.005750000477 0.0872406587 0.1138381064
v 0.006250000093 0.0872406587 0.1138381064
v 0.006750000175 0.08723381907 0.1137250513
v 0.007250000257 0.08723381907 0.1137250513
v 0.007750000339 0.08722698689 0.1136119813
v 0.008249999955 0.08719965816 0.1131597161
v 0.008750000037 0.08718598634 0.1129335761
v 0.009250000119 0.08715865761 0.112481311
v 0.009750000201 0.08708349615 0.1112375855
v 0.04975000396 0.0864206776 0.1002701521
v 0.05025000125 0.08645484596 0.1008355021
v 0.05075000226 0.08649584651 0.1015138775
v 0.05125000328 0.08651634306 0.1018530875
v 0.05175000429 0.08652317524 0.1019661576
v 0.05225000158 0.08651634306 0.1018530875
v 0.05275000259 0.08651634306 0.1018530875
v 0.05325000361 0.08650267869 0.1016269624
v 0.05375000089 0.08648217469 0.1012877524
v 0.05425000191 0.08646851033 0.1010616273
v 0.05475000292 0.08645484596 0.1008355021
v 0.05525000393 0.08644801378 0.1007224321
v 0.05575000122 0.08643434942 0.1004962921
v 0.05625000224 0.08643434942 0.1004962921
v 0.05675000325 0.0864206776 0.1002701521
v 0.05725000426 0.08641384542 0.100157097
v 0.05775000155 0.08641384542 0.100157097
v 0.05825000256 0.08641384542 0.100157097
v 0.05875000358 0.08640018106 0.09993095696
v 0.05925000459 0.08639334887 0.09981790185
v 0.05975000188 0.08640018106 0.09993095696
v 0.06025000289 0.08639334887 0.09981790185
v 0.0607500039 0.08637968451 0.09959176183
v 0.06125000119 0.08638651669 0.09970483184
v 0.06175000221 0.08638651669 0.09970483184
v 0.06225000322 0.08638651669 0.09970483184
v 0.06275000423 0.08637968451 0.09959176183
v 0.06325000525 0.08638651669 0.09970483184
v 0.06375000626 0.08637968451 0.09959176183
v 0.06424999982 0.08636601269 0.09936563671
v 0.06475000083 0.08635234833 0.09913951159
v 0.06525000185 0.08634551615 0.09902642667
v 0.06575000286 0.0863045156 0.09834803641
v 0.06625000387 0.08627718687 0.09789577127
v 0.06675000489 0.08624985069 0.09744350612
v 0.0672500059 0.08614735305 0.09574751556
v 0.06775000691 0.08602435887 0.09371232986
v -0.02050000057 0.08795403689 0.1146261841
v -0.02000000142 0.08797445148 0.1149653494
v -0.0195000004 0.08799485862 0.1153044999
v -0.01900000125 0.08799485862 0.1153044999
v -0.01850000024 0.08804249018 0.1160958856
v -0.01800000109 0.0880696997 0.1165481061
v -0.01750000007 0.0880696997 0.1165481061
v -0.01700000092 0.08807650208 0.1166611612
v -0.01649999991 0.08807650208 0.1166611612
v -0.01600000076 0.0880901143 0.1168872565
v -0.01550000068 0.0880901143 0.1168872565
v -0.0150000006 0.08810371906 0.1171133816
v -0.01450000051 0.08811732382 0.1173394918
v -0.01400000043 0.08811732382 0.1173394918
v -0.01350000035 0.08812413365 0.1174525321
v -0.01300000027 0.08813093603 0.1175655872
v -0.01250000019 0.08813773841 0.1176786423
v -0.0120000001 0.08813093603 0.1175655872
v -0.01150000095 0.08813773841 0.1176786423
v -0.01100000087 0.08813773841 0.1176786423
v -0.01050000079 0.08813773841 0.1176786423
v -0.01000000071 0.08813773841 0.1176786423
v -0.009500000626 0.08813093603 0.1175655872
v -0.009000000544 0.08812413365 0.1174525321
v -0.008500000462 0.08811732382 0.1173394918
v -0.00800000038 0.08811052144 0.1172264218
v -0.007500000298 0.08809691668 0.1170003116
v -0.007000000216 0.08807650208 0.1166611612
v -0.006500000134 0.08805609494 0.1163219959
v -0.006000000052 0.08804929256 0.1162089407
v -0.005500000436 0.08803568035 0.1159828156
v -0.005000000354 0.08802207559 0.1157567203
v -0.004500000272 0.08800847083 0.115530625
v -0.00400000019 0.08800166845 0.115417555
v -0.003500000108 0.08799485862 0.1153044999
v -0.003000000026 0.08798805624 0.1151914448
v -0.002500000177 0.08797445148 0.1149653494
v -0.002000000095 0.08796084672 0.1147392243
v -0.001500000013 0.08794723451 0.1145131141
v -0.001000000047 0.08794723451 0.1145131141
v -0.0005000000237 0.08794723451 0.1145131141
v 0 0.08794043213 0.114400059
v 0.0005000000237 0.08794043213 0.114400059
v 0.001000000047 0.08793362975 0.1142870337
v 0.001500000013 0.08793362975 0.1142870337
v 0.002000000095 0.08792682737 0.1141739637
v 0.002500000177 0.08792002499 0.1140609086
v 0.003000000026 0.08791321516 0.1139478534
v 0.003500000108 0.08790641278 0.1138347983
v 0.00400000019 0.08790641278 0.1138347983
v 0.004500000272 0.0878996104 0.1137217432
v 0.005000000354 0.0878996104 0.1137217432
v 0.005500000436 0.08790641278 0.1138347983
v 0.006000000052 0.08791321516 0.1139478534
v 0.006500000134 0.08791321516 0.1139478534
v 0.007000000216 0.08790641278 0.1138347983
v 0.007500000298 0.08791321516 0.1139478534
v 0.00800000038 0.0878996104 0.1137217432
v 0.008500000462 0.08788600564 0.113495633
v 0.009000000544 0.08785878867 0.1130434275
v 0.009500000626 0.08784518391 0.1128173172
v 0.01000000071 0.08778394759 0.1117998213
v 0.01050000079 0.08773632348 0.1110084504
v 0.04950000346 0.08708997816 0.1002682894
v 0.05000000075 0.08713079989 0.1009466201
v 0.05050000176 0.08715801686 0.1013988405
v 0.05100000277 0.08718523383 0.101851061
v 0.05150000378 0.08719883859 0.1020771712
v 0.05200000107 0.08719883859 0.1020771712
v 0.05250000209 0.08719883859 0.1020771712
v 0.0530000031 0.08718523383 0.101851061
v 0.05350000411 0.08717162162 0.1016249508
v 0.0540000014 0.08715121448 0.1012857854
v 0.05450000241 0.0871444121 0.1011727303
v 0.05500000343 0.08713760972 0.1010596752
v 0.05550000444 0.08712399751 0.100833565
v 0.05600000173 0.08711039275 0.1006074697
v 0.05650000274 0.08710359037 0.1004944146
v 0.05700000376 0.08709678799 0.1003813595
v 0.05750000104 0.08709678799 0.1003813595
v 0.05800000206 0.08708997816 0.1002682894
v 0.05850000307 0.08708997816 0.1002682894
v 0.05900000408 0.08708317578 0.1001552492
v 0.05950000137 0.0870763734 0.1000421792
v 0.06000000238 0.08708317578 0.1001552492
v 0.0605000034 0.08706957102 0.09992912412
v 0.06100000441 0.08706957102 0.09992912412
v 0.0615000017 0.08706957102 0.09992912412
v 0.06200000271 0.08706957102 0.09992912412
v 0.0625 0.08706957102 0.09992912412
v 0.06300000101 0.08706957102 0.09992912412
v 0.06350000203 0.08706276864 0.09981608391
v 0.06400000304 0.08704915643 0.09958997369
v 0.06450000405 0.08703555167 0.09936386347
v 0.06500000507 0.08702194691 0.09913775325
v 0.06550000608 0.08698792756 0.0985724777
v 0.06599999964 0.08695390821 0.09800721705
v 0.06650000066 0.08691308647 0.09732888639
v 0.06700000167 0.08676340431 0.09484168887
v -0.01975000091 0.08861281723 0.1145097315
v -0.01925000176 0.08862636238 0.1147358119
v -0.01725000143 0.08868733048 0.1157532036
v -0.01575000025 0.08870765567 0.1160923392
v -0.0152500011 0.0887279734 0.1164314598
v -0.01475000102 0.08874829859 0.1167705804
v -0.01425000094 0.08876184374 0.1169966608
v -0.01375000086 0.08876184374 0.1169966608
v -0.01325000077 0.08876184374 0.1169966608
v -0.01275000069 0.08876861632 0.1171097159
v -0.01225000061 0.08876184374 0.1169966608
v -0.01175000053 0.08878216892 0.1173357964
v -0.01125000045 0.0887889415 0.1174488366
v -0.01075000037 0.0887889415 0.1174488366
v -0.01025000028 0.08879571408 0.1175618768
v -0.009750000201 0.08879571408 0.1175618768
v -0.009250000119 0.08879571408 0.1175618768
v -0.008750000037 0.0887889415 0.1174488366
v -0.008249999955 0.0887889415 0.1174488366
v -0.007750000339 0.08878216892 0.1173357964
v -0.007250000257 0.0887753889 0.1172227412
v -0.006750000175 0.08876184374 0.1169966608
v -0.006250000093 0.08874151856 0.1166575402
v -0.005750000477 0.08872120082 0.1163184196
v -0.005250000395 0.08870765567 0.1160923392
v -0.004750000313 0.08870087564 0.115979284
v -0.004250000231 0.08868733048 0.1157532036
v -0.003750000149 0.08868055791 0.1156401634
v -0.003250000067 0.0886670053 0.115414083
v -0.002750000218 0.08866023272 0.1153010428
v -0.002250000136 0.08865346014 0.1151879877
v -0.001750000054 0.08863990754 0.1149619073
v -0.001250000088 0.08863313496 0.1148488671
v -0.0007500000065 0.08862636238 0.1147358119
v -0.0002500000119 0.08861958981 0.1146227866
v 0.0002500000119 0.08861281723 0.1145097315
v 0.0007500000065 0.0886060372 0.1143966913
v 0.001250000088 0.0886060372 0.1143966913
v 0.001750000054 0.08859926462 0.114283666
v 0.002250000136 0.08859926462 0.114283666
v 0.002750000218 0.08859926462 0.114283666
v 0.003250000067 0.08859249204 0.1141706109
v 0.003750000149 0.08857894689 0.1139445305
v 0.004250000231 0.08857894689 0.1139445305
v 0.004750000313 0.08857894689 0.1139445305
v 0.005250000395 0.08857894689 0.1139445305
v 0.005750000477 0.08858571947 0.1140575707
v 0.006250000093 0.08858571947 0.1140575707
v 0.006750000175 0.08858571947 0.1140575707
v 0.007250000257 0.08858571947 0.1140575707
v 0.007750000339 0.08857894689 0.1139445305
v 0.008249999955 0.08857894689 0.1139445305
v 0.008750000037 0.0885586217 0.1136054099
v 0.009250000119 0.08853829652 0.1132662892
v 0.009750000201 0.08851797879 0.1129271537
v 0.01025000028 0.08847733587 0.1122488976
v 0.01075000037 0.08842314035 0.111344561
v 0.04975000396 0.0877796039 0.1006055623
v 0.05025000125 0.08782701939 0.1013968438
v 0.05075000226 0.08785411716 0.1018490195
v 0.05125000328 0.08787444234 0.1021881551
v 0.05175000429 0.08788121492 0.1023011953
v 0.05225000158 0.08788121492 0.1023011953
v 0.05275000259 0.08787444234 0.1021881551
v 0.05325000361 0.08786088973 0.1019620746
v 0.05375000089 0.08784734458 0.1017359644
v 0.05425000191 0.087840572 0.1016229391
v 0.05475000292 0.08782024682 0.1012838036
v 0.05525000393 0.08781347424 0.1011707634
v 0.05575000122 0.08780670166 0.1010577232
v 0.05625000224 0.08778637648 0.1007186025
v 0.05675000325 0.0877796039 0.1006055623
v 0.05725000426 0.08778637648 0.1007186025
v 0.05775000155 0.08777283132 0.1004925221
v 0.05825000256 0.08777283132 0.1004925221
v 0.05875000358 0.08777283132 0.1004925221
v 0.05925000459 0.08776605129 0.1003794819
v 0.05975000188 0.08775927871 0.1002664268
v 0.06025000289 0.08776605129 0.1003794819
v 0.0607500039 0.08775927871 0.1002664268
v 0.06125000119 0.08775927871 0.1002664268
v 0.06175000221 0.08775927871 0.1002664268
v 0.06225000322 0.08775927871 0.1002664268
v 0.06275000423 0.08775927871 0.1002664268
v 0.06325000525 0.08775250614 0.1001534015
v 0.06375000626 0.08773896098 0.09992730618
v 0.06424999982 0.0877186358 0.09958818555
v 0.06475000083 0.08769831061 0.09924905002
v 0.06525000185 0.0876712203 0.09879688919
v 0.06575000286 0.08763734996 0.09823167324
v 0.06625000387 0.08756282926 0.09698821604
v 0.06675000489 0.08728509396 0.09235347807
v 0.0672500059 0.08720380813 0.09099696577
v -0.01450000051 0.08937282115 0.1160887778
v -0.01400000043 0.08938631415 0.1163148433
v -0.01350000035 0.08936607838 0.1159757376
v -0.01300000027 0.08937282115 0.1160887778
v -0.01250000019 0.08937282115 0.1160887778
v -0.0120000001 0.08939305693 0.1164278686
v -0.01150000095 0.08942003548 0.1168799847
v -0.01100000087 0.08942677826 0.11699301
v -0.01050000079 0.08944026381 0.1172190756
v -0.01000000071 0.08945375681 0.1174451411
v -0.009500000626 0.08944701403 0.1173321158
v -0.009000000544 0.08945375681 0.1174451411
v -0.008500000462 0.08944701403 0.1173321158
v -0.00800000038 0.08945375681 0.1174451411
v -0.007500000298 0.08945375681 0.1174451411
v -0.007000000216 0.08945375681 0.1174451411
v -0.006500000134 0.08944026381 0.1172190756
v -0.006000000052 0.08942677826 0.11699301
v -0.005500000436 0.08940654248 0.1166539341
v -0.005000000354 0.08939305693 0.1164278686
v -0.004500000272 0.08938631415 0.1163148433
v -0.00400000019 0.08936607838 0.1159757376
v -0.003500000108 0.0893593356 0.1158627272
v -0.003000000026 0.08935258538 0.115749687
v -0.002500000177 0.08933909982 0.1155236363
v -0.002000000095 0.08933235705 0.1154105961
v -0.001500000013 0.08931886405 0.1151845455
v -0.001000000047 0.08931212127 0.1150715053
v -0.0005000000237 0.08931212127 0.1150715053
v 0 0.08929862827 0.1148454547
v 0.0005000000237 0.08928514272 0.1146193892
v 0.001000000047 0.08927839994 0.114506349
v 0.001500000013 0.08927164972 0.1143933237
v 0.002000000095 0.08927164972 0.1143933237
v 0.002500000177 0.08927839994 0.114506349
v 0.003000000026 0.08927839994 0.114506349
v 0.003500000108 0.08926490694 0.1142803133
v 0.00400000019 0.08926490694 0.1142803133
v 0.004500000272 0.08925816417 0.1141672581
v 0.005000000354 0.08925816417 0.1141672581
v 0.005500000436 0.08926490694 0.1142803133
v 0.006000000052 0.08927164972 0.1143933237
v 0.006500000134 0.08926490694 0.1142803133
v 0.007000000216 0.08927164972 0.1143933237
v 0.007500000298 0.08926490694 0.1142803133
v 0.00800000038 0.08925816417 0.1141672581
v 0.008500000462 0.08925142139 0.1140542328
v 0.009000000544 0.08922444284 0.1136021167
v 0.009500000626 0.08921094984 0.1133760661
v 0.01000000071 0.08918397129 0.1129239351
v 0.01050000079 0.08915699273 0.1124718189
v 0.01100000087 0.08911652863 0.1117936373
v 0.04950000346 0.08844207227 0.1004906297
v 0.05000000075 0.0884757936 0.1010557711
v 0.05050000176 0.0885162577 0.1017339528
v 0.05100000277 0.08854998648 0.1022991091
v 0.05150000378 0.08856347203 0.1025251597
v 0.05200000107 0.08856347203 0.1025251597
v 0.05250000209 0.08857021481 0.1026382148
v 0.0530000031 0.08856347203 0.1025251597
v 0.05350000411 0.08854998648 0.1022991091
v 0.0540000014 0.08853649348 0.1020730436
v 0.05450000241 0.0885162577 0.1017339528
v 0.05500000343 0.08850277215 0.1015078872
v 0.05550000444 0.08848927915 0.1012818366
v 0.05600000173 0.08848253638 0.1011688113
v 0.05650000274 0.08846905082 0.1009427458
v 0.05700000376 0.08846905082 0.1009427458
v 0.05750000104 0.08846905082 0.1009427458
v 0.05800000206 0.08845555782 0.1007166952
v 0.05850000307 0.08845555782 0.1007166952
v 0.05900000408 0.08844881505 0.100603655
v 0.05950000137 0.08844881505 0.100603655
v 0.06000000238 0.08844881505 0.100603655
v 0.0605000034 0.08844207227 0.1004906297
v 0.06100000441 0.08844881505 0.100603655
v 0.0615000017 0.08844881505 0.100603655
v 0.06200000271 0.08844881505 0.100603655
v 0.0625 0.08844881505 0.100603655
v 0.06300000101 0.08844207227 0.1004906297
v 0.06350000203 0.08842857927 0.1002645642
v 0.06400000304 0.08840160072 0.09981244802
v 0.06450000405 0.08838137239 0.0994733572
v 0.06500000507 0.08834764361 0.09890820086
v 0.06550000608 0.08824647963 0.09721274674
v 0.06599999964 0.08818577975 0.09619547427
v 0.06650000066 0.0881588012 0.09574335814
v 0.06700000167 0.08793623 0.09201337397
v -0.01375000086 0.08990368992 0.1138248742
v -0.01325000077 0.08995069563 0.1146160066
v -0.01275000069 0.08998426795 0.1151810884
v -0.01225000061 0.09001112729 0.115633145
v -0.01175000053 0.09003127366 0.115972206
v -0.01125000045 0.09003798664 0.1160852313
v -0.01075000037 0.09003798664 0.1160852313
v -0.01025000028 0.09006485343 0.1165373027
v -0.009750000201 0.09007827938 0.1167633384
v -0.009250000119 0.09009171277 0.1169893742
v -0.008750000037 0.09010513872 0.117215395
v -0.008249999955 0.09011185914 0.1173284352
v -0.007750000339 0.09011857212 0.1174414456
v -0.007250000257 0.09011857212 0.1174414456
v -0.006750000175 0.09011857212 0.1174414456
v -0.006250000093 0.09011185914 0.1173284352
v -0.005750000477 0.09011185914 0.1173284352
v -0.005250000395 0.09009842575 0.1171023995
v -0.004750000313 0.09008499235 0.1168763489
v -0.004250000231 0.0900715664 0.1166503131
v -0.003750000149 0.09005142003 0.116311267
v -0.003250000067 0.09003798664 0.1160852313
v -0.002750000218 0.09003127366 0.115972206
v -0.002250000136 0.09001784772 0.1157461703
v -0.001750000054 0.09000441432 0.1155201495
v -0.001250000088 0.09000441432 0.1155201495
v -0.0007500000065 0.08999770135 0.1154071242
v -0.0002500000119 0.08999098092 0.1152940989
v 0.0002500000119 0.08998426795 0.1151810884
v 0.0007500000065 0.089970842 0.1149550527
v 0.001250000088 0.08994397521 0.1145029664
v 0.001750000054 0.08994397521 0.1145029664
v 0.002250000136 0.08994397521 0.1145029664
v 0.002750000218 0.08995069563 0.1146160066
v 0.003250000067 0.08995069563 0.1146160066
v 0.003750000149 0.08995069563 0.1146160066
v 0.004250000231 0.08995069563 0.1146160066
v 0.004750000313 0.08994397521 0.1145029664
v 0.005250000395 0.08995069563 0.1146160066
v 0.005750000477 0.08995069563 0.1146160066
v 0.006250000093 0.08995740861 0.1147290021
v 0.006750000175 0.08995740861 0.1147290021
v 0.007250000257 0.08995069563 0.1146160066
v 0.007750000339 0.08994397521 0.1145029664
v 0.008249999955 0.08993726224 0.114389956
v 0.008750000037 0.08992383629 0.1141639203
v 0.009250000119 0.08991040289 0.1139378846
v 0.009750000201 0.08988354355 0.1134857982
v 0.01025000028 0.08985668421 0.1130337566
v 0.01075000037 0.08981639147 0.1123556346
v 0.01125000045 0.08976267278 0.1114514917
v 0.01175000053 0.08974252641 0.1111124307
v 0.04925000295 0.08907773346 0.09992364049
v 0.04975000396 0.08913816512 0.1009408087
v 0.05025000125 0.08917845786 0.1016189307
v 0.05075000226 0.08921203762 0.1021840125
v 0.05125000328 0.08923217654 0.1025230587
v 0.05175000429 0.08924560994 0.1027490944
v 0.05225000158 0.08925232291 0.1028621197
v 0.05275000259 0.08925232291 0.1028621197
v 0.05325000361 0.08924560994 0.1027490944
v 0.05375000089 0.08923217654 0.1025230587
v 0.05425000191 0.08921203762 0.1021840125
v 0.05475000292 0.08919860423 0.1019579768
v 0.05525000393 0.08918517083 0.1017319262
v 0.05575000122 0.08917845786 0.1016189307
v 0.05625000224 0.08916503191 0.1013928801
v 0.05675000325 0.08915159851 0.1011668444
v 0.05725000426 0.08915159851 0.1011668444
v 0.05775000155 0.08915159851 0.1011668444
v 0.05825000256 0.08914488554 0.1010538191
v 0.05875000358 0.08913816512 0.1009408087
v 0.05925000459 0.08913816512 0.1009408087
v 0.05975000188 0.08913816512 0.1009408087
v 0.06025000289 0.08913816512 0.1009408087
v 0.0607500039 0.08913145214 0.1008277982
v 0.06125000119 0.08913816512 0.1009408087
v 0.06175000221 0.08913816512 0.1009408087
v 0.06225000322 0.08913145214 0.1008277982
v 0.06275000423 0.08912473917 0.1007147729
v 0.06325000525 0.08911130577 0.1004887372
v 0.06375000626 0.0890911594 0.1001496911
v 0.06424999982 0.08906430006 0.09969760478
v 0.06475000083 0.08903072774 0.09913252294
v 0.06525000185 0.08888971061 0.09675914049
v 0.06575000286 0.08888299763 0.09664613008
v 0.06625000387 0.08862110972 0.09223842621
v 0.06675000489 0.08855395764 0.09110823274
v -0.01150000095 0.09059618413 0.1142735928
v -0.01100000087 0.09063629806 0.1149516255
v -0.01050000079 0.09066303819 0.1154036373
v -0.01000000071 0.09069646895 0.1159686595
v -0.009500000626 0.09072320908 0.1164207011
v -0.009000000544 0.09074326605 0.1167597026
v -0.008500000462 0.09074995667 0.116872713
v -0.00800000038 0.09077000618 0.1172117293
v -0.007500000298 0.0907766968 0.1173247546
v -0.007000000216 0.09077000618 0.1172117293
v -0.006500000134 0.09077000618 0.1172117293
v -0.006000000052 0.0907766968 0.1173247546
v -0.005500000436 0.0907766968 0.1173247546
v -0.005000000354 0.09077000618 0.1172117293
v -0.004500000272 0.09076332301 0.1170987338
v -0.00400000019 0.09075663984 0.1169857234
v -0.003500000108 0.09074326605 0.1167597026
v -0.003000000026 0.09071652591 0.1163076907
v -0.002500000177 0.09070984274 0.1161946803
v -0.002000000095 0.09070315212 0.1160816848
v -0.001500000013 0.09068309516 0.1157426536
v -0.001000000047 0.09068309516 0.1157426536
v -0.0005000000237 0.09067641199 0.1156296432
v 0 0.09066972882 0.1155166626
v 0.0005000000237 0.09066303819 0.1154036373
v 0.001000000047 0.09065635502 0.1152906269
v 0.001500000013 0.09062961489 0.1148386151
v 0.002000000095 0.09062292427 0.1147255898
v 0.002500000177 0.09062961489 0.1148386151
v 0.003000000026 0.09063629806 0.1149516255
v 0.003500000108 0.09063629806 0.1149516255
v 0.00400000019 0.09063629806 0.1149516255
v 0.004500000272 0.09062961489 0.1148386151
v 0.005000000354 0.09063629806 0.1149516255
v 0.005500000436 0.09063629806 0.1149516255
v 0.006000000052 0.09064298123 0.115064621
v 0.006500000134 0.09064298123 0.115064621
v 0.007000000216 0.09064298123 0.115064621
v 0.007500000298 0.09062292427 0.1147255898
v 0.00800000038 0.09062292427 0.1147255898
v 0.008500000462 0.09060955793 0.1144995838
v 0.009000000544 0.09059618413 0.1142735928
v 0.009500000626 0.09058281779 0.114047572
v 0.01000000071 0.09056276083 0.1137085557
v 0.01050000079 0.09052933007 0.1131435186
v 0.01100000087 0.09048253298 0.1123524755
v 0.01150000095 0.09042236209 0.1113354266
v 0.0120000001 0.08549680561 0.03653102368
v 0.05000000075 0.08984071761 0.1015038937
v 0.05050000176 0.08988083154 0.1021819413
v 0.05100000277 0.08990757167 0.102633968
v 0.05150000378 0.08991426229 0.1027469635
v 0.05200000107 0.08992762864 0.1029729843
v 0.05250000209 0.08993431926 0.1030859947
v 0.0530000031 0.08992762864 0.1029729843
v 0.05350000411 0.08992762864 0.1029729843
v 0.0540000014 0.08992094547 0.1028599888
v 0.05450000241 0.0899008885 0.1025209576
v 0.05500000343 0.08989420533 0.1024079472
v 0.05550000444 0.08986745775 0.1019559354
v 0.05600000173 0.08986745775 0.1019559354
v 0.05650000274 0.08985409141 0.1017298996
v 0.05700000376 0.08984071761 0.1015038937
v 0.05750000104 0.08984071761 0.1015038937
v 0.05800000206 0.08983403444 0.1013908982
v 0.05850000307 0.08982734382 0.1012778878
v 0.05900000408 0.08982066065 0.1011648774
v 0.05950000137 0.08982734382 0.1012778878
v 0.06000000238 0.08982066065 0.1011648774
v 0.0605000034 0.08982734382 0.1012778878
v 0.06100000441 0.08982734382 0.1012778878
v 0.0615000017 0.08982734382 0.1012778878
v 0.06200000271 0.08982066065 0.1011648774
v 0.0625 0.08981397748 0.1010518819
v 0.06300000101 0.08979392052 0.1007128656
v 0.06350000203 0.08977386355 0.1003738493
v 0.06400000304 0.08974712342 0.09992180765
v 0.06450000405 0.08970700949 0.09924377501
v 0.06500000507 0.08967357874 0.09867875278
v 0.06550000608 0.08957329392 0.09698365629
v 0.06599999964 0.08921227604 0.09088133276
v 0.06650000066 0.08921227604 0.09088133276
v 0.06700000167 0.08866199106 0.0822853297
v -0.01125000045 0.09125517309 0.1141572297
v -0.01075000037 0.09128179401 0.1146092117
v -0.01025000028 0.0912951082 0.1148351878
v -0.009750000201 0.0912951082 0.1148351878
v -0.009250000119 0.0913483575 0.1157391369
v -0.008750000037 0.09138829261 0.11641711
v -0.008249999955 0.09140826017 0.1167560816
v -0.007750000339 0.09141491354 0.1168690771
v -0.007250000257 0.09140826017 0.1167560816
v -0.006750000175 0.09141491354 0.1168690771
v -0.006250000093 0.09142822772 0.117095083
v -0.005750000477 0.09143488109 0.1172080487
v -0.005250000395 0.09144154191 0.1173210591
v -0.004750000313 0.09144154191 0.1173210591
v -0.004250000231 0.09144154191 0.1173210591
v -0.003750000149 0.09143488109 0.1172080487
v -0.003250000067 0.09143488109 0.1172080487
v -0.002750000218 0.09141491354 0.1168690771
v -0.002250000136 0.09139494598 0.1165301055
v -0.001750000054 0.09138829261 0.11641711
v -0.001250000088 0.09136832505 0.1160781235
v -0.0007500000065 0.09136166424 0.1159651279
v -0.0002500000119 0.09136166424 0.1159651279
v 0.0002500000119 0.0913483575 0.1157391369
v 0.0007500000065 0.09134169668 0.1156261414
v 0.001250000088 0.09132838994 0.1154001653
v 0.001750000054 0.09132838994 0.1154001653
v 0.002250000136 0.09132172912 0.1152871698
v 0.002750000218 0.09132172912 0.1152871698
v 0.003250000067 0.09132172912 0.1152871698
v 0.003750000149 0.09132172912 0.1152871698
v 0.004250000231 0.09132838994 0.1154001653
v 0.004750000313 0.09131507576 0.1151741743
v 0.005250000395 0.09132838994 0.1154001653
v 0.005750000477 0.09132172912 0.1152871698
v 0.006250000093 0.09132172912 0.1152871698
v 0.006750000175 0.09131507576 0.1151741743
v 0.007250000257 0.09131507576 0.1151741743
v 0.007750000339 0.09130176157 0.1149481833
v 0.008249999955 0.0912951082 0.1148351878
v 0.008750000037 0.09128179401 0.1146092117
v 0.009250000119 0.09126182646 0.1142702252
v 0.009750000201 0.09124851227 0.1140442342
v 0.01025000028 0.09122854471 0.1137052476
v 0.01075000037 0.09119527042 0.1131402701
v 0.01125000045 0.09116864204 0.112688303
v 0.01175000053 0.08621044457 0.03665854782
v 0.01225000061 0.08625990152 0.03729493916
v 0.01275000069 0.08626978844 0.03742221743
v 0.04975000396 0.09049638361 0.101275906
v 0.05025000125 0.09053631872 0.101953879
v 0.05075000226 0.09056960046 0.1025188416
v 0.05125000328 0.09058956802 0.102857843
v 0.05175000429 0.09059622139 0.1029708385
v 0.05225000158 0.09060953557 0.1031968147
v 0.05275000259 0.09060288221 0.1030838192
v 0.05325000361 0.09060953557 0.1031968147
v 0.05375000089 0.09060953557 0.1031968147
v 0.05425000191 0.09060288221 0.1030838192
v 0.05475000292 0.09058956802 0.102857843
v 0.05525000393 0.09058291465 0.1027448326
v 0.05575000122 0.09056960046 0.1025188416
v 0.05625000224 0.09055628628 0.1022928655
v 0.05675000325 0.09054297209 0.1020668745
v 0.05725000426 0.09053631872 0.101953879
v 0.05775000155 0.09052966535 0.1018408835
v 0.05825000256 0.09052300453 0.101727888
v 0.05875000358 0.09050969779 0.101501897
v 0.05925000459 0.09051635116 0.1016149074
v 0.05975000188 0.09051635116 0.1016149074
v 0.06025000289 0.09051635116 0.1016149074
v 0.0607500039 0.09050969779 0.101501897
v 0.06125000119 0.09051635116 0.1016149074
v 0.06175000221 0.09050969779 0.101501897
v 0.06225000322 0.09049638361 0.101275906
v 0.06275000423 0.09048973024 0.1011629254
v 0.06325000525 0.09046310186 0.1007109433
v 0.06375000626 0.09044313431 0.1003719717
v 0.06424999982 0.09036326408 0.09901602566
v 0.06475000083 0.09025011212 0.09709514678
v 0.06525000185 0.0902434513 0.09698215127
v 0.06575000286 0.08993727714 0.09178443253
v 0.06625000387 0.08990399539 0.091219455
v 0.06675000489 0.08935424685 0.08252464235
v 0.0672500059 0.08931512386 0.08192566037
v -0.01000000071 0.09191422164 0.1140408963
v -0.009500000626 0.09194072336 0.1144928187
v -0.009000000544 0.09196723253 0.114944756
v -0.008500000462 0.09199373424 0.1153966784
v -0.00800000038 0.09202024341 0.1158486158
v -0.007500000298 0.09204012156 0.1161875576
v -0.007000000216 0.09205337614 0.1164135188
v -0.006500000134 0.09207325429 0.1167524606
v -0.006000000052 0.09208650887 0.1169784218
v -0.005500000436 0.09209313244 0.1170914173
v -0.005000000354 0.09209976345 0.117204383
v -0.004500000272 0.09210638702 0.1173173785
v -0.00400000019 0.09210638702 0.1173173785
v -0.003500000108 0.09210638702 0.1173173785
v -0.003000000026 0.09210638702 0.1173173785
v -0.002500000177 0.09210638702 0.1173173785
v -0.002000000095 0.09209313244 0.1170914173
v -0.001500000013 0.09207325429 0.1167524606
v -0.001000000047 0.09205337614 0.1164135188
v -0.0005000000237 0.09204675257 0.1163005382
v 0 0.09204012156 0.1161875576
v 0.0005000000237 0.09202686697 0.1159615815
v 0.001000000047 0.09202686697 0.1159615815
v 0.001500000013 0.09201361239 0.1157356203
v 0.002000000095 0.09202024341 0.1158486158
v 0.002500000177 0.09200698882 0.1156226397
v 0.003000000026 0.09201361239 0.1157356203
v 0.003500000108 0.09200698882 0.1156226397
v 0.00400000019 0.09201361239 0.1157356203
v 0.004500000272 0.09201361239 0.1157356203
v 0.005000000354 0.09200698882 0.1156226397
v 0.005500000436 0.09200698882 0.1156226397
v 0.006000000052 0.09200698882 0.1156226397
v 0.006500000134 0.09199373424 0.1153966784
v 0.007000000216 0.09198711067 0.1152836978
v 0.007500000298 0.09198048711 0.1151707172
v 0.00800000038 0.09197385609 0.1150577366
v 0.008500000462 0.09196060151 0.1148317754
v 0.009000000544 0.09194735438 0.1146058142
v 0.009500000626 0.09192084521 0.1141538769
v 0.01000000071 0.09190759063 0.1139279157
v 0.01050000079 0.09189433604 0.1137019545
v 0.01100000087 0.09185457975 0.1130240709
v 0.01150000095 0.09181482345 0.1123461723
v 0.0120000001 0.08696340024 0.03729526699
v 0.01250000019 0.08699294925 0.03767713159
v 0.01300000027 0.08702249825 0.0380589962
v 0.04950000346 0.0911256671 0.1005960554
v 0.05000000075 0.09118530154 0.1016128957
v 0.05050000176 0.09121843427 0.1021777987
v 0.05100000277 0.09124494344 0.1026297361
v 0.05150000378 0.09126482159 0.1029686779
v 0.05200000107 0.09127807617 0.1031946391
v 0.05250000209 0.09128469974 0.1033076197
v 0.0530000031 0.09128469974 0.1033076197
v 0.05350000411 0.09128469974 0.1033076197
v 0.0540000014 0.09128469974 0.1033076197
v 0.05450000241 0.09127807617 0.1031946391
v 0.05500000343 0.09127144516 0.1030816585
v 0.05550000444 0.09126482159 0.1029686779
v 0.05600000173 0.09125819802 0.1028556973
v 0.05650000274 0.09125156701 0.1027427018
v 0.05700000376 0.09124494344 0.1026297361
v 0.05750000104 0.09122506529 0.1022907794
v 0.05800000206 0.09122506529 0.1022907794
v 0.05850000307 0.09121843427 0.1021777987
v 0.05900000408 0.09121181071 0.1020648181
v 0.05950000137 0.09120517969 0.1019518375
v 0.06000000238 0.09120517969 0.1019518375
v 0.0605000034 0.09120517969 0.1019518375
v 0.06100000441 0.09119193256 0.1017258614
v 0.0615000017 0.09119193256 0.1017258614
v 0.06200000271 0.09117867798 0.1014999002
v 0.0625 0.09116542339 0.101273939
v 0.06300000101 0.09114554524 0.1009349972
v 0.06350000203 0.09111903608 0.1004830748
v 0.06400000304 0.09107927978 0.09980517626
v 0.06450000405 0.09090036154 0.09675467014
v 0.06500000507 0.09090036154 0.09675467014
v 0.06550000608 0.09061542153 0.09189644456
v 0.06599999964 0.09057566524 0.09121856093
v 0.06650000066 0.09003069252 0.08252434433
v 0.06700000167 0.09001521021 0.08228474855
v -0.01225000061 0.09233689308 0.1099742949
v -0.01175000053 0.09235651791 0.1103132665
v -0.009250000119 0.09256578982 0.1139288843
v -0.008249999955 0.09261156619 0.1147197783
v -0.007750000339 0.09265080094 0.1153977215
v -0.007250000257 0.09267695993 0.1158496737
v -0.006750000175 0.09270311892 0.116301626
v -0.006250000093 0.09271620214 0.1165276021
v -0.005750000477 0.09272274375 0.1166405827
v -0.005250000395 0.09273581952 0.1168665588
v -0.004750000313 0.09274236113 0.1169795394
v -0.004250000231 0.09274890274 0.1170925498
v -0.003750000149 0.09274890274 0.1170925498
v -0.003250000067 0.09276197851 0.1173185259
v -0.002750000218 0.09276197851 0.1173185259
v -0.002250000136 0.09276852012 0.1174315065
v -0.001750000054 0.09276197851 0.1173185259
v -0.001250000088 0.0927554369 0.1172055155
v -0.0007500000065 0.09274890274 0.1170925498
v -0.0002500000119 0.09272274375 0.1166405827
v 0.0002500000119 0.09272274375 0.1166405827
v 0.0007500000065 0.09271620214 0.1165276021
v 0.001250000088 0.09270966053 0.1164146066
v 0.001750000054 0.09269004315 0.1160756499
v 0.002250000136 0.09269004315 0.1160756499
v 0.002750000218 0.09269004315 0.1160756499
v 0.003250000067 0.09269658476 0.1161886454
v 0.003750000149 0.09269658476 0.1161886454
v 0.004250000231 0.09269004315 0.1160756499
v 0.004750000313 0.09268350154 0.1159626544
v 0.005250000395 0.09268350154 0.1159626544
v 0.005750000477 0.09267695993 0.1158496737
v 0.006250000093 0.09267042577 0.1157366782
v 0.006750000175 0.09266388416 0.1156236976
v 0.007250000257 0.09265080094 0.1153977215
v 0.007750000339 0.09264426678 0.115284726
v 0.008249999955 0.09263772517 0.1151717454
v 0.008750000037 0.09262464195 0.1149457693
v 0.009250000119 0.09259848297 0.1144938171
v 0.009750000201 0.09257232398 0.1140418649
v 0.01025000028 0.09255924821 0.1138158888
v 0.01075000037 0.09254616499 0.1135899127
v 0.01125000045 0.09250038862 0.1127989888
v 0.01175000053 0.09247422963 0.1123470515
v 0.01225000061 0.08771336079 0.03780528903
v 0.01275000069 0.08773289621 0.03805984557
v 0.01325000077 0.08776220679 0.03844171762
v 0.04975000396 0.09181371331 0.1009352654
v 0.05025000125 0.09185949713 0.1017261744
v 0.05075000226 0.09189219028 0.1022911221
v 0.05125000328 0.09191181511 0.1026300937
v 0.05175000429 0.09193143249 0.1029690504
v 0.05225000158 0.09194450825 0.1031950265
v 0.05275000259 0.09195104986 0.103308022
v 0.05325000361 0.09195759147 0.1034210026
v 0.05375000089 0.09195759147 0.1034210026
v 0.05425000191 0.09195759147 0.1034210026
v 0.05475000292 0.09195104986 0.103308022
v 0.05525000393 0.09195104986 0.103308022
v 0.05575000122 0.09195104986 0.103308022
v 0.05625000224 0.0919379741 0.1030820459
v 0.05675000325 0.0919379741 0.1030820459
v 0.05725000426 0.09193143249 0.1029690504
v 0.05775000155 0.09191834927 0.1027430594
v 0.05825000256 0.09191181511 0.1026300937
v 0.05875000358 0.09191181511 0.1026300937
v 0.05925000459 0.0919052735 0.1025170982
v 0.05975000188 0.09189219028 0.1022911221
v 0.06025000289 0.09188565612 0.1021781266
v 0.0607500039 0.09187911451 0.102065146
v 0.06125000119 0.0918725729 0.1019521654
v 0.06175000221 0.09185295552 0.1016131938
v 0.06225000322 0.0918398723 0.1013872176
v 0.06275000423 0.09180717915 0.1008222848
v 0.06325000525 0.09179409593 0.1005963087
v 0.06375000626 0.09175486118 0.09991836548
v 0.06424999982 0.09145402908 0.09472094476
v 0.06475000083 0.09132323414 0.09246118367
v 0.06525000185 0.09131669253 0.09234817326
v 0.06575000286 0.09074298292 0.08300319314
v 0.06625000387 0.09071999788 0.08264385164
v 0.06675000489 0.09071233124 0.0825240612
v -0.01150000095 0.09300457686 0.1100880504
v -0.01100000087 0.09301748127 0.1103140265
v -0.01050000079 0.09304329753 0.1107660085
v -0.008500000462 0.09317235649 0.1130259037
v -0.00800000038 0.0932110697 0.1137038469
v -0.007000000216 0.09330141544 0.1152857691
v -0.006500000134 0.09332722425 0.1157377362
v -0.006000000052 0.09334012866 0.1159637272
v -0.005500000436 0.09335304052 0.1161897182
v -0.005000000354 0.09337239712 0.1165287048
v -0.004500000272 0.09337884933 0.1166416854
v -0.00400000019 0.09339175373 0.1168676764
v -0.003500000108 0.09339820594 0.1169806719
v -0.003000000026 0.09341111779 0.1172066629
v -0.002500000177 0.09341111779 0.1172066629
v -0.002000000095 0.09341756999 0.1173196584
v -0.001500000013 0.09341756999 0.1173196584
v -0.001000000047 0.09341756999 0.1173196584
v -0.0005000000237 0.09341756999 0.1173196584
v 0 0.09340466559 0.1170936823
v 0.0005000000237 0.09339820594 0.1169806719
v 0.001000000047 0.09339820594 0.1169806719
v 0.001500000013 0.09339175373 0.1168676764
v 0.002000000095 0.09337239712 0.1165287048
v 0.002500000177 0.09337884933 0.1166416854
v 0.003000000026 0.09336594492 0.1164157093
v 0.003500000108 0.09337239712 0.1165287048
v 0.00400000019 0.09336594492 0.1164157093
v 0.004500000272 0.09335949272 0.1163027138
v 0.005000000354 0.09335304052 0.1161897182
v 0.005500000436 0.09335304052 0.1161897182
v 0.006000000052 0.09334658831 0.1160767227
v 0.006500000134 0.09332722425 0.1157377362
v 0.007000000216 0.09331431985 0.1155117601
v 0.007500000298 0.09330786765 0.1153987646
v 0.00800000038 0.09329496324 0.1151727736
v 0.008500000462 0.09329496324 0.1151727736
v 0.009000000544 0.09326914698 0.1147207916
v 0.009500000626 0.09325624257 0.1144948006
v 0.01000000071 0.09322398156 0.1139298379
v 0.01050000079 0.0931981653 0.1134778559
v 0.01100000087 0.09316590428 0.1129128933
v 0.01150000095 0.09306910634 0.1112179905
v 0.0120000001 0.08843360841 0.03793343902
v 0.01250000019 0.08845298737 0.03818798065
v 0.01300000027 0.08847237378 0.03844255209
v 0.01350000035 0.08849175274 0.03869709373
v 0.05000000075 0.09248188138 0.1009355336
v 0.05050000176 0.09252060205 0.1016135067
v 0.05100000277 0.09255286306 0.1021784693
v 0.05150000378 0.09258513153 0.1027434319
v 0.05200000107 0.09260448813 0.1030824184
v 0.05250000209 0.09261739254 0.1033084095
v 0.0530000031 0.09261739254 0.1033084095
v 0.05350000411 0.09262384474 0.103421405
v 0.0540000014 0.09262384474 0.103421405
v 0.05450000241 0.09262384474 0.103421405
v 0.05500000343 0.09261739254 0.1033084095
v 0.05550000444 0.09262384474 0.103421405
v 0.05600000173 0.09262384474 0.103421405
v 0.05650000274 0.09261094034 0.1031954139
v 0.05700000376 0.09261739254 0.1033084095
v 0.05750000104 0.09260448813 0.1030824184
v 0.05800000206 0.09259803593 0.1029694378
v 0.05850000307 0.09259158373 0.1028564423
v 0.05900000408 0.09257867932 0.1026304513
v 0.05950000137 0.09257222712 0.1025174409
v 0.06000000238 0.09257222712 0.1025174409
v 0.0605000034 0.09255286306 0.1021784693
v 0.06100000441 0.09254641086 0.1020654738
v 0.0615000017 0.09253350645 0.1018394977
v 0.06200000271 0.09250769764 0.1013875008
v 0.0625 0.09249478579 0.1011615247
v 0.06300000101 0.0924108997 0.09969259799
v 0.06350000203 0.09223666787 0.09664176404
v 0.06400000304 0.09193982929 0.09144404531
v 0.06450000405 0.09198500216 0.09223501384
v 0.06500000507 0.09198500216 0.09223501384
v 0.06550000608 0.09143947065 0.08324247599
v 0.06599999964 0.09143188596 0.08312271535
v 0.06650000066 0.09140154719 0.08264356852
v -0.01025000028 0.09367845953 0.1103148013
v -0.007750000339 0.09385671467 0.1134787947
v -0.006750000175 0.09388218075 0.1139308065
v -0.006250000093 0.09393310547 0.1148348004
v -0.005750000477 0.09395220876 0.1151738018
v -0.005250000395 0.09398403764 0.1157387942
v -0.004750000313 0.09400313348 0.1160778105
v -0.004250000231 0.09401586652 0.1163038015
v -0.003750000149 0.09403496981 0.116642803
v -0.003250000067 0.09404770285 0.116868794
v -0.002750000218 0.09405406564 0.1169817895
v -0.002250000136 0.09406043589 0.1170948148
v -0.001750000054 0.09406679869 0.1172077954
v -0.001250000088 0.09406679869 0.1172077954
v -0.0007500000065 0.09407316893 0.1173208058
v -0.0002500000119 0.09407316893 0.1173208058
v 0.0002500000119 0.09407316893 0.1173208058
v 0.0007500000065 0.09406679869 0.1172077954
v 0.001250000088 0.09406043589 0.1170948148
v 0.001750000054 0.09405406564 0.1169817895
v 0.002250000136 0.09404770285 0.116868794
v 0.002750000218 0.09404770285 0.116868794
v 0.003250000067 0.09403496981 0.116642803
v 0.003750000149 0.09402859956 0.1165298074
v 0.004250000231 0.09402859956 0.1165298074
v 0.004750000313 0.09402223676 0.116416797
v 0.005250000395 0.09401586652 0.1163038015
v 0.005750000477 0.09400950372 0.116190806
v 0.006250000093 0.09399677068 0.1159647852
v 0.006750000175 0.09399040043 0.1158518046
v 0.007250000257 0.09397767484 0.1156257987
v 0.007750000339 0.09394583851 0.1150608063
v 0.008249999955 0.09395220876 0.1151738018
v 0.008750000037 0.09393310547 0.1148348004
v 0.009250000119 0.09392037243 0.1146088094
v 0.009750000201 0.09390127659 0.1142698079
v 0.01025000028 0.09386944771 0.1137048006
v 0.01075000037 0.09383124858 0.1130268127
v 0.01125000045 0.09371028841 0.1108798087
v 0.01175000053 0.09372938424 0.1112187952
v 0.01225000061 0.08917292207 0.03831610084
v 0.01275000069 0.08919213712 0.03857064247
v 0.01325000077 0.08919213712 0.03857064247
v 0.01375000086 0.08921135962 0.03882519156
v 0.01425000094 0.08918253332 0.03844338655
v 0.05025000125 0.09316915274 0.1012748033
v 0.05075000226 0.09320735186 0.1019528061
v 0.05125000328 0.09323918074 0.1025177985
v 0.05175000429 0.09325191379 0.1027437896
v 0.05225000158 0.09327101707 0.1030828059
v 0.05275000259 0.09327737987 0.1031958014
v 0.05325000361 0.09328375012 0.1033088118
v 0.05375000089 0.09329011291 0.1034218073
v 0.05425000191 0.09329011291 0.1034218073
v 0.05475000292 0.09329011291 0.1034218073
v 0.05525000393 0.09329011291 0.1034218073
v 0.05575000122 0.09329011291 0.1034218073
v 0.05625000224 0.09329011291 0.1034218073
v 0.05675000325 0.09329011291 0.1034218073
v 0.05725000426 0.09328375012 0.1033088118
v 0.05775000155 0.09327101707 0.1030828059
v 0.05825000256 0.09326464683 0.1029698104
v 0.05875000358 0.09325828403 0.1028568149
v 0.05925000459 0.09325191379 0.1027437896
v 0.05975000188 0.09325191379 0.1027437896
v 0.06025000289 0.09324555099 0.1026308089
v 0.0607500039 0.09322008491 0.1021787971
v 0.06125000119 0.09320735186 0.1019528061
v 0.06175000221 0.09318188578 0.1015007943
v 0.06225000322 0.09316915274 0.1012748033
v 0.06275000423 0.0931500569 0.1009358019
v 0.06325000525 0.09305456281 0.09924079478
v 0.06375000626 0.09291450679 0.09675480425
v 0.06424999982 0.09263438731 0.0917828083
v 0.06475000083 0.09212063998 0.08324217796
v 0.06525000185 0.09212063998 0.08324217796
v 0.06575000286 0.09212063998 0.08324217796
v 0.06625000387 0.09209812433 0.08288283646
v 0.06675000489 0.09206809849 0.08240370452
v -0.008500000462 0.09438338131 0.1111066192
v -0.006500000134 0.09454665333 0.1140447706
v -0.006000000052 0.09457176924 0.1144967824
v -0.005500000436 0.09459688514 0.114948824
v -0.005000000354 0.09461572766 0.1152878404
v -0.004500000272 0.09464084357 0.1157398522
v -0.00400000019 0.09466595948 0.1161918789
v -0.003500000108 0.09467852116 0.1164178997
v -0.003000000026 0.094684802 0.1165308952
v -0.002500000177 0.09469735622 0.116756916
v -0.002000000095 0.09470363706 0.1168699116
v -0.001500000013 0.0947099179 0.116982922
v -0.001000000047 0.09472247958 0.1172089279
v -0.0005000000237 0.09472876042 0.1173219532
v 0 0.09472876042 0.1173219532
v 0.0005000000237 0.09472876042 0.1173219532
v 0.001000000047 0.09472247958 0.1172089279
v 0.001500000013 0.0947099179 0.116982922
v 0.002000000095 0.0947099179 0.116982922
v 0.002500000177 0.0947099179 0.116982922
v 0.003000000026 0.09470363706 0.1168699116
v 0.003500000108 0.09469735622 0.116756916
v 0.00400000019 0.094684802 0.1165308952
v 0.004500000272 0.094684802 0.1165308952
v 0.005000000354 0.09467852116 0.1164178997
v 0.005500000436 0.09467224032 0.1163048893
v 0.006000000052 0.09465968609 0.1160788834
v 0.006500000134 0.09465968609 0.1160788834
v 0.007000000216 0.09464084357 0.1157398522
v 0.007500000298 0.09461572766 0.1152878404
v 0.00800000038 0.09459688514 0.114948824
v 0.008500000462 0.09459060431 0.1148358136
v 0.009000000544 0.09457805008 0.1146098077
v 0.009500000626 0.0945654884 0.1143837869
v 0.01000000071 0.09454037249 0.1139317602
v 0.01050000079 0.09452781081 0.1137057543
v 0.01100000087 0.09447129816 0.1126886904
v 0.01150000095 0.09438338131 0.1111066192
v 0.0120000001 0.08988315612 0.03831694275
v 0.01250000019 0.08990222216 0.03857146949
v 0.01300000027 0.08991175145 0.0386987403
v 0.01350000035 0.08991175145 0.0386987403
v 0.01400000043 0.08992128074 0.03882601112
v 0.01450000051 0.08992128074 0.03882601112
v 0.05050000176 0.09384962171 0.1015010923
v 0.05100000277 0.09388102591 0.1020661294
v 0.05150000378 0.09390614182 0.1025181562
v 0.05200000107 0.09392497689 0.1028571874
v 0.05250000209 0.09393753856 0.1030831933
v 0.0530000031 0.0939438194 0.1031961888
v 0.05350000411 0.09395637363 0.1034222096
v 0.0540000014 0.09395637363 0.1034222096
v 0.05450000241 0.09396265447 0.1035352051
v 0.05500000343 0.09396265447 0.1035352051
v 0.05550000444 0.09395637363 0.1034222096
v 0.05600000173 0.09395637363 0.1034222096
v 0.05650000274 0.09396265447 0.1035352051
v 0.05700000376 0.09396265447 0.1035352051
v 0.05750000104 0.0939438194 0.1031961888
v 0.05800000206 0.09393125772 0.1029701829
v 0.05850000307 0.09393125772 0.1029701829
v 0.05900000408 0.09391869605 0.1027441621
v 0.05950000137 0.09391242266 0.1026311666
v 0.06000000238 0.09391242266 0.1026311666
v 0.0605000034 0.09389358014 0.1022921503
v 0.06100000441 0.09388102591 0.1020661294
v 0.0615000017 0.09384334832 0.1013880968
v 0.06200000271 0.09383706748 0.1012750864
v 0.0625 0.09381822497 0.1009360701
v 0.06300000101 0.09371775389 0.09912797809
v 0.06350000203 0.09332214296 0.0920085907
v 0.06400000304 0.092824094 0.08360122144
v 0.06450000405 0.092824094 0.08360122144
v 0.06500000507 0.09280923754 0.08336167037
v 0.06550000608 0.09279438108 0.08312211931
v 0.06599999964 0.09278695285 0.08300232887
v 0.06650000066 0.09275723994 0.08252321184
v -0.005750000477 0.09520475566 0.1140457392
v -0.005250000395 0.09521713853 0.1142717749
v -0.004250000231 0.09524191171 0.1147238016
v -0.003750000149 0.09527287632 0.1152888685
v -0.003250000067 0.09528525919 0.1155149043
v -0.002750000218 0.0953162238 0.1160799563
v -0.002250000136 0.09532861412 0.1163059771
v -0.001750000054 0.09534099698 0.1165319979
v -0.001250000088 0.09535337985 0.1167580187
v -0.0007500000065 0.09536577016 0.1169840395
v -0.0002500000119 0.09537196159 0.1170970649
v 0.0002500000119 0.09537196159 0.1170970649
v 0.0007500000065 0.09537196159 0.1170970649
v 0.001250000088 0.09536577016 0.1169840395
v 0.001750000054 0.09535957873 0.1168710291
v 0.002250000136 0.09535957873 0.1168710291
v 0.002750000218 0.09535957873 0.1168710291
v 0.003250000067 0.09535337985 0.1167580187
v 0.003750000149 0.09534718841 0.1166450083
v 0.004250000231 0.09533480555 0.1164189875
v 0.004750000313 0.09533480555 0.1164189875
v 0.005250000395 0.09533480555 0.1164189875
v 0.005750000477 0.09532241523 0.1161929667
v 0.006250000093 0.0953162238 0.1160799563
v 0.006750000175 0.0952976495 0.1157409102
v 0.007250000257 0.09528525919 0.1155149043
v 0.007750000339 0.09524810314 0.1148368269
v 0.008249999955 0.09523572028 0.1146108061
v 0.008750000037 0.09523572028 0.1146108061
v 0.009250000119 0.09522952884 0.1144977808
v 0.009750000201 0.09519856423 0.1139327288
v 0.01025000028 0.09517998248 0.1135936975
v 0.01075000037 0.09513663501 0.1128025949
v 0.01125000045 0.09502516687 0.1107683927
v 0.01175000053 0.0906028524 0.03844505548
v 0.01225000061 0.09062175453 0.03869955987
v 0.01275000069 0.09063120931 0.03882683069
v 0.01325000077 0.09064065665 0.03895407915
v 0.01375000086 0.09063120931 0.03882683069
v 0.01425000094 0.09063120931 0.03882683069
v 0.01475000102 0.09064065665 0.03895407915
v 0.05075000226 0.09451735765 0.1015013903
v 0.05125000328 0.09454213083 0.1019534469
v 0.05175000429 0.09457309544 0.1025184989
v 0.05225000158 0.09459166974 0.102857545
v 0.05275000259 0.09459786117 0.1029705554
v 0.05325000361 0.09461025149 0.1031965911
v 0.05375000089 0.09461644292 0.1033096015
v 0.05425000191 0.09462263435 0.103422612
v 0.05475000292 0.09462263435 0.103422612
v 0.05525000393 0.09462263435 0.103422612
v 0.05575000122 0.09462263435 0.103422612
v 0.05625000224 0.09462882578 0.1035356224
v 0.05675000325 0.09462882578 0.1035356224
v 0.05725000426 0.09462263435 0.103422612
v 0.05775000155 0.09461025149 0.1031965911
v 0.05825000256 0.09460406005 0.1030835807
v 0.05875000358 0.09458547831 0.1027445197
v 0.05925000459 0.09459166974 0.102857545
v 0.05975000188 0.09457928687 0.1026315242
v 0.06025000289 0.09456070513 0.1022924781
v 0.0607500039 0.09454213083 0.1019534469
v 0.06125000119 0.09451735765 0.1015013903
v 0.06175000221 0.09447401017 0.1007103175
v 0.06225000322 0.09446781874 0.1005973071
v 0.06275000423 0.0943749249 0.09890212119
v 0.06375000626 0.09352707118 0.08396026492
v 0.06424999982 0.09354176372 0.08419980109
v 0.06475000083 0.09351971745 0.08384048939
v 0.06525000185 0.09349031746 0.08336137235
v 0.06575000286 0.09329923987 0.08024716377
v 0.06625000387 0.092806831 0.07222209871
v -0.00400000019 0.09588728845 0.1144987643
v -0.003500000108 0.09591171145 0.1149508506
v -0.003000000026 0.09592392296 0.1151768863
v -0.002500000177 0.09593003243 0.1152898967
v -0.002000000095 0.09595445544 0.1157419682
v -0.001500000013 0.09597887844 0.1161940545
v -0.001000000047 0.09599108994 0.1164200902
v -0.0005000000237 0.09600330144 0.116646111
v 0 0.09600330144 0.116646111
v 0.0005000000237 0.09600330144 0.116646111
v 0.001000000047 0.09600330144 0.116646111
v 0.001500000013 0.09599719942 0.1165331006
v 0.002000000095 0.09599719942 0.1165331006
v 0.002500000177 0.09600941092 0.1167591363
v 0.003000000026 0.09599719942 0.1165331006
v 0.003500000108 0.09599108994 0.1164200902
v 0.00400000019 0.09599108994 0.1164200902
v 0.004500000272 0.09598498046 0.1163070649
v 0.005000000354 0.09597887844 0.1161940545
v 0.005500000436 0.09597887844 0.1161940545
v 0.006000000052 0.09595445544 0.1157419682
v 0.006500000134 0.09594834596 0.1156289577
v 0.007000000216 0.09593003243 0.1152898967
v 0.007500000298 0.09591171145 0.1149508506
v 0.00800000038 0.09589949995 0.1147248
v 0.008500000462 0.09587507695 0.1142727435
v 0.009000000544 0.09587507695 0.1142727435
v 0.009500000626 0.09585675597 0.1139336824
v 0.01000000071 0.09582623094 0.1133686006
v 0.01050000079 0.09578348696 0.1125774682
v 0.01100000087 0.09131301194 0.03844588995
v 0.01150000095 0.09132238477 0.03857312351
v 0.0120000001 0.09133175761 0.03870038688
v 0.01250000019 0.09134113044 0.03882765025
v 0.01300000027 0.09135049582 0.03895489126
v 0.01350000035 0.09135049582 0.03895489126
v 0.01400000043 0.09134113044 0.03882765025
v 0.01450000051 0.09135049582 0.03895489126
v 0.0150000006 0.09135986865 0.03908215463
v 0.01550000068 0.09132238477 0.03857312351
v 0.05150000378 0.09520341456 0.1018407643
v 0.05200000107 0.09524004906 0.1025188565
v 0.05250000209 0.09525226057 0.1027448922
v 0.0530000031 0.09526447207 0.1029709429
v 0.05350000411 0.09527668357 0.1031969786
v 0.0540000014 0.09527668357 0.1031969786
v 0.05450000241 0.09528279305 0.103309989
v 0.05500000343 0.09528279305 0.103309989
v 0.05550000444 0.09528889507 0.1034230143
v 0.05600000173 0.09528279305 0.103309989
v 0.05650000274 0.09528279305 0.103309989
v 0.05700000376 0.09528279305 0.103309989
v 0.05750000104 0.09527668357 0.1031969786
v 0.05800000206 0.09527058154 0.1030839533
v 0.05850000307 0.09525226057 0.1027448922
v 0.05900000408 0.09525226057 0.1027448922
v 0.05950000137 0.09525226057 0.1027448922
v 0.06000000238 0.09522172809 0.1021798104
v 0.0605000034 0.09519730508 0.1017277241
v 0.06100000441 0.09518509358 0.1015016884
v 0.0615000017 0.0951179266 0.1002584994
v 0.06200000271 0.09512403607 0.1003715247
v 0.06300000101 0.09422957897 0.0843192786
v 0.06350000203 0.09423685074 0.08443903923
v 0.06400000304 0.09423685074 0.08443903923
v 0.06450000405 0.09423685074 0.08443903923
v 0.06500000507 0.09420049936 0.08384017646
v -0.01325000077 0.09576254338 0.09980663657
v -0.01275000069 0.09579866379 0.1004847884
v -0.01225000061 0.09582273662 0.1009368747
v -0.01175000053 0.09583477676 0.1011629254
v -0.01125000045 0.09584079683 0.1012759507
v -0.01075000037 0.09584079683 0.1012759507
v -0.003250000067 0.09653903544 0.1143867373
v -0.002750000218 0.09653903544 0.1143867373
v -0.002250000136 0.09654505551 0.1144997627
v -0.001750000054 0.09658116847 0.1151779145
v -0.001250000088 0.09660524875 0.1156300008
v -0.0007500000065 0.09661728144 0.1158560663
v -0.0002500000119 0.09662330151 0.1159690768
v 0.0002500000119 0.09663534164 0.1161951274
v 0.0007500000065 0.09662932158 0.1160821021
v 0.001250000088 0.09663534164 0.1161951274
v 0.001750000054 0.09663534164 0.1161951274
v 0.002250000136 0.09664136171 0.1163081527
v 0.002750000218 0.09662932158 0.1160821021
v 0.003250000067 0.09662932158 0.1160821021
v 0.003750000149 0.09663534164 0.1161951274
v 0.004250000231 0.09662330151 0.1159690768
v 0.004750000313 0.09662330151 0.1159690768
v 0.005250000395 0.09659922868 0.1155169904
v 0.005750000477 0.09658116847 0.1151779145
v 0.006250000093 0.09658116847 0.1151779145
v 0.006750000175 0.0965751484 0.1150648892
v 0.007250000257 0.0965570882 0.1147258133
v 0.007750000339 0.09655107558 0.1146128029
v 0.008249999955 0.09651495516 0.113934651
v 0.008750000037 0.09650893509 0.1138216257
v 0.009250000119 0.09648486227 0.1133695245
v 0.009750000201 0.09644874185 0.1126913875
v 0.01025000028 0.09200458229 0.03819220513
v 0.01075000037 0.09202317148 0.03844671696
v 0.01125000045 0.09204175323 0.03870120645
v 0.01175000053 0.09204175323 0.03870120645
v 0.01225000061 0.09205105156 0.03882846236
v 0.01275000069 0.09206034243 0.03895570338
v 0.01325000077 0.09206963331 0.03908295929
v 0.01375000086 0.09206034243 0.03895570338
v 0.01425000094 0.09206034243 0.03895570338
v 0.01475000102 0.09206963331 0.03908295929
v 0.0152500011 0.09206963331 0.03908295929
v 0.01575000025 0.09204175323 0.03870120645
v 0.01625000127 0.09199529141 0.03806494921
v 0.05175000429 0.09585885704 0.1016150266
v 0.05225000158 0.09588894993 0.1021801382
v 0.05275000259 0.09590099007 0.1024061888
v 0.05325000361 0.09591905028 0.1027452499
v 0.05375000089 0.09592507035 0.1028582901
v 0.05425000191 0.09593710303 0.1030843407
v 0.05475000292 0.0959431231 0.103197366
v 0.05525000393 0.0959431231 0.103197366
v 0.05575000122 0.09594914317 0.1033103913
v 0.05625000224 0.09593710303 0.1030843407
v 0.05675000325 0.09593710303 0.1030843407
v 0.05725000426 0.09593710303 0.1030843407
v 0.05775000155 0.09592507035 0.1028582901
v 0.05825000256 0.09591905028 0.1027452499
v 0.05875000358 0.09590701014 0.1025192142
v 0.05925000459 0.09590701014 0.1025192142
v 0.05975000188 0.09588292986 0.1020671278
v 0.06025000289 0.0958468169 0.101388976
v 0.0607500039 0.09583477676 0.1011629254
v 0.06125000119 0.09578060359 0.1001457125
v 0.06175000221 0.09579866379 0.1004847884
v 0.06225000322 0.09495320171 0.08503758907
v 0.06275000423 0.09492442757 0.08455848694
v 0.06325000525 0.09493162483 0.08467826247
v 0.06375000626 0.09493162483 0.08467826247
v 0.06424999982 0.09491723776 0.0844387114
v 0.06475000083 0.09488127381 0.08383986354
v 0.06525000185 0.09471584111 0.08108508587
v -0.01300000027 0.09644345194 0.1000328958
v -0.01250000019 0.0964731127 0.100598067
v -0.0120000001 0.09649091214 0.100937143
v -0.01150000095 0.09650871158 0.1012762338
v -0.01100000087 0.09650871158 0.1012762338
v -0.01050000079 0.09651464224 0.1013892591
v -0.01000000071 0.0965205729 0.1015022844
v -0.009500000626 0.09652650356 0.1016153395
v -0.001000000047 0.09722654521 0.1149528772
v -0.0005000000237 0.09724434465 0.115291968
v 0 0.09725620598 0.1155180335
v 0.0005000000237 0.09724434465 0.115291968
v 0.001000000047 0.09724434465 0.115291968
v 0.001500000013 0.09723247588 0.1150659174
v 0.002000000095 0.09726807475 0.1157440841
v 0.002500000177 0.09726213664 0.1156310588
v 0.003000000026 0.09726213664 0.1156310588
v 0.003500000108 0.09726807475 0.1157440841
v 0.00400000019 0.09725620598 0.1155180335
v 0.004500000272 0.09725027531 0.1154049933
v 0.005000000354 0.09722061455 0.1148398519
v 0.005500000436 0.09722061455 0.1148398519
v 0.006000000052 0.09722654521 0.1149528772
v 0.006500000134 0.09722061455 0.1148398519
v 0.007000000216 0.09720281512 0.1145007461
v 0.007500000298 0.09719688445 0.1143877208
v 0.00800000038 0.09716128558 0.1137095541
v 0.008500000462 0.09714348614 0.1133704633
v 0.009000000544 0.09705450386 0.1116750091
v 0.009500000626 0.09706043452 0.1117880344
v 0.01000000071 0.09699517488 0.1105447114
v 0.01050000079 0.09277018905 0.03895651549
v 0.01100000087 0.09276097268 0.03882928193
v 0.01150000095 0.09277018905 0.03895651549
v 0.0120000001 0.09276097268 0.03882928193
v 0.01250000019 0.09277018905 0.03895651549
v 0.01300000027 0.09277939796 0.03908376396
v 0.01350000035 0.09278861433 0.03921101987
v 0.01400000043 0.09277939796 0.03908376396
v 0.01450000051 0.09277939796 0.03908376396
v 0.0150000006 0.09277939796 0.03908376396
v 0.01550000068 0.09277018905 0.03895651549
v 0.01600000076 0.09275176376 0.03870203346
v 0.01649999991 0.09274254739 0.03857478499
v 0.05200000107 0.09646718204 0.1004850268
v 0.05250000209 0.09650871158 0.1012762338
v 0.0530000031 0.09653837234 0.1018413901
v 0.05350000411 0.09655617177 0.102180481
v 0.0540000014 0.09657396376 0.1025195718
v 0.05450000241 0.0965917632 0.1028586626
v 0.05500000343 0.0965917632 0.1028586626
v 0.05550000444 0.0965917632 0.1028586626
v 0.05600000173 0.09658583254 0.1027456224
v 0.05650000274 0.09657396376 0.1025195718
v 0.05700000376 0.09657990187 0.102632612
v 0.05750000104 0.09657990187 0.102632612
v 0.05800000206 0.09657396376 0.1025195718
v 0.05850000307 0.09656210244 0.1022935063
v 0.05900000408 0.09655023366 0.1020674556
v 0.05950000137 0.09653837234 0.1018413901
v 0.06000000238 0.09651464224 0.1013892591
v 0.0605000034 0.09650277346 0.1011632085
v 0.06100000441 0.09640785307 0.09935472906
v 0.0615000017 0.09566877037 0.08563610911
v 0.06200000271 0.09566877037 0.08563610911
v 0.0625 0.09566165507 0.08551631868
v 0.06300000101 0.09563319385 0.08503724635
v 0.06350000203 0.09559050947 0.08431863785
v 0.06400000304 0.09559050947 0.08431863785
v 0.06450000405 0.09554781765 0.08359999955
v -0.07425000519 0.09006970376 -0.01017968357
v -0.01225000061 0.09712401032 0.1002591997
v -0.01175000053 0.09713570029 0.1004852802
v -0.01125000045 0.09715323895 0.1008243859
v -0.01075000037 0.09716492891 0.1010504514
v -0.01025000028 0.09717661887 0.1012765169
v -0.009750000201 0.09718831629 0.1015025973
v -0.009250000119 0.09719415754 0.1016156375
v -0.008750000037 0.09718831629 0.1015025973
v -0.008249999955 0.09717661887 0.1012765169
v -0.0002500000119 0.09779042751 0.1131453067
v 0.0002500000119 0.09781965613 0.1137104928
v 0.0007500000065 0.09782550484 0.1138235331
v 0.001250000088 0.09783135355 0.1139365733
v 0.001750000054 0.09784304351 0.1141626388
v 0.002250000136 0.09786642343 0.1146147847
v 0.002750000218 0.09781965613 0.1137104928
v 0.003250000067 0.09784304351 0.1141626388
v 0.003750000149 0.09787227213 0.11472781
v 0.004250000231 0.09787227213 0.11472781
v 0.004750000313 0.09785473347 0.1143887043
v 0.005250000395 0.09785473347 0.1143887043
v 0.005750000477 0.09785473347 0.1143887043
v 0.006250000093 0.09783135355 0.1139365733
v 0.006750000175 0.09782550484 0.1138235331
v 0.007250000257 0.09781965613 0.1137104928
v 0.007750000339 0.09777873755 0.1129192412
v 0.008249999955 0.09778458625 0.1130322963
v 0.008750000037 0.09770274162 0.1114497781
v 0.009250000119 0.09771443158 0.1116758436
v 0.009750000201 0.09355310351 0.03997525573
v 0.01025000028 0.09354397655 0.03984802961
v 0.01075000037 0.09351657331 0.03946629167
v 0.01125000045 0.0935074389 0.03933906555
v 0.01175000053 0.09348917007 0.03908457607
v 0.01225000061 0.09348917007 0.03908457607
v 0.01275000069 0.09348917007 0.03908457607
v 0.01325000077 0.09349830449 0.03921182454
v 0.01375000086 0.09349830449 0.03921182454
v 0.01425000094 0.09349830449 0.03921182454
v 0.01475000102 0.09349830449 0.03921182454
v 0.0152500011 0.09348917007 0.03908457607
v 0.01575000025 0.09348003566 0.0389573276
v 0.01625000127 0.09345263243 0.03857561201
v 0.01675000042 0.09344350547 0.03844838589
v 0.01725000143 0.09341610223 0.03806664795
v 0.01775000058 0.09339783341 0.03781217337
v 0.01825000159 0.09340696782 0.03793942183
v 0.05175000429 0.09710647166 0.09992009401
v 0.05225000158 0.09713570029 0.1004852802
v 0.05275000259 0.09714739025 0.1007113457
v 0.05325000361 0.09717077762 0.1011634916
v 0.05375000089 0.09718246758 0.1013895571
v 0.05425000191 0.09718246758 0.1013895571
v 0.05475000292 0.09719415754 0.1016156375
v 0.05525000393 0.09721169621 0.1019547433
v 0.05575000122 0.09720000625 0.1017286628
v 0.05625000224 0.0972058475 0.1018417031
v 0.05675000325 0.09721169621 0.1019547433
v 0.05725000426 0.09722338617 0.1021808088
v 0.05775000155 0.09721754491 0.1020677835
v 0.05825000256 0.0972058475 0.1018417031
v 0.05875000358 0.09716492891 0.1010504514
v 0.05925000459 0.09718246758 0.1013895571
v 0.05975000188 0.09717077762 0.1011634916
v 0.06025000289 0.09714154899 0.1005983055
v 0.0607500039 0.09637651592 0.08611483872
v 0.06125000119 0.09636244178 0.08587528765
v 0.06175000221 0.09635540843 0.08575551212
v 0.06225000322 0.09634836763 0.08563576639
v 0.06275000423 0.09634133428 0.08551599085
v 0.06325000525 0.09624283016 0.08383925259
v 0.06375000626 0.09624283016 0.08383925259
v 0.06424999982 0.09621468186 0.08336018026
v -0.07400000095 0.09081662446 -0.01004357636
v -0.01649999991 0.09744139761 0.09336386621
v -0.01600000076 0.097487472 0.09426820278
v -0.01550000068 0.09751050919 0.09472037852
v -0.01450000051 0.09756234288 0.0957377404
v -0.01250000019 0.0977063179 0.09856380522
v -0.0120000001 0.09777542204 0.09992030263
v -0.01150000095 0.09779269993 0.1002594233
v -0.01100000087 0.09780421853 0.1004855186
v -0.01050000079 0.09781573713 0.100711599
v -0.01000000071 0.09782725573 0.1009376794
v -0.009500000626 0.09784453362 0.1012768
v -0.009000000544 0.09785029292 0.1013898551
v -0.008500000462 0.09785605222 0.1015028954
v -0.00800000038 0.09786181152 0.1016159505
v -0.007500000298 0.09786181152 0.1016159505
v -0.007000000216 0.09786181152 0.1016159505
v -0.006500000134 0.09783301502 0.1010507196
v 0 0.09844923019 0.1131462306
v 0.0005000000237 0.09846074879 0.1133723259
v 0.001000000047 0.09846650809 0.1134853512
v 0.001500000013 0.09847226739 0.1135984063
v 0.002000000095 0.0984146744 0.1124679893
v 0.002500000177 0.0984377116 0.1129201502
v 0.003000000026 0.09847226739 0.1135984063
v 0.003500000108 0.09848378599 0.1138244867
v 0.00400000019 0.09846074879 0.1133723259
v 0.004500000272 0.09844923019 0.1131462306
v 0.005000000354 0.09845498949 0.1132592857
v 0.005500000436 0.09846650809 0.1134853512
v 0.006000000052 0.09845498949 0.1132592857
v 0.006500000134 0.09844923019 0.1131462306
v 0.007000000216 0.0984204337 0.1125810295
v 0.007500000298 0.0984146744 0.1124679893
v 0.009000000544 0.09437096864 0.04150284827
v 0.009500000626 0.0943800211 0.04163008928
v 0.01000000071 0.09437096864 0.04150284827
v 0.01050000079 0.09432569146 0.04086667299
v 0.01100000087 0.09428042173 0.04023051262
v 0.01150000095 0.09425326437 0.03984880447
v 0.0120000001 0.0942170471 0.03933986276
v 0.01250000019 0.0942170471 0.03933986276
v 0.01300000027 0.0942170471 0.03933986276
v 0.01350000035 0.09420798719 0.0392126292
v 0.01400000043 0.0942170471 0.03933986276
v 0.01450000051 0.09420798719 0.0392126292
v 0.0150000006 0.09420798719 0.0392126292
v 0.01550000068 0.09420798719 0.0392126292
v 0.01600000076 0.09418988228 0.03895813972
v 0.01649999991 0.09416271746 0.03857643902
v 0.01700000092 0.0941355601 0.03819473833
v 0.01750000007 0.09414461255 0.03832197934
v 0.01800000109 0.09416271746 0.03857643902
v 0.01850000024 0.09418988228 0.03895813972
v 0.01900000125 0.09420798719 0.0392126292
v 0.0195000004 0.09422609955 0.03946708143
v 0.02000000142 0.09424420446 0.03972156346
v 0.02050000057 0.09427136928 0.0401032567
v 0.02100000158 0.09427136928 0.0401032567
v 0.02150000073 0.09427136928 0.0401032567
v 0.02200000174 0.09428042173 0.04023051262
v 0.02250000089 0.0942985341 0.04048496485
v 0.02300000191 0.09431663901 0.04073944688
v 0.02350000106 0.09430758655 0.04061220586
v 0.02400000021 0.09433475137 0.04099391401
v 0.05350000411 0.09780997783 0.1005985588
v 0.0540000014 0.09780997783 0.1005985588
v 0.05450000241 0.09783301502 0.1010507196
v 0.05500000343 0.09784453362 0.1012768
v 0.05550000444 0.09783877432 0.1011637598
v 0.05600000173 0.09782149643 0.1008246392
v 0.05650000274 0.09783301502 0.1010507196
v 0.05700000376 0.09784453362 0.1012768
v 0.05750000104 0.09785029292 0.1013898551
v 0.05800000206 0.09776390344 0.09969422221
v 0.05850000307 0.09778694063 0.1001463979
v 0.05900000408 0.09779269993 0.1002594233
v 0.05950000137 0.09708363563 0.08659352362
v 0.06000000238 0.09708363563 0.08659352362
v 0.0605000034 0.09707667679 0.08647376299
v 0.06100000441 0.0970627591 0.08623424172
v 0.0615000017 0.09704189003 0.08587494493
v 0.06200000271 0.09703493118 0.08575516939
v 0.0625 0.0970210135 0.08551564813
v 0.06300000101 0.0969792679 0.08479705453
v 0.06350000203 0.09682619572 0.08216223121
v 0.06400000304 0.09667312354 0.07952739298
v -0.01625000127 0.09812673181 0.09358981252
v -0.01575000025 0.09817210585 0.09449420869
v -0.01475000102 0.09821748734 0.09539858997
v -0.01425000094 0.09825152159 0.09607687593
v -0.01275000069 0.098347947 0.09799870849
v -0.01175000053 0.09839899838 0.09901612997
v -0.01125000045 0.09843870997 0.09980747104
v -0.01075000037 0.0984557271 0.1001466215
v -0.01025000028 0.09846706688 0.1003727168
v -0.009750000201 0.09848408401 0.1007118523
v -0.009250000119 0.09849543124 0.1009379476
v -0.008750000037 0.09850677103 0.1011640429
v -0.008249999955 0.09851811826 0.1013901383
v -0.007750000339 0.09852378815 0.1015031934
v -0.007250000257 0.09852378815 0.1015031934
v -0.006750000175 0.09852378815 0.1015031934
v -0.006250000093 0.09851811826 0.1013901383
v -0.005750000477 0.09852378815 0.1015031934
v -0.005250000395 0.09851811826 0.1013901383
v -0.004750000313 0.09851811826 0.1013901383
v -0.004250000231 0.09851811826 0.1013901383
v -0.003750000149 0.09851811826 0.1013901383
v -0.003250000067 0.09850677103 0.1011640429
v -0.002750000218 0.09850110114 0.1010510027
v -0.002250000136 0.09850110114 0.1010510027
v -0.001750000054 0.09850677103 0.1011640429
v -0.001250000088 0.09849543124 0.1009379476
v -0.0007500000065 0.09849543124 0.1009379476
v -0.0002500000119 0.09848408401 0.1007118523
v 0.0002500000119 0.09848408401 0.1007118523
v 0.0007500000065 0.09848976135 0.1008249074
v 0.001250000088 0.09848976135 0.1008249074
v 0.001750000054 0.09832525998 0.09754651785
v 0.003250000067 0.09901160747 0.1112253368
v 0.003750000149 0.09611152112 0.05785012245
v 0.004250000231 0.09611840546 0.05796989799
v 0.004750000313 0.0960014537 0.05593392253
v 0.005250000395 0.09600833058 0.05605368316
v 0.005750000477 0.09598081559 0.05557462573
v 0.006250000093 0.09593953937 0.05485606194
v 0.006750000175 0.09586386383 0.05353868008
v 0.007250000257 0.09525871277 0.04404814541
v 0.007750000339 0.09531255811 0.0448115319
v 0.008249999955 0.09531255811 0.0448115319
v 0.008750000037 0.09524076432 0.04379367828
v 0.009250000119 0.09512408823 0.042139709
v 0.009750000201 0.09511511773 0.04201248288
v 0.01025000028 0.09510613978 0.04188524187
v 0.01075000037 0.09508819133 0.04163078964
v 0.01125000045 0.09505229443 0.04112187028
v 0.01175000053 0.09499844164 0.04035848379
v 0.01225000061 0.09497152269 0.03997680545
v 0.01275000069 0.09495357424 0.03972235322
v 0.01325000077 0.09493561834 0.03946787119
v 0.01375000086 0.09492664784 0.03934065998
v 0.01425000094 0.09492664784 0.03934065998
v 0.01475000102 0.09492664784 0.03934065998
v 0.0152500011 0.09492664784 0.03934065998
v 0.01575000025 0.09490869939 0.0390861854
v 0.01625000127 0.09489972144 0.03895895183
v 0.01675000042 0.0948728025 0.03857726604
v 0.01725000143 0.09486382455 0.03845005482
v 0.01775000058 0.09486382455 0.03845005482
v 0.01825000159 0.09489972144 0.03895895183
v 0.01875000075 0.09491766989 0.03921342641
v 0.01925000176 0.09494459629 0.0395951122
v 0.01975000091 0.09496254474 0.03984957933
v 0.02025000006 0.09498049319 0.04010403156
v 0.02075000107 0.09499844164 0.04035848379
v 0.02125000022 0.09500741959 0.04048572481
v 0.02175000124 0.09501639754 0.04061295092
v 0.02225000039 0.09502536803 0.04074019194
v 0.0227500014 0.09503434598 0.04086740315
v 0.02325000055 0.09504331648 0.04099462926
v 0.02375000156 0.09505229443 0.04112187028
v 0.02425000072 0.09505229443 0.04112187028
v 0.02475000173 0.09505229443 0.04112187028
v 0.02525000088 0.09505229443 0.04112187028
v 0.02575000189 0.09506126493 0.04124909639
v 0.05225000158 0.09781765193 0.08755126595
v 0.05275000259 0.09783829004 0.08791054785
v 0.05325000361 0.09784516692 0.08803030849
v 0.05375000089 0.0978314057 0.08779080212
v 0.05425000191 0.09782452881 0.08767102659
v 0.05475000292 0.09845004976 0.1000335664
v 0.05525000393 0.09846706688 0.1003727168
v 0.05575000122 0.0984557271 0.1001466215
v 0.05625000224 0.09846139699 0.1002596617
v 0.05675000325 0.09843303263 0.09969441593
v 0.05725000426 0.09780389071 0.08731174469
v 0.05775000155 0.0977832526 0.08695246279
v 0.05825000256 0.09777636826 0.08683270216
v 0.05875000358 0.09777636826 0.08683270216
v 0.05925000459 0.0977832526 0.08695246279
v 0.05975000188 0.09776949137 0.08671292663
v 0.06025000289 0.09776949137 0.08671292663
v 0.0607500039 0.09776261449 0.08659315109
v 0.06125000119 0.09773509204 0.08611412346
v 0.06175000221 0.09770757705 0.08563508093
v 0.06225000322 0.09768005461 0.0851560235
v 0.06275000423 0.09762502462 0.08419790864
v 0.06325000525 0.09747367352 0.08156313002
v -0.01400000043 0.09891224653 0.09585078061
v -0.01350000035 0.0989401713 0.09641605616
v -0.01300000027 0.09895692766 0.09675522149
v -0.0120000001 0.09898485988 0.09732048213
v -0.01150000095 0.09900161624 0.09765964746
v -0.01050000079 0.09908539802 0.09935547411
v -0.01000000071 0.09911891073 0.1000337899
v -0.009500000626 0.09913007915 0.1002598852
v -0.009000000544 0.09914684296 0.1005990654
v -0.008500000462 0.09915801138 0.1008251756
v -0.00800000038 0.09916359931 0.1009382159
v -0.007500000298 0.09917476773 0.1011643261
v -0.007000000216 0.09918035567 0.1012773812
v -0.006500000134 0.09918035567 0.1012773812
v -0.006000000052 0.09918035567 0.1012773812
v -0.005500000436 0.09918593615 0.1013904363
v -0.005000000354 0.09918593615 0.1013904363
v -0.004500000272 0.09918593615 0.1013904363
v -0.00400000019 0.09918593615 0.1013904363
v -0.003500000108 0.09918035567 0.1012773812
v -0.003000000026 0.09918035567 0.1012773812
v -0.002500000177 0.09918035567 0.1012773812
v -0.002000000095 0.09918035567 0.1012773812
v -0.001500000013 0.09917476773 0.1011643261
v -0.001000000047 0.09916359931 0.1009382159
v -0.0005000000237 0.09915801138 0.1008251756
v 0 0.09915801138 0.1008251756
v 0.0005000000237 0.09915242344 0.1007121205
v 0.001000000047 0.09915242344 0.1007121205
v 0.001500000013 0.09900161624 0.09765964746
v 0.002000000095 0.09901278466 0.09788575768
v 0.002500000177 0.09897927195 0.09720742702
v 0.003500000108 0.09680929035 0.05785034597
v 0.00400000019 0.09682969749 0.05820962787
v 0.004500000272 0.09680248797 0.05773058534
v 0.005000000354 0.09672767669 0.05641321838
v 0.005500000436 0.09671407193 0.05617369711
v 0.006000000052 0.09669367224 0.05581443012
v 0.006500000134 0.09664606303 0.05497610569
v 0.007000000216 0.09658484906 0.0538982451
v 0.007500000298 0.09646242857 0.05174256861
v 0.00800000038 0.09602763504 0.04493929446
v 0.008500000462 0.096072115 0.04557542503
v 0.009000000544 0.09604542702 0.04519376159
v 0.01000000071 0.09583194554 0.04214039445
v 0.01050000079 0.09583194554 0.04214039445
v 0.01100000087 0.09581415355 0.04188592732
v 0.01150000095 0.09578746557 0.04150426388
v 0.0120000001 0.09575188905 0.04099535942
v 0.01250000019 0.09571630508 0.04048646986
v 0.01300000027 0.09568962455 0.04010479152
v 0.01350000035 0.09567183256 0.03985035419
v 0.01400000043 0.09563624859 0.03934145719
v 0.01450000051 0.09563624859 0.03934145719
v 0.0150000006 0.09563624859 0.03934145719
v 0.01550000068 0.0956273526 0.03921423107
v 0.01600000076 0.0956184566 0.03908699751
v 0.01649999991 0.09560067207 0.03883255273
v 0.01700000092 0.09557398409 0.03845088929
v 0.01750000007 0.09557398409 0.03845088929
v 0.01800000109 0.09559177607 0.03870532662
v 0.01850000024 0.0956273526 0.03921423107
v 0.01900000125 0.09564514458 0.03946866095
v 0.0195000004 0.09567183256 0.03985035419
v 0.02000000142 0.09568962455 0.04010479152
v 0.02050000057 0.09570740908 0.04035922885
v 0.02100000158 0.09572520107 0.04061368108
v 0.02150000073 0.09574299306 0.04086813331
v 0.02200000174 0.09574299306 0.04086813331
v 0.02250000089 0.09575188905 0.04099535942
v 0.02300000191 0.09576967359 0.04124981165
v 0.02350000106 0.09576967359 0.04124981165
v 0.02400000021 0.09576967359 0.04124981165
v 0.02450000122 0.09577856958 0.04137702286
v 0.02500000037 0.09577856958 0.04137702286
v 0.02550000139 0.09577856958 0.04137702286
v 0.02600000054 0.09578746557 0.04150426388
v 0.02650000155 0.09579636157 0.04163148999
v 0.05250000209 0.09844838083 0.0867125541
v 0.0530000031 0.09849599004 0.08755087852
v 0.05350000411 0.09851639718 0.08791016042
v 0.0540000014 0.0985095948 0.08779041469
v 0.05450000241 0.0985095948 0.08779041469
v 0.05500000343 0.0985095948 0.08779041469
v 0.05550000444 0.09849599004 0.08755087852
v 0.05600000173 0.09849599004 0.08755087852
v 0.05650000274 0.09849599004 0.08755087852
v 0.05700000376 0.09848918766 0.08743113279
v 0.05750000104 0.09848238528 0.08731135726
v 0.05800000206 0.09846878797 0.08707183599
v 0.05850000307 0.09844838083 0.0867125541
v 0.05900000408 0.09845518321 0.08683232963
v 0.05950000137 0.09845518321 0.08683232963
v 0.06000000238 0.09844838083 0.0867125541
v 0.0605000034 0.09844838083 0.0867125541
v 0.06100000441 0.09839396924 0.08575448394
v 0.0615000017 0.09838037193 0.08551496267
v 0.06200000271 0.0983395651 0.08479639888
v 0.0625 0.09821034223 0.08252096176
v 0.06300000101 0.09812872857 0.08108381927
v -0.01475000102 0.0994688496 0.09347651899
v -0.01425000094 0.09950184077 0.09415486455
v -0.01375000086 0.09957332164 0.09562467039
v -0.01325000077 0.09960082173 0.09618996084
v -0.01175000053 0.09966680408 0.09754669666
v -0.01125000045 0.0996723026 0.09765973687
v -0.01075000037 0.09967780113 0.09777280688
v -0.01025000028 0.09969429672 0.09811198711
v -0.009250000119 0.0997107923 0.09845116735
v -0.008750000037 0.09972178936 0.09867727757
v -0.008249999955 0.09973828495 0.0990164578
v -0.007750000339 0.09977128357 0.09969483316
v -0.007250000257 0.09980427474 0.1003731936
v -0.006750000175 0.09980977327 0.1004862487
v -0.006250000093 0.09982077032 0.1007123739
v -0.005750000477 0.09983176738 0.100938499
v -0.005250000395 0.09983726591 0.1010515541
v -0.004750000313 0.09984276444 0.1011646092
v -0.004250000231 0.09983726591 0.1010515541
v -0.003750000149 0.09982626885 0.100825429
v -0.003250000067 0.09983176738 0.100938499
v -0.002750000218 0.09983726591 0.1010515541
v -0.002250000136 0.09983726591 0.1010515541
v -0.001750000054 0.09984276444 0.1011646092
v -0.001250000088 0.09980977327 0.1004862487
v -0.0007500000065 0.09980427474 0.1003731936
v -0.0002500000119 0.09980977327 0.1004862487
v 0.0002500000119 0.09980427474 0.1003731936
v 0.0007500000065 0.09976578504 0.09958176315
v 0.001250000088 0.09965580702 0.09732055664
v 0.001750000054 0.0996723026 0.09765973687
v 0.002750000218 0.09750706702 0.05785055459
v 0.003250000067 0.09755412489 0.05868886411
v 0.003750000149 0.09752723575 0.05820983648
v 0.004250000231 0.0974868983 0.05749128759
v 0.004750000313 0.09743983299 0.05665297806
v 0.005250000395 0.09743311256 0.05653321743
v 0.005750000477 0.09740622342 0.0560541898
v 0.006250000093 0.09737932682 0.05557514727
v 0.006750000175 0.09733898938 0.05485661328
v 0.007250000257 0.09719780833 0.0523416996
v 0.007750000339 0.09721125662 0.05258120596
v 0.008249999955 0.09712386131 0.05102436244
v 0.008750000037 0.09680426866 0.04595759511
v 0.009250000119 0.09679545462 0.0458303839
v 0.009750000201 0.09676901251 0.04544872046
v 0.01075000037 0.09656625241 0.04252271354
v 0.01125000045 0.09656625241 0.04252271354
v 0.01175000053 0.09653980285 0.042141065
v 0.01225000061 0.09650453925 0.04163217545
v 0.01275000069 0.09645164758 0.04086886346
v 0.01325000077 0.09643401206 0.04061442614
v 0.01375000086 0.09638993442 0.03997834027
v 0.01425000094 0.09635467082 0.03946946561
v 0.01475000102 0.09634585679 0.0393422544
v 0.0152500011 0.09634585679 0.0393422544
v 0.01575000025 0.09632822871 0.03908780217
v 0.01625000127 0.09631940722 0.03896057606
v 0.01675000042 0.09629296511 0.03857892752
v 0.01725000143 0.09627532959 0.03832449764
v 0.01775000058 0.09629296511 0.03857892752
v 0.01825000159 0.09631940722 0.03896057606
v 0.01875000075 0.09634585679 0.0393422544
v 0.01925000176 0.09637230635 0.03972390294
v 0.01975000091 0.09638993442 0.03997834027
v 0.02025000006 0.09641638398 0.04035998881
v 0.02075000107 0.09643401206 0.04061442614
v 0.02125000022 0.09645164758 0.04086886346
v 0.02175000124 0.09646927565 0.04112330079
v 0.02225000039 0.09646046162 0.04099608958
v 0.0227500014 0.09647808969 0.041250512
v 0.02325000055 0.09648691118 0.04137773812
v 0.02375000156 0.09648691118 0.04137773812
v 0.02425000072 0.09649572521 0.04150496423
v 0.02475000173 0.09649572521 0.04150496423
v 0.02525000088 0.09649572521 0.04150496423
v 0.02575000189 0.09649572521 0.04150496423
v 0.02625000104 0.09650453925 0.04163217545
v 0.02675000206 0.09652216733 0.04188661277
v 0.02725000121 0.09653098881 0.04201383889
v 0.02775000222 0.09655743092 0.04239548743
v 0.02975000069 0.09668967128 0.04430377483
v 0.0302500017 0.09670729935 0.04455819726
v 0.05375000089 0.09916089475 0.08731098473
v 0.05425000191 0.09916761518 0.08743076026
v 0.05475000292 0.09916089475 0.08731098473
v 0.05525000393 0.09916089475 0.08731098473
v 0.05575000122 0.09916761518 0.08743076026
v 0.05625000224 0.09917434305 0.087550506
v 0.05675000325 0.09916761518 0.08743076026
v 0.05725000426 0.09916089475 0.08731098473
v 0.05775000155 0.09913400561 0.0868319571
v 0.05825000256 0.09912727773 0.08671219647
v 0.05875000358 0.09912055731 0.08659243584
v 0.05925000459 0.09912055731 0.08659243584
v 0.05975000188 0.09910710901 0.08635292947
v 0.06025000289 0.09910710901 0.08635292947
v 0.0607500039 0.09905333072 0.08539485931
v 0.06125000119 0.09903988242 0.08515535295
v 0.06175000221 0.09889870137 0.08264043927
v 0.06225000322 0.09890542179 0.082760185
v -0.0150000006 0.1001210958 0.09302411973
v -0.01450000051 0.1001535654 0.0937025249
v -0.01250000019 0.1002185121 0.09505932033
v -0.01100000087 0.100321345 0.09720757604
v -0.01050000079 0.1003375798 0.09754678607
v -0.01000000071 0.1003375798 0.09754678607
v -0.009500000626 0.1003538147 0.0978859812
v -0.009000000544 0.1003754586 0.09833823144
v -0.008500000462 0.1003862843 0.09856437147
v -0.00800000038 0.1004025191 0.0989035666
v -0.007500000298 0.1004133448 0.09912970662
v -0.006000000052 0.1004674658 0.100260362
v -0.005500000436 0.1003754586 0.09833823144
v -0.005000000354 0.1003917009 0.09867742658
v -0.004500000272 0.1004133448 0.09912970662
v -0.00400000019 0.1004404053 0.09969502687
v -0.003500000108 0.1004674658 0.100260362
v -0.003000000026 0.1004782915 0.1004865021
v -0.002500000177 0.1004891172 0.1007126272
v -0.002000000095 0.1004837006 0.1005995572
v -0.001500000013 0.1003375798 0.09754678607
v -0.001000000047 0.1003159285 0.09709450603
v -0.0005000000237 0.100321345 0.09720757604
v 0.002500000177 0.09829785675 0.05952735245
v 0.003000000026 0.09829121083 0.05940757692
v 0.003500000108 0.09828456491 0.05928784609
v 0.00400000019 0.09817825258 0.05737175047
v 0.004500000272 0.09817825258 0.05737175047
v 0.005000000354 0.09816496074 0.05713224411
v 0.005500000436 0.09812509269 0.05641371012
v 0.006000000052 0.09808523208 0.05569516122
v 0.006500000134 0.09805864841 0.0552161485
v 0.007000000216 0.09804536402 0.05497665703
v 0.007500000298 0.09794569016 0.05318032205
v 0.00800000038 0.09793240577 0.05294080079
v 0.008500000462 0.09787259996 0.0518629998
v 0.009500000626 0.09755341709 0.04659420252
v 0.01000000071 0.09753594548 0.04633976519
v 0.01050000079 0.09747479111 0.0454492569
v 0.01100000087 0.09730880708 0.04303222895
v 0.01150000095 0.09728259593 0.04265056551
v 0.0120000001 0.09729133546 0.04277779162
v 0.01250000019 0.09724765271 0.04214175045
v 0.01300000027 0.09717776626 0.04112403095
v 0.01350000035 0.09716029465 0.04086959362
v 0.01400000043 0.09710787982 0.04010631144
v 0.01450000051 0.09707292914 0.03959746659
v 0.0150000006 0.09705545753 0.03934304416
v 0.01550000068 0.09703798592 0.03908860683
v 0.01600000076 0.09702925384 0.03896138817
v 0.01649999991 0.09701178223 0.0387069732
v 0.01700000092 0.09697683156 0.03819811344
v 0.01750000007 0.09699431062 0.03845255822
v 0.01800000109 0.0970030427 0.03857975453
v 0.01850000024 0.09702925384 0.03896138817
v 0.01900000125 0.09706419706 0.03947025537
v 0.0195000004 0.09709040821 0.03985190392
v 0.02000000142 0.0971166119 0.04023353755
v 0.02050000057 0.09714282304 0.04061517119
v 0.02100000158 0.09716029465 0.04086959362
v 0.02150000073 0.09717776626 0.04112403095
v 0.02200000174 0.09718649834 0.04125122726
v 0.02250000089 0.09718649834 0.04125122726
v 0.02300000191 0.09719523787 0.04137843847
v 0.02350000106 0.09721270949 0.0416328758
v 0.02400000021 0.09722144902 0.04176008701
v 0.02450000122 0.09721270949 0.0416328758
v 0.02500000037 0.0972301811 0.04188729823
v 0.02550000139 0.09722144902 0.04176008701
v 0.02600000054 0.0972301811 0.04188729823
v 0.02650000155 0.09723892063 0.04201452434
v 0.0270000007 0.09724765271 0.04214175045
v 0.02750000171 0.09727386385 0.04252336919
v 0.02800000086 0.09730007499 0.04290500283
v 0.02850000188 0.09730007499 0.04290500283
v 0.02900000103 0.0973437503 0.0435410738
v 0.02950000204 0.09740490466 0.04443158209
v 0.03000000119 0.09743984789 0.04494041204
v 0.03050000221 0.0974573195 0.04519486427
v 0.03100000136 0.09747479111 0.0454492569
v 0.03150000051 0.09750100225 0.04583090544
v 0.03200000152 0.09752721339 0.04621256888
v 0.03250000253 0.09752721339 0.04621256888
v 0.03299999982 0.09754468501 0.0464669764
v 0.05550000444 0.09980618209 0.08671182394
v 0.05600000173 0.09982611239 0.08707109094
v 0.05650000274 0.09982611239 0.08707109094
v 0.05700000376 0.09982611239 0.08707109094
v 0.05750000104 0.09977959841 0.08623281121
v 0.05800000206 0.09979289025 0.08647231758
v 0.05850000307 0.09979289025 0.08647231758
v 0.05900000408 0.09979953617 0.08659206331
v 0.05950000137 0.09971980006 0.08515501022
v 0.06100000441 0.09957361966 0.08252039552
v 0.0615000017 0.09892244637 0.07078436017
v -0.0692500025 0.0947739929 -0.005725890398
v -0.01575000025 0.1006462276 0.08985793591
v -0.01175000053 0.1008805409 0.0948331207
v -0.01075000037 0.1008805409 0.0948331207
v -0.01025000028 0.100912489 0.09551157057
v -0.009750000201 0.1009231433 0.0957377106
v -0.009250000119 0.1009337902 0.09596385062
v -0.008750000037 0.1009391174 0.09607692063
v -0.005750000477 0.1010190025 0.0977730155
v -0.005250000395 0.1010456234 0.09833836555
v -0.004750000313 0.1010509506 0.09845143557
v -0.004250000231 0.1009337902 0.09596385062
v -0.003750000149 0.1009604186 0.09652921557
v -0.003250000067 0.1009764001 0.09686842561
v -0.002750000218 0.1009817198 0.09698149562
v -0.002250000136 0.1008858681 0.09494619071
v -0.001750000054 0.1008645669 0.09449391067
v -0.0007500000065 0.1008485854 0.09415468574
v -0.0002500000119 0.1008166373 0.09347625077
v 0.0002500000119 0.1008166373 0.09347625077
v 0.0007500000065 0.1007048041 0.09110173583
v 0.001750000054 0.09904705733 0.06048555672
v 0.002250000136 0.09905362129 0.06060530245
v 0.002750000218 0.09904705733 0.06048555672
v 0.003250000067 0.09901422262 0.05988678336
v 0.003750000149 0.09899452329 0.05952753127
v 0.004250000231 0.09889603406 0.05773122609
v 0.004750000313 0.09889603406 0.05773122609
v 0.005250000395 0.09888946265 0.05761149526
v 0.005750000477 0.09882380068 0.05641394854
v 0.006250000093 0.09877127409 0.05545593798
v 0.006750000175 0.09869247675 0.0540188998
v 0.007250000257 0.09866621345 0.05353988707
v 0.007750000339 0.09865964204 0.05342012644
v 0.008249999955 0.09863337874 0.05294111371
v 0.008750000037 0.09857428074 0.05186332762
v 0.009250000119 0.09850205481 0.05054605007
v 0.009750000201 0.09829311818 0.04710350931
v 0.01025000028 0.09829311818 0.04710350931
v 0.01075000037 0.09820654988 0.04583142698
v 0.01125000045 0.09811998159 0.04455934465
v 0.01175000053 0.09802476317 0.04316005111
v 0.01225000061 0.09801610559 0.0430328697
v 0.01275000069 0.09797281772 0.04239681363
v 0.01325000077 0.09790356457 0.04137915373
v 0.01375000086 0.09785162657 0.04061591625
v 0.01425000094 0.0978256613 0.04023429751
v 0.01475000102 0.097791031 0.03972546756
v 0.0152500011 0.09775640815 0.03921663016
v 0.01575000025 0.09773043543 0.03883500397
v 0.01625000127 0.09773043543 0.03883500397
v 0.01675000042 0.09772177786 0.03870779276
v 0.01725000143 0.09770447016 0.03845339268
v 0.01775000058 0.09771312028 0.03858058155
v 0.01825000159 0.09773043543 0.03883500397
v 0.01875000075 0.09775640815 0.03921663016
v 0.01925000176 0.09778237343 0.03959824145
v 0.01975000091 0.09781700373 0.0401070863
v 0.02025000006 0.097842969 0.04048870504
v 0.02075000107 0.09786894172 0.04087032378
v 0.02125000022 0.09788625687 0.0411247462
v 0.02175000124 0.09788625687 0.0411247462
v 0.02225000039 0.09790356457 0.04137915373
v 0.0227500014 0.09791222215 0.04150636494
v 0.02325000055 0.09792087972 0.04163357615
v 0.02375000156 0.0979295373 0.04176077247
v 0.02425000072 0.09793819487 0.04188798368
v 0.02475000173 0.09793819487 0.04188798368
v 0.02525000088 0.09794685245 0.04201520979
v 0.02575000189 0.09794685245 0.04201520979
v 0.02625000104 0.09795551002 0.04214242101
v 0.02675000206 0.09796416759 0.04226961732
v 0.02725000121 0.09798147529 0.04252403975
v 0.02775000222 0.09800744802 0.04290565848
v 0.02825000137 0.09801610559 0.0430328697
v 0.02875000052 0.09804207087 0.04341448843
v 0.02925000153 0.09807670116 0.04392333329
v 0.02975000069 0.09811998159 0.04455934465
v 0.0302500017 0.09814595431 0.04494096339
v 0.03075000085 0.09817192703 0.04532261193
v 0.03125 0.09819789231 0.04570423067
v 0.03175000101 0.09823252261 0.04621306062
v 0.03225000203 0.09824983031 0.04646746814
v 0.03275000304 0.09826714545 0.04672190547
v 0.03325000033 0.09827580303 0.04684908688
v 0.03375000134 0.09825848788 0.04659467936
v 0.05725000426 0.1004062742 0.08527442813
v 0.05775000155 0.1004391089 0.08587318659
v 0.05825000256 0.1004588008 0.08623245358
v 0.05875000358 0.1004456729 0.08599294722
v 0.0607500039 0.09955266118 0.06970654428
v 0.06125000119 0.09959205985 0.07042504847
v -0.06900000572 0.09551010281 -0.005724228919
v -0.06850000471 0.09554313123 -0.00518541038
v -0.01300000027 0.1014276743 0.09211918712
v -0.01250000019 0.1014329121 0.09223227203
v -0.01050000079 0.1015010104 0.09370230138
v -0.01000000071 0.1015167236 0.09404152632
v -0.009500000626 0.1014905348 0.09347613156
v -0.009000000544 0.1015900671 0.09562462568
v -0.008500000462 0.1016110182 0.09607693553
v -0.00800000038 0.1015481576 0.09472000599
v -0.007500000298 0.1015691161 0.09517230093
v -0.007000000216 0.1015900671 0.09562462568
v -0.006500000134 0.1015900671 0.09562462568
v -0.006000000052 0.1015848294 0.09551154077
v -0.00400000019 0.1016162634 0.09619000554
v -0.003500000108 0.1016319767 0.09652924538
v -0.003000000026 0.1015376821 0.09449383616
v -0.002500000177 0.1015533954 0.094833076
v -0.002000000095 0.1015533954 0.094833076
v -0.001500000013 0.1015324444 0.09438075125
v -0.0005000000237 0.1012705117 0.08872684836
v 0 0.1012705117 0.08872684836
v 0.001000000047 0.09974959493 0.06060546637
v 0.001500000013 0.09978203475 0.06120420992
v 0.002000000095 0.0997755453 0.06108447909
v 0.002500000177 0.0997755453 0.06108447909
v 0.003000000026 0.09974310547 0.06048572063
v 0.003500000108 0.0997171551 0.06000670791
v 0.00400000019 0.0996068567 0.05797095597
v 0.004500000272 0.09961334616 0.0580906868
v 0.005000000354 0.0996068567 0.05797095597
v 0.005500000436 0.09959388524 0.0577314496
v 0.006000000052 0.09953549504 0.05665369332
v 0.006500000134 0.09950305521 0.05605493486
v 0.007000000216 0.0993732959 0.05365993083
v 0.007500000298 0.0993732959 0.05365993083
v 0.00800000038 0.09936031699 0.05342042446
v 0.008500000462 0.09932138771 0.05270193517
v 0.009000000544 0.09923704714 0.05114518106
v 0.009500000626 0.09921109676 0.05066616833
v 0.01000000071 0.0990236029 0.04748558998
v 0.01050000079 0.09900645167 0.04723116755
v 0.01100000087 0.09892068058 0.04595914483
v 0.01150000095 0.09885206074 0.04494152963
v 0.0120000001 0.09881775826 0.04443274438
v 0.01250000019 0.09873197973 0.04316069186
v 0.01300000027 0.09867194295 0.04227028787
v 0.01350000035 0.09861190617 0.04137986898
v 0.01400000043 0.09856902063 0.04074387252
v 0.01450000051 0.09853471071 0.04023505747
v 0.0150000006 0.09849182516 0.03959903121
v 0.01550000068 0.098440364 0.03883582354
v 0.01600000076 0.098440364 0.03883582354
v 0.01649999991 0.098440364 0.03883582354
v 0.01700000092 0.0984146297 0.03845422715
v 0.01750000007 0.09842320532 0.03858140856
v 0.01800000109 0.09843178838 0.03870861977
v 0.01850000024 0.09845751524 0.03909022361
v 0.01900000125 0.09847467393 0.03934463859
v 0.0195000004 0.0985089764 0.03985345364
v 0.02000000142 0.09854328632 0.04036223888
v 0.02050000057 0.09856044501 0.04061664641
v 0.02100000158 0.09858617187 0.04099826515
v 0.02150000073 0.09859474748 0.04112546146
v 0.02200000174 0.09861190617 0.04137986898
v 0.02250000089 0.09862905741 0.04163427651
v 0.02300000191 0.09863763303 0.04176147282
v 0.02350000106 0.09864621609 0.04188866913
v 0.02400000021 0.09863763303 0.04176147282
v 0.02450000122 0.09864621609 0.04188866913
v 0.02500000037 0.09865479171 0.04201588035
v 0.02550000139 0.09866336733 0.04214309156
v 0.02600000054 0.09866336733 0.04214309156
v 0.02650000155 0.09867194295 0.04227028787
v 0.0270000007 0.09868051857 0.04239748418
v 0.02750000171 0.09869767725 0.04265187681
v 0.02800000086 0.09871482849 0.04290629923
v 0.02850000188 0.09872340411 0.04303351045
v 0.02900000103 0.09875771403 0.04354229569
v 0.02950000204 0.09879202396 0.04405111074
v 0.03000000119 0.09882633388 0.04455992579
v 0.03050000221 0.09885206074 0.04494152963
v 0.03100000136 0.09886921942 0.04519595206
v 0.03150000051 0.09889494628 0.04557755589
v 0.03200000152 0.0989292562 0.04608635604
v 0.03250000253 0.09894640744 0.04634074867
v 0.03299999982 0.09896356612 0.04659517109
v 0.03350000083 0.09897214174 0.04672238231
v 0.03400000185 0.09898071736 0.04684956372
v 0.03450000286 0.09900645167 0.04723116755
v 0.03500000015 0.09904933721 0.04786719382
v 0.03550000116 0.09906648844 0.04812160134
v 0.03600000218 0.09910079837 0.04863040149
v 0.03650000319 0.09911377728 0.04886990786
v 0.03700000048 0.09912674874 0.04910939932
v 0.03750000149 0.0991332382 0.04922915995
v 0.0380000025 0.09913972765 0.04934890568
v 0.03850000352 0.09915269911 0.04958841205
v 0.0390000008 0.09914621711 0.04946865141
v 0.03950000182 0.09915269911 0.04958841205
v 0.04000000283 0.09917216748 0.04994764924
v 0.04050000012 0.09915918857 0.04970815778
v 0.04150000215 0.09913972765 0.04934890568
v 0.04600000381 0.09918513894 0.05018717051
v 0.0465000011 0.09918513894 0.05018717051
v 0.04700000212 0.09914621711 0.04946865141
v 0.04750000313 0.09914621711 0.04946865141
v 0.04800000042 0.09913972765 0.04934890568
v 0.04850000143 0.0991332382 0.04922915995
v 0.04900000244 0.09910079837 0.04863040149
v 0.04950000346 0.09909222275 0.04850322008
v 0.05000000075 0.09910728782 0.04875014722
v 0.05050000176 0.09911377728 0.04886990786
v -0.06875000149 0.09623801708 -0.005857266486
v -0.01325000077 0.1020098776 0.09008347988
v -0.01275000069 0.1020923033 0.09189282358
v -0.01125000045 0.1021438241 0.0930236727
v -0.01075000037 0.1021695808 0.09358908236
v -0.01025000028 0.1021798849 0.09381525218
v -0.009750000201 0.1021901891 0.09404142201
v -0.009250000119 0.1021798849 0.09381525218
v -0.008750000037 0.1021129116 0.09234514832
v -0.006750000175 0.102236554 0.09505918622
v -0.006250000093 0.1022417098 0.09517225623
v -0.005750000477 0.1021489799 0.09313674271
v -0.005250000395 0.1021644324 0.09347599745
v -0.004750000313 0.1021747366 0.09370218217
v -0.004250000231 0.1021695808 0.09358908236
v -0.003250000067 0.1020562425 0.09110122919
v -0.002750000218 0.102205649 0.09438067675
v -0.001750000054 0.1020253301 0.09042271972
v -0.001250000088 0.1020613983 0.0912143141
v -0.0007500000065 0.1019429043 0.08861337602
v -0.0002500000119 0.1019532084 0.08883953094
v 0.0002500000119 0.1005288884 0.06216235459
v 0.0007500000065 0.100516066 0.06192286313
v 0.001250000088 0.1004904285 0.0614438653
v 0.001750000054 0.100484021 0.06132411957
v 0.002250000136 0.1004776061 0.06120435894
v 0.002750000218 0.1004583836 0.06084512174
v 0.003250000067 0.1004327387 0.06036612391
v 0.003750000149 0.1003301889 0.05845016241
v 0.004250000231 0.1003301889 0.05845016241
v 0.004750000313 0.1003237739 0.05833041668
v 0.005250000395 0.1003109589 0.05809089541
v 0.005750000477 0.1002789065 0.05749216676
v 0.006250000093 0.1002276316 0.05653418601
v 0.006750000175 0.1002148166 0.05629469454
v 0.007250000257 0.1000866219 0.05389972031
v 0.007750000339 0.100067392 0.05354048312
v 0.008249999955 0.1000225246 0.0527022481
v 0.008750000037 0.1000097021 0.05246275663
v 0.009250000119 0.09995201975 0.05138501525
v 0.009750000201 0.09980459511 0.04863080382
v 0.01025000028 0.09973661602 0.04761323333
v 0.01075000037 0.09966863692 0.04659566283
v 0.01125000045 0.09964314103 0.0462140739
v 0.01175000053 0.0995836556 0.04532368481
v 0.01225000061 0.09953267127 0.04456049204
v 0.01275000069 0.09947318584 0.04367011786
v 0.01325000077 0.0993797183 0.04227095842
v 0.01375000086 0.09933722764 0.04163497686
v 0.01425000094 0.09927774221 0.04074460268
v 0.01475000102 0.09924375266 0.04023581743
v 0.0152500011 0.09919276834 0.03947262466
v 0.01575000025 0.09915028512 0.0388366431
v 0.01625000127 0.09915877879 0.03896382451
v 0.01675000042 0.09912478924 0.03845506161
v 0.01725000143 0.09912478924 0.03845506161
v 0.01775000058 0.09914178401 0.03870943934
v 0.01825000159 0.09915028512 0.0388366431
v 0.01875000075 0.0991672799 0.03909102827
v 0.01925000176 0.09920126945 0.03959982097
v 0.01975000091 0.09924375266 0.04023581743
v 0.02025000006 0.09926924855 0.04061739147
v 0.02075000107 0.09928624332 0.04087178409
v 0.02125000022 0.09930323809 0.04112619162
v 0.02175000124 0.09932023287 0.04138056934
v 0.02225000039 0.09933722764 0.04163497686
v 0.0227500014 0.09933722764 0.04163497686
v 0.02325000055 0.09934572875 0.04176215827
v 0.02375000156 0.09935422242 0.04188935459
v 0.02425000072 0.09935422242 0.04188935459
v 0.02475000173 0.09936272353 0.0420165658
v 0.02525000088 0.09937121719 0.04214377701
v 0.02575000189 0.09937121719 0.04214377701
v 0.02625000104 0.0993797183 0.04227095842
v 0.02675000206 0.09938821197 0.04239815474
v 0.02725000121 0.0993797183 0.04227095842
v 0.02775000222 0.09938821197 0.04239815474
v 0.02825000137 0.09940520674 0.04265253246
v 0.02875000052 0.09943919629 0.04316131771
v 0.02925000153 0.09945619851 0.04341572523
v 0.02975000069 0.09948168695 0.04379732907
v 0.0302500017 0.0995156765 0.04430611432
v 0.03075000085 0.09954117239 0.04468768835
v 0.03125 0.09955816716 0.04494208097
v 0.03175000101 0.09957516193 0.0451965034
v 0.03225000203 0.09960915148 0.04570528865
v 0.03275000304 0.09961764514 0.04583247006
v 0.03325000033 0.09964314103 0.0462140739
v 0.03375000134 0.09966863692 0.04659566283
v 0.03425000235 0.09968563169 0.04685004056
v 0.03475000337 0.09970262647 0.04710444808
v 0.03525000066 0.09973661602 0.04761323333
v 0.03575000167 0.09977060556 0.04812201858
v 0.03625000268 0.09979610145 0.04850362241
v 0.03674999997 0.09981100261 0.04875054955
v 0.03725000098 0.09982382506 0.04899005592
v 0.037750002 0.09983664751 0.04922954738
v 0.03825000301 0.09984946251 0.04946903884
v 0.0387500003 0.09984946251 0.04946903884
v 0.03925000131 0.09985587001 0.04958879948
v 0.03975000232 0.09986869246 0.04982829094
v 0.04025000334 0.09987509996 0.04994802177
v 0.04075000063 0.09986869246 0.04982829094
v 0.04125000164 0.09985587001 0.04958879948
v 0.04175000265 0.09986869246 0.04982829094
v 0.04225000367 0.09986228496 0.04970854521
v 0.04275000095 0.09986869246 0.04982829094
v 0.04325000197 0.09988792241 0.05018754303
v 0.04375000298 0.0999007374 0.0504270196
v 0.04425000027 0.09989432991 0.05030728877
v 0.04475000128 0.09989432991 0.05030728877
v 0.04525000229 0.0999007374 0.0504270196
v 0.04575000331 0.09988792241 0.05018754303
v 0.0462500006 0.09989432991 0.05030728877
v 0.04675000161 0.09988151491 0.0500677824
v 0.04725000262 0.09987509996 0.04994802177
v 0.04775000364 0.09985587001 0.04958879948
v 0.04825000092 0.09986228496 0.04970854521
v 0.04875000194 0.09982382506 0.04899005592
v 0.04925000295 0.09981741756 0.04887029529
v 0.04975000396 0.09981741756 0.04887029529
v 0.05025000125 0.09981741756 0.04887029529
v 0.05075000226 0.09979610145 0.04850362241
v 0.05125000328 0.09976210445 0.04799483716
v 0.05175000429 0.09971962124 0.0473588258
v 0.05275000259 0.09952417761 0.04443332553
v 0.05325000361 0.09954966605 0.04481489956
v 0.05375000089 0.09950718284 0.0441789031
v 0.05525000393 0.09922675788 0.03998140991
v -0.06750000268 0.0969254449 -0.006663933396
v -0.01350000035 0.1026661173 0.08963081241
v -0.01300000027 0.1026863754 0.09008316696
v -0.01250000019 0.102706641 0.09053552151
v -0.0120000001 0.1027218327 0.09087479115
v -0.01050000079 0.1027370319 0.09121407568
v -0.01000000071 0.1027674153 0.09189261496
v -0.009500000626 0.1027826145 0.0922318846
v -0.009000000544 0.1027876809 0.09234496951
v -0.008500000462 0.1027927473 0.09245806932
v -0.00800000038 0.1027826145 0.0922318846
v -0.007500000298 0.1027927473 0.09245806932
v -0.007000000216 0.1027167663 0.09076170623
v -0.006500000134 0.1027420908 0.0913271457
v -0.006000000052 0.1027522236 0.09155334532
v -0.005500000436 0.1027420908 0.0913271457
v -0.004500000272 0.1028332636 0.09336277843
v -0.00400000019 0.1026813164 0.08997008204
v -0.003500000108 0.102706641 0.09053552151
v -0.003000000026 0.1026610509 0.08951771259
v -0.002500000177 0.1026458591 0.08917844296
v -0.001500000013 0.1013061404 0.06371916831
v -0.001000000047 0.1013124734 0.06383891404
v -0.0005000000237 0.1012998149 0.06359943748
v 0 0.1012238339 0.0621624738
v 0.0005000000237 0.1012238339 0.0621624738
v 0.001000000047 0.1011921763 0.06156374514
v 0.001500000013 0.1011795178 0.06132426858
v 0.002000000095 0.1011795178 0.06132426858
v 0.002500000177 0.1011668518 0.06108477712
v 0.003000000026 0.1011415273 0.06060579419
v 0.003500000108 0.1010592207 0.05904908478
v 0.00400000019 0.1010528877 0.05892935395
v 0.004500000272 0.1010338962 0.05857010186
v 0.005000000354 0.1010212302 0.0583306253
v 0.005500000436 0.1009895727 0.05773188174
v 0.006000000052 0.1009515896 0.05701340735
v 0.006500000134 0.1008186266 0.05449876189
v 0.007000000216 0.1008249596 0.05461850762
v 0.007500000298 0.1008122936 0.05437900126
v 0.00800000038 0.100729987 0.05282232165
v 0.008500000462 0.1007046625 0.05234332383
v 0.009000000544 0.100685671 0.05198408663
v 0.009500000626 0.1005337164 0.04911018908
v 0.01000000071 0.1005527079 0.04946941137
v 0.01050000079 0.1004242152 0.04735928774
v 0.01100000087 0.1003737003 0.04659613967
v 0.01150000095 0.1003568694 0.04634174705
v 0.0120000001 0.1003231928 0.0458329767
v 0.01250000019 0.1002642661 0.04494264722
v 0.01300000027 0.1002053395 0.04405230284
v 0.01350000035 0.1001211628 0.04278039932
v 0.01400000043 0.1000285596 0.04138128459
v 0.01450000051 0.09999489039 0.04087251425
v 0.0150000006 0.09996122122 0.0403637439
v 0.01550000068 0.09991071373 0.03960061073
v 0.01600000076 0.09986861795 0.03896463662
v 0.01649999991 0.09985178709 0.03871026635
v 0.01700000092 0.09983494878 0.03845589608
v 0.01750000007 0.09984336793 0.03858307004
v 0.01800000109 0.09985178709 0.03871026635
v 0.01850000024 0.09986861795 0.03896463662
v 0.01900000125 0.09988545626 0.0392190367
v 0.0195000004 0.09992754459 0.03985500336
v 0.02000000142 0.09996963292 0.04049095511
v 0.02050000057 0.09999489039 0.04087251425
v 0.02100000158 0.1000117287 0.04112690687
v 0.02150000073 0.1000285596 0.04138128459
v 0.02200000174 0.1000369787 0.04150848091
v 0.02250000089 0.100053817 0.04176285863
v 0.02300000191 0.100053817 0.04176285863
v 0.02350000106 0.1000622362 0.04189005494
v 0.02400000021 0.1000622362 0.04189005494
v 0.02450000122 0.1000706553 0.04201725125
v 0.02500000037 0.1000790745 0.04214444757
v 0.02550000139 0.1000874862 0.04227162898
v 0.02600000054 0.1000874862 0.04227162898
v 0.02650000155 0.1000959054 0.04239882529
v 0.0270000007 0.1000959054 0.04239882529
v 0.02750000171 0.1000874862 0.04227162898
v 0.02800000086 0.1000790745 0.04214444757
v 0.02850000188 0.1001127437 0.04265318811
v 0.02900000103 0.1001380011 0.04303477705
v 0.02950000204 0.1001464128 0.04316195846
v 0.03000000119 0.1001632512 0.04341635108
v 0.03050000221 0.1001885086 0.04379792511
v 0.03100000136 0.100230597 0.04443389177
v 0.03150000051 0.1002474353 0.0446882695
v 0.03200000152 0.1002558544 0.04481546581
v 0.03250000253 0.1002642661 0.04494264722
v 0.03299999982 0.1003147811 0.04570581019
v 0.03350000083 0.1003484502 0.04621458054
v 0.03400000185 0.1003737003 0.04659613967
v 0.03450000286 0.1003821194 0.04672335088
v 0.03500000015 0.1004073769 0.04710491002
v 0.03550000116 0.1004242152 0.04735928774
v 0.03600000218 0.1004578844 0.04786805809
v 0.03650000319 0.1004747227 0.04812245071
v 0.03700000048 0.1004999727 0.04850402474
v 0.03750000149 0.1005147249 0.04875095189
v 0.0380000025 0.1005273834 0.04899044335
v 0.03850000352 0.1005273834 0.04899044335
v 0.0390000008 0.1005337164 0.04911018908
v 0.03950000182 0.1005463824 0.04934968054
v 0.04000000283 0.1005527079 0.04946941137
v 0.04050000012 0.1005527079 0.04946941137
v 0.04100000113 0.1005463824 0.04934968054
v 0.04150000215 0.1005527079 0.04946941137
v 0.04200000316 0.1005590409 0.04958917201
v 0.04250000045 0.1005590409 0.04958917201
v 0.04300000146 0.1005653739 0.04970891774
v 0.04350000247 0.1005653739 0.04970891774
v 0.04400000349 0.1005717069 0.04982866347
v 0.04450000077 0.1005717069 0.04982866347
v 0.04500000179 0.1005843654 0.05006815493
v 0.0455000028 0.1005717069 0.04982866347
v 0.04600000381 0.1005717069 0.04982866347
v 0.0465000011 0.1005653739 0.04970891774
v 0.04700000212 0.1005653739 0.04970891774
v 0.04750000313 0.1005400494 0.04922993481
v 0.04800000042 0.1005527079 0.04946941137
v 0.04850000143 0.1005083919 0.04863119125
v 0.04900000244 0.1004915535 0.04837682843
v 0.04950000346 0.1005083919 0.04863119125
v 0.05000000075 0.1005083919 0.04863119125
v 0.05050000176 0.1004663035 0.0479952544
v 0.05100000277 0.1004578844 0.04786805809
v 0.05150000378 0.100415796 0.04723209143
v 0.05200000107 0.1002390161 0.04456107318
v 0.05250000209 0.1002474353 0.0446882695
v 0.0530000031 0.1002474353 0.0446882695
v 0.05350000411 0.100230597 0.04443389177
v 0.0540000014 0.1000285596 0.04138128459
v 0.05450000241 0.09990229458 0.03947341442
v 0.05500000343 0.09993596375 0.03998218477
v -0.06775000691 0.09762171656 -0.007335916162
v -0.0672500059 0.09765395522 -0.006797023118
v -0.01625000127 0.1030881032 0.08455461264
v -0.01575000025 0.1031256169 0.08527308702
v -0.01325000077 0.103275694 0.08814692497
v -0.01175000053 0.1033280194 0.08929118514
v -0.01125000045 0.1033529118 0.08985665441
v -0.01075000037 0.1033429578 0.08963046968
v -0.009750000201 0.1034325659 0.09166620672
v -0.009250000119 0.1034375429 0.09177930653
v -0.008249999955 0.1034425274 0.09189239144
v -0.007750000339 0.1034475043 0.09200549126
v -0.007250000257 0.1033877656 0.0906483382
v -0.006750000175 0.1034026965 0.09098762274
v -0.006250000093 0.1034076735 0.09110072255
v -0.005750000477 0.1033977196 0.09087452292
v -0.005250000395 0.1033977196 0.09087452292
v -0.004250000231 0.1033379808 0.08951736987
v -0.003750000149 0.1033429578 0.08963046968
v -0.003250000067 0.1033280194 0.08929118514
v -0.002750000218 0.1033280194 0.08929118514
v -0.002250000136 0.1033230424 0.08917808533
v -0.001750000054 0.1020375937 0.0644377321
v -0.001250000088 0.1020313427 0.06431798637
v -0.0007500000065 0.1020188332 0.06407850981
v -0.0002500000119 0.1019375473 0.0625218302
v 0.0002500000119 0.1019312888 0.06240208447
v 0.0007500000065 0.1019250378 0.06228235364
v 0.001250000088 0.1018812656 0.06144414842
v 0.001750000054 0.1018687636 0.06120465696
v 0.002250000136 0.101856254 0.0609651804
v 0.002750000218 0.1018312424 0.06048619747
v 0.003250000067 0.1017749682 0.05940850079
v 0.003750000149 0.1017687172 0.05928876996
v 0.004250000231 0.1017499566 0.05892954767
v 0.004750000313 0.101724945 0.05845056474
v 0.005250000395 0.1016999334 0.05797159672
v 0.005750000477 0.1016686633 0.05737286806
v 0.006250000093 0.1015436053 0.05497801304
v 0.006750000175 0.1015498564 0.05509774387
v 0.007250000257 0.1015436053 0.05497801304
v 0.007750000339 0.1015185937 0.05449903011
v 0.008249999955 0.1013935357 0.05210414529
v 0.008750000037 0.1013810262 0.05186466873
v 0.009250000119 0.1012684703 0.04970930517
v 0.009750000201 0.1012684703 0.04970930517
v 0.01025000028 0.1012747288 0.0498290509
v 0.01075000037 0.101120472 0.04723255336
v 0.01125000045 0.1011037976 0.04697819054
v 0.01175000053 0.1010621041 0.04634225368
v 0.01225000061 0.1010287479 0.04583349824
v 0.01275000069 0.1009370238 0.04443447292
v 0.01325000077 0.1009036675 0.04392573237
v 0.01375000086 0.1007619128 0.04176354408
v 0.01425000094 0.1007452384 0.04150918126
v 0.01475000102 0.1007202193 0.04112762213
v 0.0152500011 0.1006701887 0.04036448896
v 0.01575000025 0.100620158 0.03960138559
v 0.01625000127 0.1005784646 0.03896544874
v 0.01675000042 0.1005701274 0.03883827478
v 0.01725000143 0.1005617902 0.03871108592
v 0.01775000058 0.1005701274 0.03883827478
v 0.01825000159 0.1005701274 0.03883827478
v 0.01875000075 0.1005868018 0.03909264505
v 0.01925000176 0.1005951464 0.03921984136
v 0.01975000091 0.1006451771 0.03998294473
v 0.02025000006 0.1006868705 0.04061888158
v 0.02075000107 0.1007118821 0.04100044072
v 0.02125000022 0.1007369012 0.04138198495
v 0.02175000124 0.1007452384 0.04150918126
v 0.02225000039 0.1007535756 0.04163637757
v 0.0227500014 0.1007619128 0.04176354408
v 0.02325000055 0.10077025 0.04189074039
v 0.02375000156 0.1007785946 0.04201793671
v 0.02425000072 0.1007785946 0.04201793671
v 0.02475000173 0.1007869318 0.04214513302
v 0.02525000088 0.100795269 0.04227229953
v 0.02575000189 0.1008036062 0.04239948094
v 0.02625000104 0.1008036062 0.04239948094
v 0.02675000206 0.1008119434 0.04252667725
v 0.02725000121 0.1008119434 0.04252667725
v 0.02775000222 0.100795269 0.04227229953
v 0.02825000137 0.1008036062 0.04239948094
v 0.02875000052 0.1008202881 0.04265384376
v 0.02925000153 0.1008369625 0.04290823638
v 0.02975000069 0.1008452997 0.0430354178
v 0.0302500017 0.1008619741 0.04328979552
v 0.03075000085 0.1008869931 0.04367133975
v 0.03125 0.1009120047 0.04405289888
v 0.03175000101 0.1009286866 0.04430727661
v 0.03225000203 0.1009536982 0.04468883574
v 0.03275000304 0.1009787172 0.04507039487
v 0.03325000033 0.1010120735 0.04557913542
v 0.03375000134 0.1010454223 0.04608789086
v 0.03425000235 0.1010704413 0.0464694351
v 0.03475000337 0.1010871157 0.04672382772
v 0.03525000066 0.1010954529 0.04685099423
v 0.03575000167 0.1011121348 0.04710537195
v 0.03625000268 0.1011288092 0.04735973477
v 0.03674999997 0.1011538282 0.04774129391
v 0.03725000098 0.1011705026 0.04799568653
v 0.037750002 0.101187177 0.04825004935
v 0.03825000301 0.1012038589 0.04850442708
v 0.0387500003 0.1012121961 0.04863159359
v 0.03925000131 0.1012247056 0.04887108505
v 0.03975000232 0.1012121961 0.04863159359
v 0.04025000334 0.1012247056 0.04887108505
v 0.04075000063 0.1012184471 0.04875133932
v 0.04125000164 0.1012372077 0.04911057651
v 0.04175000265 0.1012497172 0.04935006797
v 0.04225000367 0.1012497172 0.04935006797
v 0.04275000095 0.1012497172 0.04935006797
v 0.04325000197 0.1012497172 0.04935006797
v 0.04375000298 0.1012497172 0.04935006797
v 0.04425000027 0.1012434587 0.04923032224
v 0.04475000128 0.1012434587 0.04923032224
v 0.04525000229 0.1012309566 0.04899084568
v 0.04575000331 0.1012309566 0.04899084568
v 0.0462500006 0.1012184471 0.04875133932
v 0.04675000161 0.1012121961 0.04863159359
v 0.04725000262 0.1011705026 0.04799568653
v 0.04775000364 0.101120472 0.04723255336
v 0.04825000092 0.101120472 0.04723255336
v 0.04875000194 0.101120472 0.04723255336
v 0.04925000295 0.1010704413 0.0464694351
v 0.04975000396 0.1010204107 0.04570633173
v 0.05025000125 0.1010037288 0.04545193911
v 0.05075000226 0.1008953303 0.04379853606
v 0.05125000328 0.1009286866 0.04430727661
v 0.05175000429 0.1009370238 0.04443447292
v 0.05225000158 0.1009286866 0.04430727661
v 0.05275000259 0.1009120047 0.04405289888
v 0.05325000361 0.1008202881 0.04265384376
v 0.05375000089 0.10077025 0.04189074039
v 0.05425000191 0.1007452384 0.04150918126
v 0.05475000292 0.1006284952 0.03972858191
v -0.06750000268 0.09835061431 -0.007469065487
v -0.06700000167 0.09832663089 -0.007873244584
v -0.06650000066 0.09834261984 -0.007603801787
v -0.06599999964 0.09835860878 -0.007334336638
v -0.01600000076 0.1037745848 0.08467404544
v -0.01150000095 0.1040100232 0.08940394223
v -0.01100000087 0.1040051281 0.08929082751
v -0.01000000071 0.1039598212 0.08826626837
v -0.009500000626 0.1039708927 0.08849911392
v -0.009000000544 0.1039855629 0.08883841336
v -0.00800000038 0.1039953455 0.08906462789
v -0.007500000298 0.104039371 0.09008254111
v -0.006500000134 0.1039953455 0.08906462789
v -0.005500000436 0.1038795486 0.08670963347
v -0.005000000354 0.1038919017 0.08694912493
v -0.00400000019 0.1038548499 0.08623066545
v -0.003500000108 0.1027495787 0.0647970289
v -0.003000000026 0.1027619317 0.06503650546
v -0.002500000177 0.1027495787 0.0647970289
v -0.002000000095 0.1027495787 0.0647970289
v -0.001500000013 0.102737233 0.06455756724
v -0.001000000047 0.1026754826 0.06336013973
v -0.0005000000237 0.102650784 0.0628811717
v 0 0.1026384383 0.06264169514
v 0.0005000000237 0.1026384383 0.06264169514
v 0.001000000047 0.1026199088 0.06228247285
v 0.001500000013 0.1025766879 0.06144429743
v 0.002000000095 0.1025458127 0.06084558368
v 0.002500000177 0.1025025919 0.06000739336
v 0.003000000026 0.1024778932 0.05952844024
v 0.003500000108 0.1024655402 0.05928896368
v 0.00400000019 0.1024593711 0.05916920304
v 0.004500000272 0.1024346724 0.05869024992
v 0.005000000354 0.1024099737 0.0582112819
v 0.005500000436 0.1023667455 0.05737309158
v 0.006000000052 0.1023173481 0.05641517043
v 0.006500000134 0.1022617742 0.05533750355
v 0.007000000216 0.1022617742 0.05533750355
v 0.007500000298 0.1022309065 0.0547387898
v 0.00800000038 0.1021815091 0.05378085375
v 0.008500000462 0.1021321118 0.0528229475
v 0.009000000544 0.1019715667 0.0497096777
v 0.009500000626 0.1019900888 0.05006889999
v 0.01000000071 0.1019839123 0.04994915426
v 0.01050000079 0.1018829569 0.04812328517
v 0.01100000087 0.1018416658 0.04748737812
v 0.01150000095 0.1018086225 0.04697866738
v 0.0120000001 0.1017838493 0.04659712315
v 0.01250000019 0.101676479 0.0449437499
v 0.01300000027 0.1016351879 0.04430785775
v 0.01350000035 0.1016269252 0.04418067634
v 0.01400000043 0.1014865264 0.04201862216
v 0.01450000051 0.1014534906 0.04150988162
v 0.0150000006 0.101412192 0.04087397456
v 0.01550000068 0.1013709009 0.04023808241
v 0.01600000076 0.1013378575 0.03972935677
v 0.01649999991 0.1013048217 0.03922063857
v 0.01700000092 0.1012965664 0.03909344971
v 0.01750000007 0.1012965664 0.03909344971
v 0.01800000109 0.1012883037 0.03896626085
v 0.01850000024 0.1012883037 0.03896626085
v 0.01900000125 0.1013130844 0.03934781998
v 0.0195000004 0.1013213396 0.03947499394
v 0.02000000142 0.1013709009 0.04023808241
v 0.02050000057 0.101412192 0.04087397456
v 0.02100000158 0.1014369652 0.04125551879
v 0.02150000073 0.1014534906 0.04150988162
v 0.02200000174 0.1014700085 0.04176424444
v 0.02250000089 0.1014782637 0.04189142585
v 0.02300000191 0.1014865264 0.04201862216
v 0.02350000106 0.1014865264 0.04201862216
v 0.02400000021 0.1014947817 0.04214580357
v 0.02450000122 0.1014947817 0.04214580357
v 0.02500000037 0.1015030444 0.04227297008
v 0.02550000139 0.1015112996 0.04240015149
v 0.02600000054 0.1015112996 0.04240015149
v 0.02650000155 0.1015195623 0.0425273329
v 0.0270000007 0.1015195623 0.0425273329
v 0.02750000171 0.1015112996 0.04240015149
v 0.02800000086 0.1015112996 0.04240015149
v 0.02850000188 0.1015112996 0.04240015149
v 0.02900000103 0.1015278175 0.04265449941
v 0.02950000204 0.1015278175 0.04265449941
v 0.03000000119 0.1015443355 0.04290887713
v 0.03050000221 0.1015608534 0.04316322505
v 0.03100000136 0.1015691161 0.04329042137
v 0.03150000051 0.1015938893 0.0436719507
v 0.03200000152 0.1016351879 0.04430785775
v 0.03250000253 0.101659961 0.04468940198
v 0.03299999982 0.101676479 0.0449437499
v 0.03350000083 0.1017012596 0.04532530904
v 0.03400000185 0.1017342955 0.04583401978
v 0.03450000286 0.1017590687 0.04621557891
v 0.03500000015 0.1017755866 0.04646992683
v 0.03550000116 0.101792112 0.04672430456
v 0.03600000218 0.1018003672 0.04685147107
v 0.03650000319 0.1018003672 0.04685147107
v 0.03700000048 0.1018251404 0.0472330153
v 0.03750000149 0.1018416658 0.04748737812
v 0.0380000025 0.1018581763 0.04774172604
v 0.03850000352 0.1018581763 0.04774172604
v 0.0390000008 0.101866439 0.04786892235
v 0.03950000182 0.101866439 0.04786892235
v 0.04000000283 0.1018747017 0.04799611866
v 0.04050000012 0.1018912196 0.04825046659
v 0.04100000113 0.1019077376 0.04850482941
v 0.04150000215 0.1019221693 0.04875174165
v 0.04200000316 0.1019221693 0.04875174165
v 0.04250000045 0.1019283459 0.04887148738
v 0.04300000146 0.1019283459 0.04887148738
v 0.04350000247 0.1019283459 0.04887148738
v 0.04400000349 0.1019221693 0.04875174165
v 0.04450000077 0.1019221693 0.04875174165
v 0.04500000179 0.1019159928 0.04863199592
v 0.0455000028 0.1019077376 0.04850482941
v 0.04600000381 0.1018994749 0.048377648
v 0.0465000011 0.1018829569 0.04812328517
v 0.04700000212 0.1018168852 0.04710583389
v 0.04750000313 0.1018086225 0.04697866738
v 0.04800000042 0.1018168852 0.04710583389
v 0.04850000143 0.1018086225 0.04697866738
v 0.04900000244 0.101792112 0.04672430456
v 0.04950000346 0.1017590687 0.04621557891
v 0.05000000075 0.1017260328 0.04570685327
v 0.05050000176 0.1017177776 0.04557967186
v 0.05100000277 0.1016104072 0.04392632842
v 0.05150000378 0.1016269252 0.04418067634
v 0.05200000107 0.1016104072 0.04392632842
v 0.05250000209 0.1015691161 0.04329042137
v 0.0530000031 0.1015195623 0.0425273329
v 0.05350000411 0.1014534906 0.04150988162
v 0.0540000014 0.1012552679 0.03845755756
v 0.05450000241 0.1012965664 0.03909344971
v -0.06675000489 0.09905586392 -0.008006431162
v -0.06625000387 0.09906379133 -0.007871687412
v -0.06575000286 0.0990479365 -0.008141167462
v -0.06525000185 0.09902415425 -0.00854536891
v -0.01175000053 0.1045462564 0.08646979928
v -0.01125000045 0.104558453 0.08670926094
v -0.01075000037 0.104558453 0.08670926094
v -0.01025000028 0.1045828387 0.08718821406
v -0.009750000201 0.104613319 0.08778692782
v -0.009250000119 0.1046255082 0.08802638948
v -0.005750000477 0.1045340672 0.08623030782
v -0.005250000395 0.1045523509 0.08658951521
v -0.004750000313 0.1045279652 0.08611059189
v -0.004250000231 0.1034428105 0.0647971034
v -0.003750000149 0.1034428105 0.0647971034
v -0.003250000067 0.1034489051 0.06491684914
v -0.002750000218 0.1034428105 0.0647971034
v -0.002250000136 0.1034306213 0.06455764174
v -0.001750000054 0.1034123302 0.06419841945
v -0.001250000088 0.1033452675 0.06288129091
v -0.0007500000065 0.103351362 0.06300103664
v -0.0002500000119 0.1033452675 0.06288129091
v 0.0002500000119 0.1033452675 0.06288129091
v 0.0007500000065 0.1033208817 0.06240232289
v 0.001250000088 0.103296496 0.06192339957
v 0.001750000054 0.1032416299 0.06084574759
v 0.002250000136 0.103198953 0.06000755727
v 0.002750000218 0.1031806692 0.05964836478
v 0.003250000067 0.1031684726 0.05940887332
v 0.003750000149 0.1031562835 0.05916939676
v 0.004250000231 0.1031379923 0.05881018937
v 0.004750000313 0.1031136066 0.05833123624
v 0.005250000395 0.1030892208 0.05785226822
v 0.005750000477 0.103003867 0.05617593229
v 0.006250000093 0.1029916778 0.05593645573
v 0.006750000175 0.1029672921 0.0554575026
v 0.007250000257 0.1029490009 0.05509829521
v 0.007750000339 0.1029002294 0.05414038897
v 0.008249999955 0.1028697491 0.05354169011
v 0.008750000037 0.1028270721 0.0527035296
v 0.009250000119 0.1026807651 0.04982979596
v 0.009750000201 0.1026868597 0.04994952679
v 0.01025000028 0.1026563793 0.04935084283
v 0.01075000037 0.1025789008 0.0479965359
v 0.01125000045 0.1025543585 0.04761500657
v 0.01175000053 0.1025134623 0.04697912931
v 0.01225000061 0.1023989469 0.04519867897
v 0.01275000069 0.1023744121 0.04481714964
v 0.01325000077 0.1023416966 0.0443084538
v 0.01375000086 0.1023089737 0.04379974306
v 0.01425000094 0.102202639 0.04214647412
v 0.01475000102 0.1021699235 0.04163776338
v 0.0152500011 0.102104485 0.0406203568
v 0.01575000025 0.102088131 0.04036599398
v 0.01625000127 0.1020472273 0.03973014653
v 0.01675000042 0.1020472273 0.03973014653
v 0.01725000143 0.102039054 0.03960296512
v 0.01775000058 0.102039054 0.03960296512
v 0.01825000159 0.1020226926 0.0393486172
v 0.01875000075 0.1020308733 0.03947578371
v 0.01925000176 0.1020554081 0.03985732794
v 0.01975000091 0.1020635888 0.03998449445
v 0.02025000006 0.102088131 0.04036599398
v 0.02075000107 0.1021290272 0.04100188613
v 0.02125000022 0.1021617427 0.04151059687
v 0.02175000124 0.1021781042 0.04176492989
v 0.02225000039 0.102186285 0.0418921113
v 0.0227500014 0.1021944657 0.04201929271
v 0.02325000055 0.102202639 0.04214647412
v 0.02375000156 0.102202639 0.04214647412
v 0.02425000072 0.102202639 0.04214647412
v 0.02475000173 0.1022108197 0.04227364063
v 0.02525000088 0.1022190005 0.04240082204
v 0.02575000189 0.1022190005 0.04240082204
v 0.02625000104 0.1022271812 0.04252800345
v 0.02675000206 0.1022271812 0.04252800345
v 0.02725000121 0.1022353619 0.04265515506
v 0.02775000222 0.1022271812 0.04252800345
v 0.02825000137 0.1022271812 0.04252800345
v 0.02875000052 0.1022271812 0.04252800345
v 0.02925000153 0.1022271812 0.04252800345
v 0.02975000069 0.1022353619 0.04265515506
v 0.0302500017 0.1022435427 0.04278235137
v 0.03075000085 0.102251716 0.04290951788
v 0.03125 0.1022680774 0.0431638509
v 0.03175000101 0.1022926122 0.04354538023
v 0.03225000203 0.1023253351 0.04405409098
v 0.03275000304 0.1023498774 0.04443563521
v 0.03325000033 0.1023662314 0.04468996823
v 0.03375000134 0.1023825929 0.04494431615
v 0.03425000235 0.1023907736 0.04507149756
v 0.03475000337 0.1024234891 0.0455802083
v 0.03525000066 0.1024562046 0.04608890414
v 0.03575000167 0.1024725661 0.04634323716
v 0.03625000268 0.1024807468 0.04647041857
v 0.03674999997 0.1024807468 0.04647041857
v 0.03725000098 0.1025052816 0.0468519479
v 0.037750002 0.1024889275 0.04659759998
v 0.03825000301 0.1024889275 0.04659759998
v 0.0387500003 0.1025052816 0.0468519479
v 0.03925000131 0.102521643 0.04710631073
v 0.03975000232 0.1025461853 0.04748784006
v 0.04025000334 0.1025625393 0.04774217308
v 0.04075000063 0.10257072 0.04786935449
v 0.04125000164 0.1025870815 0.04812371731
v 0.04175000265 0.1025870815 0.04812371731
v 0.04225000367 0.1025789008 0.0479965359
v 0.04275000095 0.1025870815 0.04812371731
v 0.04325000197 0.1025870815 0.04812371731
v 0.04375000298 0.1025870815 0.04812371731
v 0.04425000027 0.1025789008 0.0479965359
v 0.04475000128 0.10257072 0.04786935449
v 0.04525000229 0.1025625393 0.04774217308
v 0.04575000331 0.1025543585 0.04761500657
v 0.0462500006 0.1025543585 0.04761500657
v 0.04675000161 0.1024725661 0.04634323716
v 0.04725000262 0.1024971083 0.0467247963
v 0.04775000364 0.1024971083 0.0467247963
v 0.04825000092 0.1024971083 0.0467247963
v 0.04875000194 0.1024889275 0.04659759998
v 0.04925000295 0.1024643853 0.04621608555
v 0.04975000396 0.1024316698 0.04570738971
v 0.05025000125 0.1024071276 0.04532586038
v 0.05075000226 0.1022762582 0.04329104722
v 0.05125000328 0.1023007929 0.04367256165
v 0.05175000429 0.1023007929 0.04367256165
v 0.05225000158 0.102251716 0.04290951788
v 0.05275000259 0.102186285 0.0418921113
v 0.05325000361 0.1020717695 0.04011166096
v 0.05375000089 0.1019245386 0.03782250732
v -0.06650000066 0.09972233325 -0.009217530489
v -0.06599999964 0.09976164997 -0.008543841541
v -0.06550000608 0.09973019361 -0.00908280164
v -0.06500000507 0.09970660508 -0.00948702544
v -0.01600000076 0.1041420624 0.06491692364
v -0.0150000006 0.104148075 0.06503663957
v -0.01150000095 0.105207257 0.08611023426
v -0.01100000087 0.1052253097 0.08646942675
v -0.01050000079 0.1051109657 0.08419443667
v -0.00800000038 0.1050808802 0.08359575272
v -0.007500000298 0.1051230058 0.08443391323
v -0.007000000216 0.1041420624 0.06491692364
v -0.006500000134 0.1041540951 0.0651564002
v -0.006000000052 0.1041661352 0.06539587677
v -0.005500000436 0.1041601151 0.06527613103
v -0.005000000354 0.1041601151 0.06527613103
v -0.004500000272 0.1041601151 0.06527613103
v -0.00400000019 0.1041420624 0.06491692364
v -0.003500000108 0.1041240022 0.06455771625
v -0.003000000026 0.1041119695 0.06431823969
v -0.002500000177 0.1040999368 0.06407877803
v -0.002000000095 0.1040457711 0.06300114095
v -0.001500000013 0.1040457711 0.06300114095
v -0.001000000047 0.1040457711 0.06300114095
v -0.0005000000237 0.104039751 0.06288141012
v 0 0.104039751 0.06288141012
v 0.0005000000237 0.1040156782 0.062402457
v 0.001000000047 0.1039855927 0.06180378795
v 0.001500000013 0.1039374471 0.0608458966
v 0.002000000095 0.1039133742 0.06036694348
v 0.002500000177 0.1039013341 0.06012748182
v 0.003000000026 0.1038832814 0.05976827443
v 0.003500000108 0.1038411558 0.05893012881
v 0.00400000019 0.103823103 0.05857090652
v 0.004500000272 0.1037990302 0.0580919534
v 0.005000000354 0.10378699 0.05785249174
v 0.005500000436 0.103708759 0.05629593134
v 0.006000000052 0.1037027389 0.05617618561
v 0.006500000134 0.1036846861 0.05581699312
v 0.007000000216 0.1036485806 0.05509856343
v 0.007500000298 0.1036124676 0.05438013375
v 0.00800000038 0.1035763621 0.05366171896
v 0.008500000462 0.1035402492 0.05294330418
v 0.009000000544 0.1035221964 0.05258408189
v 0.009500000626 0.1033717468 0.04959069192
v 0.01000000071 0.1033597067 0.04935123026
v 0.01050000079 0.1033356413 0.04887227714
v 0.01100000087 0.1032830998 0.04799696803
v 0.01150000095 0.1032425985 0.04736110568
v 0.0120000001 0.1031778008 0.0463437438
v 0.01250000019 0.1030886993 0.04494486749
v 0.01300000027 0.1030644029 0.04456336796
v 0.01350000035 0.1030400991 0.04418185353
v 0.01400000043 0.1029267013 0.04240147769
v 0.01450000051 0.102902405 0.04201997817
v 0.0150000006 0.102845706 0.0411297828
v 0.01550000068 0.1028214023 0.04074828327
v 0.01600000076 0.1028052047 0.04049393535
v 0.01649999991 0.1027889997 0.04023960233
v 0.01700000092 0.1027809009 0.04011242092
v 0.01750000007 0.1027809009 0.04011242092
v 0.01800000109 0.1027809009 0.04011242092
v 0.01850000024 0.1027809009 0.04011242092
v 0.01900000125 0.1027809009 0.04011242092
v 0.0195000004 0.1027889997 0.04023960233
v 0.02000000142 0.1028052047 0.04049393535
v 0.02050000057 0.1028133035 0.04062110186
v 0.02100000158 0.102845706 0.0411297828
v 0.02150000073 0.1028781012 0.04163846374
v 0.02200000174 0.1028942987 0.04189279675
v 0.02250000089 0.102902405 0.04201997817
v 0.02300000191 0.1029105037 0.04214715958
v 0.02350000106 0.1029105037 0.04214715958
v 0.02400000021 0.1029186025 0.04227431118
v 0.02450000122 0.1029267013 0.04240147769
v 0.02500000037 0.1029267013 0.04240147769
v 0.02550000139 0.1029267013 0.04240147769
v 0.02600000054 0.1029348001 0.04252865911
v 0.02650000155 0.1029348001 0.04252865911
v 0.0270000007 0.1029510051 0.04278299212
v 0.02750000171 0.1029428989 0.04265581071
v 0.02800000086 0.1029428989 0.04265581071
v 0.02850000188 0.1029428989 0.04265581071
v 0.02900000103 0.1029428989 0.04265581071
v 0.02950000204 0.1029428989 0.04265581071
v 0.03000000119 0.1029428989 0.04265581071
v 0.03050000221 0.1029428989 0.04265581071
v 0.03100000136 0.1029591039 0.04291015863
v 0.03150000051 0.1029672027 0.04303734004
v 0.03200000152 0.1029834002 0.04329167306
v 0.03250000253 0.1030158028 0.043800354
v 0.03299999982 0.1030482054 0.04430903494
v 0.03350000083 0.1030644029 0.04456336796
v 0.03400000185 0.1030725017 0.04469053447
v 0.03450000286 0.1030806005 0.04481771588
v 0.03500000015 0.1031049043 0.04519923031
v 0.03550000116 0.1031292006 0.04558072984
v 0.03600000218 0.1031535044 0.04596222937
v 0.03650000319 0.1031616032 0.04608941078
v 0.03700000048 0.103169702 0.04621659219
v 0.03750000149 0.103169702 0.04621659219
v 0.0380000025 0.103169702 0.04621659219
v 0.03850000352 0.1031858996 0.04647091031
v 0.0390000008 0.1031939983 0.04659809172
v 0.03950000182 0.1032021046 0.04672527313
v 0.04000000283 0.1032183021 0.04697960615
v 0.04050000012 0.1032344997 0.04723392427
v 0.04100000113 0.1032425985 0.04736110568
v 0.04150000215 0.1032507047 0.04748828709
v 0.04200000316 0.1032344997 0.04723392427
v 0.04250000045 0.1032507047 0.04748828709
v 0.04300000146 0.1032425985 0.04736110568
v 0.04350000247 0.1032425985 0.04736110568
v 0.04400000349 0.1032264009 0.04710677266
v 0.04450000077 0.1032264009 0.04710677266
v 0.04500000179 0.1032183021 0.04697960615
v 0.0455000028 0.1032264009 0.04710677266
v 0.04600000381 0.1031453982 0.04583506286
v 0.0465000011 0.1031535044 0.04596222937
v 0.04700000212 0.1031616032 0.04608941078
v 0.04750000313 0.103169702 0.04621659219
v 0.04800000042 0.1031372994 0.04570791125
v 0.04850000143 0.1031211019 0.04545354843
v 0.04900000244 0.1030967981 0.0450720489
v 0.04950000346 0.1030806005 0.04481771588
v 0.05000000075 0.1030806005 0.04481771588
v 0.05050000176 0.1029591039 0.04291015863
v 0.05100000277 0.1029672027 0.04303734004
v 0.05150000378 0.1029591039 0.04291015863
v 0.05200000107 0.1028619036 0.04138411582
v 0.05250000209 0.1027728021 0.03998525441
v 0.0530000031 0.1027566046 0.03973092139
v -0.06525000185 0.1004055664 -0.01015925407
v -0.01925000176 0.1047342345 0.06288151443
v -0.01875000075 0.1047520489 0.06324073672
v -0.01825000159 0.1047639325 0.06348018348
v -0.01775000058 0.1047698706 0.06359992921
v -0.01725000143 0.1047758088 0.06371964514
v -0.01675000042 0.1047995687 0.06419858336
v -0.01625000127 0.1048173904 0.06455780566
v -0.01575000025 0.1048352048 0.06491699815
v -0.0152500011 0.1048352048 0.06491699815
v -0.01475000102 0.1048292667 0.06479725242
v -0.01425000094 0.1047995687 0.06419858336
v -0.01175000053 0.1057439893 0.0832362473
v -0.01125000045 0.1057736948 0.08383493125
v -0.01075000037 0.1057796329 0.08395466208
v -0.01025000028 0.1057677492 0.08371520042
v -0.009250000119 0.1048055068 0.0643183291
v -0.008750000037 0.1056786552 0.08191917837
v -0.008249999955 0.1048292667 0.06479725242
v -0.007750000339 0.1048411503 0.06503671408
v -0.007250000257 0.1048470885 0.06515645981
v -0.006750000175 0.1048530266 0.06527620554
v -0.006250000093 0.1048589647 0.06539593637
v -0.005750000477 0.1048589647 0.06539593637
v -0.005250000395 0.1048470885 0.06515645981
v -0.004750000313 0.1048470885 0.06515645981
v -0.004250000231 0.1048352048 0.06491699815
v -0.003750000149 0.1048173904 0.06455780566
v -0.003250000067 0.1047698706 0.06359992921
v -0.002750000218 0.1047461107 0.06312099099
v -0.002250000136 0.1047342345 0.06288151443
v -0.001750000054 0.1047401726 0.06300126016
v -0.001250000088 0.1047401726 0.06300126016
v -0.0007500000065 0.1047342345 0.06288151443
v -0.0002500000119 0.1047282889 0.0627617985
v 0.0002500000119 0.104704529 0.06228286028
v 0.0007500000065 0.1046510711 0.0612052381
v 0.001250000088 0.1046332568 0.06084604561
v 0.001750000054 0.1046213731 0.06060658395
v 0.002250000136 0.1046094969 0.06036710739
v 0.002750000218 0.1045916751 0.0600079149
v 0.003250000067 0.1045679152 0.05952897668
v 0.003750000149 0.1045203954 0.05857110023
v 0.004250000231 0.1044788212 0.05773296952
v 0.004750000313 0.1044491231 0.05713431537
v 0.005250000395 0.1044075415 0.05629618466
v 0.005750000477 0.1044075415 0.05629618466
v 0.006250000093 0.1044016033 0.05617643893
v 0.006750000175 0.1043540835 0.05521856248
v 0.007250000257 0.1043303236 0.05473962426
v 0.007750000339 0.1043006256 0.05414097011
v 0.008249999955 0.1042412296 0.05294361711
v 0.008750000037 0.1042293534 0.05270415545
v 0.009250000119 0.1041046157 0.05018974841
v 0.009750000201 0.1040570959 0.04923187196
v 0.01025000028 0.1040392816 0.04887266457
v 0.01075000037 0.1040273979 0.04863320291
v 0.01125000045 0.1039632335 0.04761590064
v 0.01175000053 0.1039070934 0.04672574997
v 0.01225000061 0.103842929 0.04570843279
v 0.01275000069 0.1037948057 0.04494543374
v 0.01325000077 0.1037627235 0.0444367975
v 0.01375000086 0.103642419 0.04252931476
v 0.01425000094 0.1036343947 0.04240214825
v 0.01475000102 0.1035782546 0.04151199758
v 0.0152500011 0.1035622135 0.04125766456
v 0.01575000025 0.1035541892 0.04113051295
v 0.01625000127 0.103522107 0.04062184691
v 0.01675000042 0.103522107 0.04062184691
v 0.01725000143 0.1035140902 0.0404946804
v 0.01775000058 0.1035140902 0.0404946804
v 0.01825000159 0.1035060659 0.0403675139
v 0.01875000075 0.1035060659 0.0403675139
v 0.01925000176 0.1035140902 0.0404946804
v 0.01975000091 0.103522107 0.04062184691
v 0.02025000006 0.1035301313 0.04074902833
v 0.02075000107 0.1035381481 0.04087616503
v 0.02125000022 0.1035622135 0.04125766456
v 0.02175000124 0.1035862714 0.04163916409
v 0.02225000039 0.1036023125 0.04189348221
v 0.0227500014 0.1036103368 0.04202066362
v 0.02325000055 0.1036183536 0.04214783013
v 0.02375000156 0.1036263704 0.04227498174
v 0.02425000072 0.1036343947 0.04240214825
v 0.02475000173 0.1036343947 0.04240214825
v 0.02525000088 0.103642419 0.04252931476
v 0.02575000189 0.1036504358 0.04265646636
v 0.02625000104 0.1036504358 0.04265646636
v 0.02675000206 0.1036504358 0.04265646636
v 0.02725000121 0.1036504358 0.04265646636
v 0.02775000222 0.1036584526 0.04278364778
v 0.02825000137 0.1036584526 0.04278364778
v 0.02875000052 0.1036584526 0.04278364778
v 0.02925000153 0.1036504358 0.04265646636
v 0.02975000069 0.1036584526 0.04278364778
v 0.0302500017 0.1036504358 0.04265646636
v 0.03075000085 0.1036584526 0.04278364778
v 0.03125 0.1036584526 0.04278364778
v 0.03175000101 0.1036584526 0.04278364778
v 0.03225000203 0.1036745012 0.04303798079
v 0.03275000304 0.1037065759 0.04354661703
v 0.03325000033 0.1037306413 0.04392813146
v 0.03375000134 0.1037546992 0.04430961609
v 0.03425000235 0.1037627235 0.0444367975
v 0.03475000337 0.1037707403 0.04456394911
v 0.03525000066 0.1037787646 0.04469110072
v 0.03575000167 0.1037867814 0.04481828213
v 0.03625000268 0.1038028225 0.04507260025
v 0.03674999997 0.1038268879 0.04545408487
v 0.03725000098 0.1038349047 0.04558126628
v 0.037750002 0.1038509458 0.0458355844
v 0.03825000301 0.1038750112 0.04621708393
v 0.0387500003 0.1038750112 0.04621708393
v 0.03925000131 0.1038750112 0.04621708393
v 0.03975000232 0.1038750112 0.04621708393
v 0.04025000334 0.103883028 0.04634423554
v 0.04075000063 0.1038990691 0.04659858346
v 0.04125000164 0.1038910523 0.04647140205
v 0.04175000265 0.1038990691 0.04659858346
v 0.04225000367 0.1039070934 0.04672574997
v 0.04275000095 0.1039070934 0.04672574997
v 0.04325000197 0.1038990691 0.04659858346
v 0.04375000298 0.1038990691 0.04659858346
v 0.04425000027 0.1038990691 0.04659858346
v 0.04475000128 0.1038910523 0.04647140205
v 0.04525000229 0.1038268879 0.04545408487
v 0.04575000331 0.1038108468 0.04519978166
v 0.0462500006 0.1038268879 0.04545408487
v 0.04675000161 0.1038349047 0.04558126628
v 0.04725000262 0.1038188636 0.04532693326
v 0.04775000364 0.1038108468 0.04519978166
v 0.04825000092 0.1037787646 0.04469110072
v 0.04875000194 0.1037627235 0.0444367975
v 0.04925000295 0.1037466824 0.04418244958
v 0.04975000396 0.1036183536 0.04214783013
v 0.05025000125 0.1036504358 0.04265646636
v 0.05075000226 0.103642419 0.04252931476
v 0.05125000328 0.1035942882 0.0417663306
v 0.05275000259 0.1032895148 0.03693407774
v -0.0195000004 0.1053935438 0.06216324866
v -0.01900000125 0.1054228544 0.06276191771
v -0.01850000024 0.1054404378 0.0631211102
v -0.01800000109 0.1054521576 0.06336055696
v -0.01750000007 0.1054638848 0.06360001862
v -0.01700000092 0.1054756045 0.06383948028
v -0.01649999991 0.1054931879 0.06419867277
v -0.01600000076 0.1055049151 0.06443814933
v -0.01550000068 0.1055049151 0.06443814933
v -0.0150000006 0.1055107787 0.06455788016
v -0.01450000051 0.1055107787 0.06455788016
v -0.01400000043 0.1055107787 0.06455788016
v -0.01350000035 0.1055166349 0.06467759609
v -0.01300000027 0.1055107787 0.06455788016
v -0.01250000019 0.1055166349 0.06467759609
v -0.0120000001 0.1055166349 0.06467759609
v -0.01150000095 0.1055224985 0.06479732692
v -0.01100000087 0.1055283621 0.06491707265
v -0.01050000079 0.1055166349 0.06467759609
v -0.01000000071 0.1055224985 0.06479732692
v -0.009500000626 0.1055283621 0.06491707265
v -0.009000000544 0.1055283621 0.06491707265
v -0.008500000462 0.1055283621 0.06491707265
v -0.00800000038 0.1055342183 0.06503678858
v -0.007500000298 0.1055400819 0.06515653431
v -0.007000000216 0.1055400819 0.06515653431
v -0.006500000134 0.1055400819 0.06515653431
v -0.006000000052 0.1055400819 0.06515653431
v -0.005500000436 0.1055342183 0.06503678858
v -0.005000000354 0.1055224985 0.06479732692
v -0.004500000272 0.1055166349 0.06467759609
v -0.00400000019 0.1054697484 0.06371974945
v -0.003500000108 0.1054521576 0.06336055696
v -0.003000000026 0.1054521576 0.06336055696
v -0.002500000177 0.1054404378 0.0631211102
v -0.002000000095 0.1054228544 0.06276191771
v -0.001500000013 0.1054169908 0.06264217198
v -0.001000000047 0.1054111272 0.06252242625
v -0.0005000000237 0.1054111272 0.06252242625
v 0 0.1053759605 0.06180405617
v 0.0005000000237 0.1053349301 0.06096594036
v 0.001000000047 0.1053349301 0.06096594036
v 0.001500000013 0.105329074 0.06084620953
v 0.002000000095 0.1053114831 0.06048701704
v 0.002500000177 0.1052938998 0.06012782454
v 0.003000000026 0.1052645966 0.05952915549
v 0.003500000108 0.1052352861 0.05893051624
v 0.00400000019 0.1052059829 0.05833184719
v 0.004500000272 0.105135642 0.05689506233
v 0.005000000354 0.1051239222 0.05665560067
v 0.005500000436 0.1051063389 0.05629642308
v 0.006000000052 0.1050946116 0.05605694652
v 0.006500000134 0.1050594449 0.05533856153
v 0.007000000216 0.1050359979 0.05485963821
v 0.007500000298 0.1049949676 0.0540215224
v 0.00800000038 0.1049715206 0.05354259908
v 0.008500000462 0.1048484296 0.05102823675
v 0.009000000544 0.1048542932 0.05114798248
v 0.009500000626 0.1048367098 0.05078876019
v 0.01000000071 0.1048249826 0.05054931343
v 0.01050000079 0.1047312021 0.04863360524
v 0.01100000087 0.1046756133 0.04774348438
v 0.01150000095 0.1046279669 0.04698054492
v 0.0120000001 0.1045803279 0.04621759057
v 0.01250000019 0.1045326814 0.04545462132
v 0.01300000027 0.1044850349 0.04469166696
v 0.01350000035 0.104389742 0.04316575825
v 0.01400000043 0.1043579727 0.04265712202
v 0.01450000051 0.1043103337 0.04189416766
v 0.0150000006 0.1042944491 0.04163986444
v 0.01550000068 0.1042865068 0.04151269794
v 0.01600000076 0.1042706221 0.04125837982
v 0.01649999991 0.1042547449 0.0410040617
v 0.01700000092 0.1042547449 0.0410040617
v 0.01750000007 0.1042468026 0.04087689519
v 0.01800000109 0.1042468026 0.04087689519
v 0.01850000024 0.1042468026 0.04087689519
v 0.01900000125 0.1042388603 0.04074975848
v 0.0195000004 0.104230918 0.04062259197
v 0.02000000142 0.1042468026 0.04087689519
v 0.02050000057 0.1042468026 0.04087689519
v 0.02100000158 0.1042626873 0.04113122821
v 0.02150000073 0.1042785645 0.04138553143
v 0.02200000174 0.1042944491 0.04163986444
v 0.02250000089 0.1043023914 0.04176701605
v 0.02300000191 0.1043182686 0.04202134907
v 0.02350000106 0.1043182686 0.04202134907
v 0.02400000021 0.1043262109 0.04214851558
v 0.02450000122 0.1043341532 0.04227565229
v 0.02500000037 0.1043420956 0.0424028188
v 0.02550000139 0.1043579727 0.04265712202
v 0.02600000054 0.1043579727 0.04265712202
v 0.02650000155 0.1043500379 0.04252998531
v 0.0270000007 0.1043579727 0.04265712202
v 0.02750000171 0.1043579727 0.04265712202
v 0.02800000086 0.1043579727 0.04265712202
v 0.02850000188 0.1043579727 0.04265712202
v 0.02900000103 0.1043579727 0.04265712202
v 0.02950000204 0.1043659151 0.04278428853
v 0.03000000119 0.1043659151 0.04278428853
v 0.03050000221 0.1043500379 0.04252998531
v 0.03100000136 0.1043579727 0.04265712202
v 0.03150000051 0.1043500379 0.04252998531
v 0.03200000152 0.1043420956 0.0424028188
v 0.03250000253 0.1043579727 0.04265712202
v 0.03299999982 0.1043738574 0.04291145504
v 0.03350000083 0.104389742 0.04316575825
v 0.03400000185 0.1044215038 0.04367439449
v 0.03450000286 0.1044453308 0.04405587912
v 0.03500000015 0.1044532657 0.04418303072
v 0.03550000116 0.1044532657 0.04418303072
v 0.03600000218 0.104461208 0.04431019723
v 0.03650000319 0.1044770926 0.04456451535
v 0.03700000048 0.1045009121 0.04494598508
v 0.03750000149 0.1045167968 0.0452003181
v 0.0380000025 0.1045406163 0.04558178782
v 0.03850000352 0.1045565009 0.04583610594
v 0.0390000008 0.1045485586 0.04570895433
v 0.03950000182 0.1045644432 0.04596325755
v 0.04000000283 0.1045644432 0.04596325755
v 0.04050000012 0.1045644432 0.04596325755
v 0.04100000113 0.1045565009 0.04583610594
v 0.04150000215 0.1045485586 0.04570895433
v 0.04200000316 0.1045565009 0.04583610594
v 0.04250000045 0.1045485586 0.04570895433
v 0.04300000146 0.1045485586 0.04570895433
v 0.04350000247 0.1045565009 0.04583610594
v 0.04400000349 0.1044770926 0.04456451535
v 0.04450000077 0.1044532657 0.04418303072
v 0.04500000179 0.104461208 0.04431019723
v 0.0455000028 0.1044850349 0.04469166696
v 0.04600000381 0.1044929773 0.04481884837
v 0.0465000011 0.1044691503 0.04443737864
v 0.04700000212 0.1044770926 0.04456451535
v 0.04750000313 0.104461208 0.04431019723
v 0.04800000042 0.1044453308 0.04405587912
v 0.04850000143 0.1044294462 0.043801561
v 0.04900000244 0.1042626873 0.04113122821
v 0.04950000346 0.1043023914 0.04176701605
v 0.05000000075 0.1043262109 0.04214851558
v 0.05050000176 0.104159452 0.03947815299
v 0.05100000277 0.1041197479 0.03884236515
v 0.05150000378 0.1041356325 0.03909667581
v 0.05200000107 0.1041038632 0.03858803958
v 0.05250000209 0.1039768085 0.03655350208
v -0.01975000091 0.1059959605 0.06024770439
v -0.01925000176 0.1060190946 0.06072662771
v -0.01875000075 0.1060653627 0.06168445945
v -0.01825000159 0.10610006 0.06240282953
v -0.01775000058 0.1061116233 0.06264229119
v -0.01725000143 0.1061405391 0.06324094534
v -0.01675000042 0.1061636731 0.06371983886
v -0.01625000127 0.1061694548 0.06383956969
v -0.01575000025 0.1061810255 0.06407904625
v -0.0152500011 0.1061925888 0.06431849301
v -0.01475000102 0.1061925888 0.06431849301
v -0.01425000094 0.1061925888 0.06431849301
v -0.01375000086 0.1061983705 0.06443823874
v -0.01325000077 0.1062041596 0.06455795467
v -0.01275000069 0.1061983705 0.06443823874
v -0.01225000061 0.1062099412 0.0646776706
v -0.01175000053 0.1062157229 0.06479741633
v -0.01125000045 0.1062215045 0.06491713226
v -0.01075000037 0.1062215045 0.06491713226
v -0.01025000028 0.1062215045 0.06491713226
v -0.009750000201 0.1062272862 0.06503684819
v -0.009250000119 0.1062215045 0.06491713226
v -0.008750000037 0.1062215045 0.06491713226
v -0.008249999955 0.1062157229 0.06479741633
v -0.007750000339 0.1062157229 0.06479741633
v -0.007250000257 0.1062157229 0.06479741633
v -0.006750000175 0.1062157229 0.06479741633
v -0.006250000093 0.1062041596 0.06455795467
v -0.005750000477 0.1061925888 0.06431849301
v -0.005250000395 0.1061810255 0.06407904625
v -0.004750000313 0.1061578915 0.06360012293
v -0.004250000231 0.1061521098 0.0634803921
v -0.003750000149 0.1061521098 0.0634803921
v -0.003250000067 0.1061521098 0.0634803921
v -0.002750000218 0.1061405391 0.06324094534
v -0.002250000136 0.1061231941 0.06288175285
v -0.001750000054 0.10610006 0.06240282953
v -0.001250000088 0.1060827076 0.06204365194
v -0.0007500000065 0.106076926 0.06192393601
v -0.0002500000119 0.1060422286 0.06120553613
v 0.0002500000119 0.106036447 0.0610858202
v 0.0007500000065 0.1060306653 0.06096608937
v 0.001250000088 0.1060248762 0.06084635854
v 0.001750000054 0.1060075313 0.06048716605
v 0.002250000136 0.1059901789 0.06012798846
v 0.002750000218 0.1059554815 0.05940960348
v 0.003250000067 0.1059381291 0.05905042589
v 0.003750000149 0.1059149951 0.05857150257
v 0.004250000231 0.1058456004 0.05713476241
v 0.004750000313 0.1058398187 0.05701503158
v 0.005250000395 0.105810903 0.05641637743
v 0.005750000477 0.105770424 0.05557827652
v 0.006250000093 0.10574729 0.0550993681
v 0.006750000175 0.1057125926 0.05438099802
v 0.007250000257 0.1057010219 0.05414153636
v 0.007750000339 0.1056721061 0.05354289711
v 0.008249999955 0.1055737957 0.0515075177
v 0.008750000037 0.1055680141 0.05138777196
v 0.009250000119 0.1055564433 0.0511483252
v 0.009750000201 0.1055333093 0.05066940188
v 0.01025000028 0.1054114178 0.04825253785
v 0.01075000037 0.1053878292 0.04787108302
v 0.01125000045 0.1053406596 0.04710815847
v 0.01175000053 0.10529349 0.04634523392
v 0.01225000061 0.1052463278 0.04558232427
v 0.01275000069 0.1052070186 0.04494653642
v 0.01325000077 0.1051284 0.04367502034
v 0.01375000086 0.1050969586 0.0431663841
v 0.01425000094 0.105049789 0.04240347445
v 0.01475000102 0.1050104797 0.04176770151
v 0.0152500011 0.1050104797 0.04176770151
v 0.01575000025 0.1050104797 0.04176770151
v 0.01625000127 0.104994759 0.04151339829
v 0.01675000042 0.104994759 0.04151339829
v 0.01725000143 0.1049790382 0.04125909507
v 0.01775000058 0.1049790382 0.04125909507
v 0.01825000159 0.1049790382 0.04125909507
v 0.01875000075 0.1049711779 0.04113195837
v 0.01925000176 0.1049711779 0.04113195837
v 0.01975000091 0.1049711779 0.04113195837
v 0.02025000006 0.1049790382 0.04125909507
v 0.02075000107 0.1049790382 0.04125909507
v 0.02125000022 0.1049868986 0.04138624668
v 0.02175000124 0.1049790382 0.04125909507
v 0.02225000039 0.1050026193 0.0416405648
v 0.0227500014 0.1050104797 0.04176770151
v 0.02325000055 0.1050104797 0.04176770151
v 0.02375000156 0.1050104797 0.04176770151
v 0.02425000072 0.1050262079 0.04202203453
v 0.02475000173 0.1050340682 0.04214918613
v 0.02525000088 0.105049789 0.04240347445
v 0.02575000189 0.1050576493 0.04253064096
v 0.02625000104 0.105049789 0.04240347445
v 0.02675000206 0.105049789 0.04240347445
v 0.02725000121 0.105049789 0.04240347445
v 0.02775000222 0.1050576493 0.04253064096
v 0.02825000137 0.1050576493 0.04253064096
v 0.02875000052 0.1050576493 0.04253064096
v 0.02925000153 0.1050655097 0.04265777767
v 0.02975000069 0.1050655097 0.04265777767
v 0.0302500017 0.1050655097 0.04265777767
v 0.03075000085 0.1050576493 0.04253064096
v 0.03125 0.105049789 0.04240347445
v 0.03175000101 0.1050340682 0.04214918613
v 0.03225000203 0.1050419286 0.04227632284
v 0.03275000304 0.105049789 0.04240347445
v 0.03325000033 0.105049789 0.04240347445
v 0.03375000134 0.1050576493 0.04253064096
v 0.03425000235 0.1050890982 0.04303924739
v 0.03475000337 0.1051126793 0.04342071712
v 0.03525000066 0.1051284 0.04367502034
v 0.03575000167 0.1051441282 0.04392933846
v 0.03625000268 0.1051598489 0.04418362677
v 0.03674999997 0.1051598489 0.04418362677
v 0.03725000098 0.1051755697 0.04443795979
v 0.037750002 0.1051912978 0.0446922332
v 0.03825000301 0.1052070186 0.04494653642
v 0.0387500003 0.1052148789 0.04507370293
v 0.03925000131 0.1052305996 0.04532802105
v 0.03975000232 0.1052305996 0.04532802105
v 0.04025000334 0.1052305996 0.04532802105
v 0.04075000063 0.1052463278 0.04558232427
v 0.04125000164 0.1052227393 0.04520086944
v 0.04175000265 0.1052227393 0.04520086944
v 0.04225000367 0.1052227393 0.04520086944
v 0.04275000095 0.1052148789 0.04507370293
v 0.04325000197 0.1051991582 0.04481939971
v 0.04375000298 0.1051598489 0.04418362677
v 0.04425000027 0.1051519886 0.04405647516
v 0.04475000128 0.1051519886 0.04405647516
v 0.04525000229 0.1051519886 0.04405647516
v 0.04575000331 0.1051284 0.04367502034
v 0.0462500006 0.1051126793 0.04342071712
v 0.04675000161 0.1050890982 0.04303924739
v 0.04725000262 0.10507337 0.04278494418
v 0.04775000364 0.1049868986 0.04138624668
v 0.04825000092 0.1049868986 0.04138624668
v 0.04875000194 0.1049868986 0.04138624668
v 0.04925000295 0.1049790382 0.04125909507
v 0.04975000396 0.1049554497 0.04087762535
v 0.05025000125 0.1048925593 0.03986041248
v 0.05075000226 0.1048689783 0.03947894275
v 0.05125000328 0.1048453897 0.03909748793
v 0.05175000429 0.1048218086 0.03871602565
v -0.02050000057 0.10665223 0.05940978229
v -0.02000000142 0.1066921651 0.0602478683
v -0.0195000004 0.1067092791 0.06060706079
v -0.01900000125 0.1067263931 0.06096623838
v -0.01850000024 0.1067377999 0.06120568514
v -0.01800000109 0.1067435071 0.06132541597
v -0.01750000007 0.1067321002 0.06108596921
v -0.01600000076 0.1068404913 0.06336076558
v -0.01550000068 0.1068347842 0.06324104965
v -0.0150000006 0.1068518981 0.06360022724
v -0.01450000051 0.1068633124 0.06383965909
v -0.01400000043 0.1068633124 0.06383965909
v -0.01350000035 0.1068690121 0.06395940483
v -0.01300000027 0.1068747193 0.06407913566
v -0.01250000019 0.1068861261 0.06431858242
v -0.0120000001 0.1068918332 0.06443831325
v -0.01150000095 0.1069032401 0.06467776
v -0.01100000087 0.1069032401 0.06467776
v -0.01050000079 0.1068975404 0.06455804408
v -0.01000000071 0.1069089472 0.06479749084
v -0.009500000626 0.1069032401 0.06467776
v -0.009000000544 0.1068975404 0.06455804408
v -0.008500000462 0.1068918332 0.06443831325
v -0.00800000038 0.1068690121 0.06395940483
v -0.007500000298 0.1068518981 0.06360022724
v -0.007000000216 0.1068518981 0.06360022724
v -0.006500000134 0.1068518981 0.06360022724
v -0.006000000052 0.1068518981 0.06360022724
v -0.005500000436 0.1068518981 0.06360022724
v -0.005000000354 0.1068461984 0.06348049641
v -0.004500000272 0.1068461984 0.06348049641
v -0.00400000019 0.1068461984 0.06348049641
v -0.003500000108 0.1068404913 0.06336076558
v -0.003000000026 0.1068233773 0.06300158799
v -0.002500000177 0.1068176702 0.06288185716
v -0.002000000095 0.1068005562 0.06252267957
v -0.001500000013 0.1067549139 0.06156486273
v -0.001000000047 0.1067377999 0.06120568514
v -0.0005000000237 0.1067263931 0.06096623838
v 0 0.1067263931 0.06096623838
v 0.0005000000237 0.106720686 0.06084650755
v 0.001000000047 0.1067149863 0.06072677672
v 0.001500000013 0.1066978723 0.06036759913
v 0.002000000095 0.1066750512 0.05988869071
v 0.002500000177 0.1066465229 0.05929006636
v 0.003000000026 0.106635116 0.0590506047
v 0.003500000108 0.1065780669 0.0578533411
v 0.00400000019 0.1065495461 0.05725471675
v 0.004500000272 0.106543839 0.05713500082
v 0.005000000354 0.1065324321 0.05689552426
v 0.005500000436 0.1064982042 0.05617718399
v 0.006000000052 0.1064525619 0.05521936715
v 0.006500000134 0.1063898057 0.05390237272
v 0.007000000216 0.1063783988 0.05366292596
v 0.007500000298 0.106332764 0.05270510912
v 0.00800000038 0.1062871218 0.05174729228
v 0.008500000462 0.1062871218 0.05174729228
v 0.009000000544 0.1062643006 0.05126838386
v 0.009500000626 0.1062414795 0.05078947544
v 0.01000000071 0.1061076671 0.04812581837
v 0.01050000079 0.1060998887 0.04799868166
v 0.01100000087 0.1060687602 0.04749007523
v 0.01150000095 0.1060065031 0.04647289217
v 0.0120000001 0.1059675962 0.04583713412
v 0.01250000019 0.1059364676 0.04532855749
v 0.01300000027 0.1058819965 0.04443852603
v 0.01350000035 0.1058353037 0.04367563128
v 0.01400000043 0.1058119535 0.04329419136
v 0.01450000051 0.1057341397 0.04202270508
v 0.0150000006 0.1057341397 0.04202270508
v 0.01550000068 0.1057263538 0.04189555347
v 0.01600000076 0.1057263538 0.04189555347
v 0.01649999991 0.1057185754 0.04176840186
v 0.01700000092 0.1057185754 0.04176840186
v 0.01750000007 0.1057107896 0.04164126515
v 0.01800000109 0.1057185754 0.04176840186
v 0.01850000024 0.1057185754 0.04176840186
v 0.01900000125 0.1057107896 0.04164126515
v 0.0195000004 0.1057107896 0.04164126515
v 0.02000000142 0.1057107896 0.04164126515
v 0.02050000057 0.1057030112 0.04151411355
v 0.02100000158 0.1057030112 0.04151411355
v 0.02150000073 0.1056952253 0.04138696194
v 0.02200000174 0.1056952253 0.04138696194
v 0.02250000089 0.1057030112 0.04151411355
v 0.02300000191 0.1057107896 0.04164126515
v 0.02350000106 0.1057107896 0.04164126515
v 0.02400000021 0.1057185754 0.04176840186
v 0.02450000122 0.1057263538 0.04189555347
v 0.02500000037 0.1057341397 0.04202270508
v 0.02550000139 0.1057419181 0.04214985669
v 0.02600000054 0.1057419181 0.04214985669
v 0.02650000155 0.1057419181 0.04214985669
v 0.0270000007 0.1057341397 0.04202270508
v 0.02750000171 0.1057419181 0.04214985669
v 0.02800000086 0.1057497039 0.04227699339
v 0.02850000188 0.1057497039 0.04227699339
v 0.02900000103 0.1057574823 0.042404145
v 0.02950000204 0.1057652682 0.04253129661
v 0.03000000119 0.1057652682 0.04253129661
v 0.03050000221 0.1057652682 0.04253129661
v 0.03100000136 0.1057574823 0.042404145
v 0.03150000051 0.1057263538 0.04189555347
v 0.03200000152 0.1057263538 0.04189555347
v 0.03250000253 0.1057263538 0.04189555347
v 0.03299999982 0.1057263538 0.04189555347
v 0.03350000083 0.1057341397 0.04202270508
v 0.03400000185 0.1057263538 0.04189555347
v 0.03450000286 0.1057652682 0.04253129661
v 0.03500000015 0.1058041751 0.04316702485
v 0.03550000116 0.1058197394 0.04342132807
v 0.03600000218 0.1058353037 0.04367563128
v 0.03650000319 0.1058508679 0.0439299345
v 0.03700000048 0.1058508679 0.0439299345
v 0.03750000149 0.1058508679 0.0439299345
v 0.0380000025 0.1058586463 0.04405707121
v 0.03850000352 0.1058742106 0.04431137443
v 0.0390000008 0.1058819965 0.04443852603
v 0.03950000182 0.1058897749 0.04456566274
v 0.04000000283 0.1059053391 0.04481996596
v 0.04050000012 0.1059053391 0.04481996596
v 0.04100000113 0.1058975607 0.04469281435
v 0.04150000215 0.1058975607 0.04469281435
v 0.04200000316 0.1058975607 0.04469281435
v 0.04250000045 0.1059053391 0.04481996596
v 0.04300000146 0.1058742106 0.04431137443
v 0.04350000247 0.1058430821 0.04380278289
v 0.04400000349 0.1058508679 0.0439299345
v 0.04450000077 0.1058586463 0.04405707121
v 0.04500000179 0.1058508679 0.0439299345
v 0.0455000028 0.1058275178 0.04354846478
v 0.04600000381 0.1058119535 0.04329419136
v 0.0465000011 0.1057886109 0.04291273654
v 0.04700000212 0.105780825 0.04278559983
v 0.04750000313 0.1056874469 0.04125981033
v 0.04800000042 0.1056874469 0.04125981033
v 0.04850000143 0.1056952253 0.04138696194
v 0.04900000244 0.105679661 0.04113267362
v 0.04950000346 0.1056407541 0.04049693048
v 0.05000000075 0.1056018472 0.03986118734
v 0.05050000176 0.1055707186 0.03935259581
v 0.05100000277 0.1055318043 0.03871684521
v -0.02025000006 0.1073433608 0.05929026008
v -0.01975000091 0.1073827446 0.06012833118
v -0.01925000176 0.1073996276 0.06048749387
v -0.01875000075 0.1074108779 0.06072694063
v -0.01825000159 0.1074221283 0.06096638739
v -0.01775000058 0.107427761 0.06108611822
v -0.01725000143 0.1074221283 0.06096638739
v -0.01675000042 0.107427761 0.06108611822
v -0.01625000127 0.1074446365 0.06144529581
v -0.01575000025 0.1074558869 0.06168472767
v -0.0152500011 0.1074671447 0.06192418933
v -0.01475000102 0.1074727699 0.06204390526
v -0.01425000094 0.1074896455 0.06240306795
v -0.01375000086 0.1075009033 0.06264252961
v -0.01325000077 0.1075234115 0.06312143803
v -0.01275000069 0.1075234115 0.06312143803
v -0.01225000061 0.1075402871 0.06348060071
v -0.01175000053 0.1075515375 0.06372003257
v -0.01125000045 0.1075627953 0.06395949423
v -0.01075000037 0.1075515375 0.06372003257
v -0.01025000028 0.1075571701 0.0638397634
v -0.009750000201 0.1075402871 0.06348060071
v -0.009250000119 0.1075515375 0.06372003257
v -0.008750000037 0.1075402871 0.06348060071
v -0.008249999955 0.1075290367 0.06324115396
v -0.007750000339 0.1075290367 0.06324115396
v -0.007250000257 0.1075290367 0.06324115396
v -0.006750000175 0.1075290367 0.06324115396
v -0.006250000093 0.1075346619 0.06336086988
v -0.005750000477 0.1075346619 0.06336086988
v -0.005250000395 0.1075290367 0.06324115396
v -0.004750000313 0.1075290367 0.06324115396
v -0.004250000231 0.1075290367 0.06324115396
v -0.003750000149 0.1075177789 0.0630016923
v -0.003250000067 0.1075009033 0.06264252961
v -0.002750000218 0.1074952781 0.06252279878
v -0.002250000136 0.1074615195 0.0618044585
v -0.001750000054 0.1074446365 0.06144529581
v -0.001250000088 0.1074333861 0.06120583415
v -0.0007500000065 0.1074221283 0.06096638739
v -0.0002500000119 0.1074108779 0.06072694063
v 0.0002500000119 0.1073996276 0.06048749387
v 0.0007500000065 0.1073939949 0.06036776304
v 0.001250000088 0.1073771194 0.06000858545
v 0.001750000054 0.1073546112 0.05952970684
v 0.002250000136 0.1073433608 0.05929026008
v 0.002750000218 0.1073264778 0.05893108249
v 0.003250000067 0.1072645858 0.05761411786
v 0.003750000149 0.1072533354 0.0573746711
v 0.004250000231 0.107242085 0.05713522434
v 0.004750000313 0.107225202 0.05677604675
v 0.005250000395 0.1072026938 0.05629715323
v 0.005750000477 0.1071633101 0.05545908213
v 0.006250000093 0.1071295515 0.05474074185
v 0.006750000175 0.1070001423 0.05198708177
v 0.007250000257 0.1070057675 0.0521067977
v 0.007750000339 0.1070001423 0.05198708177
v 0.008249999955 0.106988892 0.05174763501
v 0.008750000037 0.1069720089 0.05138845742
v 0.009250000119 0.1069438756 0.05078983307
v 0.009750000201 0.1068194956 0.04825337231
v 0.01025000028 0.1067963839 0.04787194729
v 0.01075000037 0.1067655757 0.04736337066
v 0.01125000045 0.1067270637 0.04672768712
v 0.01175000053 0.1066885516 0.04609195888
v 0.01225000061 0.1066500396 0.04545623064
v 0.01275000069 0.1066038236 0.04469338059
v 0.01325000077 0.1065807194 0.04431195557
v 0.01375000086 0.1065345034 0.04354909062
v 0.01425000094 0.1064959913 0.04291337729
v 0.01475000102 0.1064728871 0.04253196716
v 0.0152500011 0.1064651832 0.04240481555
v 0.01575000025 0.1064574793 0.04227766395
v 0.01625000127 0.1064651832 0.04240481555
v 0.01675000042 0.1064651832 0.04240481555
v 0.01725000143 0.1064574793 0.04227766395
v 0.01775000058 0.1064574793 0.04227766395
v 0.01825000159 0.1064574793 0.04227766395
v 0.01875000075 0.1064574793 0.04227766395
v 0.01925000176 0.1064574793 0.04227766395
v 0.01975000091 0.1064497754 0.04215054214
v 0.02025000006 0.1064420789 0.04202339053
v 0.02075000107 0.1064266711 0.04176908731
v 0.02125000022 0.1064189672 0.04164196551
v 0.02175000124 0.1064112633 0.0415148139
v 0.02225000039 0.1064112633 0.0415148139
v 0.0227500014 0.1064112633 0.0415148139
v 0.02325000055 0.1064112633 0.0415148139
v 0.02375000156 0.1064112633 0.0415148139
v 0.02425000072 0.1064189672 0.04164196551
v 0.02475000173 0.1064266711 0.04176908731
v 0.02525000088 0.1064266711 0.04176908731
v 0.02575000189 0.106434375 0.04189623892
v 0.02625000104 0.106434375 0.04189623892
v 0.02675000206 0.106434375 0.04189623892
v 0.02725000121 0.106434375 0.04189623892
v 0.02775000222 0.106434375 0.04189623892
v 0.02825000137 0.1064420789 0.04202339053
v 0.02875000052 0.1064497754 0.04215054214
v 0.02925000153 0.1064574793 0.04227766395
v 0.02975000069 0.1064651832 0.04240481555
v 0.0302500017 0.1064728871 0.04253196716
v 0.03075000085 0.1064651832 0.04240481555
v 0.03125 0.1064420789 0.04202339053
v 0.03175000101 0.1064189672 0.04164196551
v 0.03225000203 0.1064112633 0.0415148139
v 0.03275000304 0.1064189672 0.04164196551
v 0.03325000033 0.1064189672 0.04164196551
v 0.03375000134 0.1064266711 0.04176908731
v 0.03425000235 0.1064189672 0.04164196551
v 0.03475000337 0.106434375 0.04189623892
v 0.03525000066 0.1064651832 0.04240481555
v 0.03575000167 0.1064882874 0.04278624058
v 0.03625000268 0.1065191031 0.04329481721
v 0.03674999997 0.1065191031 0.04329481721
v 0.03725000098 0.1065267995 0.04342195392
v 0.037750002 0.1065345034 0.04354909062
v 0.03825000301 0.1065345034 0.04354909062
v 0.0387500003 0.1065267995 0.04342195392
v 0.03925000131 0.1065422073 0.04367624223
v 0.03975000232 0.1065191031 0.04329481721
v 0.04025000334 0.1065499112 0.04380337894
v 0.04075000063 0.1065653116 0.04405766726
v 0.04125000164 0.1065653116 0.04405766726
v 0.04175000265 0.1065730155 0.04418480396
v 0.04225000367 0.1064959913 0.04291337729
v 0.04275000095 0.1064959913 0.04291337729
v 0.04325000197 0.1065191031 0.04329481721
v 0.04375000298 0.1065267995 0.04342195392
v 0.04425000027 0.1065345034 0.04354909062
v 0.04475000128 0.1065267995 0.04342195392
v 0.04525000229 0.1064805835 0.04265908897
v 0.04575000331 0.1064805835 0.04265908897
v 0.0462500006 0.1064805835 0.04265908897
v 0.04675000161 0.1064651832 0.04240481555
v 0.04725000262 0.106349647 0.04049767554
v 0.04775000364 0.1063727513 0.04087910056
v 0.04825000092 0.1063804552 0.04100623727
v 0.04875000194 0.1063265428 0.04011623561
v 0.04925000295 0.1062418148 0.03871767223
v 0.04975000396 0.1062033027 0.03808195144
v -0.01900000125 0.1080623791 0.05976933241
v -0.01850000024 0.1080845743 0.06024819613
v -0.01800000109 0.1081012189 0.06060738862
v -0.01750000007 0.1081067622 0.06072708964
v -0.01700000092 0.1081123129 0.06084682047
v -0.01649999991 0.1081234068 0.06108626723
v -0.01600000076 0.1081345081 0.06132571399
v -0.01550000068 0.1081511527 0.06168487668
v -0.0150000006 0.1081511527 0.06168487668
v -0.01450000051 0.1081622466 0.06192432344
v -0.01400000043 0.1081677973 0.06204403937
v -0.01350000035 0.1081733406 0.0621637553
v -0.01300000027 0.1081788912 0.06228348613
v -0.01250000019 0.1081677973 0.06204403937
v -0.0120000001 0.1081788912 0.06228348613
v -0.01150000095 0.1081844419 0.06240318716
v -0.01100000087 0.1081955358 0.06264264882
v -0.01050000079 0.1081955358 0.06264264882
v -0.01000000071 0.1082066298 0.06288208067
v -0.009500000626 0.1082121804 0.0630018115
v -0.009000000544 0.1082177311 0.06312154233
v -0.008500000462 0.1082121804 0.0630018115
v -0.00800000038 0.1082121804 0.0630018115
v -0.007500000298 0.1082066298 0.06288208067
v -0.007000000216 0.1082010865 0.06276237965
v -0.006500000134 0.1082121804 0.0630018115
v -0.006000000052 0.1082066298 0.06288208067
v -0.005500000436 0.1082010865 0.06276237965
v -0.005000000354 0.1082010865 0.06276237965
v -0.004500000272 0.1081899852 0.06252291799
v -0.00400000019 0.1081899852 0.06252291799
v -0.003500000108 0.1081622466 0.06192432344
v -0.003000000026 0.1081511527 0.06168487668
v -0.002500000177 0.108145602 0.06156514585
v -0.002000000095 0.1081345081 0.06132571399
v -0.001500000013 0.1081289575 0.06120598316
v -0.001000000047 0.1081289575 0.06120598316
v -0.0005000000237 0.1081012189 0.06060738862
v 0 0.1080568284 0.05964960158
v 0.0005000000237 0.1080568284 0.05964960158
v 0.001000000047 0.1080401838 0.05929043889
v 0.001500000013 0.1080401838 0.05929043889
v 0.002000000095 0.1080235392 0.0589312762
v 0.002500000177 0.1079569608 0.05749461055
v 0.003000000026 0.1079569608 0.05749461055
v 0.003500000108 0.1079569608 0.05749461055
v 0.00400000019 0.107934773 0.05701573193
v 0.004500000272 0.1079125777 0.05653683841
v 0.005000000354 0.1078848392 0.05593822896
v 0.005500000436 0.1078570932 0.05533961952
v 0.006000000052 0.1078182608 0.05450157821
v 0.006500000134 0.1078016162 0.05414241552
v 0.007000000216 0.1077072918 0.05210712552
v 0.007500000298 0.1077017486 0.05198742449
v 0.00800000038 0.1076629087 0.05114936829
v 0.008500000462 0.1076573581 0.05102963746
v 0.009000000544 0.1076296195 0.05043102801
v 0.009500000626 0.1075311527 0.04838094115
v 0.01000000071 0.1075082794 0.04799953103
v 0.01050000079 0.1074777916 0.0474909693
v 0.01100000087 0.1074320525 0.04672816396
v 0.01150000095 0.1074091867 0.04634672403
v 0.0120000001 0.1073710695 0.0457110554
v 0.01250000019 0.1073253304 0.04494822025
v 0.01300000027 0.1073024645 0.04456681013
v 0.01350000035 0.1072567254 0.04380398989
v 0.01400000043 0.1072186157 0.04316829145
v 0.01450000051 0.1072109938 0.04304116964
v 0.0150000006 0.1072033644 0.04291403294
v 0.01550000068 0.1071881205 0.04265974462
v 0.01600000076 0.1071881205 0.04265974462
v 0.01649999991 0.1071881205 0.04265974462
v 0.01700000092 0.1071957424 0.04278689623
v 0.01750000007 0.1071881205 0.04265974462
v 0.01800000109 0.1071881205 0.04265974462
v 0.01850000024 0.1071957424 0.04278689623
v 0.01900000125 0.1071881205 0.04265974462
v 0.0195000004 0.1071804985 0.04253262281
v 0.02000000142 0.1071804985 0.04253262281
v 0.02050000057 0.1071728766 0.04240548611
v 0.02100000158 0.1071652547 0.0422783345
v 0.02150000073 0.1071423814 0.04189692438
v 0.02200000174 0.1071423814 0.04189692438
v 0.02250000089 0.1071195155 0.04151551425
v 0.02300000191 0.1071195155 0.04151551425
v 0.02350000106 0.1071195155 0.04151551425
v 0.02400000021 0.1071195155 0.04151551425
v 0.02450000122 0.1071195155 0.04151551425
v 0.02500000037 0.1071195155 0.04151551425
v 0.02550000139 0.1071271375 0.04164266586
v 0.02600000054 0.1071271375 0.04164266586
v 0.02650000155 0.1071271375 0.04164266586
v 0.0270000007 0.1071347594 0.04176978767
v 0.02750000171 0.1071271375 0.04164266586
v 0.02800000086 0.1071347594 0.04176978767
v 0.02850000188 0.1071423814 0.04189692438
v 0.02900000103 0.1071500108 0.04202407598
v 0.02950000204 0.1071576327 0.04215121269
v 0.03000000119 0.1071652547 0.0422783345
v 0.03050000221 0.1071652547 0.0422783345
v 0.03100000136 0.1071500108 0.04202407598
v 0.03150000051 0.1071423814 0.04189692438
v 0.03200000152 0.1071195155 0.04151551425
v 0.03250000253 0.1071195155 0.04151551425
v 0.03299999982 0.1071118936 0.04138837755
v 0.03350000083 0.1071118936 0.04138837755
v 0.03400000185 0.1071118936 0.04138837755
v 0.03450000286 0.1071118936 0.04138837755
v 0.03500000015 0.1071118936 0.04138837755
v 0.03550000116 0.1071042717 0.04126124084
v 0.03600000218 0.1071195155 0.04151551425
v 0.03650000319 0.1071347594 0.04176978767
v 0.03700000048 0.1071728766 0.04240548611
v 0.03750000149 0.1071957424 0.04278689623
v 0.0380000025 0.1072109938 0.04304116964
v 0.03850000352 0.1072033644 0.04291403294
v 0.0390000008 0.1072033644 0.04291403294
v 0.03950000182 0.1071881205 0.04265974462
v 0.04000000283 0.1071804985 0.04253262281
v 0.04050000012 0.1071423814 0.04189692438
v 0.04100000113 0.1071195155 0.04151551425
v 0.04150000215 0.1071271375 0.04164266586
v 0.04200000316 0.1071423814 0.04189692438
v 0.04250000045 0.1071576327 0.04215121269
v 0.04300000146 0.1071957424 0.04278689623
v 0.04350000247 0.1071881205 0.04265974462
v 0.04400000349 0.1071804985 0.04253262281
v 0.04450000077 0.1071652547 0.0422783345
v 0.04500000179 0.1071347594 0.04176978767
v 0.0455000028 0.1071271375 0.04164266586
v 0.04600000381 0.1071195155 0.04151551425
v 0.0465000011 0.1070127934 0.03973560035
v 0.04700000212 0.1070280373 0.03998987377
v 0.04750000313 0.1070432886 0.04024414718
v 0.04800000042 0.1069670543 0.03897276521
v 0.04850000143 0.1069137007 0.03808280081
v 0.04900000244 0.1068832055 0.03757427633
v 0.04950000346 0.1068603396 0.03719284385
v -0.01875000075 0.108731553 0.05917090178
v -0.01825000159 0.1087479591 0.05953006446
v -0.01775000058 0.1087534279 0.05964978039
v -0.01725000143 0.1087698415 0.06000892818
v -0.01675000042 0.1087862477 0.06036809087
v -0.01625000127 0.1088026613 0.06072725356
v -0.01575000025 0.1088135988 0.06096670032
v -0.0152500011 0.1088245362 0.06120613217
v -0.01475000102 0.1088409498 0.06156527996
v -0.01425000094 0.1088464186 0.06168501079
v -0.01375000086 0.1088518873 0.06180472672
v -0.01325000077 0.108857356 0.06192445755
v -0.01275000069 0.1088518873 0.06180472672
v -0.01225000061 0.108857356 0.06192445755
v -0.01175000053 0.1088628247 0.06204415858
v -0.01125000045 0.1088682935 0.06216388941
v -0.01075000037 0.1088737696 0.06228360534
v -0.01025000028 0.1088847071 0.0625230372
v -0.009750000201 0.1088956445 0.06276249886
v -0.009250000119 0.1089011133 0.06288219988
v -0.008750000037 0.1088956445 0.06276249886
v -0.008249999955 0.1088956445 0.06276249886
v -0.007750000339 0.1088792384 0.06240332127
v -0.007250000257 0.1088737696 0.06228360534
v -0.006750000175 0.1088682935 0.06216388941
v -0.006250000093 0.1088628247 0.06204415858
v -0.005750000477 0.1088628247 0.06204415858
v -0.005250000395 0.1088518873 0.06180472672
v -0.004750000313 0.1088518873 0.06180472672
v -0.004250000231 0.1088409498 0.06156527996
v -0.003750000149 0.1088409498 0.06156527996
v -0.003250000067 0.1088300049 0.0613258481
v -0.002750000218 0.1088300049 0.0613258481
v -0.002250000136 0.1088190675 0.06108641624
v -0.001750000054 0.1088135988 0.06096670032
v -0.001250000088 0.1088026613 0.06072725356
v -0.0007500000065 0.1087862477 0.06036809087
v -0.0002500000119 0.1087588966 0.05976951122
v 0.0002500000119 0.1087424904 0.05941033363
v 0.0007500000065 0.1087206081 0.05893146992
v 0.001250000088 0.1086987332 0.0584525913
v 0.001750000054 0.1086604446 0.0576145649
v 0.002250000136 0.1086549684 0.05749483407
v 0.002750000218 0.1086494997 0.05737511814
v 0.003250000067 0.1086494997 0.05737511814
v 0.003750000149 0.1086221561 0.05677652359
v 0.004250000231 0.1085893363 0.05605819821
v 0.004750000313 0.1085729226 0.05569903553
v 0.005250000395 0.1085510403 0.05522017181
v 0.005750000477 0.108507283 0.05426241457
v 0.006250000093 0.1084908769 0.05390325189
v 0.006750000175 0.1084088236 0.05210745335
v 0.007250000257 0.1084088236 0.05210745335
v 0.007750000339 0.1083486602 0.05079054832
v 0.008249999955 0.1083322465 0.05043140054
v 0.008750000037 0.1083267778 0.05031168461
v 0.009250000119 0.1082275733 0.04825420678
v 0.009750000201 0.1082200259 0.04812708497
v 0.01025000028 0.108189851 0.04761856794
v 0.01075000037 0.1081445962 0.0468557626
v 0.01125000045 0.1081219614 0.04647436738
v 0.01175000053 0.1080993339 0.04609297216
v 0.01225000061 0.1080389842 0.0450759083
v 0.01275000069 0.1079937294 0.04431311786
v 0.01325000077 0.1079409197 0.04342320561
v 0.01375000086 0.1079258323 0.0431689173
v 0.01425000094 0.1079182923 0.04304181039
v 0.01475000102 0.1079182923 0.04304181039
v 0.0152500011 0.1079107523 0.04291467369
v 0.01575000025 0.1079107523 0.04291467369
v 0.01625000127 0.1079182923 0.04304181039
v 0.01675000042 0.1079182923 0.04304181039
v 0.01725000143 0.1079182923 0.04304181039
v 0.01775000058 0.1079182923 0.04304181039
v 0.01825000159 0.1079258323 0.0431689173
v 0.01875000075 0.1079182923 0.04304181039
v 0.01925000176 0.1079182923 0.04304181039
v 0.01975000091 0.1079182923 0.04304181039
v 0.02025000006 0.1079182923 0.04304181039
v 0.02075000107 0.1079032049 0.04278753698
v 0.02125000022 0.1078956649 0.04266040027
v 0.02175000124 0.10787303 0.04227900505
v 0.02225000039 0.10786549 0.04215189815
v 0.0227500014 0.1078504026 0.04189760983
v 0.02325000055 0.1078353152 0.04164336622
v 0.02375000156 0.1078277752 0.04151621461
v 0.02425000072 0.1078202277 0.0413890779
v 0.02475000173 0.1078202277 0.0413890779
v 0.02525000088 0.1078126878 0.0412619561
v 0.02575000189 0.1078202277 0.0413890779
v 0.02625000104 0.1078202277 0.0413890779
v 0.02675000206 0.1078202277 0.0413890779
v 0.02725000121 0.1078126878 0.0412619561
v 0.02775000222 0.1078277752 0.04151621461
v 0.02825000137 0.1078353152 0.04164336622
v 0.02875000052 0.1078277752 0.04151621461
v 0.02925000153 0.1078428552 0.04177047312
v 0.02975000069 0.1078428552 0.04177047312
v 0.0302500017 0.1078504026 0.04189760983
v 0.03075000085 0.1078353152 0.04164336622
v 0.03125 0.1078353152 0.04164336622
v 0.03175000101 0.1078428552 0.04177047312
v 0.03225000203 0.1078277752 0.04151621461
v 0.03275000304 0.1078051403 0.04113483429
v 0.03325000033 0.1077976003 0.04100769758
v 0.03375000134 0.1077976003 0.04100769758
v 0.03425000235 0.1078051403 0.04113483429
v 0.03475000337 0.1077825129 0.04075343907
v 0.03525000066 0.1077825129 0.04075343907
v 0.03575000167 0.1077825129 0.04075343907
v 0.03625000268 0.1077749655 0.04062630236
v 0.03674999997 0.1077749655 0.04062630236
v 0.03725000098 0.1077900529 0.04088056087
v 0.037750002 0.1078277752 0.04151621461
v 0.03825000301 0.1078504026 0.04189760983
v 0.0387500003 0.1078579426 0.04202476144
v 0.03925000131 0.10786549 0.04215189815
v 0.03975000232 0.10786549 0.04215189815
v 0.04025000334 0.1078202277 0.0413890779
v 0.04075000063 0.1078126878 0.0412619561
v 0.04125000164 0.1078202277 0.0413890779
v 0.04175000265 0.1078202277 0.0413890779
v 0.04225000367 0.1078126878 0.0412619561
v 0.04275000095 0.1077825129 0.04075343907
v 0.04325000197 0.1077749655 0.04062630236
v 0.04375000298 0.107759878 0.04037201405
v 0.04425000027 0.1077447981 0.04011777043
v 0.04475000128 0.1076542735 0.0385921821
v 0.04525000229 0.1076542735 0.0385921821
v 0.04575000331 0.1076618209 0.03871931881
v 0.0462500006 0.1076542735 0.0385921821
v 0.04675000161 0.1076919883 0.03922785074
v 0.04725000262 0.1075260341 0.03643094748
v 0.04775000364 0.1074506044 0.03515962511
v 0.04825000092 0.1074581444 0.03528676182
v -0.0195000004 0.1093098447 0.05653731525
v -0.01900000125 0.1093421876 0.05725562572
v -0.01850000024 0.1093583629 0.05761478841
v -0.01800000109 0.1093799323 0.05809362233
v -0.01750000007 0.1093907133 0.05833308399
v -0.01700000092 0.1093799323 0.05809362233
v -0.01600000076 0.1094554141 0.05976969004
v -0.01550000068 0.1094823703 0.06036825478
v -0.0150000006 0.1094877645 0.06048798561
v -0.01450000051 0.1094985455 0.06072740257
v -0.01400000043 0.1095147207 0.06108656526
v -0.01350000035 0.109520115 0.06120626628
v -0.01300000027 0.1095308959 0.06144571304
v -0.01250000019 0.109520115 0.06120626628
v -0.0120000001 0.1095308959 0.06144571304
v -0.01150000095 0.1095255017 0.06132599711
v -0.01100000087 0.1095362902 0.06156541407
v -0.01050000079 0.1095524654 0.06192459166
v -0.01000000071 0.1095632464 0.06216400862
v -0.009500000626 0.1095632464 0.06216400862
v -0.009000000544 0.1095578521 0.06204429269
v -0.008500000462 0.1095524654 0.06192459166
v -0.00800000038 0.1095416769 0.0616851449
v -0.007500000298 0.1095416769 0.0616851449
v -0.007000000216 0.109520115 0.06120626628
v -0.006500000134 0.1095147207 0.06108656526
v -0.006000000052 0.109520115 0.06120626628
v -0.005500000436 0.109520115 0.06120626628
v -0.005000000354 0.1095255017 0.06132599711
v -0.004500000272 0.109520115 0.06120626628
v -0.00400000019 0.1095255017 0.06132599711
v -0.003500000108 0.1095147207 0.06108656526
v -0.003000000026 0.1095093265 0.06096684933
v -0.002500000177 0.1094985455 0.06072740257
v -0.002000000095 0.1094931588 0.06060770154
v -0.001500000013 0.1094769835 0.06024853885
v -0.001000000047 0.1094661951 0.06000910699
v -0.0005000000237 0.1094500199 0.05964995921
v 0 0.1094338447 0.05929081142
v 0.0005000000237 0.1094176769 0.05893166363
v 0.001000000047 0.1093583629 0.05761478841
v 0.001500000013 0.1093583629 0.05761478841
v 0.002000000095 0.1093421876 0.05725562572
v 0.002500000177 0.1093421876 0.05725562572
v 0.003000000026 0.1093314067 0.05701619387
v 0.003500000108 0.1093098447 0.05653731525
v 0.00400000019 0.1092774943 0.05581903458
v 0.004500000272 0.1092667058 0.05557957292
v 0.005000000354 0.1092343628 0.05486127734
v 0.005500000436 0.1092073992 0.0542626977
v 0.006000000052 0.1091211364 0.05234724283
v 0.006500000134 0.1091211364 0.05234724283
v 0.007000000216 0.1091103554 0.05210778117
v 0.007500000298 0.1090833992 0.05150921643
v 0.00800000038 0.1090294793 0.05031205714
v 0.008500000462 0.1090240851 0.05019232631
v 0.009000000544 0.1089647785 0.04887543619
v 0.009500000626 0.108924143 0.0481275171
v 0.01000000071 0.1088868231 0.04749187827
v 0.01050000079 0.1088569686 0.04698336124
v 0.01100000087 0.1088345796 0.04660198092
v 0.01150000095 0.1088047177 0.0460934788
v 0.0120000001 0.1087673977 0.04545783997
v 0.01250000019 0.1086554453 0.04355093837
v 0.01300000027 0.1086405143 0.04329669476
v 0.01350000035 0.1086330488 0.04316955805
v 0.01400000043 0.1086255908 0.04304245114
v 0.01450000051 0.1086181253 0.04291531444
v 0.0150000006 0.1086255908 0.04304245114
v 0.01550000068 0.1086255908 0.04304245114
v 0.01600000076 0.1086405143 0.04329669476
v 0.01649999991 0.1086405143 0.04329669476
v 0.01700000092 0.1086405143 0.04329669476
v 0.01750000007 0.1086479798 0.04342381656
v 0.01800000109 0.1086629033 0.04367807508
v 0.01850000024 0.1086554453 0.04355093837
v 0.01900000125 0.1086554453 0.04355093837
v 0.0195000004 0.1086479798 0.04342381656
v 0.02000000142 0.1086554453 0.04355093837
v 0.02050000057 0.1086479798 0.04342381656
v 0.02100000158 0.1086405143 0.04329669476
v 0.02150000073 0.1086330488 0.04316955805
v 0.02200000174 0.1086106598 0.04278819263
v 0.02250000089 0.1085882708 0.04240681231
v 0.02300000191 0.1085733399 0.0421525687
v 0.02350000106 0.1085509509 0.04177117348
v 0.02400000021 0.1085360199 0.04151692986
v 0.02450000122 0.1085285544 0.04138979316
v 0.02500000037 0.1085210964 0.04126267135
v 0.02550000139 0.1085136309 0.04113554955
v 0.02600000054 0.1085061654 0.04100841284
v 0.02650000155 0.1085061654 0.04100841284
v 0.0270000007 0.1085061654 0.04100841284
v 0.02750000171 0.1085136309 0.04113554955
v 0.02800000086 0.1085136309 0.04113554955
v 0.02850000188 0.1085210964 0.04126267135
v 0.02900000103 0.1085285544 0.04138979316
v 0.02950000204 0.1085285544 0.04138979316
v 0.03000000119 0.1085285544 0.04138979316
v 0.03050000221 0.1085285544 0.04138979316
v 0.03100000136 0.1085210964 0.04126267135
v 0.03150000051 0.1085285544 0.04138979316
v 0.03200000152 0.1085136309 0.04113554955
v 0.03250000253 0.1084912419 0.04075418413
v 0.03299999982 0.1084837765 0.04062703252
v 0.03350000083 0.108476311 0.04049991071
v 0.03400000185 0.108476311 0.04049991071
v 0.03450000286 0.1084688455 0.040372774
v 0.03500000015 0.108453922 0.04011853039
v 0.03550000116 0.108453922 0.04011853039
v 0.03600000218 0.108453922 0.04011853039
v 0.03650000319 0.10846138 0.0402456671
v 0.03700000048 0.108453922 0.04011853039
v 0.03750000149 0.1084315255 0.03973716497
v 0.0380000025 0.1083718166 0.03872013837
v 0.03850000352 0.1084016711 0.0392286554
v 0.0390000008 0.108416602 0.03948289156
v 0.03950000182 0.108453922 0.04011853039
v 0.04000000283 0.108476311 0.04049991071
v 0.04050000012 0.1084912419 0.04075418413
v 0.04100000113 0.1085061654 0.04100841284
v 0.04150000215 0.1084912419 0.04075418413
v 0.04200000316 0.1084837765 0.04062703252
v 0.04250000045 0.1084688455 0.040372774
v 0.04300000146 0.1084688455 0.040372774
v 0.04350000247 0.1084464565 0.03999140859
v 0.04400000349 0.108438991 0.03986428678
v 0.04450000077 0.1083494276 0.0383387655
v 0.04500000179 0.1083718166 0.03872013837
v 0.0455000028 0.1083643511 0.03859300911
v 0.04600000381 0.1083270311 0.03795739263
v 0.0465000011 0.1083121076 0.03770312667
v 0.04700000212 0.1082523912 0.03668610752
v 0.04750000313 0.1082300022 0.03630473465
v 0.04800000042 0.1081777588 0.03541484475
v 0.04850000143 0.1081702933 0.03528773785
v -0.01925000176 0.110013783 0.0566572845
v -0.01875000075 0.1100403517 0.05725584924
v -0.01825000159 0.1100562885 0.05761499703
v -0.01775000058 0.1100669131 0.05785441399
v -0.01725000143 0.110077545 0.05809383094
v -0.01675000042 0.1100828573 0.05821357667
v -0.01625000127 0.1100934818 0.05845300853
v -0.01575000025 0.1101041064 0.05869242549
v -0.0152500011 0.1101200506 0.05905155838
v -0.01475000102 0.1101359874 0.05941070616
v -0.01425000094 0.1101412997 0.05953042209
v -0.01375000086 0.1101519316 0.05976985395
v -0.01325000077 0.1101519316 0.05976985395
v -0.01275000069 0.1101678684 0.06012900174
v -0.01225000061 0.1101838052 0.06048814952
v -0.01175000053 0.1101731807 0.06024870276
v -0.01125000045 0.1101678684 0.06012900174
v -0.01075000037 0.1101731807 0.06024870276
v -0.01025000028 0.110178493 0.06036841869
v -0.009750000201 0.1101944372 0.06072756648
v -0.009250000119 0.1101944372 0.06072756648
v -0.008750000037 0.1101997495 0.06084728241
v -0.008249999955 0.1102050617 0.06096699834
v -0.007750000339 0.110210374 0.06108671427
v -0.007250000257 0.1102050617 0.06096699834
v -0.006750000175 0.1101997495 0.06084728241
v -0.006250000093 0.1101997495 0.06084728241
v -0.005750000477 0.1101891249 0.06060786545
v -0.005250000395 0.1101944372 0.06072756648
v -0.004750000313 0.1102050617 0.06096699834
v -0.004250000231 0.1101944372 0.06072756648
v -0.003750000149 0.1101891249 0.06060786545
v -0.003250000067 0.1101838052 0.06048814952
v -0.002750000218 0.1101731807 0.06024870276
v -0.002250000136 0.1101678684 0.06012900174
v -0.001750000054 0.1101519316 0.05976985395
v -0.001250000088 0.1101466194 0.05965013802
v -0.0007500000065 0.1101306751 0.05929100513
v -0.0002500000119 0.1101147383 0.05893185735
v 0.0002500000119 0.1100722328 0.05797412992
v 0.0007500000065 0.1100562885 0.05761499703
v 0.001250000088 0.1100562885 0.05761499703
v 0.001750000054 0.110045664 0.05737556517
v 0.002250000136 0.1100297272 0.05701641738
v 0.002750000218 0.1099925339 0.05617842078
v 0.003250000067 0.1099819019 0.05593898892
v 0.003750000149 0.1099553406 0.05534042418
v 0.004250000231 0.1099447086 0.05510099232
v 0.004750000313 0.1099234596 0.05462214351
v 0.005250000395 0.1099022031 0.05414327979
v 0.005750000477 0.1098225042 0.05234757066
v 0.006250000093 0.1098278165 0.05246727169
v 0.006750000175 0.1098065674 0.05198842287
v 0.007250000257 0.1097693741 0.05115042627
v 0.007750000339 0.1097428054 0.05055184662
v 0.008249999955 0.1096949875 0.04947440326
v 0.008750000037 0.1096577942 0.04863640666
v 0.009250000119 0.1096356437 0.04825504124
v 0.009750000201 0.1095913351 0.04749232531
v 0.01025000028 0.109561801 0.04698383808
v 0.01075000037 0.1095322594 0.04647535086
v 0.01125000045 0.1095101088 0.04609398544
v 0.01175000053 0.1093402654 0.0431701839
v 0.01225000061 0.1093402654 0.0431701839
v 0.01275000069 0.1093328819 0.04304309189
v 0.01325000077 0.1093328819 0.04304309189
v 0.01375000086 0.1093328819 0.04304309189
v 0.01425000094 0.1093328819 0.04304309189
v 0.01475000102 0.1093402654 0.0431701839
v 0.0152500011 0.1093402654 0.0431701839
v 0.01575000025 0.1093550399 0.04342444241
v 0.01625000127 0.1093624234 0.04355154932
v 0.01675000042 0.1093698069 0.04367868602
v 0.01725000143 0.1093698069 0.04367868602
v 0.01775000058 0.109384574 0.04393294454
v 0.01825000159 0.109384574 0.04393294454
v 0.01875000075 0.109399341 0.04418717325
v 0.01925000176 0.1093919575 0.04406005144
v 0.01975000091 0.109384574 0.04393294454
v 0.02025000006 0.1093919575 0.04406005144
v 0.02075000107 0.1093771905 0.04380580783
v 0.02125000022 0.1093698069 0.04367868602
v 0.02175000124 0.1093698069 0.04367868602
v 0.02225000039 0.1093550399 0.04342444241
v 0.0227500014 0.1093181148 0.04278884828
v 0.02325000055 0.1093033478 0.04253460467
v 0.02375000156 0.1092664227 0.04189898074
v 0.02425000072 0.1092516556 0.04164475203
v 0.02475000173 0.1092295051 0.04126338661
v 0.02525000088 0.1092295051 0.04126338661
v 0.02575000189 0.1091999635 0.04075491428
v 0.02625000104 0.1091999635 0.04075491428
v 0.02675000206 0.1091999635 0.04075491428
v 0.02725000121 0.1091999635 0.04075491428
v 0.02775000222 0.10919258 0.04062777758
v 0.02825000137 0.1091999635 0.04075491428
v 0.02875000052 0.109207347 0.04088202119
v 0.02925000153 0.109207347 0.04088202119
v 0.02975000069 0.109214738 0.04100914299
v 0.0302500017 0.109207347 0.04088202119
v 0.03075000085 0.109207347 0.04088202119
v 0.03125 0.109214738 0.04100914299
v 0.03175000101 0.109207347 0.04088202119
v 0.03225000203 0.1091851965 0.04050065577
v 0.03275000304 0.1091704294 0.04024642706
v 0.03325000033 0.1091556624 0.03999218345
v 0.03375000134 0.1091556624 0.03999218345
v 0.03425000235 0.1091482788 0.03986506164
v 0.03475000337 0.1091408953 0.03973793983
v 0.03525000066 0.1091261208 0.03948368132
v 0.03575000167 0.1091187373 0.03935657442
v 0.03625000268 0.1091187373 0.03935657442
v 0.03674999997 0.1091187373 0.03935657442
v 0.03725000098 0.1091113538 0.03922945261
v 0.037750002 0.1090670452 0.03846673667
v 0.03825000301 0.1090892032 0.03884809464
v 0.0387500003 0.1091039702 0.03910232335
v 0.03925000131 0.1090670452 0.03846673667
v 0.03975000232 0.1091408953 0.03973793983
v 0.04025000334 0.1091556624 0.03999218345
v 0.04075000063 0.1091482788 0.03986506164
v 0.04125000164 0.1091113538 0.03922945261
v 0.04175000265 0.1091408953 0.03973793983
v 0.04225000367 0.1091482788 0.03986506164
v 0.04275000095 0.1091335043 0.03961081803
v 0.04325000197 0.1091261208 0.03948368132
v 0.04375000298 0.1090079769 0.03744976223
v 0.04425000027 0.1090375111 0.037958242
v 0.04475000128 0.1090522781 0.03821247816
v 0.04525000229 0.1090375111 0.037958242
v 0.04575000331 0.1090153605 0.03757689148
v 0.0462500006 0.1089858189 0.03706839681
v 0.04675000161 0.1089267433 0.03605142981
v 0.04725000262 0.1089193597 0.03592430055
v -0.05200000107 0.107431978 -0.003001667559
v -0.05150000378 0.1074607968 -0.002462461591
v -0.01800000109 0.1107437462 0.05737578869
v -0.01750000007 0.1107542142 0.05761522055
v -0.01700000092 0.1107646823 0.0578546375
v -0.01649999991 0.1107803881 0.05821377039
v -0.01600000076 0.1107856259 0.05833348632
v -0.01550000068 0.1108013242 0.0586926192
v -0.0150000006 0.1108117998 0.05893205106
v -0.01450000051 0.1108222678 0.05917146802
v -0.01400000043 0.1108327359 0.05941088498
v -0.01350000035 0.110843204 0.05965031683
v -0.01300000027 0.110843204 0.05965031683
v -0.01250000019 0.1108484417 0.05977003276
v -0.0120000001 0.1108536795 0.05988973379
v -0.01150000095 0.1108589098 0.06000944972
v -0.01100000087 0.1108536795 0.05988973379
v -0.01050000079 0.1108641475 0.06012916565
v -0.01000000071 0.1108641475 0.06012916565
v -0.009500000626 0.1108746156 0.06036858261
v -0.009000000544 0.1108798534 0.06048831344
v -0.008500000462 0.1108850837 0.06060801446
v -0.00800000038 0.1108903214 0.06072771549
v -0.007500000298 0.1108903214 0.06072771549
v -0.007000000216 0.1108850837 0.06060801446
v -0.006500000134 0.1108798534 0.06048831344
v -0.006000000052 0.1108589098 0.06000944972
v -0.005500000436 0.1108589098 0.06000944972
v -0.005000000354 0.1108746156 0.06036858261
v -0.004500000272 0.1108641475 0.06012916565
v -0.00400000019 0.1108589098 0.06000944972
v -0.003500000108 0.1108589098 0.06000944972
v -0.003000000026 0.1108484417 0.05977003276
v -0.002500000177 0.1108379737 0.05953060091
v -0.002000000095 0.1108275056 0.05929118395
v -0.001500000013 0.1108222678 0.05917146802
v -0.001000000047 0.1108117998 0.05893205106
v -0.0005000000237 0.1107594445 0.05773492157
v 0 0.1107594445 0.05773492157
v 0.0005000000237 0.1107542142 0.05761522055
v 0.001000000047 0.1107489765 0.05749550462
v 0.001500000013 0.1107437462 0.05737578869
v 0.002000000095 0.1107175648 0.05677723885
v 0.002500000177 0.1106913909 0.0561786741
v 0.003000000026 0.110654749 0.0553406924
v 0.003500000108 0.1106285751 0.05474212766
v 0.00400000019 0.110618107 0.0545026958
v 0.004500000272 0.1105971634 0.05402386189
v 0.005000000354 0.1105186418 0.05222816765
v 0.005500000436 0.1105238721 0.05234789848
v 0.006000000052 0.1105238721 0.05234789848
v 0.006500000134 0.1104924679 0.05162960291
v 0.007000000216 0.110466294 0.05103105307
v 0.007500000298 0.1104505882 0.05067192018
v 0.00800000038 0.1103772968 0.04899595678
v 0.008500000462 0.1103542894 0.04850970209
v 0.009000000544 0.1103323698 0.04812835157
v 0.009500000626 0.1102739349 0.04711142182
v 0.01000000071 0.1102447137 0.0466029644
v 0.01050000079 0.1102154925 0.04609449208
v 0.01100000087 0.110208191 0.04596737027
v 0.01150000095 0.1100401804 0.04304373264
v 0.0120000001 0.1100401804 0.04304373264
v 0.01250000019 0.110047482 0.04317082465
v 0.01300000027 0.1100401804 0.04304373264
v 0.01350000035 0.110047482 0.04317082465
v 0.01400000043 0.110047482 0.04317082465
v 0.01450000051 0.110047482 0.04317082465
v 0.0150000006 0.1100620925 0.04342506826
v 0.01550000068 0.1100694016 0.04355217516
v 0.01600000076 0.1100840122 0.04380641878
v 0.01649999991 0.1100840122 0.04380641878
v 0.01700000092 0.1100986153 0.04406064749
v 0.01750000007 0.1101132259 0.0443148762
v 0.01800000109 0.1101205349 0.04444201291
v 0.01850000024 0.1101351455 0.04469621181
v 0.01900000125 0.1101424471 0.04482334852
v 0.0195000004 0.1101278365 0.04456910491
v 0.02000000142 0.1101205349 0.04444201291
v 0.02050000057 0.1101205349 0.04444201291
v 0.02100000158 0.1101205349 0.04444201291
v 0.02150000073 0.1101351455 0.04469621181
v 0.02200000174 0.1101132259 0.0443148762
v 0.02250000089 0.1101132259 0.0443148762
v 0.02300000191 0.1100694016 0.04355217516
v 0.02350000106 0.1100767031 0.04367929697
v 0.02400000021 0.1099963486 0.04228101671
v 0.02450000122 0.1099598259 0.04164545238
v 0.02500000037 0.1099452153 0.04139120877
v 0.02550000139 0.1099306121 0.04113699496
v 0.02600000054 0.109894082 0.04050140083
v 0.02650000155 0.109894082 0.04050140083
v 0.0270000007 0.109894082 0.04050140083
v 0.02750000171 0.1098867804 0.04037427902
v 0.02800000086 0.1098867804 0.04037427902
v 0.02850000188 0.1098867804 0.04037427902
v 0.02900000103 0.109894082 0.04050140083
v 0.02950000204 0.109894082 0.04050140083
v 0.03000000119 0.109894082 0.04050140083
v 0.03050000221 0.109894082 0.04050140083
v 0.03100000136 0.109894082 0.04050140083
v 0.03150000051 0.109901391 0.04062852263
v 0.03200000152 0.1098867804 0.04037427902
v 0.03250000253 0.1098721698 0.04012006521
v 0.03299999982 0.1098502576 0.03973871469
v 0.03350000083 0.1098429486 0.03961159289
v 0.03400000185 0.1098429486 0.03961159289
v 0.03450000286 0.109828338 0.03935737163
v 0.03500000015 0.1098137349 0.03910313547
v 0.03550000116 0.1098064259 0.03897601366
v 0.03600000218 0.1097845137 0.03859466314
v 0.03650000319 0.1097772047 0.03846756369
v 0.03700000048 0.1097625941 0.03821332008
v 0.03750000149 0.1097406819 0.03783197701
v 0.0380000025 0.1097699031 0.03834044188
v 0.03850000352 0.1097845137 0.03859466314
v 0.0390000008 0.1097772047 0.03846756369
v 0.03950000182 0.109747991 0.03795909882
v 0.04000000283 0.1097260714 0.0375777632
v 0.04050000012 0.1097041592 0.03719639033
v 0.04150000215 0.1097845137 0.03859466314
v 0.04200000316 0.1097845137 0.03859466314
v 0.04300000146 0.1096530259 0.03630658984
v 0.04350000247 0.1096968576 0.03706929088
v 0.04400000349 0.1097114608 0.03732351214
v 0.04500000179 0.1096676365 0.036560826
v -0.01725000143 0.1114160493 0.05677746236
v -0.01675000042 0.1114315167 0.05713661015
v -0.01625000127 0.1114418283 0.05737601221
v -0.01575000025 0.1114676148 0.05797456205
v -0.0152500011 0.1114830822 0.05833369493
v -0.01475000102 0.1114985496 0.05869281292
v -0.01425000094 0.1115037128 0.05881252885
v -0.01375000086 0.1115140244 0.05905194581
v -0.01325000077 0.1115191802 0.05917164683
v -0.01275000069 0.111524336 0.05929137766
v -0.01225000061 0.1115294918 0.05941107869
v -0.01175000053 0.1115346476 0.05953079462
v -0.01125000045 0.1115346476 0.05953079462
v -0.01075000037 0.1115294918 0.05941107869
v -0.01025000028 0.1115294918 0.05941107869
v -0.009750000201 0.1115398034 0.05965049565
v -0.009250000119 0.1115449592 0.05977021158
v -0.008750000037 0.1115552783 0.06000961363
v -0.008249999955 0.1115655899 0.06024903059
v -0.007750000339 0.1115604341 0.06012934446
v -0.007250000257 0.1115552783 0.06000961363
v -0.006750000175 0.1115552783 0.06000961363
v -0.006250000093 0.1115398034 0.05965049565
v -0.005750000477 0.1115294918 0.05941107869
v -0.005250000395 0.1115140244 0.05905194581
v -0.004750000313 0.1115191802 0.05917164683
v -0.004250000231 0.1115294918 0.05941107869
v -0.003750000149 0.1115294918 0.05941107869
v -0.003250000067 0.111524336 0.05929137766
v -0.002750000218 0.1115088686 0.05893224478
v -0.002250000136 0.1115088686 0.05893224478
v -0.001750000054 0.1114779264 0.05821397901
v -0.001250000088 0.1114572957 0.05773513019
v -0.0007500000065 0.1114521399 0.05761544406
v -0.0002500000119 0.1114521399 0.05761544406
v 0.0002500000119 0.1114521399 0.05761544406
v 0.0007500000065 0.1114366725 0.05725629628
v 0.001250000088 0.1114212051 0.05689716339
v 0.001750000054 0.1114005744 0.05641832948
v 0.002250000136 0.1113799512 0.05593949556
v 0.002750000218 0.1113541648 0.05534094572
v 0.003250000067 0.1113335416 0.05486211181
v 0.003750000149 0.1112200916 0.05222849548
v 0.004250000231 0.1112304106 0.05246791244
v 0.004750000313 0.11120978 0.05198907852
v 0.005250000395 0.1112200916 0.05222849548
v 0.005750000477 0.1111943126 0.05162994564
v 0.006250000093 0.1111736819 0.05115112662
v 0.006750000175 0.1111633703 0.05091169477
v 0.007250000257 0.1111324355 0.05019342899
v 0.007750000339 0.111070551 0.04875691235
v 0.008249999955 0.1110437214 0.04825587571
v 0.008750000037 0.1110220402 0.04787454009
v 0.009250000119 0.1109642386 0.04685766995
v 0.009750000201 0.1109208912 0.04609501362
v 0.01025000028 0.1108992174 0.045713678
v 0.01075000037 0.1108847633 0.04545944929
v 0.01125000045 0.1107474864 0.04304435849
v 0.01175000053 0.1107474864 0.04304435849
v 0.01225000061 0.110754706 0.0431714505
v 0.01275000069 0.110754706 0.0431714505
v 0.01325000077 0.110754706 0.0431714505
v 0.01375000086 0.110761933 0.0432985872
v 0.01425000094 0.110761933 0.0432985872
v 0.01475000102 0.1107763872 0.04355278611
v 0.0152500011 0.1107836068 0.04367990792
v 0.01575000025 0.1107908338 0.04380701482
v 0.01625000127 0.1108125076 0.04418835044
v 0.01675000042 0.1108269617 0.04444257915
v 0.01725000143 0.1108341888 0.04456967115
v 0.01775000058 0.1108558625 0.04495100677
v 0.01825000159 0.1108703166 0.04520523548
v 0.01875000075 0.1108775362 0.04533235729
v 0.01925000176 0.1108847633 0.04545944929
v 0.01975000091 0.1108919904 0.0455865711
v 0.02025000006 0.1108847633 0.04545944929
v 0.02075000107 0.1108630896 0.04507811368
v 0.02125000022 0.1108775362 0.04533235729
v 0.02175000124 0.1108847633 0.04545944929
v 0.02225000039 0.1108703166 0.04520523548
v 0.0227500014 0.1108630896 0.04507811368
v 0.02325000055 0.1108269617 0.04444257915
v 0.02375000156 0.1108197346 0.04431545734
v 0.02425000072 0.1107836068 0.04367990792
v 0.02475000173 0.1106752306 0.04177324474
v 0.02525000088 0.1106680036 0.04164615273
v 0.02575000189 0.1106318757 0.04101058841
v 0.02625000104 0.1105885282 0.04024793208
v 0.02675000206 0.1105885282 0.04024793208
v 0.02725000121 0.1105813012 0.04012082517
v 0.02775000222 0.1105813012 0.04012082517
v 0.02825000137 0.1105813012 0.04012082517
v 0.02875000052 0.1105740741 0.03999371827
v 0.02925000153 0.1105668545 0.03986661136
v 0.02975000069 0.1105596274 0.03973950446
v 0.0302500017 0.1105668545 0.03986661136
v 0.03075000085 0.1105740741 0.03999371827
v 0.03125 0.1105813012 0.04012082517
v 0.03175000101 0.1105813012 0.04012082517
v 0.03225000203 0.1105668545 0.03986661136
v 0.03275000304 0.1105524004 0.03961238265
v 0.03325000033 0.1105307266 0.03923105448
v 0.03375000134 0.1105307266 0.03923105448
v 0.03425000235 0.1105162725 0.03897682577
v 0.03475000337 0.1105018258 0.03872261196
v 0.03525000066 0.1104945987 0.03859549761
v 0.03575000167 0.1104656979 0.03808705509
v 0.03625000268 0.1104512438 0.03783283383
v 0.03674999997 0.1104295701 0.03745151311
v 0.03725000098 0.1103139669 0.03541774303
v 0.03925000131 0.110422343 0.03732439876
v 0.03975000232 0.110422343 0.03732439876
v 0.04025000334 0.110415116 0.0371972844
v 0.04125000164 0.1102995127 0.03516352922
v 0.04175000265 0.1103139669 0.03541774303
v 0.04225000367 0.1103211939 0.03554485738
v 0.04275000095 0.1102995127 0.03516352922
v 0.0462500006 0.1071314216 -0.02254693955
v 0.04675000161 0.1071385592 -0.02241212875
v -0.01700000092 0.1120891273 0.05617916584
v -0.01649999991 0.1120891273 0.05617916584
v -0.01600000076 0.1120942086 0.05629888177
v -0.01550000068 0.1121399105 0.05737623572
v -0.0150000006 0.1121551469 0.05773535371
v -0.01450000051 0.1121703833 0.05809447169
v -0.01400000043 0.1121703833 0.05809447169
v -0.01350000035 0.1121805385 0.05833390355
v -0.01300000027 0.1121856123 0.05845360458
v -0.01250000019 0.1121957749 0.05869302154
v -0.0120000001 0.1122008488 0.05881272256
v -0.01150000095 0.1122110039 0.05905213952
v -0.01100000087 0.1122008488 0.05881272256
v -0.01050000079 0.1122059301 0.05893243849
v -0.01000000071 0.1122008488 0.05881272256
v -0.009500000626 0.1122059301 0.05893243849
v -0.009000000544 0.1122110039 0.05905213952
v -0.008500000462 0.1122211665 0.05929155648
v -0.00800000038 0.1122211665 0.05929155648
v -0.007500000298 0.1122262403 0.05941125751
v -0.007000000216 0.1122262403 0.05941125751
v -0.006500000134 0.1122160852 0.05917184055
v -0.006000000052 0.1122110039 0.05905213952
v -0.005500000436 0.1121957749 0.05869302154
v -0.005000000354 0.1121805385 0.05833390355
v -0.004500000272 0.1121805385 0.05833390355
v -0.00400000019 0.1121856123 0.05845360458
v -0.003500000108 0.1121957749 0.05869302154
v -0.003000000026 0.1121703833 0.05809447169
v -0.002500000177 0.1121500656 0.05761565268
v -0.002000000095 0.1121500656 0.05761565268
v -0.001500000013 0.1121500656 0.05761565268
v -0.001000000047 0.1121449918 0.05749595165
v -0.0005000000237 0.1121399105 0.05737623572
v 0 0.1121348292 0.05725651979
v 0.0005000000237 0.1121196002 0.05689740181
v 0.001000000047 0.1121043637 0.05653828382
v 0.001500000013 0.112084046 0.05605944991
v 0.002000000095 0.1120738909 0.05582004786
v 0.002500000177 0.1120434254 0.05510179698
v 0.003000000026 0.1120383441 0.05498211086
v 0.003500000108 0.1119215414 0.0522288233
v 0.00400000019 0.1119316965 0.05246824026
v 0.004500000272 0.1119215414 0.0522288233
v 0.005000000354 0.1118606031 0.05079233646
v 0.005500000436 0.1118606031 0.05079233646
v 0.006000000052 0.1118606031 0.05079233646
v 0.006500000134 0.1118555218 0.05067263544
v 0.007000000216 0.1117996648 0.04935586452
v 0.007500000298 0.1117620468 0.04851050675
v 0.00800000038 0.1117477566 0.04825629294
v 0.008500000462 0.1117048785 0.04749366641
v 0.009000000544 0.1116477177 0.04647682607
v 0.009500000626 0.1116048396 0.04571419954
v 0.01000000071 0.1115905493 0.04545998573
v 0.01050000079 0.111569114 0.04507866502
v 0.01100000087 0.1114476323 0.04291789234
v 0.01150000095 0.1114547774 0.04304499924
v 0.0120000001 0.1114547774 0.04304499924
v 0.01250000019 0.1114547774 0.04304499924
v 0.01300000027 0.1114619225 0.04317209125
v 0.01350000035 0.1114690676 0.04329921305
v 0.01400000043 0.1114762127 0.04342631996
v 0.01450000051 0.1114905104 0.04368051887
v 0.0150000006 0.1115048006 0.04393474758
v 0.01550000068 0.1115190908 0.04418893158
v 0.01600000076 0.111533381 0.0444431603
v 0.01649999991 0.1115476713 0.0446973592
v 0.01700000092 0.1115619615 0.04495155811
v 0.01750000007 0.1115762591 0.04520578682
v 0.01800000109 0.1115976945 0.04558709264
v 0.01850000024 0.1116191298 0.04596839845
v 0.01900000125 0.1116262749 0.04609552026
v 0.0195000004 0.11163342 0.04622262716
v 0.02000000142 0.1116262749 0.04609552026
v 0.02050000057 0.1116548628 0.04660393298
v 0.02100000158 0.1116834432 0.0471123457
v 0.02150000073 0.1116762981 0.04698525369
v 0.02200000174 0.1116477177 0.04647682607
v 0.02250000089 0.1116620079 0.04673105478
v 0.02300000191 0.1116548628 0.04660393298
v 0.02350000106 0.1115619615 0.04495155811
v 0.02400000021 0.1115476713 0.0446973592
v 0.02450000122 0.1115048006 0.04393474758
v 0.02500000037 0.1114047617 0.04215528071
v 0.02550000139 0.111390464 0.041901052
v 0.02600000054 0.1113333032 0.04088421166
v 0.02650000155 0.11128328 0.03999447823
v 0.0270000007 0.11128328 0.03999447823
v 0.02750000171 0.1112761348 0.03986738622
v 0.02800000086 0.1112761348 0.03986738622
v 0.02850000188 0.1112689897 0.03974027932
v 0.02900000103 0.1112618446 0.03961317241
v 0.02950000204 0.1112404019 0.03923185915
v 0.03000000119 0.1112475544 0.03935896605
v 0.03050000221 0.1112404019 0.03923185915
v 0.03100000136 0.1112546921 0.03948605061
v 0.03150000051 0.1112546921 0.03948605061
v 0.03200000152 0.1112475544 0.03935896605
v 0.03250000253 0.1112404019 0.03923185915
v 0.03299999982 0.1112261117 0.03897763789
v 0.03350000083 0.1112189665 0.03885054588
v 0.03400000185 0.1112046763 0.03859632462
v 0.03450000286 0.1111975312 0.03846923262
v 0.03500000015 0.111183241 0.03821501136
v 0.03550000116 0.1111546531 0.03770659119
v 0.03600000218 0.1111260727 0.03719817102
v 0.03650000319 0.1111189276 0.03707107902
v 0.03700000048 0.1110331789 0.03554581106
v 0.03750000149 0.1110331789 0.03554581106
v 0.0380000025 0.1109474301 0.03402055055
v 0.04000000283 0.1081940904 -0.01647943258
v 0.04050000012 0.1082011685 -0.01634463668
v 0.04250000045 0.1081021205 -0.01823201776
v 0.04600000381 0.1078545079 -0.02295047045
v 0.0465000011 0.1078757346 -0.02254603803
v -0.01675000042 0.1127279997 0.05474296212
v -0.01625000127 0.1127480045 0.05522178113
v -0.01475000102 0.1127980053 0.05641882122
v -0.01425000094 0.1128280014 0.05713705719
v -0.01375000086 0.1128280014 0.05713705719
v -0.01325000077 0.1128430068 0.05749617517
v -0.01275000069 0.1128580049 0.05785527825
v -0.01225000061 0.1128630042 0.05797497928
v -0.01175000053 0.1128680035 0.05809468031
v -0.01125000045 0.1128680035 0.05809468031
v -0.01075000037 0.1128730029 0.05821439624
v -0.01025000028 0.1128730029 0.05821439624
v -0.009750000201 0.1128630042 0.05797497928
v -0.009250000119 0.1128580049 0.05785527825
v -0.008750000037 0.1128780022 0.05833411217
v -0.008249999955 0.1128880009 0.05857349932
v -0.007750000339 0.1128880009 0.05857349932
v -0.007250000257 0.1128880009 0.05857349932
v -0.006750000175 0.1128880009 0.05857349932
v -0.006250000093 0.1128830016 0.0584538132
v -0.005750000477 0.1128780022 0.05833411217
v -0.005250000395 0.1128380001 0.05737645924
v -0.004750000313 0.1128380001 0.05737645924
v -0.004250000231 0.1128280014 0.05713705719
v -0.003750000149 0.1128380001 0.05737645924
v -0.003250000067 0.1128330007 0.05725675821
v -0.002750000218 0.1128380001 0.05737645924
v -0.002250000136 0.1128380001 0.05737645924
v -0.001750000054 0.1128330007 0.05725675821
v -0.001250000088 0.1128280014 0.05713705719
v -0.0007500000065 0.1128180027 0.05689764023
v -0.0002500000119 0.1128130034 0.0567779392
v 0.0002500000119 0.1127980053 0.05641882122
v 0.0007500000065 0.1127780005 0.0559400022
v 0.001250000088 0.1127580032 0.05546118319
v 0.001750000054 0.1127480045 0.05522178113
v 0.002250000136 0.1127230003 0.05462326109
v 0.002750000218 0.1126280054 0.05234886706
v 0.003250000067 0.1126280054 0.05234886706
v 0.003750000149 0.1126330048 0.05246856809
v 0.004250000231 0.1126280054 0.05234886706
v 0.004750000313 0.1125930026 0.05151093006
v 0.005250000395 0.1125480011 0.05043357611
v 0.005750000477 0.1125480011 0.05043357611
v 0.006250000093 0.1125380024 0.05019417405
v 0.006750000175 0.1124930009 0.0491168201
v 0.007250000257 0.1124659404 0.04851092398
v 0.007750000339 0.1124306098 0.04787540436
v 0.008249999955 0.1123740748 0.04685862362
v 0.008750000037 0.1123246104 0.04596891999
v 0.009250000119 0.1123034135 0.04558762908
v 0.009750000201 0.1122892797 0.04533343017
v 0.01025000028 0.112253949 0.04469792545
v 0.01075000037 0.1121903509 0.04355402291
v 0.01125000045 0.1121550202 0.04291853309
v 0.01175000053 0.1121620908 0.04304563999
v 0.01225000061 0.112169154 0.043172732
v 0.01275000069 0.112169154 0.043172732
v 0.01325000077 0.1121762171 0.0432998389
v 0.01375000086 0.1121903509 0.04355402291
v 0.01425000094 0.1122044846 0.04380823672
v 0.01475000102 0.1122256815 0.04418952763
v 0.0152500011 0.1122398153 0.04444374144
v 0.01575000025 0.112253949 0.04469792545
v 0.01625000127 0.1122751459 0.04507921636
v 0.01675000042 0.1122892797 0.04533343017
v 0.01725000143 0.1123034135 0.04558762908
v 0.01775000058 0.1123246104 0.04596891999
v 0.01825000159 0.1123458073 0.04635021091
v 0.01875000075 0.1123740748 0.04685862362
v 0.01925000176 0.1124094054 0.04749411345
v 0.01975000091 0.1124306098 0.04787540436
v 0.02025000006 0.1124447361 0.04812961817
v 0.02075000107 0.1124447361 0.04812961817
v 0.02125000022 0.1124447361 0.04812961817
v 0.02175000124 0.1124306098 0.04787540436
v 0.02225000039 0.1124306098 0.04787540436
v 0.0227500014 0.1124094054 0.04749411345
v 0.02325000055 0.1124023423 0.04736702144
v 0.02375000156 0.1123740748 0.04685862362
v 0.02425000072 0.112359941 0.04660442472
v 0.02475000173 0.1123387441 0.0462231338
v 0.02525000088 0.1122963503 0.04546052217
v 0.02575000189 0.112063162 0.04126624763
v 0.02625000104 0.112063162 0.04126624763
v 0.02675000206 0.1119712964 0.03961396217
v 0.02725000121 0.1119712964 0.03961396217
v 0.02775000222 0.1119712964 0.03961396217
v 0.02825000137 0.1119712964 0.03961396217
v 0.02875000052 0.1119500995 0.03923266381
v 0.02925000153 0.1119359657 0.03897845
v 0.02975000069 0.1119289026 0.03885136545
v 0.0302500017 0.1119147688 0.03859715164
v 0.03075000085 0.1119147688 0.03859715164
v 0.03125 0.111921832 0.03872425854
v 0.03175000101 0.1119147688 0.03859715164
v 0.03225000203 0.1119147688 0.03859715164
v 0.03275000304 0.1119006351 0.03834296018
v 0.03325000033 0.1119006351 0.03834296018
v 0.03375000134 0.1118935719 0.03821585327
v 0.03425000235 0.1118723676 0.03783456236
v 0.03475000337 0.1118511707 0.03745327145
v 0.03525000066 0.1118370369 0.03719905764
v 0.03575000167 0.11181584 0.03681775928
v 0.03625000268 0.1117946431 0.03643646836
v 0.03674999997 0.1117522418 0.03567387909
v 0.03725000098 0.1117522418 0.03567387909
v 0.037750002 0.1115755886 0.03249639273
v 0.03975000232 0.1089494824 -0.01620863378
v 0.04025000334 0.1089635044 -0.01593898237
v 0.04075000063 0.1089494824 -0.01620863378
v 0.04125000164 0.1089424714 -0.01634345204
v 0.04175000265 0.1088723838 -0.01769164205
v 0.04225000367 0.1088513583 -0.01809609681
v 0.04275000095 0.1088443473 -0.01823092252
v 0.04325000197 0.1088443473 -0.01823092252
v 0.04375000298 0.1087602377 -0.01984873414
v 0.04425000027 0.1087392122 -0.02025321126
v 0.04475000128 0.1086831391 -0.02133174986
v 0.04525000229 0.1087041646 -0.02092729509
v -0.01600000076 0.1133835092 0.05366590619
v -0.01450000051 0.1134622619 0.05558113754
v -0.01400000043 0.1134770215 0.05594025552
v -0.01350000035 0.1135016307 0.05653876066
v -0.01300000027 0.1135065556 0.05665847659
v -0.01250000019 0.1135114729 0.05677817762
v -0.0120000001 0.1135311648 0.05725698173
v -0.01150000095 0.113541007 0.05749638379
v -0.01100000087 0.113541007 0.05749638379
v -0.01050000079 0.113541007 0.05749638379
v -0.01000000071 0.113541007 0.05749638379
v -0.009500000626 0.1135360822 0.05737668276
v -0.009000000544 0.113541007 0.05749638379
v -0.008500000462 0.1135508493 0.05773578584
v -0.00800000038 0.1135557741 0.05785548687
v -0.007500000298 0.1135508493 0.05773578584
v -0.007000000216 0.1135557741 0.05785548687
v -0.006500000134 0.1135213226 0.05701757967
v -0.006000000052 0.1135065556 0.05665847659
v -0.005500000436 0.1135065556 0.05665847659
v -0.005000000354 0.1135163978 0.05689786375
v -0.004500000272 0.1135163978 0.05689786375
v -0.00400000019 0.1135163978 0.05689786375
v -0.003500000108 0.1135114729 0.05677817762
v -0.003000000026 0.1135163978 0.05689786375
v -0.002500000177 0.1135114729 0.05677817762
v -0.002000000095 0.1135065556 0.05665847659
v -0.001500000013 0.1134967133 0.05641905963
v -0.001000000047 0.1134868637 0.05617965758
v -0.0005000000237 0.1134770215 0.05594025552
v 0 0.1134721041 0.0558205694
v 0.0005000000237 0.1134474948 0.05522204936
v 0.001000000047 0.1134278104 0.05474323034
v 0.001500000013 0.1134228855 0.05462354422
v 0.002000000095 0.1133195311 0.05210976303
v 0.002500000177 0.1133293733 0.05234919488
v 0.003000000026 0.1133293733 0.05234919488
v 0.003500000108 0.1133195311 0.05210976303
v 0.00400000019 0.1133096889 0.05187037587
v 0.004500000272 0.1132801548 0.0511521697
v 0.005000000354 0.1132457033 0.05031426251
v 0.005500000436 0.1132407859 0.05019454658
v 0.006000000052 0.1132112518 0.04947632551
v 0.006500000134 0.1131768003 0.04863840342
v 0.007000000216 0.1131698117 0.04851132631
v 0.007500000298 0.1131069362 0.04736746848
v 0.00800000038 0.1130720004 0.04673202336
v 0.008500000462 0.1130230948 0.04584233463
v 0.009000000544 0.1130021289 0.04546105862
v 0.009500000626 0.1129811704 0.0450797677
v 0.01000000071 0.1129392534 0.04431721568
v 0.01050000079 0.1129113063 0.04380883276
v 0.01100000087 0.1128833592 0.04330046475
v 0.01150000095 0.1128554121 0.04279209673
v 0.0120000001 0.1128693819 0.04304628074
v 0.01250000019 0.1128763705 0.04317335784
v 0.01300000027 0.1128903478 0.04342755675
v 0.01350000035 0.112897329 0.04355463386
v 0.01400000043 0.112918295 0.04393595457
v 0.01450000051 0.1129322648 0.04419012368
v 0.0150000006 0.1129532233 0.04457139969
v 0.01550000068 0.1129741818 0.0449526757
v 0.01600000076 0.1129881591 0.04520687461
v 0.01649999991 0.1130091175 0.04558816552
v 0.01700000092 0.113030076 0.04596942663
v 0.01750000007 0.1130370647 0.04609653354
v 0.01800000109 0.113051042 0.04635070264
v 0.01850000024 0.1131278947 0.04774874449
v 0.01900000125 0.1131488532 0.0481300503
v 0.0195000004 0.1131558418 0.0482571274
v 0.02000000142 0.1131628305 0.04838423431
v 0.02050000057 0.1131698117 0.04851132631
v 0.02100000158 0.1131698117 0.04851132631
v 0.02150000073 0.1131628305 0.04838423431
v 0.02200000174 0.1131488532 0.0481300503
v 0.02250000089 0.1131418645 0.0480029434
v 0.02300000191 0.1131209061 0.04762166739
v 0.02350000106 0.1131139174 0.04749456048
v 0.02400000021 0.1130929589 0.04711328447
v 0.02450000122 0.1130720004 0.04673202336
v 0.02500000037 0.1130650118 0.04660490155
v 0.02550000139 0.1130440533 0.04622362554
v 0.02600000054 0.1130230948 0.04584233463
v 0.02650000155 0.1126108766 0.03834380209
v 0.0270000007 0.1126527935 0.03910636157
v 0.02750000171 0.1126527935 0.03910636157
v 0.02800000086 0.1126527935 0.03910636157
v 0.02850000188 0.1126388237 0.03885217756
v 0.02900000103 0.1126248464 0.03859797865
v 0.02950000204 0.1126178652 0.03847090155
v 0.03000000119 0.1126038879 0.03821670264
v 0.03050000221 0.1125899181 0.03796252608
v 0.03100000136 0.1125899181 0.03796252608
v 0.03150000051 0.1125829294 0.03783541918
v 0.03200000152 0.1125689521 0.03758125007
v 0.03250000253 0.1125619709 0.03745414317
v 0.03299999982 0.1125549823 0.03732704371
v 0.03350000083 0.1125270352 0.03681866825
v 0.03400000185 0.1125340238 0.0369457677
v 0.03450000286 0.1125060767 0.03643739223
v 0.03500000015 0.1125060767 0.03643739223
v 0.03550000116 0.1124781296 0.03592900932
v 0.03600000218 0.1124711409 0.03580190986
v 0.03650000319 0.1124641523 0.03567483276
v 0.0390000008 0.1096629426 -0.01674674451
v 0.03950000182 0.1096837744 -0.01634227484
v 0.04000000283 0.1096837744 -0.01634227484
v 0.04050000012 0.1096768305 -0.0164770782
v 0.04100000113 0.1096698865 -0.01661191136
v 0.04150000215 0.1096421108 -0.01715121418
v 0.04200000316 0.1095657349 -0.01863429695
v 0.04250000045 0.109551847 -0.01890394092
v 0.04300000146 0.1095240787 -0.01944324374
v 0.04350000247 0.109544903 -0.01903876662
v 0.04400000349 0.1094963029 -0.01998253912
v 0.04450000077 0.109482415 -0.02025220543
v 0.04500000179 0.1094338074 -0.02119598538
v -0.01625000127 0.1140307412 0.05234952271
v -0.01575000025 0.1140452698 0.05270861089
v -0.0152500011 0.1140452698 0.05270861089
v -0.01475000102 0.1140598059 0.05306771398
v -0.01425000094 0.1140694916 0.05330711603
v -0.01375000086 0.1140598059 0.05306771398
v -0.01325000077 0.1140791774 0.05354651809
v -0.01275000069 0.1140985489 0.0540253073
v -0.01225000061 0.1141130775 0.05438441038
v -0.01175000053 0.1141227707 0.05462382734
v -0.01125000045 0.1141324565 0.05486319959
v -0.01075000037 0.1141421422 0.05510260165
v -0.01025000028 0.1141469851 0.05522231758
v -0.009750000201 0.1141663566 0.05570110679
v -0.009250000119 0.1141711995 0.05582082272
v -0.008750000037 0.1141663566 0.05570110679
v -0.008249999955 0.1141760424 0.05594050884
v -0.007750000339 0.1141857281 0.0561799109
v -0.007250000257 0.1141857281 0.0561799109
v -0.006750000175 0.1141954213 0.05641931295
v -0.006250000093 0.1142002642 0.05653901398
v -0.005750000477 0.1142002642 0.05653901398
v -0.005250000395 0.1142051071 0.05665871501
v -0.004750000313 0.1142051071 0.05665871501
v -0.004250000231 0.1142002642 0.05653901398
v -0.003750000149 0.1141857281 0.0561799109
v -0.003250000067 0.1141808853 0.05606019497
v -0.002750000218 0.1141663566 0.05570110679
v -0.002250000136 0.1141711995 0.05582082272
v -0.001750000054 0.1141663566 0.05570110679
v -0.001250000088 0.114151828 0.0553420186
v -0.0007500000065 0.1141469851 0.05522231758
v -0.0002500000119 0.1141421422 0.05510260165
v 0.0002500000119 0.1141179204 0.05450411141
v 0.0007500000065 0.1141082346 0.05426470935
v 0.001250000088 0.1140113696 0.0518707186
v 0.001750000054 0.1140210554 0.05211010575
v 0.002250000136 0.1140258983 0.05222980678
v 0.002750000218 0.1140162125 0.05199041963
v 0.003250000067 0.1140016839 0.05163130164
v 0.003750000149 0.1139823124 0.05115252733
v 0.004250000231 0.1139532477 0.05043430626
v 0.004750000313 0.113938719 0.05007520318
v 0.005250000395 0.1139241904 0.049716115
v 0.005750000477 0.1138951257 0.04899790883
v 0.006250000093 0.1138667837 0.04838463664
v 0.006750000175 0.1138391569 0.04787626863
v 0.007250000257 0.1137769893 0.0467325002
v 0.007750000339 0.1137562692 0.04635120928
v 0.008249999955 0.1137217283 0.04571577907
v 0.008750000037 0.1136871949 0.04508031905
v 0.009250000119 0.1136664748 0.04469905794
v 0.009750000201 0.1136388481 0.04419070482
v 0.01025000028 0.1136181206 0.04380944371
v 0.01075000037 0.1136112139 0.04368235171
v 0.01125000045 0.1135697737 0.04291982949
v 0.01175000053 0.1135697737 0.04291982949
v 0.01225000061 0.1135766804 0.04304692149
v 0.01275000069 0.1135904938 0.0433010906
v 0.01325000077 0.1136043072 0.0435552597
v 0.01375000086 0.1136181206 0.04380944371
v 0.01425000094 0.1136388481 0.04419070482
v 0.01475000102 0.1136595681 0.04457198083
v 0.0152500011 0.1136733815 0.04482616484
v 0.01575000025 0.1136941016 0.04520742595
v 0.01625000127 0.1137217283 0.04571577907
v 0.01675000042 0.1137424558 0.04609704018
v 0.01775000058 0.1138184294 0.04749500751
v 0.01825000159 0.1138529703 0.04813046753
v 0.01875000075 0.1138667837 0.04838463664
v 0.01925000176 0.1138736904 0.04851172864
v 0.01975000091 0.1138805971 0.04863880575
v 0.02025000006 0.1138736904 0.04851172864
v 0.02075000107 0.1138805971 0.04863880575
v 0.02125000022 0.1138736904 0.04851172864
v 0.02175000124 0.1138322502 0.04774919152
v 0.02225000039 0.1138391569 0.04787626863
v 0.0227500014 0.1138391569 0.04787626863
v 0.02325000055 0.1138184294 0.04749500751
v 0.02375000156 0.113804616 0.04724083841
v 0.02425000072 0.1137769893 0.0467325002
v 0.02475000173 0.1137769893 0.0467325002
v 0.02525000088 0.1137700826 0.04660539329
v 0.02575000189 0.1137562692 0.04635120928
v 0.02625000104 0.1137424558 0.04609704018
v 0.02675000206 0.1133003905 0.03796337545
v 0.02725000121 0.1133349314 0.03859880567
v 0.02775000222 0.1133280247 0.03847173601
v 0.02825000137 0.1133280247 0.03847173601
v 0.02875000052 0.1133142039 0.03821754456
v 0.02925000153 0.1133003905 0.03796337545
v 0.02975000069 0.1132796705 0.03758212179
v 0.0302500017 0.1132727638 0.03745502234
v 0.03075000085 0.1132727638 0.03745502234
v 0.03125 0.1132589504 0.03720083088
v 0.03175000101 0.1132520437 0.03707376122
v 0.03225000203 0.113245137 0.03694666177
v 0.03275000304 0.1132175028 0.03643830866
v 0.03325000033 0.1132105961 0.03631121665
v 0.03375000134 0.1131967828 0.03605704755
v 0.03425000235 0.113169156 0.03554868698
v 0.03475000337 0.1131553426 0.03529451787
v 0.03525000066 0.113148436 0.03516742587
v 0.03825000301 0.1104319468 -0.01620625705
v 0.0387500003 0.1104250699 -0.0163410902
v 0.03925000131 0.1104044318 -0.01674558222
v 0.03975000232 0.1103975549 -0.01688041538
v 0.04025000334 0.1103975549 -0.01688041538
v 0.04075000063 0.1103631705 -0.01755456626
v 0.04125000164 0.1103494093 -0.01782424003
v 0.04175000265 0.1102943942 -0.01890286803
v 0.04225000367 0.1102737561 -0.0193073824
v 0.04275000095 0.1102600023 -0.01957703382
v 0.04325000197 0.1102737561 -0.0193073824
v 0.04375000298 0.1102462485 -0.01984668523
v 0.04425000027 0.1101981029 -0.02079052478
v -0.01550000068 0.1147368848 0.05246953666
v -0.0150000006 0.1147464141 0.05270893872
v -0.01450000051 0.1147654727 0.05318772793
v -0.01400000043 0.114775002 0.05342710018
v -0.01350000035 0.114775002 0.05342710018
v -0.01300000027 0.1147892997 0.05378618836
v -0.01250000019 0.1148083583 0.05426499248
v -0.0120000001 0.1148178875 0.05450439453
v -0.01150000095 0.1148274168 0.05474379659
v -0.01100000087 0.1148369461 0.05498319864
v -0.01050000079 0.1148417145 0.05510288477
v -0.01000000071 0.1148464829 0.0552225709
v -0.009500000626 0.1148560122 0.05546197295
v -0.009000000544 0.1148607731 0.05558165908
v -0.008500000462 0.1148607731 0.05558165908
v -0.00800000038 0.1148655415 0.05570136011
v -0.007500000298 0.1148703024 0.05582107604
v -0.007000000216 0.1148798317 0.05606044829
v -0.006500000134 0.1148846 0.05618016422
v -0.006000000052 0.1148893684 0.05629986525
v -0.005500000436 0.1148798317 0.05606044829
v -0.005000000354 0.1148750708 0.05594076216
v -0.004500000272 0.1148703024 0.05582107604
v -0.00400000019 0.1148560122 0.05546197295
v -0.003500000108 0.1148512438 0.05534227192
v -0.003000000026 0.1148178875 0.05450439453
v -0.002500000177 0.1148178875 0.05450439453
v -0.002000000095 0.1148226559 0.05462411046
v -0.001500000013 0.1148226559 0.05462411046
v -0.001000000047 0.1148178875 0.05450439453
v -0.0005000000237 0.1147940606 0.05390590429
v 0 0.1147892997 0.05378618836
v 0.0005000000237 0.1147035286 0.05163164437
v 0.001000000047 0.1147130579 0.05187104642
v 0.001500000013 0.1147130579 0.05187104642
v 0.002000000095 0.1147178262 0.05199074745
v 0.002500000177 0.1146892309 0.05127254128
v 0.003000000026 0.1146749407 0.050913468
v 0.003500000108 0.1146511137 0.05031499267
v 0.00400000019 0.1146320552 0.04983618855
v 0.004500000272 0.1146177575 0.04947708547
v 0.005000000354 0.1146082282 0.04923769832
v 0.005500000436 0.1145844012 0.04863920808
v 0.006000000052 0.1145366058 0.04774962366
v 0.006500000134 0.1145024672 0.04711420834
v 0.007000000216 0.1144410223 0.04597045481
v 0.007500000298 0.1144273654 0.04571630061
v 0.00800000038 0.1143932268 0.04508088529
v 0.008500000462 0.114365913 0.04457254708
v 0.009000000544 0.1143522561 0.04431837797
v 0.009500000626 0.1143386066 0.04406420887
v 0.01000000071 0.1143181175 0.04368296266
v 0.01050000079 0.1143181175 0.04368296266
v 0.01100000087 0.1143249497 0.04381005466
v 0.01150000095 0.1142908111 0.04317462444
v 0.0120000001 0.1142703295 0.04279339314
v 0.01250000019 0.1142839789 0.04304756224
v 0.01300000027 0.1142976359 0.04330171645
v 0.01350000035 0.1143112928 0.04355587065
v 0.01400000043 0.1143317744 0.04393714666
v 0.01450000051 0.1143522561 0.04431837797
v 0.0150000006 0.1143727452 0.04469962418
v 0.01550000068 0.1143932268 0.04508088529
v 0.01600000076 0.1144205332 0.0455892235
v 0.01750000007 0.1145366058 0.04774962366
v 0.01800000109 0.1145639196 0.04825796187
v 0.01850000024 0.1145775765 0.04851213098
v 0.01900000125 0.1145844012 0.04863920808
v 0.0195000004 0.1145775765 0.04851213098
v 0.02000000142 0.1145366058 0.04774962366
v 0.02500000037 0.1144615039 0.04635170102
v 0.02550000139 0.1144546717 0.04622463882
v 0.02600000054 0.1144410223 0.04597045481
v 0.02650000155 0.1144410223 0.04597045481
v 0.0270000007 0.1140040457 0.03783714026
v 0.02750000171 0.1140040457 0.03783714026
v 0.02800000086 0.1140040457 0.03783714026
v 0.02850000188 0.113997221 0.03771005571
v 0.02900000103 0.1139699072 0.03720172495
v 0.02950000204 0.1139562503 0.03694756329
v 0.03000000119 0.1139562503 0.03694756329
v 0.03050000221 0.1139425933 0.03669338673
v 0.03100000136 0.1139425933 0.03669338673
v 0.03150000051 0.1139289439 0.03643923253
v 0.03200000152 0.1139221117 0.03631214052
v 0.03250000253 0.1138879731 0.03567674011
v 0.03299999982 0.1138811484 0.03554964811
v 0.03350000083 0.1138470098 0.03491422534
v 0.03500000015 0.1136490032 0.03122881055
v 0.0380000025 0.1111663654 -0.01633990556
v 0.03850000352 0.1111731753 -0.01620506495
v 0.0390000008 0.1111050546 -0.01755343378
v 0.03950000182 0.1110914275 -0.01782312244
v 0.04000000283 0.1110914275 -0.01782312244
v 0.04050000012 0.1110709906 -0.01822762936
v 0.04100000113 0.1110641807 -0.01836244762
v 0.04150000215 0.111036934 -0.0189018026
v 0.04200000316 0.1110301241 -0.01903665066
v 0.04250000045 0.1109892502 -0.01984565705
v 0.04300000146 0.1109824404 -0.01998050511
v 0.04350000247 0.1109347567 -0.02092436701
v -0.01475000102 0.1154241115 0.0521107614
v -0.01425000094 0.1154241115 0.0521107614
v -0.01275000069 0.1154850423 0.05366680026
v -0.01225000061 0.1154944152 0.05390620232
v -0.01175000053 0.1154991016 0.05402590334
v -0.01125000045 0.1155131608 0.05438497663
v -0.01075000037 0.1155178472 0.05450467765
v -0.01025000028 0.1155272201 0.05474406481
v -0.009750000201 0.1155319065 0.05486375093
v -0.009250000119 0.1155365929 0.05498346686
v -0.008750000037 0.1155225337 0.05462437868
v -0.008249999955 0.1155319065 0.05486375093
v -0.007750000339 0.1155272201 0.05474406481
v -0.007250000257 0.1155459732 0.05522283912
v -0.006750000175 0.1155459732 0.05522283912
v -0.006250000093 0.1155506596 0.05534254014
v -0.005750000477 0.1155412793 0.05510315299
v -0.005250000395 0.1155365929 0.05498346686
v -0.004750000313 0.1155365929 0.05498346686
v -0.004250000231 0.1155272201 0.05474406481
v -0.003750000149 0.1155272201 0.05474406481
v -0.003250000067 0.115503788 0.05414558947
v -0.002750000218 0.1154897287 0.05378648639
v -0.002250000136 0.1154616103 0.05306832492
v -0.001750000054 0.1153819337 0.05103351176
v -0.001250000088 0.1153913066 0.05127289891
v -0.0007500000065 0.115395993 0.05139259994
v -0.0002500000119 0.1154053658 0.05163198709
v 0.0002500000119 0.1154100522 0.05175168812
v 0.0007500000065 0.1154100522 0.05175168812
v 0.001250000088 0.1154053658 0.05163198709
v 0.001750000054 0.115395993 0.05139259994
v 0.002250000136 0.1153069437 0.04911838472
v 0.002750000218 0.1153116301 0.04923808575
v 0.003250000067 0.1153163165 0.04935778677
v 0.003750000149 0.1153116301 0.04923808575
v 0.004250000231 0.1153022572 0.04899869859
v 0.004750000313 0.1152928844 0.04875929654
v 0.005250000395 0.1152342111 0.04762299359
v 0.005750000477 0.1151937246 0.04686051607
v 0.006250000093 0.1151532382 0.04609805346
v 0.006750000175 0.1151262447 0.04558974504
v 0.007250000257 0.1150857508 0.04482728243
v 0.007750000339 0.1150587574 0.04431897402
v 0.008249999955 0.1150520146 0.04419188201
v 0.008750000037 0.1150317639 0.04381066561
v 0.009250000119 0.1150317639 0.04381066561
v 0.009750000201 0.1150115207 0.0434294194
v 0.01025000028 0.1150182709 0.0435564965
v 0.01075000037 0.1150250211 0.0436835736
v 0.01125000045 0.1150317639 0.04381066561
v 0.01175000053 0.1150317639 0.04381066561
v 0.01225000061 0.1149710342 0.04266694188
v 0.01275000069 0.1149912775 0.04304820299
v 0.01325000077 0.1149980277 0.04317526519
v 0.01375000086 0.1150182709 0.0435564965
v 0.01425000094 0.1150385141 0.04393774271
v 0.01675000042 0.1152207181 0.04736883938
v 0.01725000143 0.1152544543 0.0480042398
v 0.01775000058 0.1152679548 0.0482583791
v 0.01825000159 0.115274705 0.0483854562
v 0.01875000075 0.115274705 0.0483854562
v 0.0227500014 0.1154850423 0.05366680026
v 0.02325000055 0.1154944152 0.05390620232
v 0.02375000156 0.1154991016 0.05402590334
v 0.02425000072 0.1154850423 0.05366680026
v 0.02475000173 0.1154803559 0.05354711413
v 0.02525000088 0.1154709831 0.05330772698
v 0.02575000189 0.1154428571 0.05258953571
v 0.02625000104 0.1154334843 0.05235017836
v 0.02675000206 0.1151262447 0.04558974504
v 0.02775000222 0.1146673635 0.03694846481
v 0.02825000137 0.1146808639 0.03720261157
v 0.02875000052 0.1146471202 0.0365672335
v 0.02925000153 0.1146336272 0.03631307185
v 0.02975000069 0.114626877 0.03618600965
v 0.0302500017 0.1146066338 0.03580475599
v 0.03075000085 0.1146201268 0.03605892509
v 0.03125 0.1145863906 0.03542352468
v 0.03175000101 0.1145728901 0.03516937792
v 0.03625000268 0.1125553176 -0.003393746912
v 0.03674999997 0.1125620604 -0.003258921206
v 0.03725000098 0.1125620604 -0.003258921206
v 0.037750002 0.111894168 -0.01660840213
v 0.03825000301 0.1119009182 -0.01647355407
v 0.0387500003 0.111894168 -0.01660840213
v 0.03925000131 0.1118199602 -0.01809167862
v 0.03975000232 0.1118064672 -0.01836135983
v 0.04025000334 0.1117997169 -0.01849620789
v 0.04075000063 0.1117794812 -0.01890073717
v 0.04125000164 0.1117592379 -0.01930528134
v 0.04175000265 0.1117524952 -0.01944010705
v -0.01050000079 0.1161625087 0.05306863785
v -0.01000000071 0.1161717251 0.0533080399
v -0.009500000626 0.1161671132 0.05318833888
v -0.009000000544 0.1161763296 0.05342771113
v -0.008500000462 0.1161901578 0.05378678441
v -0.00800000038 0.1161901578 0.05378678441
v -0.006500000134 0.1162085906 0.05426555872
v -0.006000000052 0.1162085906 0.05426555872
v -0.005500000436 0.1162039861 0.05414588749
v -0.005000000354 0.1162085906 0.05426555872
v -0.004500000272 0.1161901578 0.05378678441
v -0.00400000019 0.1161855534 0.05366709828
v -0.003500000108 0.1161809415 0.05354742706
v -0.003000000026 0.1161763296 0.05342771113
v -0.002500000177 0.1161578968 0.05294895172
v -0.002000000095 0.1160887703 0.05115357041
v -0.001500000013 0.1160933822 0.05127324164
v -0.001000000047 0.116079554 0.05091416836
v -0.0005000000237 0.1160979867 0.05139294267
v 0 0.1161025986 0.05151264369
v 0.0005000000237 0.1160887703 0.05115357041
v 0.001000000047 0.1160749495 0.05079446733
v 0.001500000013 0.1159786582 0.04838587344
v 0.002000000095 0.1159966066 0.04875969887
v 0.002500000177 0.1160012111 0.0488793999
v 0.003000000026 0.1160012111 0.0488793999
v 0.003500000108 0.1159919947 0.04863999784
v 0.00400000019 0.1159786582 0.04838587344
v 0.004500000272 0.1159586534 0.04800465703
v 0.005000000354 0.1158586219 0.046098575
v 0.005500000436 0.1158252805 0.04546318948
v 0.006000000052 0.1158252805 0.04546318948
v 0.006500000134 0.1157852635 0.04470077157
v 0.007000000216 0.1157585904 0.04419247806
v 0.007500000298 0.1157385856 0.04381126165
v 0.00800000038 0.1157252491 0.04355710745
v 0.008500000462 0.1157052442 0.04317589104
v 0.009000000544 0.115698576 0.04304882884
v 0.009500000626 0.1157052442 0.04317589104
v 0.01000000071 0.1157119125 0.04330298305
v 0.01050000079 0.1157185808 0.04343004525
v 0.01100000087 0.1157319173 0.04368418455
v 0.01150000095 0.1157385856 0.04381126165
v 0.0120000001 0.1156385541 0.04190517962
v 0.01250000019 0.1156652346 0.04241347313
v 0.01300000027 0.1156852394 0.04279468954
v 0.01350000035 0.115698576 0.04304882884
v 0.01400000043 0.1157185808 0.04343004525
v 0.01700000092 0.1159586534 0.04800465703
v 0.01750000007 0.1159786582 0.04838587344
v 0.02050000057 0.1161671132 0.05318833888
v 0.02100000158 0.1161855534 0.05366709828
v 0.02150000073 0.1161993742 0.05402618647
v 0.02200000174 0.1162132025 0.05438525975
v 0.02250000089 0.1162178069 0.05450496078
v 0.02300000191 0.1162224188 0.0546246618
v 0.02350000106 0.1162270233 0.05474434793
v 0.02400000021 0.1162224188 0.0546246618
v 0.02450000122 0.1162132025 0.05438525975
v 0.02500000037 0.1162085906 0.05426555872
v 0.02550000139 0.1161947697 0.05390648544
v 0.02600000054 0.1161717251 0.0533080399
v 0.02650000155 0.1161671132 0.05318833888
v 0.0270000007 0.1161486804 0.05270956457
v 0.02750000171 0.1161302477 0.05223079026
v 0.02800000086 0.1152917892 0.03529743105
v 0.02850000188 0.1153051257 0.03555156291
v 0.02900000103 0.1152984574 0.0354244858
v 0.02950000204 0.1152784526 0.03504327685
v 0.03000000119 0.1152317673 0.03415376693
v 0.03050000221 0.1152117625 0.03377255797
v 0.03100000136 0.1151517481 0.03262889385
v 0.03500000015 0.113310352 -0.002987444401
v 0.03550000116 0.1133370772 -0.002448044717
v 0.03600000218 0.1133370772 -0.002448044717
v 0.03650000319 0.113310352 -0.002987444401
v 0.03700000048 0.1133170351 -0.002852588892
v 0.03750000149 0.1126021892 -0.01728148758
v 0.0380000025 0.1126355976 -0.01660723239
v 0.03850000352 0.1126289144 -0.0167420879
v 0.03950000182 0.1125153452 -0.01903452724
v 0.04000000283 0.1124953032 -0.01943906397
v 0.04050000012 0.1124819368 -0.01970877498
v 0.04150000215 0.1124284938 -0.0207875818
v -0.008750000037 0.116827175 0.05211141706
v -0.008249999955 0.1168226451 0.05199174583
v -0.007750000339 0.116827175 0.05211141706
v -0.007250000257 0.116827175 0.05211141706
v -0.006750000175 0.1168045253 0.05151298642
v -0.005750000477 0.1168362349 0.05235081911
v -0.005250000395 0.1168498248 0.05270989239
v -0.004750000313 0.1168407649 0.05247050524
v -0.004250000231 0.1168498248 0.05270989239
v -0.003750000149 0.1168543547 0.05282957852
v -0.003250000067 0.1167682782 0.0505554527
v -0.002750000218 0.1167773381 0.05079482496
v -0.002250000136 0.1167864054 0.05103421211
v -0.001750000054 0.1167864054 0.05103421211
v -0.001250000088 0.1167546883 0.05019637942
v -0.0002500000119 0.1166562662 0.04787801206
v 0.0002500000119 0.1166562662 0.04787801206
v 0.0007500000065 0.1166628525 0.04800508916
v 0.001250000088 0.1166694462 0.04813215137
v 0.001750000054 0.1166826189 0.04838629067
v 0.002250000136 0.1166892126 0.04851335287
v 0.002750000218 0.1166562662 0.04787801206
v 0.003250000067 0.1166430861 0.04762388766
v 0.003750000149 0.1166364998 0.04749681056
v 0.004750000313 0.1165047139 0.04495546222
v 0.005250000395 0.1164915338 0.04470133781
v 0.005750000477 0.1164915338 0.04470133781
v 0.006250000093 0.1164585873 0.044065997
v 0.006750000175 0.1164322346 0.0435577184
v 0.007250000257 0.1164124683 0.04317651689
v 0.007750000339 0.1164058745 0.04304946959
v 0.008249999955 0.1163861081 0.04266825318
v 0.008750000037 0.1163926944 0.04279534519
v 0.009250000119 0.1163992882 0.04292240739
v 0.009750000201 0.1164124683 0.04317651689
v 0.01025000028 0.1164190546 0.04330360889
v 0.01075000037 0.1164256409 0.0434306711
v 0.01125000045 0.1164256409 0.0434306711
v 0.01175000053 0.1164190546 0.04330360889
v 0.01225000061 0.1163465753 0.04190586507
v 0.01275000069 0.1163597554 0.04216000438
v 0.01975000091 0.1168679446 0.0531886518
v 0.02025000006 0.1168905944 0.05378708243
v 0.02075000107 0.1169041842 0.05414617062
v 0.02125000022 0.1169177741 0.0545052439
v 0.02175000124 0.116922304 0.05462494493
v 0.02225000039 0.1169313639 0.05486430228
v 0.0227500014 0.1169313639 0.05486430228
v 0.02325000055 0.1169313639 0.05486430228
v 0.02375000156 0.1169313639 0.05486430228
v 0.02425000072 0.116926834 0.05474461615
v 0.02475000173 0.1169177741 0.0545052439
v 0.02525000088 0.1169087142 0.05426585674
v 0.02575000189 0.1168905944 0.05378708243
v 0.02625000104 0.1168815345 0.05354772508
v 0.02675000206 0.1168679446 0.0531886518
v 0.02725000121 0.1168588847 0.05294926465
v 0.02775000222 0.1168362349 0.05235081911
v 0.02825000137 0.1168181151 0.0518720448
v 0.02875000052 0.1159644052 0.03453598917
v 0.03375000134 0.1151209921 0.01827143878
v 0.03425000235 0.1141046807 -0.001771979034
v 0.03475000337 0.1141112968 -0.001637116075
v 0.03525000066 0.1141112968 -0.001637116075
v 0.03575000167 0.1140980646 -0.001906812191
v 0.03625000268 0.1140914485 -0.00204167515
v 0.03674999997 0.1140716001 -0.002446241677
v 0.03725000098 0.1140649915 -0.002581104636
v 0.037750002 0.1133571789 -0.01701062173
v 0.03825000301 0.1133637875 -0.01687578857
v -0.0390000008 0.1149174795 -0.0001517981291
v -0.03850000352 0.1149240285 -1.69351697e-05
v -0.007000000216 0.1174174026 0.04911954701
v -0.006500000134 0.117426306 0.04935894907
v -0.006000000052 0.117426306 0.04935894907
v -0.005500000436 0.117426306 0.04935894907
v -0.003500000108 0.1174574718 0.05019675195
v -0.003000000026 0.1174708232 0.05055582523
v -0.002500000177 0.1174752787 0.05067551136
v -0.002000000095 0.1174574718 0.05019675195
v -0.001500000013 0.1174396649 0.04971800745
v -0.001000000047 0.1174307615 0.04947862029
v -0.0005000000237 0.1173410118 0.04749725759
v 0 0.1173410118 0.04749725759
v 0.0005000000237 0.1173345 0.04737019539
v 0.001000000047 0.1173475161 0.04762433469
v 0.001500000013 0.1173540279 0.04775138199
v 0.002000000095 0.1173410118 0.04749725759
v 0.00400000019 0.1171652526 0.04406659305
v 0.004500000272 0.1171587408 0.04393954575
v 0.005000000354 0.117113173 0.04305011034
v 0.005500000436 0.117113173 0.04305011034
v 0.006000000052 0.117113173 0.04305011034
v 0.006500000134 0.117093645 0.04266890883
v 0.007000000216 0.117093645 0.04266890883
v 0.007500000298 0.1170871332 0.04254186153
v 0.00800000038 0.1170741171 0.04228773713
v 0.008500000462 0.1170806214 0.04241479933
v 0.009000000544 0.1171001494 0.04279598594
v 0.009500000626 0.1171066612 0.04292304814
v 0.01000000071 0.117113173 0.04305011034
v 0.01050000079 0.117113173 0.04305011034
v 0.01100000087 0.1171066612 0.04292304814
v 0.01150000095 0.1171001494 0.04279598594
v 0.0120000001 0.1170285493 0.04139830172
v 0.0195000004 0.11758212 0.0535480231
v 0.02000000142 0.1175999269 0.05402676761
v 0.02050000057 0.1176088303 0.05426613986
v 0.02100000158 0.1176221892 0.05462522805
v 0.02150000073 0.1176266372 0.05474489927
v 0.02200000174 0.1176310927 0.0548645705
v 0.02250000089 0.1176355407 0.05498428643
v 0.02300000191 0.1176310927 0.0548645705
v 0.02350000106 0.1176355407 0.05498428643
v 0.02400000021 0.1176355407 0.05498428643
v 0.02450000122 0.1176310927 0.0548645705
v 0.02500000037 0.1176266372 0.05474489927
v 0.02550000139 0.1175954789 0.05390708148
v 0.02600000054 0.11758212 0.0535480231
v 0.02650000155 0.1175732166 0.05330865085
v 0.0270000007 0.1175598577 0.05294957757
v 0.02750000171 0.1175465062 0.05259050429
v 0.02800000086 0.1175376028 0.05235114694
v 0.02850000188 0.1175197959 0.05187238753
v 0.02900000103 0.1165142879 0.03136045486
v 0.02950000204 0.1164426804 0.02996277809
v 0.03000000119 0.116364561 0.02843803912
v 0.03050000221 0.1162604094 0.02640506625
v 0.03100000136 0.1162669212 0.026532121
v 0.03150000051 0.1161692739 0.02462620288
v 0.03200000152 0.1160846502 0.02297439426
v 0.03250000253 0.1159479469 0.02030610293
v 0.03299999982 0.1159544587 0.02043317258
v 0.03350000083 0.115850307 0.01840018481
v 0.03400000185 0.1158568114 0.01852724701
v 0.03450000286 0.1148781776 -0.0009609609842
v 0.03500000015 0.1148716286 -0.001095831394
v 0.03550000116 0.1148585305 -0.001365542412
v 0.03600000218 0.1148454323 -0.001635275781
v 0.03650000319 0.1148257852 -0.002039857209
v 0.03700000048 0.1148192361 -0.002174720168
v 0.03750000149 0.1140660495 -0.01768378913
v -0.03925000131 0.1156379282 -0.0004196166992
v -0.0387500003 0.1156573817 -1.502037048e-05
v -0.03825000301 0.1156703457 0.0002546980977
v -0.037750002 0.1156703457 0.0002546980977
v -0.03725000098 0.1156768352 0.0003895759583
v -0.03674999997 0.1156703457 0.0002546980977
v -0.03625000268 0.1156703457 0.0002546980977
v -0.03525000066 0.1156573817 -1.502037048e-05
v -0.009250000119 0.1180776805 0.04813300073
v -0.008750000037 0.1180841103 0.04826003313
v -0.008249999955 0.1181033999 0.04864120483
v -0.007750000339 0.1181077734 0.04876089096
v -0.007250000257 0.1181208938 0.04911994934
v -0.006750000175 0.1181340143 0.04947900772
v -0.006250000093 0.1181340143 0.04947900772
v -0.005750000477 0.1181296408 0.0493593365
v -0.005250000395 0.1181033999 0.04864120483
v -0.004750000313 0.11809697 0.04851415753
v -0.002750000218 0.1181208938 0.04911994934
v 0.004250000231 0.117820479 0.04305075109
v 0.004750000313 0.1177947521 0.04254253209
v 0.005250000395 0.1177818924 0.04228840768
v 0.005750000477 0.1177883223 0.04241546988
v 0.006250000093 0.1177754626 0.04216136038
v 0.006750000175 0.1177690327 0.04203431308
v 0.007250000257 0.1177626029 0.04190723598
v 0.007750000339 0.1177626029 0.04190723598
v 0.008249999955 0.1177754626 0.04216136038
v 0.008750000037 0.1177883223 0.04241546988
v 0.009250000119 0.1177947521 0.04254253209
v 0.009750000201 0.117801182 0.04266956449
v 0.01025000028 0.117801182 0.04266956449
v 0.01075000037 0.1177883223 0.04241546988
v 0.01125000045 0.1177818924 0.04228840768
v 0.01175000053 0.1177690327 0.04203431308
v 0.01875000075 0.118265219 0.05306957662
v 0.01925000176 0.11829146 0.05378767848
v 0.01975000091 0.1183045805 0.05414675176
v 0.02025000006 0.1183133274 0.05438610911
v 0.02075000107 0.1183177009 0.05450581014
v 0.02125000022 0.1183220744 0.05462551117
v 0.02175000124 0.1183264479 0.05474518239
v 0.02225000039 0.1183264479 0.05474518239
v 0.02325000055 0.1183876768 0.05642077327
v 0.02375000156 0.1184095442 0.0570192039
v 0.02425000072 0.1184095442 0.0570192039
v 0.02475000173 0.1184051707 0.05689950287
v 0.02525000088 0.1184095442 0.0570192039
v 0.02575000189 0.1183876768 0.05642077327
v 0.02725000121 0.1182302311 0.05211208761
v 0.02775000222 0.1182346046 0.05223177373
v 0.02825000137 0.1182258576 0.05199241638
v 0.02875000052 0.1182171106 0.05175302923
v 0.02925000153 0.117138885 0.02958281338
v 0.02975000069 0.1171131581 0.02907458693
v 0.0302500017 0.1169909909 0.02666050941
v 0.03075000085 0.1170038506 0.02691463381
v 0.03125 0.1168945357 0.02475468814
v 0.03175000101 0.1169009656 0.02488173544
v 0.03225000203 0.1167016327 0.02094300091
v 0.03275000304 0.1166694835 0.02030771226
v 0.03325000033 0.1164701506 0.01636898518
v 0.03375000134 0.1155990288 -0.001228839159
v 0.03425000235 0.1156314462 -0.0005544945598
v 0.03475000337 0.1156314462 -0.0005544945598
v 0.03525000066 0.1156249642 -0.0006893649697
v 0.03575000167 0.1156055108 -0.001093968749
v 0.03625000268 0.1155860573 -0.001498565078
v 0.03674999997 0.1155795753 -0.001633435488
v 0.03725000098 0.1155666113 -0.001903161407
v -0.03950000182 0.1163265556 -0.001361839473
v -0.0390000008 0.1163458079 -0.0009572282434
v -0.03850000352 0.1163714826 -0.0004177242517
v -0.0380000025 0.1163778976 -0.0002828687429
v -0.03750000149 0.1163971499 0.0001217648387
v -0.03700000048 0.1163971499 0.0001217648387
v -0.03650000319 0.1164035723 0.0002566277981
v -0.03600000218 0.1164035723 0.0002566277981
v -0.03550000116 0.1164035723 0.0002566277981
v -0.03500000015 0.1164164096 0.0005263909698
v -0.03450000286 0.1164099872 0.0003915056586
v -0.03400000185 0.1164099872 0.0003915056586
v -0.03350000083 0.1163971499 0.0001217648387
v -0.03299999982 0.1164035723 0.0002566277981
v -0.03250000253 0.1163907349 -1.311302185e-05
v -0.02950000204 0.1164356619 0.0009310021996
v -0.02900000103 0.1164228246 0.0006612464786
v -0.02850000188 0.1164420769 0.00106588006
v -0.007000000216 0.1188200861 0.04900066555
v -0.005000000354 0.1187690943 0.04787930846
v 0.003500000108 0.1184325144 0.04114563763
v 0.00400000019 0.1184642613 0.04178087413
v 0.004500000272 0.1184706166 0.04190792143
v 0.005000000354 0.1184642613 0.04178087413
v 0.005500000436 0.1184706166 0.04190792143
v 0.006000000052 0.1184452102 0.04139971733
v 0.006500000134 0.1184452102 0.04139971733
v 0.007000000216 0.1184515655 0.04152677953
v 0.007500000298 0.1184579134 0.04165384173
v 0.00800000038 0.1184642613 0.04178087413
v 0.008500000462 0.1184769645 0.04203498363
v 0.009000000544 0.1184769645 0.04203498363
v 0.009500000626 0.1184769645 0.04203498363
v 0.01000000071 0.1184706166 0.04190792143
v 0.01050000079 0.1184579134 0.04165384173
v 0.01100000087 0.1184706166 0.04190792143
v 0.01150000095 0.1184706166 0.04190792143
v 0.01850000024 0.1189704165 0.05318957567
v 0.01900000125 0.1189918891 0.0537879765
v 0.0195000004 0.1190004796 0.05402736366
v 0.02000000142 0.1190133691 0.05438639224
v 0.02050000057 0.1190176606 0.05450607836
v 0.02250000089 0.1191078573 0.05701944232
v 0.02300000191 0.1191336289 0.05773752928
v 0.02350000106 0.1191379279 0.0578572154
v 0.02400000021 0.1191465184 0.05809657276
v 0.02450000122 0.1191508099 0.05821625888
v 0.02500000037 0.1191422194 0.05797690153
v 0.02550000139 0.1191422194 0.05797690153
v 0.02600000054 0.1191379279 0.0578572154
v 0.02650000155 0.1191250384 0.05749817193
v 0.0270000007 0.1191121563 0.05713912845
v 0.02750000171 0.1191035658 0.05689974129
v 0.02800000086 0.1190820858 0.05630134046
v 0.02850000188 0.1189145744 0.05163368583
v 0.02900000103 0.1189145744 0.05163368583
v 0.02950000204 0.1189102829 0.0515140146
v 0.03000000119 0.1177148968 0.02678891271
v 0.03050000221 0.1177212447 0.02691596001
v 0.03100000136 0.1176132858 0.0247561112
v 0.03150000051 0.1176196337 0.0248831436
v 0.03200000152 0.1174545214 0.02157982439
v 0.03250000253 0.1173656136 0.01980111748
v 0.03299999982 0.1173846647 0.02018228918
v 0.03350000083 0.1172322482 0.01713306457
v 0.03400000185 0.1163843125 -0.0001479908824
v 0.03450000286 0.1163843125 -0.0001479908824
v 0.03500000015 0.1163778976 -0.0002828687429
v 0.03550000116 0.1163714826 -0.0004177242517
v 0.03600000218 0.1163393855 -0.001092106104
v 0.03650000319 0.1163329706 -0.001226983964
v 0.03700000048 0.1163265556 -0.001361839473
v -0.037750002 0.1170605645 -0.001359991729
v -0.03725000098 0.1170923263 -0.0006856024265
v -0.03674999997 0.1170986742 -0.0005507171154
v -0.03625000268 0.1171113849 -0.0002809688449
v -0.03575000167 0.1171177328 -0.0001460835338
v -0.03525000066 0.1171304435 0.0001236870885
v -0.03475000337 0.1171431467 0.000393435359
v -0.03425000235 0.1171431467 0.000393435359
v -0.03375000134 0.1171367913 0.0002585500479
v -0.03325000033 0.1171367913 0.0002585500479
v -0.03275000304 0.1171431467 0.000393435359
v -0.03225000203 0.1171431467 0.000393435359
v -0.03175000101 0.1171367913 0.0002585500479
v -0.03125 0.1171494946 0.0005283206701
v -0.03075000085 0.1171685532 0.0009329542518
v -0.0302500017 0.1171685532 0.0009329542518
v -0.02975000069 0.1171685532 0.0009329542518
v -0.02925000153 0.1171749085 0.001067839563
v -0.02875000052 0.1171685532 0.0009329542518
v -0.02825000137 0.1171749085 0.001067839563
v -0.02775000222 0.1171685532 0.0009329542518
v -0.02725000121 0.1171749085 0.001067839563
v -0.02675000206 0.1171812564 0.001202702522
v -0.02625000104 0.1171876118 0.001337587833
v -0.02575000189 0.117200315 0.001607336104
v 0.004250000231 0.1190343946 0.03898657113
v 0.004750000313 0.1190782934 0.03987590969
v 0.005250000395 0.1190971062 0.04025703669
v 0.005750000477 0.1191159189 0.04063816369
v 0.006250000093 0.1191221923 0.04076522589
v 0.006750000175 0.1191347316 0.04101930559
v 0.007250000257 0.1191472709 0.04127338529
v 0.007750000339 0.1191535443 0.04140043259
v 0.008249999955 0.1191598177 0.04152747989
v 0.008750000037 0.1191535443 0.04140043259
v 0.009250000119 0.1191472709 0.04127338529
v 0.009750000201 0.1191347316 0.04101930559
v 0.01025000028 0.119141005 0.04114635289
v 0.01075000037 0.1191535443 0.04140043259
v 0.01125000045 0.1191598177 0.04152747989
v 0.01825000159 0.119671233 0.0531898737
v 0.01875000075 0.1196881011 0.0536686033
v 0.01925000176 0.1197007522 0.05402764678
v 0.01975000091 0.1197049692 0.05414733291
v 0.02225000039 0.1198272631 0.05761806667
v 0.0227500014 0.1198441312 0.05809678137
v 0.02325000055 0.1198609918 0.05857551098
v 0.02375000156 0.1198652089 0.05869519711
v 0.02425000072 0.1198694333 0.05881486833
v 0.02475000173 0.1198736504 0.05893455446
v 0.02525000088 0.11987786 0.05905422568
v 0.02575000189 0.1198736504 0.05893455446
v 0.02625000104 0.1198567823 0.05845583975
v 0.02675000206 0.1198483482 0.0582164675
v 0.02725000121 0.1198399141 0.05797711015
v 0.02775000222 0.1198272631 0.05761806667
v 0.02825000137 0.1198019609 0.05689996481
v 0.02875000052 0.1197766587 0.05618190765
v 0.02925000153 0.119612202 0.05151435733
v 0.02975000069 0.1184323728 0.02679024637
v 0.0302500017 0.1184135601 0.02640911192
v 0.03075000085 0.1183194965 0.02450342476
v 0.03125 0.1183194965 0.02450342476
v 0.03175000101 0.1181878 0.02183548361
v 0.03225000203 0.1180874631 0.01980274916
v 0.03275000304 0.1179996729 0.01802412421
v 0.03325000033 0.1179871261 0.01777003706
v 0.03375000134 0.1171367913 0.0002585500479
v 0.03425000235 0.1171367913 0.0002585500479
v 0.03475000337 0.1171240881 -1.119822264e-05
v 0.03525000066 0.1171177328 -0.0001460835338
v 0.03575000167 0.1171113849 -0.0002809688449
v 0.03625000268 0.1170859709 -0.0008204877377
v 0.03674999997 0.1170732677 -0.001090243459
v -0.03700000048 0.1177631319 -0.002032570541
v -0.03650000319 0.1177945659 -0.001358143985
v -0.03500000015 0.1178385764 -0.0004139393568
v -0.03450000286 0.1178385764 -0.0004139393568
v -0.03400000185 0.1178448573 -0.0002790689468
v -0.03350000083 0.1178511456 -0.0001441836357
v -0.03299999982 0.1178448573 -0.0002790689468
v -0.03250000253 0.1178385764 -0.0004139393568
v -0.03200000152 0.1178448573 -0.0002790689468
v -0.03150000051 0.1178322881 -0.0005488321185
v -0.03100000136 0.1178637221 0.0001256018877
v -0.03050000221 0.1178637221 0.0001256018877
v -0.03000000119 0.1178762913 0.0003953576088
v -0.02950000204 0.1178762913 0.0003953576088
v -0.02900000103 0.1178762913 0.0003953576088
v -0.02850000188 0.1178825796 0.0005302578211
v -0.02800000086 0.1178825796 0.0005302578211
v -0.02750000171 0.1178888679 0.000665128231
v -0.0270000007 0.117901437 0.0009349063039
v -0.02650000155 0.1179140136 0.001204669476
v -0.02600000054 0.1179203019 0.001339562237
v -0.02550000139 0.1179265901 0.001474454999
v -0.02500000037 0.117932871 0.001609317958
v -0.02050000057 0.1182644516 0.008624888957
v -0.02000000142 0.1182892174 0.009133055806
v -0.0195000004 0.1183016002 0.009387128055
v -0.01900000125 0.1183077917 0.009514175355
v -0.01850000024 0.1183139831 0.009641215205
v -0.01800000109 0.1183201745 0.009768240154
v -0.01750000007 0.1183201745 0.009768240154
v -0.002500000177 0.1195089519 0.03415987641
v 0 0.1196018308 0.0360654816
v 0.0005000000237 0.119632788 0.03670066595
v 0.001000000047 0.1196451709 0.0369547531
v 0.001500000013 0.1196575537 0.03720882535
v 0.002000000095 0.1196885109 0.03784403205
v 0.002500000177 0.1197070852 0.03822514415
v 0.003000000026 0.1197256595 0.0386062637
v 0.003500000108 0.1197380424 0.0388603583
v 0.00400000019 0.1197504252 0.03911443055
v 0.004500000272 0.1197689995 0.03949554265
v 0.005000000354 0.1197813824 0.03974963725
v 0.005500000436 0.1197999567 0.04013074934
v 0.006000000052 0.1198123395 0.04038481414
v 0.006500000134 0.1198247224 0.04063890874
v 0.007000000216 0.1198309138 0.04076595604
v 0.007500000298 0.1198371053 0.04089298844
v 0.00800000038 0.1198371053 0.04089298844
v 0.008500000462 0.1198371053 0.04089298844
v 0.009000000544 0.119818531 0.04051186144
v 0.009500000626 0.1198061481 0.04025779665
v 0.01000000071 0.1198247224 0.04063890874
v 0.01050000079 0.1198432967 0.04102002084
v 0.01800000109 0.1203637794 0.05295082927
v 0.01850000024 0.1203844696 0.0535492301
v 0.01900000125 0.1203968897 0.05390825868
v 0.0195000004 0.1203968897 0.05390825868
v 0.02200000174 0.120545879 0.05821667612
v 0.02250000089 0.1205624342 0.05869539082
v 0.02300000191 0.1205748469 0.0590544194
v 0.02350000106 0.1205831245 0.05929379165
v 0.02400000021 0.1205831245 0.05929379165
v 0.02450000122 0.1205914021 0.0595331341
v 0.02500000037 0.1205955371 0.05965282023
v 0.02550000139 0.1205914021 0.0595331341
v 0.02600000054 0.1205914021 0.0595331341
v 0.02650000155 0.1205872595 0.05941346288
v 0.0270000007 0.1205665693 0.05881507695
v 0.02750000171 0.1205541566 0.05845604837
v 0.02800000086 0.1205376014 0.05797731876
v 0.02850000188 0.1205086261 0.05713957548
v 0.02900000103 0.1204962134 0.0567805469
v 0.03000000119 0.1190817356 0.02539413422
v 0.03050000221 0.1189640984 0.02298036963
v 0.03100000136 0.1189145669 0.02196407318
v 0.03150000051 0.1189021841 0.02170997858
v 0.03200000152 0.1187783554 0.01916919649
v 0.03250000253 0.1187473908 0.01853398234
v 0.03299999982 0.1187288165 0.01815287024
v 0.03350000083 0.1178888679 0.000665128231
v 0.03400000185 0.1178825796 0.0005302578211
v 0.03450000286 0.1178762913 0.0003953576088
v 0.03500000015 0.1178637221 0.0001256018877
v 0.03550000116 0.1178511456 -0.0001441836357
v 0.03600000218 0.1178448573 -0.0002790689468
v 0.03650000319 0.1178197116 -0.0008186101913
v 0.03700000048 0.1177945659 -0.001358143985
v -0.03525000066 0.1184912398 -0.002165652812
v -0.03475000337 0.1184539199 -0.002974994481
v -0.03425000235 0.1185099036 -0.001760981977
v -0.03375000134 0.1185161248 -0.001626081765
v -0.03325000033 0.118522346 -0.001491189003
v -0.03275000304 0.1185161248 -0.001626081765
v -0.03225000203 0.1185285673 -0.001356288791
v -0.03175000101 0.118522346 -0.001491189003
v -0.03125 0.1185596734 -0.0006818398833
v -0.03075000085 0.1185658947 -0.0005469471216
v -0.0302500017 0.1185596734 -0.0006818398833
v -0.02975000069 0.1185783371 -0.0002771764994
v -0.02925000153 0.1185783371 -0.0002771764994
v -0.02875000052 0.1185783371 -0.0002771764994
v -0.02825000137 0.1185907796 -7.376074791e-06
v -0.02775000222 0.1185907796 -7.376074791e-06
v -0.02725000121 0.1185970008 0.0001275166869
v -0.02675000206 0.1186032221 0.0002623945475
v -0.02625000104 0.1186218858 0.000667065382
v -0.02575000189 0.1186343282 0.0009368658066
v -0.02525000088 0.1186467707 0.001206636429
v -0.02075000107 0.1189749613 0.008245907724
v -0.02025000006 0.1190055236 0.008881062269
v -0.01975000091 0.119029969 0.009389199317
v -0.01925000176 0.1190421954 0.009643279016
v -0.01875000075 0.1190421954 0.009643279016
v -0.01825000159 0.1190483049 0.009770296514
v -0.01775000058 0.1190544143 0.009897343814
v -0.01725000143 0.1190605313 0.01002437621
v -0.01675000042 0.1190605313 0.01002437621
v -0.01625000127 0.1190421954 0.009643279016
v -0.002250000136 0.1202279329 0.03428793699
v -0.001750000054 0.1202584952 0.03492309898
v -0.001250000088 0.1202707142 0.03517717123
v -0.0007500000065 0.120295167 0.03568531573
v -0.0002500000119 0.1203196123 0.03619346023
v 0.0002500000119 0.1203379482 0.03657454997
v 0.0007500000065 0.1203562841 0.03695565462
v 0.001250000088 0.1203685105 0.03720971197
v 0.001750000054 0.1203868464 0.03759083897
v 0.002250000136 0.1204051822 0.03797193617
v 0.002750000218 0.1204174086 0.03822599351
v 0.003250000067 0.1204296276 0.03848007321
v 0.003750000149 0.120441854 0.03873413801
v 0.004250000231 0.1204540804 0.03898819536
v 0.004750000313 0.1204662994 0.03924227506
v 0.005250000395 0.1204907522 0.03975041211
v 0.005750000477 0.1204968616 0.03987745941
v 0.006250000093 0.120509088 0.0401315093
v 0.006750000175 0.1205151975 0.0402585417
v 0.007250000257 0.120509088 0.0401315093
v 0.007750000339 0.120509088 0.0401315093
v 0.008249999955 0.120362401 0.03708269447
v 0.01825000159 0.1210769415 0.05331017077
v 0.02125000022 0.1212352961 0.05797752738
v 0.02175000124 0.1212515384 0.05845624208
v 0.02225000039 0.1212677732 0.05893494189
v 0.0227500014 0.1212799549 0.05929398537
v 0.02325000055 0.121288076 0.05953332782
v 0.02375000156 0.1212961972 0.05977268517
v 0.02425000072 0.1212961972 0.05977268517
v 0.02475000173 0.1213002577 0.05989234149
v 0.02525000088 0.1213043183 0.06001201272
v 0.02575000189 0.1212961972 0.05977268517
v 0.02625000104 0.1212961972 0.05977268517
v 0.02675000206 0.121288076 0.05953332782
v 0.02725000121 0.1212758943 0.05917428434
v 0.02775000222 0.1212596521 0.05869558454
v 0.02825000137 0.1212393567 0.05809719861
v 0.02875000052 0.1212149933 0.05737915635
v 0.02925000153 0.1211946905 0.05678077042
v 0.02975000069 0.1211297289 0.05486595631
v 0.0302500017 0.1196839586 0.02298186719
v 0.03075000085 0.119696185 0.02323594689
v 0.03125 0.1195983887 0.02120339125
v 0.03175000101 0.1194944829 0.01904381067
v 0.03225000203 0.1194944829 0.01904381067
v 0.03275000304 0.1194455922 0.01802753657
v 0.03325000033 0.1186405495 0.001071758568
v 0.03375000134 0.1186405495 0.001071758568
v 0.03425000235 0.1186218858 0.000667065382
v 0.03475000337 0.1186156645 0.000532194972
v 0.03525000066 0.1186032221 0.0002623945475
v 0.03575000167 0.1185907796 -7.376074791e-06
v 0.03625000268 0.1185721159 -0.0004120469093
v 0.03674999997 0.1185534522 -0.0008167400956
v -0.03100000136 0.1192564368 -0.001489341259
v -0.03050000221 0.1192502826 -0.001624248922
v -0.03000000119 0.1192687452 -0.001219555736
v -0.02950000204 0.119262591 -0.001354441047
v -0.02900000103 0.119262591 -0.001354441047
v -0.02850000188 0.1192564368 -0.001489341259
v -0.02650000155 0.1193056852 -0.0004101544619
v -0.02600000054 0.1193241477 -5.468726158e-06
v -0.02550000139 0.1193303019 0.0001294314861
v -0.02050000057 0.1197100952 0.008375041187
v -0.02000000142 0.1197462901 0.009137228131
v -0.0195000004 0.1197643876 0.009518310428
v -0.01900000125 0.1197764501 0.009772352874
v -0.01850000024 0.1197824851 0.009899400175
v -0.01800000109 0.11978852 0.01002642512
v -0.01750000007 0.1197945476 0.01015344262
v -0.01700000092 0.1197945476 0.01015344262
v -0.01649999991 0.1197945476 0.01015344262
v -0.01600000076 0.1198066175 0.01040751487
v -0.01550000068 0.1198126525 0.01053454727
v -0.0150000006 0.119824715 0.01078859717
v -0.01450000051 0.1198307425 0.01091562212
v -0.01400000043 0.1198367774 0.01104264706
v -0.01350000035 0.1198548749 0.01142374426
v -0.001000000047 0.1209829524 0.03517814726
v -0.0005000000237 0.1210010499 0.035559237
v 0 0.1210312173 0.03619439155
v 0.0005000000237 0.1210432798 0.03644844145
v 0.001000000047 0.1210553423 0.03670248389
v 0.001500000013 0.1210674122 0.03695655614
v 0.002000000095 0.1210794747 0.03721060604
v 0.002500000177 0.1210975721 0.03759171069
v 0.003000000026 0.1211036071 0.03771872073
v 0.00400000019 0.1209226325 0.03390786797
v 0.004500000272 0.120934695 0.03416191787
v 0.005000000354 0.1209467575 0.03441596776
v 0.005500000436 0.1209708899 0.03492408246
v 0.006000000052 0.1209889874 0.03530518711
v 0.006500000134 0.1210070848 0.0356862694
v 0.007000000216 0.1210312173 0.03619439155
v 0.007500000298 0.1210553423 0.03670248389
v 0.00800000038 0.1210613772 0.03682951629
v 0.02050000057 0.1219090968 0.05725970864
v 0.02100000158 0.1219369695 0.05809740722
v 0.02150000073 0.1219568774 0.05869577825
v 0.02200000174 0.1219688281 0.05905479193
v 0.02250000089 0.1219807714 0.05941382051
v 0.02300000191 0.1219887361 0.05965317786
v 0.02350000106 0.1219927222 0.05977284908
v 0.02400000021 0.1220006794 0.06001219153
v 0.02450000122 0.1220006794 0.06001219153
v 0.02500000037 0.1220046654 0.06013186276
v 0.02550000139 0.1220006794 0.06001219153
v 0.02600000054 0.1219967008 0.05989252031
v 0.02650000155 0.1219887361 0.05965317786
v 0.0270000007 0.1219807714 0.05941382051
v 0.02750000171 0.1219688281 0.05905479193
v 0.02800000086 0.1219528988 0.05857610703
v 0.02850000188 0.1219290048 0.05785806477
v 0.02900000103 0.1219090968 0.05725970864
v 0.02950000204 0.1218852028 0.05654166639
v 0.03000000119 0.1218573302 0.05570393801
v 0.03050000221 0.1204038337 0.02298336476
v 0.03100000136 0.1202228591 0.01917251199
v 0.03150000051 0.1202349216 0.01942656189
v 0.03200000152 0.1202288941 0.01929952204
v 0.03250000253 0.1193795428 0.001208603382
v 0.03299999982 0.1193857044 0.001343503594
v 0.03350000083 0.1193857044 0.001343503594
v 0.03400000185 0.1193795428 0.001208603382
v 0.03450000286 0.1193610802 0.0008039101958
v 0.03500000015 0.119354926 0.0006690099835
v 0.03550000116 0.1193426102 0.0003992170095
v 0.03600000218 0.1193179935 -0.0001403689384
v 0.03650000319 0.1192933694 -0.000679962337
v -0.02825000137 0.1199235246 -0.002971440554
v -0.02775000222 0.1199296191 -0.00283652544
v -0.01975000091 0.1204748228 0.009139314294
v -0.01925000176 0.1205045879 0.009774416685
v -0.01875000075 0.1205164939 0.01002847403
v -0.01825000159 0.1205224469 0.01015548408
v -0.01775000058 0.1205224469 0.01015548408
v -0.01725000143 0.1205283999 0.01028251648
v -0.01675000042 0.1205283999 0.01028251648
v -0.01625000127 0.120534353 0.01040954143
v -0.01575000025 0.120546259 0.01066358387
v -0.0152500011 0.120546259 0.01066358387
v -0.01475000102 0.120564118 0.01104465127
v -0.01425000094 0.1205760241 0.01129870117
v -0.01375000086 0.1205879301 0.01155275106
v -0.01325000077 0.1205998361 0.01180680096
v -0.002750000218 0.1213677675 0.02819282562
v -0.001250000088 0.1214332506 0.0295900926
v -0.0007500000065 0.1214630157 0.03022521734
v -0.0002500000119 0.1214808747 0.03060628474
v 0.0002500000119 0.1214987338 0.03098734468
v 0.001750000054 0.1215523109 0.03213055432
v 0.002250000136 0.121588029 0.03289270401
v 0.002750000218 0.121599935 0.03314674646
v 0.003250000067 0.121617794 0.03352781385
v 0.003750000149 0.1216297001 0.03378186375
v 0.004250000231 0.1216475591 0.03416293114
v 0.004750000313 0.1216594651 0.03441697359
v 0.005250000395 0.1216654181 0.03454400599
v 0.005750000477 0.1216654181 0.03454400599
v 0.006250000093 0.1216892302 0.03505209833
v 0.006750000175 0.1217189953 0.03568722308
v 0.007250000257 0.1217428073 0.03619532287
v 0.01975000091 0.1225877404 0.05666157603
v 0.02025000006 0.122611165 0.05737960339
v 0.02075000107 0.1226345822 0.05809761584
v 0.02125000022 0.1226501986 0.05857631564
v 0.02175000124 0.122661911 0.05893532932
v 0.02225000039 0.1226697192 0.05917465687
v 0.0227500014 0.1226775274 0.05941401422
v 0.02325000055 0.1226853281 0.05965335667
v 0.02375000156 0.1226931363 0.05989268422
v 0.02425000072 0.1226970404 0.06001235545
v 0.02475000173 0.1227009445 0.06013204157
v 0.02525000088 0.1227048486 0.0602516979
v 0.02575000189 0.1227009445 0.06013204157
v 0.02625000104 0.1226970404 0.06001235545
v 0.02675000206 0.1226892322 0.0597730279
v 0.02725000121 0.1226814315 0.05953368545
v 0.02775000222 0.122661911 0.05893532932
v 0.02825000137 0.1226384863 0.05821730196
v 0.02875000052 0.1226228699 0.05773860216
v 0.02925000153 0.1225916445 0.05678124726
v 0.02975000069 0.1225799322 0.05642223358
v 0.0302500017 0.122572124 0.05618289113
v 0.03075000085 0.1209748685 0.01980926841
v 0.03125 0.1209629625 0.01955524087
v 0.03175000101 0.1209510565 0.01930117607
v 0.03225000203 0.120148845 0.002020001411
v 0.03275000304 0.120148845 0.002020001411
v 0.03325000033 0.1201366708 0.001750186086
v 0.03375000134 0.1201244891 0.001480385661
v 0.03425000235 0.1201123074 0.001210562885
v 0.03475000337 0.1201001331 0.0009407699108
v 0.03525000066 0.1200818568 0.0005360618234
v 0.03575000167 0.120063588 0.0001313537359
v 0.03625000268 0.1200026944 -0.001217700541
v -0.02800000086 0.1205860302 -0.004588581622
v -0.02750000171 0.1206462681 -0.003239490092
v -0.0270000007 0.1206522956 -0.003104574978
v -0.0195000004 0.1212092191 0.009268403053
v -0.01900000125 0.1212385893 0.009903505445
v -0.01850000024 0.1212444603 0.01003052294
v -0.01800000109 0.1212562099 0.01028455049
v -0.01750000007 0.121262081 0.01041157544
v -0.01700000092 0.1212679595 0.01053860039
v -0.01649999991 0.121262081 0.01041157544
v -0.01600000076 0.1212738305 0.01066560298
v -0.01550000068 0.1212797016 0.01079262793
v -0.0150000006 0.1212797016 0.01079262793
v -0.01450000051 0.1212973222 0.01117368042
v -0.01400000043 0.1213031933 0.01130069792
v -0.01350000035 0.1213149428 0.01155473292
v -0.01300000027 0.1213325635 0.01193580031
v -0.01250000019 0.121344313 0.01218982786
v -0.001500000013 0.122119613 0.02895620465
v -0.001000000047 0.1221489757 0.02959130704
v -0.0005000000237 0.1221724749 0.03009937704
v 0 0.1221959665 0.03060745448
v 0.0005000000237 0.1222018376 0.03073445708
v 0.001000000047 0.1222135872 0.03098849952
v 0.001500000013 0.1222135872 0.03098849952
v 0.002500000177 0.1222840697 0.0325127244
v 0.003000000026 0.1223016903 0.03289377689
v 0.003500000108 0.1223193109 0.03327482939
v 0.00400000019 0.122325182 0.03340185434
v 0.004500000272 0.1223369315 0.03365588188
v 0.005000000354 0.1223545521 0.03403692693
v 0.005500000436 0.1223604232 0.03416395187
v 0.006000000052 0.1223721728 0.03441797942
v 0.0195000004 0.123286292 0.05666181445
v 0.02000000142 0.1233130693 0.05749949813
v 0.02050000057 0.1233283728 0.05797816813
v 0.02100000158 0.1233398467 0.05833718181
v 0.02150000073 0.1233513281 0.05869618058
v 0.02200000174 0.1233589798 0.05893552303
v 0.02250000089 0.123362802 0.05905517936
v 0.02300000191 0.1233781055 0.05953386426
v 0.02350000106 0.1233895794 0.05989286304
v 0.02400000021 0.1234010532 0.06025186181
v 0.02450000122 0.1234125346 0.06061089039
v 0.02500000037 0.1234201789 0.06085021794
v 0.02550000139 0.1234201789 0.06085021794
v 0.02600000054 0.1234125346 0.06061089039
v 0.02650000155 0.1234125346 0.06061089039
v 0.0270000007 0.1234010532 0.06025186181
v 0.02750000171 0.1233934015 0.06001253426
v 0.02800000086 0.1233666241 0.05917485058
v 0.02850000188 0.1233398467 0.05833718181
v 0.02900000103 0.123305425 0.05726015568
v 0.02950000204 0.123286292 0.05666181445
v 0.03000000119 0.1232786477 0.056422472
v 0.03050000221 0.1232824698 0.05654214323
v 0.03100000136 0.1216790974 0.01942985505
v 0.03150000051 0.1212385893 0.009903505445
v 0.03200000152 0.1208932549 0.002291813493
v 0.03250000253 0.12091133 0.002696536481
v 0.03299999982 0.1208872348 0.002156898379
v 0.03350000083 0.1208751872 0.001887090504
v 0.03400000185 0.1208691597 0.001752175391
v 0.03450000286 0.1208510846 0.001347444952
v 0.03500000015 0.1208330169 0.0009427219629
v 0.03550000116 0.1208028942 0.0002681612968
v -0.02775000222 0.1213393137 -0.004319600761
v -0.02725000121 0.1213749498 -0.003510139883
v -0.01925000176 0.1219420806 0.009267561138
v -0.01875000075 0.1219652966 0.009775623679
v -0.01825000159 0.1219827086 0.01015667617
v -0.01775000058 0.1219943091 0.01041071862
v -0.01725000143 0.1220001131 0.01053774357
v -0.01675000042 0.1220059171 0.01066474617
v -0.01625000127 0.1220059171 0.01066474617
v -0.01575000025 0.1220117211 0.01079176366
v -0.0152500011 0.1220175251 0.01091878116
v -0.01475000102 0.1220233291 0.01104579121
v -0.01425000094 0.1220349371 0.0112998262
v -0.01375000086 0.1220407411 0.01142685115
v -0.01325000077 0.1220523492 0.0116808787
v -0.01275000069 0.1220697612 0.01206192374
v -0.01225000061 0.1220813692 0.01231596619
v -0.01175000053 0.1220871732 0.01244296879
v -0.003250000067 0.1226907447 0.02565267682
v -0.0007500000065 0.1228416413 0.02895508707
v -0.0002500000119 0.1228648573 0.02946314961
v 0.0002500000119 0.1228822693 0.02984419465
v 0.0007500000065 0.1229054779 0.03035226464
v 0.001250000088 0.1229170859 0.03060631454
v 0.001750000054 0.1229170859 0.03060631454
v 0.002250000136 0.1229286939 0.03086033463
v 0.002750000218 0.1229403019 0.03111437708
v 0.003250000067 0.1229228899 0.03073330969
v 0.003750000149 0.1229461059 0.03124137223
v 0.004250000231 0.1230041459 0.03251155466
v 0.004750000313 0.1230215505 0.0328925997
v 0.005250000395 0.1230505705 0.03352767229
v 0.005750000477 0.1230621785 0.03378170729
v 0.01825000159 0.1229054779 0.03035226464
v 0.01925000176 0.1239854991 0.05642133951
v 0.01975000091 0.1240118071 0.05725905299
v 0.02025000006 0.124030605 0.05785742402
v 0.02075000107 0.1240418777 0.0582164526
v 0.02125000022 0.1240493953 0.05845579505
v 0.02175000124 0.1240606681 0.05881480873
v 0.02225000039 0.1240719482 0.0591738224
v 0.0227500014 0.1240869761 0.05965252221
v 0.02325000055 0.1241057739 0.06025087833
v 0.02375000156 0.1241208017 0.06072957814
v 0.02425000072 0.1241320819 0.06108859181
v 0.02475000173 0.1241395995 0.06132793427
v 0.02525000088 0.1241433546 0.06144760549
v 0.02575000189 0.1241471097 0.06156727672
v 0.02625000104 0.1241395995 0.06132793427
v 0.02675000206 0.124135837 0.06120826304
v 0.02725000121 0.1241245642 0.06084924936
v 0.02775000222 0.1241208017 0.06072957814
v 0.02825000137 0.1240907386 0.05977219343
v 0.02875000052 0.1240719482 0.0591738224
v 0.02925000153 0.1240381151 0.05809675157
v 0.02975000069 0.1239892617 0.05654102564
v 0.0302500017 0.1239892617 0.05654102564
v 0.03075000085 0.1239779815 0.05618201196
v 0.03125 0.1219711006 0.009902656078
v 0.03175000101 0.1216421798 0.002560824156
v 0.03225000203 0.121654056 0.002830632031
v 0.03275000304 0.1216481179 0.002695716918
v 0.03325000033 0.1216303036 0.002290993929
v 0.03375000134 0.1216184273 0.002021186054
v 0.03425000235 0.121600613 0.001616433263
v 0.03475000337 0.1215709224 0.0009418949485
v 0.03525000066 0.1215352863 0.0001324415207
v -0.02400000021 0.1223146841 0.001075990498
v -0.01900000125 0.1226634756 0.009012706578
v -0.01850000024 0.1226978824 0.009774781764
v -0.01800000109 0.1227208152 0.01028284431
v -0.01750000007 0.1227322817 0.01053688675
v -0.01700000092 0.1227437481 0.01079090685
v -0.01649999991 0.1227494851 0.01091791689
v -0.01600000076 0.1227494851 0.01091791689
v -0.01550000068 0.1227552146 0.01104492694
v -0.0150000006 0.1227552146 0.01104492694
v -0.01450000051 0.1227609515 0.01117194444
v -0.01400000043 0.1227666885 0.01129896194
v -0.01350000035 0.122772418 0.01142597944
v -0.01300000027 0.1227896214 0.01180702448
v -0.01250000019 0.1228068247 0.01218806207
v -0.0120000001 0.1228125542 0.01231508702
v -0.01150000095 0.1228240207 0.01256909966
v -0.01100000087 0.1228354871 0.01282314211
v -0.003000000026 0.1234145984 0.02565160394
v -0.002500000177 0.1234375313 0.02615964413
v -0.002000000095 0.1234547347 0.02654070407
v -0.001500000013 0.1234662011 0.02679473162
v -0.001000000047 0.1234719306 0.02692174166
v 0.0005000000237 0.1235636696 0.02895396203
v 0.001000000047 0.1235923395 0.02958904952
v 0.001500000013 0.1236152723 0.03009710461
v 0.002000000095 0.1236324757 0.03047814965
v 0.002500000177 0.1236439422 0.03073216975
v 0.003000000026 0.1236439422 0.03073216975
v 0.003500000108 0.1236496791 0.03085918725
v 0.00400000019 0.123672612 0.03136724234
v 0.004500000272 0.1237070113 0.03212932497
v 0.005000000354 0.1237127483 0.03225634247
v 0.01800000109 0.1236152723 0.03009710461
v 0.01850000024 0.1236382127 0.03060516715
v 0.0195000004 0.1247108057 0.05701862276
v 0.02000000142 0.1247292683 0.05761700869
v 0.02050000057 0.1247477233 0.05821537971
v 0.02100000158 0.1247624904 0.05869409442
v 0.02150000073 0.124773562 0.0590531081
v 0.02200000174 0.124788329 0.0595318377
v 0.02250000089 0.124799408 0.05989085138
v 0.02300000191 0.1248215586 0.06060893834
v 0.02350000106 0.1248400137 0.06120730937
v 0.02400000021 0.1248510852 0.06156632304
v 0.02450000122 0.1248584688 0.0618056953
v 0.02500000037 0.1248621643 0.06192538142
v 0.02550000139 0.1248658523 0.06204503775
v 0.02600000054 0.1248695478 0.06216472387
v 0.02650000155 0.1248621643 0.06192538142
v 0.0270000007 0.1248584688 0.0618056953
v 0.02750000171 0.1248510852 0.06156632304
v 0.02800000086 0.1248437017 0.06132698059
v 0.02850000188 0.1248326302 0.06096795201
v 0.02900000103 0.1248067915 0.06013020873
v 0.02950000204 0.124784641 0.05941215158
v 0.03000000119 0.1247366518 0.05785635114
v 0.03050000221 0.1246849671 0.05618087947
v 0.03100000136 0.1246923506 0.05642022192
v 0.03150000051 0.1224083304 0.003234550357
v 0.03200000152 0.1224024743 0.003099635243
v 0.03250000253 0.1223966256 0.002964735031
v 0.03299999982 0.1223790646 0.002560012043
v 0.03350000083 0.1223615035 0.002155259252
v 0.03400000185 0.12234395 0.001750536263
v 0.03450000286 0.1223146841 0.001075990498
v 0.03500000015 0.1222795621 0.000266507268
v -0.02425000072 0.1230236664 0.000400595367
v -0.02075000107 0.123260133 0.005931973457
v -0.02025000006 0.1232832 0.006471604109
v -0.01825000159 0.1234304607 0.009773932397
v -0.01775000058 0.1234531179 0.01028198749
v -0.01725000143 0.1234701052 0.01066302508
v -0.01675000042 0.1234814376 0.01091705263
v -0.01625000127 0.1234871 0.01104406267
v -0.01575000025 0.1234927624 0.01117108017
v -0.0152500011 0.1234984249 0.01129809022
v -0.01475000102 0.1234984249 0.01129809022
v -0.01425000094 0.1234984249 0.01129809022
v -0.01375000086 0.1234984249 0.01129809022
v -0.01325000077 0.1235097572 0.01155211776
v -0.01275000069 0.1235267445 0.01193317026
v -0.01225000061 0.1235380769 0.0121871829
v -0.01175000053 0.1235437393 0.0123142004
v -0.01125000045 0.1235550642 0.01256821305
v -0.01075000037 0.1235663965 0.01282224804
v -0.01025000028 0.1235890463 0.01333028823
v -0.002750000218 0.124110125 0.02501546592
v -0.002250000136 0.124155432 0.02603156865
v -0.001750000054 0.1241724268 0.02641260624
v -0.001250000088 0.1241837516 0.02666661143
v -0.0007500000065 0.124195084 0.02692065388
v -0.0002500000119 0.1242007464 0.02704767138
v 0.0002500000119 0.1242064089 0.02717466652
v 0.001250000088 0.1242970303 0.02920688689
v 0.001750000054 0.124314025 0.02958791703
v 0.002250000136 0.1243196875 0.02971493453
v 0.002750000218 0.1243366748 0.03009597212
v 0.003250000067 0.1243536696 0.03047700226
v 0.003750000149 0.1243706569 0.03085803986
v 0.004250000231 0.1243876517 0.03123907
v 0.01675000042 0.1242630482 0.0284447968
v 0.01725000143 0.1242687106 0.02857180685
v 0.01775000058 0.1243026927 0.02933389693
v 0.01825000159 0.1242970303 0.02920688689
v 0.01875000075 0.1242687106 0.02857180685
v 0.01975000091 0.1254281998 0.05737654865
v 0.02025000006 0.1254499555 0.0580946207
v 0.02075000107 0.1254716963 0.05881272256
v 0.02125000022 0.1254861951 0.05929146707
v 0.02175000124 0.1255006939 0.05977018178
v 0.02225000039 0.1255224496 0.06048826873
v 0.0227500014 0.1255369484 0.06096699834
v 0.02325000055 0.1255514473 0.06144571304
v 0.02375000156 0.1255659461 0.06192444265
v 0.02425000072 0.1255731881 0.0621638
v 0.02475000173 0.1255804449 0.06240315735
v 0.02525000088 0.1255804449 0.06240315735
v 0.02575000189 0.1255840659 0.06252284348
v 0.02625000104 0.1255840659 0.06252284348
v 0.02675000206 0.1255804449 0.06240315735
v 0.02725000121 0.1255768239 0.06228348613
v 0.02775000222 0.1255659461 0.06192444265
v 0.02825000137 0.1255586892 0.0616850853
v 0.02875000052 0.1255441904 0.06120634079
v 0.02925000153 0.1255260706 0.06060795486
v 0.02975000069 0.1255043149 0.059889853
v 0.0302500017 0.1254463345 0.05797494948
v 0.03075000085 0.1253955811 0.05629941821
v 0.03125 0.1253955811 0.05629941821
v 0.03175000101 0.1231505498 0.003368653357
v 0.03225000203 0.1231447831 0.003233738244
v 0.03275000304 0.1231274754 0.002829000354
v 0.03325000033 0.1231101751 0.002424277365
v 0.03375000134 0.1230871081 0.001884631813
v 0.03425000235 0.1230525002 0.001075163484
v 0.03475000337 0.1230121329 0.0001307800412
v -0.02050000057 0.1240005568 0.006066076458
v -0.02000000142 0.1240343899 0.00685185194
v -0.0195000004 0.1240455732 0.007105872035
v -0.01800000109 0.1241574511 0.009646087885
v -0.01750000007 0.1241854206 0.01028113067
v -0.01700000092 0.1242078021 0.01078917831
v -0.01649999991 0.1242189854 0.01104319841
v -0.01600000076 0.1242301762 0.01129722595
v -0.01550000068 0.1242357716 0.01142424345
v -0.0150000006 0.1242357716 0.01142424345
v -0.01450000051 0.1242413595 0.01155124605
v -0.01400000043 0.1242413595 0.01155124605
v -0.01350000035 0.1242413595 0.01155124605
v -0.01300000027 0.1242525503 0.01180527359
v -0.01250000019 0.1242581457 0.01193229109
v -0.0120000001 0.1242581457 0.01193229109
v -0.01150000095 0.1242693365 0.01218630373
v -0.01100000087 0.1242861152 0.01256732643
v -0.01050000079 0.1242973059 0.01282136142
v -0.01000000071 0.1243084893 0.01307537407
v -0.009500000626 0.1243084893 0.01307537407
v -0.005500000436 0.1245825961 0.01929889619
v -0.005000000354 0.1246049702 0.01980694383
v -0.004500000272 0.1246105656 0.01993396133
v -0.001500000013 0.124856703 0.02552244067
v -0.001000000047 0.1248902604 0.02628450096
v -0.0005000000237 0.1249014512 0.0265385285
v 0 0.1249182373 0.02691955864
v 0.0005000000237 0.1249182373 0.02691955864
v 0.001000000047 0.1249294207 0.02717357129
v 0.001500000013 0.1249406114 0.02742760628
v 0.002000000095 0.1249685809 0.02806264907
v 0.002500000177 0.1250133365 0.02907874435
v 0.003000000026 0.125041306 0.02971380204
v 0.003500000108 0.1250636727 0.03022184968
v 0.00400000019 0.1250748634 0.03047586232
v 0.01600000076 0.1249573901 0.02780863643
v 0.01649999991 0.1249965504 0.02869771421
v 0.01700000092 0.1250077337 0.02895172685
v 0.01750000007 0.1250021458 0.02882473171
v 0.01800000109 0.1250021458 0.02882473171
v 0.01850000024 0.124990955 0.02857069671
v 0.01900000125 0.124990955 0.02857069671
v 0.02050000057 0.1261700988 0.05857230723
v 0.02100000158 0.1261950135 0.05941011012
v 0.02150000073 0.1262127906 0.06000854075
v 0.02200000174 0.1262305826 0.06060697138
v 0.02250000089 0.1262448132 0.06108571589
v 0.02300000191 0.1262626052 0.06168414652
v 0.02350000106 0.1262732744 0.06204319
v 0.02400000021 0.1262803972 0.06228256226
v 0.02450000122 0.126287505 0.06252193451
v 0.02500000037 0.1262910664 0.06264162064
v 0.02550000139 0.1262910664 0.06264162064
v 0.02600000054 0.1262946278 0.06276132166
v 0.02650000155 0.1262946278 0.06276132166
v 0.0270000007 0.1262946278 0.06276132166
v 0.02750000171 0.126287505 0.06252193451
v 0.02800000086 0.1262768358 0.06216287613
v 0.02850000188 0.1262697279 0.06192351878
v 0.02900000103 0.1262554973 0.06144475937
v 0.02950000204 0.126234144 0.06072664261
v 0.03000000119 0.126216352 0.06012822688
v 0.03050000221 0.1261416376 0.05761483312
v 0.03100000136 0.1261025071 0.05629830062
v 0.03150000051 0.1238982826 0.003637656569
v 0.03200000152 0.1238812357 0.00323292613
v 0.03250000253 0.1238698736 0.002963103354
v 0.03299999982 0.1238528267 0.002558372915
v 0.03350000083 0.1238301024 0.002018727362
v 0.03400000185 0.1237960085 0.001209236681
v 0.03450000286 0.1235630512 -0.004322141409
v -0.02025000006 0.1247408092 0.006200186908
v -0.01975000091 0.1247685701 0.006851047277
v -0.01925000176 0.1247906685 0.007359087467
v -0.01725000143 0.1249177232 0.01028028131
v -0.01675000042 0.1249453425 0.01091533154
v -0.01625000127 0.1249563918 0.01116934419
v -0.01575000025 0.124967441 0.01142337173
v -0.0152500011 0.1249729618 0.01155037433
v -0.01475000102 0.1249784902 0.01167737693
v -0.01425000094 0.1249784902 0.01167737693
v -0.01375000086 0.1249840111 0.01180439442
v -0.01325000077 0.1249840111 0.01180439442
v -0.01275000069 0.1249840111 0.01180439442
v -0.01225000061 0.1249840111 0.01180439442
v -0.01175000053 0.1249895394 0.01193141192
v -0.01125000045 0.1250005811 0.01218542457
v -0.01075000037 0.1250116378 0.01243942976
v -0.01025000028 0.1250226796 0.01269346476
v -0.009750000201 0.1250282079 0.01282046735
v -0.009250000119 0.125044778 0.0132014975
v -0.005250000395 0.1253154576 0.01942493021
v -0.004750000313 0.125337556 0.0199329704
v -0.004250000231 0.1253485978 0.02018699795
v -0.003750000149 0.1253541261 0.0203139931
v -0.0002500000119 0.1255861372 0.02564838529
v 0.0002500000119 0.1256192774 0.02641043812
v 0.0007500000065 0.125630334 0.02666443586
v 0.001250000088 0.1256469041 0.02704548836
v 0.001750000054 0.1256579459 0.02729949355
v 0.002250000136 0.1256634742 0.02742651105
v 0.01575000025 0.1256579459 0.02729949355
v 0.01625000127 0.1257021427 0.02831557393
v 0.01675000042 0.1257187128 0.02869659662
v 0.01725000143 0.1257131845 0.02856957912
v 0.01775000058 0.1257076561 0.02844256908
v 0.01825000159 0.1256910861 0.02806154639
v 0.01875000075 0.1256910861 0.02806154639
v 0.01925000176 0.1254922301 0.02348922193
v 0.02075000107 0.1268931925 0.05916970968
v 0.02125000022 0.1269176304 0.06000754237
v 0.02175000124 0.1269350946 0.06060600281
v 0.02225000039 0.1269525439 0.06120443344
v 0.0227500014 0.1269665062 0.06168319285
v 0.02325000055 0.1269804686 0.06216195226
v 0.02375000156 0.1269909441 0.06252101064
v 0.02425000072 0.126994431 0.06264071167
v 0.02475000173 0.1270014197 0.06288009882
v 0.02525000088 0.1270049065 0.06299978495
v 0.02575000189 0.1270049065 0.06299978495
v 0.02625000104 0.1270049065 0.06299978495
v 0.02675000206 0.1270049065 0.06299978495
v 0.02725000121 0.1269979328 0.06276041269
v 0.02775000222 0.126994431 0.06264071167
v 0.02825000137 0.1269874573 0.06240132451
v 0.02875000052 0.1269699931 0.06180289388
v 0.02925000153 0.1269630194 0.06156349182
v 0.02975000069 0.1269315928 0.06048630178
v 0.0302500017 0.1269211322 0.0601272285
v 0.03075000085 0.1268268675 0.05689559877
v 0.03125 0.1246232837 0.00336702913
v 0.03175000101 0.1246176884 0.003232106566
v 0.03225000203 0.1246064976 0.002962291241
v 0.03275000304 0.1245952994 0.002692453563
v 0.03325000033 0.1245673224 0.002017907798
v 0.03375000134 0.1245169491 0.0008036792278
v 0.03425000235 0.1243322715 -0.00364843756
v 0.03525000066 0.124125205 -0.008640192449
v -0.02100000158 0.1254147589 0.004715338349
v -0.02050000057 0.1254423112 0.005389913917
v -0.02000000142 0.1254698783 0.006064467132
v -0.0195000004 0.1254973114 0.006723232567
v -0.01900000125 0.1255191267 0.007231257856
v -0.01850000024 0.1255354881 0.007612280548
v -0.01700000092 0.1256391257 0.01002541929
v -0.01649999991 0.1256718487 0.01078745723
v -0.01600000076 0.1256882101 0.01116847992
v -0.01550000068 0.1256991178 0.01142250001
v -0.0150000006 0.1257100254 0.01167650521
v -0.01450000051 0.1257154793 0.01180352271
v -0.01400000043 0.1257209331 0.01193053275
v -0.01350000035 0.1257209331 0.01193053275
v -0.01300000027 0.1257154793 0.01180352271
v -0.01250000019 0.1257209331 0.01193053275
v -0.0120000001 0.1257209331 0.01193053275
v -0.01150000095 0.1257263869 0.0120575279
v -0.01100000087 0.1257318407 0.01218453795
v -0.01050000079 0.1257372946 0.01231155545
v -0.01000000071 0.1257482022 0.01256555319
v -0.009500000626 0.1257645637 0.01294656843
v -0.009000000544 0.1257700175 0.01307358593
v -0.008500000462 0.1257591099 0.01281958073
v -0.005000000354 0.1260209084 0.018915914
v -0.004500000272 0.1260591 0.01980496198
v -0.00400000019 0.1260700077 0.02005898952
v -0.003500000108 0.1260754615 0.02018600702
v -0.003000000026 0.1260809153 0.02031299472
v -0.002500000177 0.1260809153 0.02031299472
v 0.001000000047 0.12633726 0.02628234029
v 0.001500000013 0.1263481677 0.02653636038
v 0.002000000095 0.1263536215 0.02666334808
v 0.01600000076 0.1263754368 0.02717138082
v 0.01649999991 0.1264081597 0.02793344855
v 0.01700000092 0.1262554377 0.02437722683
v 0.01750000007 0.1262554377 0.02437722683
v 0.01800000109 0.1262608916 0.02450423688
v 0.01850000024 0.1262608916 0.02450423688
v 0.01900000125 0.1262445301 0.02412321419
v 0.0195000004 0.1262118071 0.0233611837
v 0.02100000158 0.127608791 0.05952776968
v 0.02150000073 0.1276361793 0.0604853183
v 0.02200000174 0.1276533008 0.06108379364
v 0.02250000089 0.1276704222 0.06168225408
v 0.02300000191 0.1276806891 0.06204132736
v 0.02350000106 0.1276909709 0.06240040064
v 0.02400000021 0.1277012378 0.06275951862
v 0.02450000122 0.1277046651 0.06287918985
v 0.02500000037 0.1277115196 0.0631185919
v 0.02550000139 0.1277115196 0.0631185919
v 0.02600000054 0.1277115196 0.0631185919
v 0.02650000155 0.1277115196 0.0631185919
v 0.0270000007 0.1277046651 0.06287918985
v 0.02750000171 0.1277012378 0.06275951862
v 0.02800000086 0.1276909709 0.06240040064
v 0.02850000188 0.1276841164 0.06216102839
v 0.02900000103 0.1276738495 0.0618019551
v 0.02950000204 0.1276498735 0.06096409261
v 0.03000000119 0.1276293397 0.06024591625
v 0.03050000221 0.1276122183 0.05964745581
v 0.03100000136 0.1276019365 0.05928838253
v 0.03150000051 0.1253596544 0.003366217017
v 0.03200000152 0.125343129 0.002961471677
v 0.03250000253 0.1253265887 0.002556741238
v 0.03299999982 0.1252990365 0.00188216567
v 0.03350000083 0.1250786036 -0.003514364362
v 0.03400000185 0.1250730902 -0.003649286926
v 0.03450000286 0.1249298081 -0.007157035172
v 0.03500000015 0.1248526573 -0.009045816958
v -0.02125000022 0.1261231303 0.004039950669
v -0.02075000107 0.1261502653 0.004714533687
v -0.02025000006 0.1261773854 0.005389109254
v -0.01975000091 0.1261936724 0.005793847144
v -0.01925000176 0.1262207925 0.006468400359
v -0.01875000075 0.1262530982 0.007230445743
v -0.01825000159 0.1262746304 0.007738471031
v -0.01775000058 0.126285404 0.007992476225
v -0.01625000127 0.1263930947 0.01053259522
v -0.01575000025 0.1264146268 0.01104059815
v -0.0152500011 0.1264307797 0.0114216283
v -0.01475000102 0.1264415532 0.01167563349
v -0.01425000094 0.1264523268 0.01192965358
v -0.01375000086 0.1264577061 0.01205664873
v -0.01325000077 0.1264577061 0.01205664873
v -0.01275000069 0.1264577061 0.01205664873
v -0.01225000061 0.1264630854 0.01218365878
v -0.01175000053 0.1264577061 0.01205664873
v -0.01125000045 0.1264630854 0.01218365878
v -0.01075000037 0.1264630854 0.01218365878
v -0.01025000028 0.1264684796 0.01231066883
v -0.009750000201 0.1264792383 0.01256466657
v -0.009250000119 0.1264900118 0.01281868666
v -0.008750000037 0.1264900118 0.01281868666
v -0.008249999955 0.1265007854 0.01307269186
v -0.007750000339 0.1264953911 0.01294568181
v -0.004250000231 0.1267646104 0.01929595321
v -0.003750000149 0.1267861426 0.01980397105
v -0.003250000067 0.1267969161 0.0200579986
v -0.002750000218 0.1268022954 0.02018500865
v -0.002250000136 0.1268076897 0.02031199634
v -0.001750000054 0.1267969161 0.0200579986
v 0.01375000086 0.1269907504 0.02463018894
v 0.0152500011 0.1269369125 0.02336014062
v 0.01575000025 0.1269530654 0.02374114841
v 0.01625000127 0.1269638389 0.02399516106
v 0.01675000042 0.1269745976 0.02424918115
v 0.01725000143 0.1269799918 0.02437616885
v 0.01775000058 0.1269692183 0.02412216365
v 0.01825000159 0.1269745976 0.02424918115
v 0.01875000075 0.1269638389 0.02399516106
v 0.01925000176 0.126926139 0.02310612053
v 0.01975000091 0.1269153804 0.02285211533
v 0.02125000022 0.1283273399 0.06000553071
v 0.02175000124 0.1283474714 0.06072372198
v 0.02225000039 0.128364265 0.06132221222
v 0.0227500014 0.1283776909 0.06180101633
v 0.02325000055 0.1283877641 0.06216010451
v 0.02375000156 0.1283944845 0.06239949167
v 0.02425000072 0.12840119 0.06263889372
v 0.02475000173 0.1284079105 0.06287829578
v 0.02525000088 0.1284112632 0.06299799681
v 0.02575000189 0.1284112632 0.06299799681
v 0.02625000104 0.1284079105 0.06287829578
v 0.02675000206 0.1284045577 0.06275860965
v 0.02725000121 0.12840119 0.06263889372
v 0.02775000222 0.1283944845 0.06239949167
v 0.02825000137 0.1283877641 0.06216010451
v 0.02875000052 0.1283743382 0.0616813153
v 0.02925000153 0.1283609122 0.06120251119
v 0.02975000069 0.1283374131 0.0603646189
v 0.0302500017 0.1283239722 0.05988582969
v 0.03075000085 0.1283105463 0.05940705538
v 0.03125 0.1283004731 0.05904795229
v 0.03175000101 0.1260743141 0.002825737
v 0.03225000203 0.1260634661 0.002555921674
v 0.03275000304 0.1260092109 0.001206763089
v 0.03325000033 0.1258193254 -0.003515213728
v 0.03375000134 0.1257216632 -0.005943663418
v 0.03425000235 0.1257053912 -0.006348393857
v 0.03475000337 0.1255751848 -0.00958634913
v -0.02100000158 0.1268537343 0.003904245794
v -0.02050000057 0.1268911213 0.004848644137
v -0.0195000004 0.1269231588 0.005658119917
v -0.01900000125 0.1269498616 0.006332702935
v -0.01850000024 0.126981765 0.007102631032
v -0.01800000109 0.1270083487 0.007737651467
v -0.01750000007 0.1270189732 0.007991656661
v -0.01550000068 0.1271358877 0.01078573614
v -0.0150000006 0.1271571517 0.01129374653
v -0.01450000051 0.1271730959 0.01167475432
v -0.01400000043 0.1271837205 0.01192878187
v -0.01350000035 0.127194345 0.01218277961
v -0.01300000027 0.127194345 0.01218277961
v -0.01250000019 0.127194345 0.01218277961
v -0.0120000001 0.127194345 0.01218277961
v -0.01150000095 0.127194345 0.01218277961
v -0.01100000087 0.127194345 0.01218277961
v -0.01050000079 0.127194345 0.01218277961
v -0.01000000071 0.127194345 0.01218277961
v -0.009500000626 0.1271996647 0.01230978966
v -0.009000000544 0.1272102892 0.01256377995
v -0.008500000462 0.127215609 0.01269079745
v -0.00800000038 0.1272262335 0.01294478774
v -0.007500000298 0.1272315532 0.01307179779
v -0.003500000108 0.1274972707 0.01942197978
v -0.003000000026 0.1275132149 0.01980298012
v -0.002500000177 0.1275185347 0.01992999017
v -0.002000000095 0.1275344789 0.02031099796
v 0.01350000035 0.1277098507 0.02450212091
v 0.01400000043 0.1276141852 0.02221605927
v 0.01450000051 0.1276460737 0.02297807485
v 0.0150000006 0.1276567131 0.02323209494
v 0.01550000068 0.1276673377 0.02348609269
v 0.01600000076 0.1276726425 0.02361310273
v 0.01649999991 0.1276779622 0.02374010533
v 0.01700000092 0.1276885867 0.02399411052
v 0.01750000007 0.1276726425 0.02361310273
v 0.01800000109 0.1276726425 0.02361310273
v 0.01850000024 0.1276673377 0.02348609269
v 0.01900000125 0.1276407689 0.02285108715
v 0.0195000004 0.1276248246 0.02247007191
v 0.02000000142 0.1275929362 0.02170804143
v 0.02100000158 0.1290157288 0.0594060272
v 0.02150000073 0.1290420592 0.06036363542
v 0.02200000174 0.1290585101 0.06096215546
v 0.02250000089 0.1290683746 0.06132125854
v 0.02300000191 0.1290782541 0.06168037653
v 0.02350000106 0.1290848255 0.06191979349
v 0.02400000021 0.129094705 0.06227888167
v 0.02450000122 0.1291012764 0.06251828372
v 0.02500000037 0.1291078627 0.06275770068
v 0.02550000139 0.129114449 0.06299710274
v 0.02600000054 0.1291177273 0.06311680377
v 0.02650000155 0.129114449 0.06299710274
v 0.0270000007 0.1291111559 0.06287740171
v 0.02750000171 0.1291012764 0.06251828372
v 0.02800000086 0.129094705 0.06227888167
v 0.02850000188 0.1290914118 0.06215918064
v 0.02900000103 0.1290683746 0.06132125854
v 0.02950000204 0.1290585101 0.06096215546
v 0.03000000119 0.129038766 0.06024393439
v 0.03050000221 0.1290256083 0.05976514518
v 0.03100000136 0.129019022 0.05952572823
v 0.03150000051 0.126805678 0.002690002322
v 0.03200000152 0.1267950088 0.002420186996
v 0.03250000253 0.126549378 -0.00378587842
v 0.03299999982 0.126549378 -0.00378587842
v 0.03350000083 0.1265173405 -0.004595376551
v 0.03400000185 0.1264532506 -0.006214335561
v 0.03450000286 0.1264372319 -0.006619095802
v -0.02175000124 0.1275372207 0.002554289997
v -0.02125000022 0.1275687516 0.003363773227
v -0.02075000107 0.1275950223 0.004038333893
v -0.02025000006 0.1276002824 0.004173249006
v -0.01975000091 0.1276370585 0.0051176548
v -0.01925000176 0.1276633292 0.005792237818
v -0.01875000075 0.1276843399 0.006331905723
v -0.01825000159 0.1277105808 0.006974808872
v -0.01775000058 0.1277263165 0.007355831563
v -0.01725000143 0.1277368069 0.007609829307
v -0.01675000042 0.1277472973 0.007863819599
v -0.01475000102 0.1278836429 0.01116587967
v -0.01425000094 0.1279046237 0.0116738826
v -0.01375000086 0.1279151142 0.0119279027
v -0.01325000077 0.1279256046 0.01218189299
v -0.01275000069 0.1279256046 0.01218189299
v -0.01225000061 0.1279256046 0.01218189299
v -0.01175000053 0.1279308498 0.01230890304
v -0.01125000045 0.1279308498 0.01230890304
v -0.01075000037 0.1279308498 0.01230890304
v -0.01025000028 0.1279256046 0.01218189299
v -0.009750000201 0.1279256046 0.01218189299
v -0.009250000119 0.127936095 0.01243589073
v -0.008750000037 0.1279308498 0.01230890304
v -0.008249999955 0.1279413402 0.01256289333
v -0.007750000339 0.1279518306 0.01281690598
v -0.007250000257 0.127962321 0.01307090372
v -0.006750000175 0.127962321 0.01307090372
v -0.003250000067 0.1282035708 0.01891298592
v -0.002750000218 0.1282140613 0.01916699857
v -0.002250000136 0.1282350421 0.01967500895
v -0.001750000054 0.1282455325 0.01992899925
v 0.01225000061 0.1283032149 0.02132602036
v 0.01275000069 0.1283189505 0.02170702815
v 0.01325000077 0.1283241957 0.02183403075
v 0.01375000086 0.1283399314 0.02221503854
v 0.01425000094 0.128355667 0.02259603143
v 0.01475000102 0.1283661574 0.02285005152
v 0.0152500011 0.1283714026 0.02297703922
v 0.01575000025 0.1283714026 0.02297703922
v 0.01625000127 0.1283871233 0.02335806191
v 0.01675000042 0.1283766329 0.02310404927
v 0.01725000143 0.1283714026 0.02297703922
v 0.01775000058 0.1283766329 0.02310404927
v 0.01825000159 0.1283609122 0.02272304147
v 0.01875000075 0.1283399314 0.02221503854
v 0.01925000176 0.1283189505 0.02170702815
v 0.01975000091 0.1283032149 0.02132602036
v 0.02025000006 0.1283084601 0.02145303041
v 0.02125000022 0.1297370344 0.06000353396
v 0.02175000124 0.1297563761 0.06072178483
v 0.02225000039 0.1297692657 0.06120060384
v 0.0227500014 0.1297789365 0.06155972183
v 0.02325000055 0.1297853887 0.06179913878
v 0.02375000156 0.1297982782 0.0622779727
v 0.02425000072 0.1298047304 0.06251737475
v 0.02475000173 0.1298176199 0.06299620867
v 0.02525000088 0.1298240721 0.06323562562
v 0.02575000189 0.1298305094 0.06347502768
v 0.02625000104 0.1298369616 0.06371442974
v 0.02675000206 0.129833743 0.06359474361
v 0.02725000121 0.1298240721 0.06323562562
v 0.02775000222 0.1298240721 0.06323562562
v 0.02825000137 0.1298176199 0.06299620867
v 0.02875000052 0.1298111677 0.06275680661
v 0.02925000153 0.1297789365 0.06155972183
v 0.02975000069 0.129766047 0.06108090281
v 0.0302500017 0.1297531575 0.0606020838
v 0.03075000085 0.1297305822 0.0597641319
v 0.03125 0.1275214702 0.002149522305
v 0.03175000101 0.1275162101 0.002014622092
v 0.03225000203 0.127269268 -0.00432638824
v 0.03275000304 0.127269268 -0.00432638824
v 0.03325000033 0.1272377372 -0.005135886371
v 0.03375000134 0.1272167265 -0.005675554276
v 0.03425000235 0.1271063834 -0.008508764207
v -0.02150000073 0.1282844543 0.002823285758
v -0.02100000158 0.1283051223 0.003362961113
v -0.02050000057 0.1283154637 0.003632776439
v -0.02000000142 0.128346473 0.004442282021
v -0.0195000004 0.1283774823 0.005251772702
v -0.01900000125 0.1283981651 0.005791433156
v -0.01850000024 0.1284136623 0.006196185946
v -0.01800000109 0.1284240037 0.006466001272
v -0.01750000007 0.12843436 0.006720013916
v -0.01700000092 0.1284602284 0.00735501945
v -0.01649999991 0.1284757555 0.00773601979
v -0.01400000043 0.1286258101 0.01141902059
v -0.01350000035 0.1286413372 0.01180001348
v -0.01300000027 0.1286568642 0.01218101382
v -0.01250000019 0.1286620349 0.01230801642
v -0.0120000001 0.1286620349 0.01230801642
v -0.01150000095 0.1286620349 0.01230801642
v -0.01100000087 0.1286672056 0.01243500412
v -0.01050000079 0.1286620349 0.01230801642
v -0.01000000071 0.1286620349 0.01230801642
v -0.009500000626 0.1286620349 0.01230801642
v -0.009000000544 0.1286620349 0.01230801642
v -0.008500000462 0.1286620349 0.01230801642
v -0.00800000038 0.1286672056 0.01243500412
v -0.007500000298 0.1286723912 0.01256200671
v -0.007000000216 0.1286775619 0.01268901676
v -0.006500000134 0.1286930889 0.01307000965
v -0.006000000052 0.1286930889 0.01307000965
v -0.002500000177 0.1289207637 0.01865801215
v 0.01100000087 0.1289673448 0.01980100572
v 0.01150000095 0.1290035695 0.02069000155
v 0.0120000001 0.1290242672 0.02119801193
v 0.01250000019 0.1290346086 0.02145201713
v 0.01300000027 0.1290397942 0.02157900482
v 0.01350000035 0.1290553063 0.02196002007
v 0.01400000043 0.1290656626 0.02221401036
v 0.01450000051 0.1290708333 0.02234102041
v 0.0150000006 0.129076004 0.022468023
v 0.01550000068 0.129076004 0.022468023
v 0.01600000076 0.1290863603 0.02272201329
v 0.01649999991 0.1290811896 0.02259500325
v 0.01700000092 0.1290811896 0.02259500325
v 0.01750000007 0.129076004 0.022468023
v 0.01900000125 0.1290139109 0.02094401419
v 0.0195000004 0.1290139109 0.02094401419
v 0.02000000142 0.1289932132 0.02043601125
v 0.02150000073 0.1304513365 0.06036166847
v 0.02200000174 0.1304671317 0.06096023321
v 0.02250000089 0.130479753 0.06143906713
v 0.02300000191 0.1304955333 0.06203761697
v 0.02350000106 0.1305050105 0.06239674985
v 0.02400000021 0.1305144727 0.06275589764
v 0.02450000122 0.1305271089 0.06323474646
v 0.02500000037 0.1305365711 0.06359386444
v 0.02550000139 0.1305428892 0.0638332814
v 0.02600000054 0.1305491924 0.06407271326
v 0.02650000155 0.1305491924 0.06407271326
v 0.0270000007 0.1305523515 0.06419241428
v 0.02750000171 0.1305428892 0.0638332814
v 0.02800000086 0.1305397302 0.06371356547
v 0.02850000188 0.1305334121 0.06347414851
v 0.02900000103 0.1305271089 0.06323474646
v 0.02950000204 0.1304955333 0.06203761697
v 0.03000000119 0.1304829121 0.06155876815
v 0.03050000221 0.1304702759 0.06107994914
v 0.03100000136 0.1304229349 0.05928428471
v 0.03150000051 0.1280983835 -0.002033673227
v 0.03250000253 0.1279691607 -0.005406565964
v 0.03299999982 0.1279484779 -0.005946226418
v 0.03350000083 0.1279588193 -0.005676403642
v 0.03400000185 0.1278554499 -0.008374713361
v 0.03450000286 0.1277159005 -0.01201744378
v 0.03500000015 0.1277313977 -0.01161267608
v -0.02175000124 0.1289754212 0.001608215272
v -0.02125000022 0.1290109903 0.002552650869
v -0.02075000107 0.1290313303 0.003092303872
v -0.02025000006 0.1290516555 0.003631964326
v -0.01975000091 0.1290821582 0.004441477358
v -0.01925000176 0.1291075796 0.005116045475
v -0.01875000075 0.1291177422 0.005385890603
v -0.01825000159 0.1291329861 0.005790628493
v -0.01775000058 0.1291482449 0.006195381284
v -0.01725000143 0.1291635185 0.006592206657
v -0.01675000042 0.1291839331 0.007100202143
v -0.01625000127 0.1291992515 0.007481187582
v -0.01325000077 0.1293677092 0.01167213172
v -0.01275000069 0.1293830127 0.01205313206
v -0.01225000061 0.1293881238 0.01218013465
v -0.01175000053 0.1293932348 0.01230713725
v -0.01125000045 0.129398331 0.0124341175
v -0.01075000037 0.1294034421 0.01256112009
v -0.01025000028 0.1294034421 0.01256112009
v -0.009750000201 0.1294034421 0.01256112009
v -0.009250000119 0.1294034421 0.01256112009
v -0.008750000037 0.129398331 0.0124341175
v -0.008249999955 0.129398331 0.0124341175
v -0.007750000339 0.129398331 0.0124341175
v -0.007250000257 0.1294034421 0.01256112009
v -0.006750000175 0.1294085383 0.01268813014
v -0.006250000093 0.1294136494 0.01281512529
v -0.005750000477 0.1294238567 0.01306911558
v 0.01025000028 0.129689306 0.0196730271
v 0.01075000037 0.1297046244 0.02005401999
v 0.01125000045 0.1297148317 0.02030801028
v 0.01175000053 0.1297301501 0.02068900317
v 0.01225000061 0.1297403574 0.02094300836
v 0.01275000069 0.1297505647 0.02119699866
v 0.01325000077 0.129760772 0.02145100385
v 0.01375000086 0.1297658831 0.02157798409
v 0.01425000094 0.1297709793 0.02170499414
v 0.01475000102 0.1297760904 0.02183199674
v 0.0152500011 0.129760772 0.02145100385
v 0.01575000025 0.129760772 0.02145100385
v 0.01625000127 0.1297760904 0.02183199674
v 0.01675000042 0.1295310557 0.01573607326
v 0.02175000124 0.131165266 0.06071983278
v 0.02225000039 0.1311838031 0.06143812835
v 0.0227500014 0.1311992556 0.0620366931
v 0.02325000055 0.1312147081 0.06263527274
v 0.02375000156 0.1312270612 0.06311413646
v 0.02425000072 0.1312363297 0.06347328424
v 0.02475000173 0.1312455982 0.06383241713
v 0.02525000088 0.1312548667 0.06419156492
v 0.02575000189 0.1312610507 0.06443099678
v 0.02625000104 0.1312641352 0.0645507127
v 0.02675000206 0.1312641352 0.0645507127
v 0.02725000121 0.1312641352 0.0645507127
v 0.02775000222 0.1312548667 0.06419156492
v 0.02825000137 0.1312548667 0.06419156492
v 0.02875000052 0.1312486976 0.06395214796
v 0.02925000153 0.1312394291 0.06359300017
v 0.02975000069 0.1312239766 0.06299442053
v 0.0302500017 0.131196171 0.06191699207
v 0.03075000085 0.1311869025 0.06155782938
v 0.03175000101 0.1287822574 -0.003518588841
v 0.03275000304 0.1286704242 -0.006486751139
v 0.03325000033 0.1286602616 -0.006756573915
v 0.03425000235 0.1284365952 -0.01269289106
v 0.03475000337 0.1284721792 -0.01174847782
v -0.02200000174 0.1296878904 0.0009328275919
v -0.02150000073 0.1297128797 0.001607395709
v -0.02100000158 0.1297378689 0.002281986177
v -0.02050000057 0.1297628582 0.002956576645
v -0.02000000142 0.1297878474 0.003631152213
v -0.0195000004 0.1298128366 0.004305742681
v -0.01900000125 0.1298278272 0.004710495472
v -0.01850000024 0.1298478246 0.005250163376
v -0.01800000109 0.1298628151 0.005654908717
v -0.01750000007 0.1298827976 0.006194584072
v -0.01700000092 0.1298927963 0.006464399397
v -0.01649999991 0.1299028695 0.006718404591
v -0.0150000006 0.1299481839 0.007861360908
v -0.01450000051 0.1299582571 0.008115366101
v -0.01250000019 0.130099237 0.01167126
v -0.0120000001 0.1301143318 0.01205225289
v -0.01150000095 0.130124405 0.01230625063
v -0.01100000087 0.1301294416 0.01243323088
v -0.01050000079 0.1301344782 0.01256023347
v -0.01000000071 0.1301395148 0.01268724352
v -0.009500000626 0.1301395148 0.01268724352
v -0.009000000544 0.1301445514 0.01281423867
v -0.008500000462 0.1301395148 0.01268724352
v -0.00800000038 0.1301344782 0.01256023347
v -0.007500000298 0.1301395148 0.01268724352
v -0.007000000216 0.1301344782 0.01256023347
v -0.006500000134 0.1301344782 0.01256023347
v -0.006000000052 0.1301495731 0.01294121891
v 0.009000000544 0.1303761601 0.01865606755
v 0.009500000626 0.130391255 0.01903705299
v 0.01000000071 0.1304063648 0.01941803843
v 0.01050000079 0.130416438 0.01967204362
v 0.01100000087 0.1304265112 0.01992602646
v 0.01150000095 0.1304365695 0.02018003166
v 0.0120000001 0.130441606 0.0203070119
v 0.01250000019 0.1304516792 0.0205610171
v 0.01300000027 0.130466789 0.02094200253
v 0.01350000035 0.1304567158 0.02068799734
v 0.01400000043 0.1304567158 0.02068799734
v 0.01450000051 0.1304466426 0.0204340145
v 0.0150000006 0.1304466426 0.0204340145
v 0.01550000068 0.1304466426 0.0204340145
v 0.01600000076 0.1302049607 0.01433818787
v 0.01649999991 0.1301747561 0.01357620955
v 0.01700000092 0.1301747561 0.01357620955
v 0.01750000007 0.1301797926 0.01370321214
v 0.01800000109 0.1301898658 0.01395720243
v 0.02250000089 0.1318999529 0.0619160682
v 0.02300000191 0.1319211125 0.0627540946
v 0.02350000106 0.1319331974 0.06323297322
v 0.02400000021 0.1319422722 0.06359212101
v 0.02450000122 0.131954357 0.06407099962
v 0.02500000037 0.1319604069 0.06431043148
v 0.02550000139 0.1319694668 0.06466959417
v 0.02600000054 0.1319724917 0.0647893101
v 0.02650000155 0.1319724917 0.0647893101
v 0.0270000007 0.1319724917 0.0647893101
v 0.02750000171 0.1319694668 0.06466959417
v 0.02800000086 0.1319664568 0.06454987824
v 0.02850000188 0.1319604069 0.06431043148
v 0.02900000103 0.131957382 0.06419071555
v 0.02950000204 0.1319452971 0.06371182203
v 0.03000000119 0.1319301724 0.06311324239
v 0.03050000221 0.1319059879 0.06215548515
v 0.03100000136 0.1318757683 0.06095829606
v 0.03150000051 0.1294829994 -0.004598774016
v 0.03200000152 0.12949799 -0.004194028676
v -0.02175000124 0.1304110736 0.0005272552371
v -0.02125000022 0.1304405481 0.001336745918
v -0.02075000107 0.1304700077 0.0021462515
v -0.01975000091 0.1305142194 0.003360517323
v -0.01925000176 0.1305387765 0.00403508544
v -0.01825000159 0.130568251 0.004844605923
v -0.01775000058 0.1305780858 0.00511443615
v -0.01725000143 0.130592823 0.00551918149
v -0.01675000042 0.1305977255 0.005654104054
v -0.01575000025 0.1306321621 0.006590604782
v -0.0152500011 0.1306619495 0.00735258311
v -0.01475000102 0.1306867748 0.007987543941
v -0.01425000094 0.1306967139 0.008241549134
v -0.01375000086 0.130701676 0.008368521929
v -0.01175000053 0.1308307648 0.01167038828
v -0.01125000045 0.130850628 0.01217836887
v -0.01075000037 0.1308605522 0.01243235171
v -0.01025000028 0.1308704913 0.01268634945
v -0.009750000201 0.1308754534 0.0128133446
v -0.009250000119 0.1308804154 0.01294032484
v -0.008750000037 0.1308804154 0.01294032484
v -0.008249999955 0.1308804154 0.01294032484
v -0.007750000339 0.1308754534 0.0128133446
v -0.007250000257 0.1308754534 0.0128133446
v -0.006750000175 0.1308704913 0.01268634945
v -0.006250000093 0.1308754534 0.0128133446
v -0.005750000477 0.1308903545 0.01319433004
v 0.008249999955 0.131074056 0.01789313555
v 0.008750000037 0.1311038435 0.01865509152
v 0.009250000119 0.1311187446 0.01903607696
v 0.009750000201 0.1311237067 0.01916307956
v 0.01025000028 0.1311286688 0.0192900598
v 0.01075000037 0.1311336309 0.01941705495
v 0.01125000045 0.1311435699 0.01967105269
v 0.01175000053 0.131148532 0.01979803294
v 0.01225000061 0.1311534941 0.01992503554
v 0.01275000069 0.1311435699 0.01967105269
v 0.01325000077 0.1311435699 0.01967105269
v 0.01375000086 0.1311386079 0.01954405755
v 0.01425000094 0.1311386079 0.01954405755
v 0.01475000102 0.1309300661 0.01421029121
v 0.0152500011 0.130925104 0.01408328861
v 0.01575000025 0.1309201419 0.01395629346
v 0.01625000127 0.1309002787 0.01344831288
v 0.01675000042 0.1309002787 0.01344831288
v 0.01725000143 0.1308953166 0.01332131028
v 0.01775000058 0.1309002787 0.01344831288
v 0.01825000159 0.1307711899 0.01014644653
v 0.01875000075 0.1307662278 0.01001946628
v 0.01925000176 0.1307612509 0.009892471135
v 0.0227500014 0.1326155365 0.06239400804
v 0.02325000055 0.1326362342 0.06323209405
v 0.02375000156 0.1326480508 0.06371095777
v 0.02425000072 0.1326569319 0.06407015026
v 0.02475000173 0.1326657981 0.06442931294
v 0.02525000088 0.1326716989 0.0646687448
v 0.02575000189 0.1326776147 0.06490820646
v 0.02625000104 0.13268058 0.06502792239
v 0.02675000206 0.13268058 0.06502792239
v 0.02725000121 0.13268058 0.06502792239
v 0.02775000222 0.1326746643 0.06478847563
v 0.02825000137 0.1326716989 0.0646687448
v 0.02875000052 0.1326687485 0.06454904377
v 0.02925000153 0.1326598823 0.06418986619
v 0.02975000069 0.1326510161 0.0638306886
v 0.0302500017 0.132627368 0.06287290156
v 0.03075000085 0.1326185018 0.06251372397
v 0.03125 0.1325978041 0.06167566776
v 0.03175000101 0.1302244067 -0.004599623382
v 0.03275000304 0.1300230175 -0.01013122499
v 0.03325000033 0.1300181001 -0.01026614755
v -0.02200000174 0.1311347634 0.0001216679811
v -0.02150000073 0.1311492324 0.0005264282227
v -0.02100000158 0.1311782002 0.001335926354
v -0.02050000057 0.1311878413 0.00160574913
v -0.02000000142 0.1312023252 0.002010524273
v -0.0195000004 0.1312264651 0.00268509984
v -0.01900000125 0.1312361211 0.002954944968
v -0.01850000024 0.1312554181 0.003494627774
v -0.01800000109 0.1312795579 0.004169203341
v -0.01750000007 0.1312795579 0.004169203341
v -0.01649999991 0.1313133389 0.005113624036
v -0.01600000076 0.1313519478 0.006192974746
v -0.01550000068 0.1313713938 0.006716802716
v -0.0150000006 0.1313909739 0.0072247684
v -0.01450000051 0.1314105541 0.007732748985
v -0.01400000043 0.1314252466 0.008113719523
v -0.01350000035 0.1314448267 0.008621692657
v -0.01300000027 0.1314546168 0.008875668049
v -0.01100000087 0.1315720975 0.01192351431
v -0.01050000079 0.1315867752 0.01230448484
v -0.01000000071 0.1316014677 0.01268546283
v -0.009500000626 0.1316063702 0.01281245798
v -0.009000000544 0.1316112578 0.01293943077
v -0.008500000462 0.1316112578 0.01293943077
v -0.00800000038 0.1316112578 0.01293943077
v -0.007500000298 0.1316161454 0.01306643337
v -0.007000000216 0.1316112578 0.01293943077
v -0.006500000134 0.1316112578 0.01293943077
v -0.006000000052 0.1316210479 0.01319343597
v -0.005500000436 0.1316259354 0.01332040876
v 0.00800000038 0.131797269 0.01776517183
v 0.008500000462 0.1318217516 0.01840012521
v 0.009000000544 0.1318364292 0.01878111809
v 0.009500000626 0.1318413317 0.01890809834
v 0.01000000071 0.1318413317 0.01890809834
v 0.01050000079 0.1318413317 0.01890809834
v 0.01100000087 0.1318462193 0.01903509349
v 0.01150000095 0.1318413317 0.01890809834
v 0.0120000001 0.1318266392 0.01852712035
v 0.01250000019 0.1318315417 0.01865412295
v 0.01300000027 0.1318364292 0.01878111809
v 0.01350000035 0.1318315417 0.01865412295
v 0.01450000051 0.1315525174 0.01141553372
v 0.0150000006 0.1315525174 0.01141553372
v 0.01550000068 0.1315476149 0.01128853858
v 0.01600000076 0.1315476149 0.01128853858
v 0.01649999991 0.1315231472 0.01065357029
v 0.01700000092 0.1315231472 0.01065357029
v 0.01750000007 0.1315231472 0.01065357029
v 0.01800000109 0.1315182447 0.01052659005
v 0.01850000024 0.1315035671 0.01014558971
v 0.01900000125 0.131483987 0.009637638927
v 0.0195000004 0.1314350367 0.008367694914
v 0.02000000142 0.1314252466 0.008113719523
v 0.02050000057 0.1313471198 0.006058052182
v 0.02100000158 0.1313811839 0.006970770657
v 0.02150000073 0.1313133389 0.005113624036
v 0.02250000089 0.1333132684 0.06215363741
v 0.02300000191 0.1333306134 0.06287200749
v 0.02350000106 0.1333450526 0.06347064674
v 0.02400000021 0.1333566159 0.06394957006
v 0.02450000122 0.1333623976 0.06418900192
v 0.02500000037 0.1333710551 0.06454820931
v 0.02550000139 0.1333768368 0.06478765607
v 0.02600000054 0.1333797276 0.0649073869
v 0.02650000155 0.1333797276 0.0649073869
v 0.0270000007 0.1333826184 0.06502708793
v 0.02750000171 0.1333797276 0.0649073869
v 0.02800000086 0.1333797276 0.0649073869
v 0.02850000188 0.1333710551 0.06454820931
v 0.02900000103 0.1333652735 0.06430874765
v 0.02950000204 0.1333566159 0.06394957006
v 0.03000000119 0.1333392709 0.06323119998
v 0.03050000221 0.1333306134 0.06287200749
v 0.03100000136 0.1333248317 0.06263254583
v 0.03150000051 0.130951345 -0.005005225539
v 0.03250000253 0.1307341605 -0.01107652485
v 0.03299999982 0.1307679415 -0.01013209671
v -0.02475000173 0.1317025125 -0.004736244678
v -0.02175000124 0.1318589598 -0.0002839267254
v -0.02125000022 0.1318826675 0.0003906711936
v -0.02075000107 0.1319016218 0.0009303539991
v -0.02025000006 0.1319158524 0.001335099339
v -0.01975000091 0.1319442987 0.002144612372
v -0.01925000176 0.1319537759 0.0024144575
v -0.01875000075 0.1319537759 0.0024144575
v -0.01825000159 0.1319680065 0.002819210291
v -0.01675000042 0.1320296377 0.004573144019
v -0.01625000127 0.132058084 0.005382671952
v -0.01575000025 0.1320817918 0.00605725497
v -0.0152500011 0.1320960075 0.00646200031
v -0.01475000102 0.1321056634 0.006715998054
v -0.01425000094 0.1321249604 0.007223956287
v -0.01375000086 0.1321394295 0.007604934275
v -0.01325000077 0.1321587414 0.008112892509
v -0.01275000069 0.1321828663 0.008747845888
v -0.01225000061 0.1321780384 0.008620865643
v -0.01075000037 0.1322793663 0.01128766686
v -0.01025000028 0.1323083192 0.01204960793
v -0.009750000201 0.1323179752 0.01230360568
v -0.009250000119 0.1323324442 0.01268457621
v -0.008750000037 0.1323372722 0.01281156391
v -0.008249999955 0.1323421001 0.01293854415
v -0.007750000339 0.1323421001 0.01293854415
v -0.007250000257 0.1323469281 0.0130655393
v -0.006750000175 0.1323469281 0.0130655393
v -0.006250000093 0.1323517412 0.01319253445
v -0.005750000477 0.1323613971 0.01344650984
v 0.007750000339 0.1325109899 0.01738324016
v 0.008249999955 0.1325254589 0.0177642107
v 0.008750000037 0.132539928 0.01814518124
v 0.009250000119 0.132539928 0.01814518124
v 0.009750000201 0.1325447559 0.01827217638
v 0.01025000028 0.1325351149 0.01801818609
v 0.01075000037 0.1325254589 0.0177642107
v 0.01125000045 0.1325254589 0.0177642107
v 0.01175000053 0.132520631 0.01763721555
v 0.01225000061 0.1325302869 0.0178912133
v 0.01275000069 0.132539928 0.01814518124
v 0.01325000077 0.1323131472 0.01217661053
v 0.01375000086 0.1322986633 0.01179563254
v 0.01425000094 0.1322986633 0.01179563254
v 0.01475000102 0.1322938502 0.01166863739
v 0.0152500011 0.1322793663 0.01128766686
v 0.01575000025 0.1322697103 0.01103367656
v 0.01625000127 0.1322552413 0.01065270603
v 0.01675000042 0.1322407722 0.01027173549
v 0.01725000143 0.1322407722 0.01027173549
v 0.01775000058 0.1322359443 0.01014474034
v 0.01825000159 0.1321828663 0.008747845888
v 0.01875000075 0.1321876943 0.008874833584
v 0.01925000176 0.1321732104 0.008493863046
v 0.01975000091 0.1321587414 0.008112892509
v 0.02025000006 0.1321442574 0.007731929421
v 0.02075000107 0.1320912689 0.006327100098
v 0.02125000022 0.1320628226 0.005517572165
v 0.02175000124 0.1320722997 0.005787417293
v 0.0227500014 0.13402538 0.06251190603
v 0.02325000055 0.134045139 0.06335003674
v 0.02375000156 0.1340536028 0.06370922923
v 0.02425000072 0.1340592504 0.06394870579
v 0.02475000173 0.1340648979 0.06418815255
v 0.02525000088 0.1340705454 0.06442762911
v 0.02575000189 0.134076193 0.06466707587
v 0.02625000104 0.1340818405 0.06490655243
v 0.02675000206 0.1340846568 0.06502626836
v 0.02725000121 0.1340874732 0.06514601409
v 0.02775000222 0.1340846568 0.06502626836
v 0.02825000137 0.1340818405 0.06490655243
v 0.02875000052 0.1340648979 0.06418815255
v 0.02925000153 0.1340620816 0.06406843662
v 0.02975000069 0.1340479702 0.06346976757
v 0.0302500017 0.1340366751 0.06299084425
v 0.03075000085 0.1340338588 0.06287111342
v 0.03125 0.1340169162 0.06215271354
v -0.02350000106 0.1324812472 -0.003657735884
v -0.02300000191 0.1324905455 -0.003387883306
v -0.02100000158 0.1326022893 -0.0001498311758
v -0.02050000057 0.1326115876 0.0001200139523
v -0.02000000142 0.1326255649 0.0005247741938
v -0.0195000004 0.1326488405 0.001199357212
v -0.01900000125 0.1326581538 0.00146920234
v -0.01700000092 0.1327465922 0.00403265655
v -0.01649999991 0.1327698827 0.00470726192
v -0.01600000076 0.1327838451 0.005112014711
v -0.01550000068 0.1327931583 0.00538186729
v -0.0150000006 0.1328071207 0.00578662008
v -0.01450000051 0.1328071207 0.00578662008
v -0.01400000043 0.1328351498 0.006588198245
v -0.01350000035 0.132858932 0.007223151624
v -0.01300000027 0.1328826994 0.007858082652
v -0.01250000019 0.1328969747 0.008239068091
v -0.0120000001 0.1329064816 0.008493036032
v -0.01150000095 0.1329159886 0.008747011423
v -0.009500000626 0.1330348849 0.01192175597
v -0.009000000544 0.1330491453 0.01230271906
v -0.008500000462 0.1330634207 0.01268368959
v -0.00800000038 0.1330634207 0.01268368959
v -0.007500000298 0.1330681741 0.01281067729
v -0.007000000216 0.1330776811 0.01306464523
v -0.006500000134 0.1330776811 0.01306464523
v -0.006000000052 0.1330919415 0.01344560832
v 0.004500000272 0.1330443919 0.01217572391
v 0.005000000354 0.1330634207 0.01268368959
v 0.005500000436 0.1330443919 0.01217572391
v 0.007500000298 0.1332155913 0.01674733311
v 0.00800000038 0.1332250983 0.01700130105
v 0.008500000462 0.1332250983 0.01700130105
v 0.009000000544 0.1332346052 0.01725529134
v 0.009500000626 0.1332203448 0.01687432826
v 0.01000000071 0.1332155913 0.01674733311
v 0.01050000079 0.1332298517 0.01712830365
v 0.01100000087 0.1332250983 0.01700130105
v 0.01150000095 0.1332250983 0.01700130105
v 0.0120000001 0.1332346052 0.01725529134
v 0.01250000019 0.1330301315 0.01179476082
v 0.01300000027 0.1330443919 0.01217572391
v 0.01350000035 0.1330348849 0.01192175597
v 0.01400000043 0.1330111027 0.01128679514
v 0.01450000051 0.1329968423 0.01090583205
v 0.0150000006 0.1329873204 0.01065184921
v 0.01550000068 0.1329778135 0.01039788127
v 0.01600000076 0.1329540312 0.009762920439
v 0.01649999991 0.1329540312 0.009762920439
v 0.01700000092 0.1329587996 0.009889923036
v 0.01750000007 0.1329302639 0.009127989411
v 0.01800000109 0.1328922212 0.008112072945
v 0.01850000024 0.1329064816 0.008493036032
v 0.01900000125 0.1328969747 0.008239068091
v 0.0195000004 0.1328779459 0.007731109858
v 0.02000000142 0.132868439 0.007477119565
v 0.02050000057 0.1327931583 0.00538186729
v 0.02100000158 0.1327884942 0.005246937275
v 0.02150000073 0.1328024715 0.005651690066
v 0.02200000174 0.1328071207 0.00578662008
v 0.02250000089 0.1347260773 0.06239125133
v 0.02300000191 0.1347453594 0.06322942674
v 0.02350000106 0.1347563863 0.06370835006
v 0.02400000021 0.1347618997 0.06394784153
v 0.02450000122 0.1347701699 0.06430704892
v 0.02500000037 0.1347756684 0.06454652548
v 0.02550000139 0.1347811818 0.06478598714
v 0.02600000054 0.1347922087 0.06526494026
v 0.02650000155 0.1347949654 0.06538468599
v 0.0270000007 0.1348032355 0.06574387848
v 0.02750000171 0.1348059773 0.06586360931
v 0.02800000086 0.1348087341 0.06598334014
v 0.02850000188 0.1348032355 0.06574387848
v 0.02900000103 0.1347784251 0.06466624141
v 0.02950000204 0.1347646564 0.06406758726
v 0.03000000119 0.1347426027 0.06310968101
v 0.03050000221 0.1347398609 0.06298995018
v 0.03100000136 0.1347371042 0.06287021935
v 0.03150000051 0.1347122937 0.06179259717
v -0.02325000055 0.1332220584 -0.0036585778
v -0.0227500014 0.1332266331 -0.003523655236
v -0.02225000039 0.1332174838 -0.003793492913
v -0.02175000124 0.1332266331 -0.003523655236
v -0.01975000091 0.1333363056 -0.0002855882049
v -0.01575000025 0.1335053891 0.004706457257
v -0.0152500011 0.1335190982 0.005111210048
v -0.01475000102 0.1335282475 0.005381062627
v -0.01425000094 0.1335373819 0.005650885403
v -0.01375000086 0.133551091 0.006055645645
v -0.01325000077 0.1335741729 0.006714388728
v -0.01275000069 0.1335741729 0.006714388728
v -0.01225000061 0.1335929185 0.007222339511
v -0.01175000053 0.133625716 0.00811124593
v -0.01125000045 0.1336350888 0.008365213871
v -0.01075000037 0.1336491406 0.008746176958
v -0.008750000037 0.1337615848 0.01179388165
v -0.008249999955 0.1337756515 0.01217484474
v -0.007750000339 0.1337850243 0.01242880523
v -0.007250000257 0.1337943971 0.01268279552
v -0.006750000175 0.133803755 0.01293675601
v -0.006250000093 0.1338131279 0.01319074631
v 0.004250000231 0.1337756515 0.01217484474
v 0.004750000313 0.1337943971 0.01268279552
v 0.005250000395 0.1337943971 0.01268279552
v 0.005750000477 0.1337803304 0.01230183244
v 0.006250000093 0.1337709576 0.0120478496
v 0.006750000175 0.1337241083 0.01077798009
v 0.007250000257 0.1337615848 0.01179388165
v 0.007750000339 0.1337615848 0.01179388165
v 0.008249999955 0.1337381601 0.01115894318
v 0.008750000037 0.1337522268 0.01153989881
v 0.009250000119 0.1337709576 0.0120478496
v 0.009750000201 0.1337662786 0.0119208768
v 0.01125000045 0.1337194294 0.01065099239
v 0.01175000053 0.1337334812 0.01103194803
v 0.01225000061 0.1337381601 0.01115894318
v 0.01275000069 0.133747533 0.01141292602
v 0.01325000077 0.1337053627 0.01027002931
v 0.01375000086 0.1337006837 0.01014303416
v 0.01425000094 0.1337006837 0.01014303416
v 0.01475000102 0.1337006837 0.01014303416
v 0.0152500011 0.1336959898 0.01001606137
v 0.01575000025 0.1336678863 0.009254127741
v 0.01625000127 0.1336725652 0.009381122887
v 0.01675000042 0.1336538196 0.008873164654
v 0.01725000143 0.1336303949 0.008238241076
v 0.01775000058 0.1336069703 0.007603295147
v 0.01825000159 0.1336116493 0.007730290294
v 0.01875000075 0.1335835457 0.006968349218
v 0.01925000176 0.1335648 0.006460405886
v 0.01975000091 0.1335008144 0.004571527243
v 0.02025000006 0.1335099638 0.004841379821
v 0.02075000107 0.1335145384 0.004976302385
v 0.02125000022 0.1335236728 0.005246132612
v 0.02175000124 0.1335373819 0.005650885403
v 0.02225000039 0.1335373819 0.005650885403
v 0.0227500014 0.1354430169 0.06298905611
v 0.02325000055 0.1354591548 0.0637074858
v 0.02375000156 0.1354725957 0.06430619955
v 0.02425000072 0.1354806572 0.06466540694
v 0.02475000173 0.1354914159 0.06514437497
v 0.02525000088 0.1354994774 0.06550359726
v 0.02575000189 0.1355075538 0.06586281955
v 0.02625000104 0.1355156153 0.06622205675
v 0.02675000206 0.1355209947 0.06646151841
v 0.02725000121 0.1355236769 0.06658126414
v 0.02775000222 0.1355236769 0.06658126414
v 0.02825000137 0.135526374 0.06670100987
v 0.02875000052 0.1355209947 0.06646151841
v 0.02925000153 0.1355182976 0.06634178758
v 0.02975000069 0.1355048567 0.06574308872
v 0.0302500017 0.1354591548 0.0637074858
v 0.03075000085 0.1354510933 0.0633482784
v 0.03125 0.1354053766 0.06131269038
v -0.02250000089 0.1339583993 -0.003794334829
v -0.02200000174 0.1339718401 -0.003389574587
v -0.02150000073 0.1339808106 -0.00311974436
v -0.02100000158 0.1339763254 -0.003254674375
v -0.01750000007 0.1341287941 0.001332633197
v -0.01700000092 0.1341467351 0.001872316003
v -0.0150000006 0.1341915727 0.003221519291
v -0.01450000051 0.1342319399 0.004435814917
v -0.01300000027 0.134285748 0.006054848433
v -0.01250000019 0.1342992038 0.006459601223
v -0.0120000001 0.1343084425 0.006713584065
v -0.01150000095 0.1343222857 0.007094539702
v -0.01100000087 0.1343592107 0.008110426366
v -0.01050000079 0.1343730539 0.008491382003
v -0.01000000071 0.1343776733 0.008618369699
v -0.009500000626 0.1343638301 0.008237421513
v -0.008500000462 0.1344561428 0.01077711582
v -0.00800000038 0.1344838291 0.01153902709
v -0.007500000298 0.1344976723 0.01192000508
v -0.007000000216 0.1345161349 0.01242792606
v -0.006500000134 0.1345207542 0.01255491376
v 0.00400000019 0.1344976723 0.01192000508
v 0.004500000272 0.1345161349 0.01242792606
v 0.005000000354 0.1345207542 0.01255491376
v 0.005500000436 0.134506911 0.01217396557
v 0.006000000052 0.1344884485 0.01166601479
v 0.006500000134 0.1344746053 0.01128505915
v 0.007000000216 0.1344746053 0.01128505915
v 0.007500000298 0.1344884485 0.01166601479
v 0.00800000038 0.1344838291 0.01153902709
v 0.008500000462 0.134469986 0.01115807891
v 0.009000000544 0.134469986 0.01115807891
v 0.009500000626 0.1344746053 0.01128505915
v 0.01000000071 0.1344561428 0.01077711582
v 0.01050000079 0.1344469041 0.01052315533
v 0.01100000087 0.1344469041 0.01052315533
v 0.01150000095 0.1344515234 0.01065012813
v 0.0120000001 0.1344561428 0.01077711582
v 0.01250000019 0.1344376802 0.01026917249
v 0.01300000027 0.1344192177 0.009761229157
v 0.01350000035 0.1344007552 0.009253285825
v 0.01400000043 0.134409979 0.009507268667
v 0.01450000051 0.1343915164 0.008999325335
v 0.0150000006 0.1343915164 0.008999325335
v 0.01550000068 0.1343776733 0.008618369699
v 0.01600000076 0.1343822777 0.008745342493
v 0.01649999991 0.1343638301 0.008237421513
v 0.01700000092 0.1343453676 0.00772947073
v 0.01750000007 0.1343038231 0.00658659637
v 0.01800000109 0.1343130469 0.006840571761
v 0.01850000024 0.1342902333 0.006189770997
v 0.01900000125 0.1342274547 0.004300884902
v 0.0195000004 0.1342274547 0.004300884902
v 0.02000000142 0.1342364252 0.00457072258
v 0.02050000057 0.1342453957 0.004840575159
v 0.02100000158 0.1342498809 0.004975497723
v 0.02150000073 0.1342588514 0.00524532795
v 0.02200000174 0.134267807 0.005515158176
v 0.02300000191 0.1361540705 0.06334738433
v 0.02350000106 0.136177659 0.06442509592
v 0.02400000021 0.1361933947 0.0651435554
v 0.02450000122 0.1362038702 0.06562253833
v 0.02500000037 0.1362143606 0.06610150635
v 0.02550000139 0.1362196058 0.06634101272
v 0.02600000054 0.1362300962 0.06681998074
v 0.02650000155 0.1362353414 0.0670594871
v 0.0270000007 0.1362353414 0.0670594871
v 0.02750000171 0.136237964 0.06717921793
v 0.02800000086 0.1362405866 0.06729896367
v 0.02850000188 0.1362353414 0.0670594871
v 0.02900000103 0.1362300962 0.06681998074
v 0.02950000204 0.1362274736 0.06670024991
v 0.03000000119 0.1362169832 0.06622128189
v 0.03050000221 0.1362038702 0.06562253833
v 0.03100000136 0.1361855268 0.06478433311
v -0.02175000124 0.134699285 -0.003795184195
v -0.02125000022 0.1347036809 -0.003660269082
v -0.02075000107 0.1347124875 -0.003390416503
v -0.01825000159 0.1348048598 -0.0005570799112
v -0.01725000143 0.1348136514 -0.0002872496843
v -0.01575000025 0.1348928362 0.002141334116
v -0.0152500011 0.1349104345 0.002681016922
v -0.01475000102 0.1349192262 0.002950869501
v -0.01425000094 0.1349368244 0.003490559757
v -0.01375000086 0.1349632144 0.004300072789
v -0.01325000077 0.1349852085 0.00497469306
v -0.01225000061 0.1350248009 0.006188973784
v -0.01175000053 0.1350381374 0.006585791707
v -0.01125000045 0.135051772 0.006966739893
v -0.01075000037 0.1350699663 0.007474675775
v -0.01025000028 0.1350926906 0.008109599352
v -0.009750000201 0.1350972354 0.008236594498
v -0.009250000119 0.13511087 0.008617542684
v -0.007750000339 0.1351836026 0.01064927131
v -0.007250000257 0.1352108866 0.01141118258
v 0.003750000149 0.1352199763 0.01166514307
v 0.004250000231 0.1352336109 0.01204609126
v 0.004750000313 0.1352427006 0.01230006665
v 0.005250000395 0.1352336109 0.01204609126
v 0.005750000477 0.1352154315 0.01153815538
v 0.006250000093 0.1351881474 0.01077625901
v 0.006750000175 0.1351836026 0.01064927131
v 0.007250000257 0.1351790577 0.01052229851
v 0.007750000339 0.1351654232 0.01014132798
v 0.008249999955 0.1351563334 0.009887374938
v 0.008750000037 0.1351654232 0.01014132798
v 0.009250000119 0.135169968 0.01026831567
v 0.009750000201 0.1351745129 0.01039531082
v 0.01025000028 0.1351608783 0.01001436263
v 0.01075000037 0.1351654232 0.01014132798
v 0.01125000045 0.1351654232 0.01014132798
v 0.01175000053 0.135169968 0.01026831567
v 0.01225000061 0.1351290494 0.009125478566
v 0.01275000069 0.13511087 0.008617542684
v 0.01325000077 0.13511087 0.008617542684
v 0.01375000086 0.13511087 0.008617542684
v 0.01425000094 0.1351017803 0.008363559842
v 0.01475000102 0.1350972354 0.008236594498
v 0.0152500011 0.135051772 0.006966739893
v 0.01575000025 0.135051772 0.006966739893
v 0.01625000127 0.1350608617 0.007220715284
v 0.01675000042 0.1349852085 0.00497469306
v 0.01725000143 0.1350028068 0.005514353514
v 0.01775000058 0.1350072026 0.005649283528
v 0.01825000159 0.1349544078 0.004030220211
v 0.01875000075 0.134950012 0.003895319998
v 0.01925000176 0.1349544078 0.004030220211
v 0.01975000091 0.1349632144 0.004300072789
v 0.02025000006 0.1349720061 0.004569910467
v 0.02075000107 0.1349764019 0.004704840481
v 0.02125000022 0.1349852085 0.00497469306
v 0.02175000124 0.1349852085 0.00497469306
v 0.02225000039 0.1349896044 0.005109600723
v 0.02375000156 0.1368979216 0.06526249647
v 0.02425000072 0.136915803 0.06610073149
v 0.02475000173 0.1369260252 0.06657972932
v 0.02525000088 0.1369336843 0.06693896651
v 0.02575000189 0.1369387954 0.06717845798
v 0.02625000104 0.1369439065 0.06741797924
v 0.02675000206 0.1369439065 0.06741797924
v 0.02725000121 0.1369464546 0.06753772497
v 0.02775000222 0.1369464546 0.06753772497
v 0.02825000137 0.1369464546 0.06753772497
v 0.02875000052 0.1369413435 0.06729821861
v 0.02925000153 0.1369387954 0.06717845798
v 0.02975000069 0.1369285733 0.06669948995
v 0.0302500017 0.1369234622 0.06645998359
v 0.03075000085 0.1369132549 0.06598098576
v 0.03125 0.1368979216 0.06526249647
v -0.02150000073 0.1354056895 -0.004875406623
v -0.01800000109 0.1355135143 -0.001502364874
v -0.01750000007 0.1355480254 -0.0004229843616
v -0.01700000092 0.1355523318 -0.0002880766988
v -0.0150000006 0.1356342882 0.002275437117
v -0.01400000043 0.1356731057 0.003489747643
v -0.01350000035 0.1356946677 0.004164338112
v -0.0120000001 0.1357334852 0.005378648639
v -0.01150000095 0.1357593685 0.006188169122
v -0.01100000087 0.1357724667 0.006584994495
v -0.01000000071 0.1357948482 0.007219903171
v -0.009500000626 0.1358261853 0.008108779788
v 0.003000000026 0.1359291226 0.01102935523
v 0.003500000108 0.1359425634 0.01141031086
v 0.00400000019 0.1359515041 0.01166427135
v 0.004500000272 0.1359470338 0.01153728366
v 0.005000000354 0.1359515041 0.01166427135
v 0.005500000436 0.1359425634 0.01141031086
v 0.006000000052 0.1359246522 0.01090238243
v 0.006500000134 0.1358978003 0.01014047861
v 0.007000000216 0.1358754188 0.009505584836
v 0.007500000298 0.1358754188 0.009505584836
v 0.00800000038 0.1358754188 0.009505584836
v 0.008500000462 0.1358798891 0.009632565081
v 0.009000000544 0.1358664632 0.009251609445
v 0.009500000626 0.1358709484 0.00937859714
v 0.01000000071 0.1358709484 0.00937859714
v 0.01050000079 0.1358754188 0.009505584836
v 0.01100000087 0.1358664632 0.009251609445
v 0.01150000095 0.1358082741 0.007600851357
v 0.0120000001 0.1358127594 0.007727839053
v 0.01250000019 0.1358261853 0.008108779788
v 0.01300000027 0.1358306557 0.008235767484
v 0.01350000035 0.1358217001 0.007981792092
v 0.01400000043 0.1358127594 0.007727839053
v 0.01450000051 0.135742113 0.005648478866
v 0.0150000006 0.135698989 0.004299268126
v 0.01550000068 0.135720551 0.004973880947
v 0.01600000076 0.1357593685 0.006188169122
v 0.01649999991 0.1357076168 0.004569105804
v 0.01700000092 0.135720551 0.004973880947
v 0.01750000007 0.1356601715 0.00308496505
v 0.01800000109 0.1356731057 0.003489747643
v 0.01850000024 0.1356774122 0.003624647856
v 0.01900000125 0.1356860399 0.003894507885
v 0.0195000004 0.1356946677 0.004164338112
v 0.02000000142 0.1357032955 0.004434190691
v 0.02050000057 0.1357076168 0.004569105804
v 0.02100000158 0.1357119232 0.004704028368
v 0.02150000073 0.1357076168 0.004569105804
v 0.02200000174 0.1357076168 0.004569105804
v 0.02250000089 0.1357076168 0.004569105804
v 0.02400000021 0.1376172453 0.06609994173
v 0.02450000122 0.1376271993 0.06657896936
v 0.02500000037 0.1376396269 0.06717771292
v 0.02550000139 0.1376446038 0.06741723418
v 0.02600000054 0.1376470923 0.06753699481
v 0.02650000155 0.1376470923 0.06753699481
v 0.0270000007 0.1376495808 0.06765674055
v 0.02750000171 0.1376495808 0.06765674055
v 0.02800000086 0.1376495808 0.06765674055
v 0.02850000188 0.1376470923 0.06753699481
v 0.02900000103 0.1376396269 0.06717771292
v 0.02950000204 0.1376346499 0.06693822145
v 0.03000000119 0.1376271993 0.06657896936
v 0.03050000221 0.1376222223 0.06633944809
v 0.03100000136 0.1376172453 0.06609994173
v 0.03150000051 0.1376122683 0.06586043537
v -0.01675000042 0.1362783313 -0.0006936714053
v -0.01625000127 0.1362910122 -0.0002889111638
v -0.01575000025 0.1362910122 -0.0002889111638
v -0.01425000094 0.1363501996 0.001599997282
v -0.01375000086 0.1363882571 0.002814307809
v -0.01275000069 0.136409387 0.00348893553
v -0.01225000061 0.1364432126 0.004568293691
v -0.01175000053 0.1364474446 0.004703223705
v -0.01125000045 0.1364601254 0.005107983947
v 0.002250000136 0.1366301775 0.01013962924
v 0.002750000218 0.1366566122 0.01090151817
v 0.003250000067 0.1366654187 0.01115547121
v 0.003750000149 0.1366654187 0.01115547121
v 0.004250000231 0.1366654187 0.01115547121
v 0.004750000313 0.1366654187 0.01115547121
v 0.005250000395 0.1366610229 0.01102848351
v 0.005750000477 0.1366478056 0.01064755023
v 0.006250000093 0.1366345882 0.01026660949
v 0.006750000175 0.1366037428 0.009377755225
v 0.007250000257 0.1365905255 0.008996814489
v 0.007750000339 0.1365773082 0.008615881205
v 0.008249999955 0.136542052 0.007600031793
v 0.008750000037 0.1365596801 0.008107952774
v 0.009250000119 0.1365596801 0.008107952774
v 0.009750000201 0.1364854872 0.005917526782
v 0.01025000028 0.1365068108 0.006584189832
v 0.01075000037 0.1365156174 0.006838157773
v 0.01125000045 0.136524424 0.007092110813
v 0.01175000053 0.1365288347 0.007219091058
v 0.01325000077 0.1364516616 0.004838146269
v 0.01375000086 0.1364558935 0.004973076284
v 0.01425000094 0.1364601254 0.005107983947
v 0.01475000102 0.1364305317 0.004163525999
v 0.0152500011 0.1364432126 0.004568293691
v 0.01575000025 0.1364347637 0.004298456013
v 0.01625000127 0.1363840252 0.002679385245
v 0.01675000042 0.1363882571 0.002814307809
v 0.01725000143 0.1363924742 0.002949237823
v 0.01775000058 0.136400938 0.003219075501
v 0.01825000159 0.136409387 0.00348893553
v 0.01875000075 0.1364178509 0.003758765757
v 0.01925000176 0.1364262998 0.004028603435
v 0.01975000091 0.1364305317 0.004163525999
v 0.02025000006 0.1364347637 0.004298456013
v 0.02075000107 0.1364389807 0.004433386028
v 0.02125000022 0.1364305317 0.004163525999
v 0.02175000124 0.1364178509 0.003758765757
v 0.02225000039 0.1364220679 0.003893695772
v 0.02425000072 0.1383259445 0.06645843387
v 0.02475000173 0.1383356303 0.0669374615
v 0.02525000088 0.1383404732 0.06717696786
v 0.02575000189 0.1383453161 0.06741650403
v 0.02725000121 0.1384131014 0.07076969743
v 0.02775000222 0.1384082586 0.07053019106
v 0.02825000137 0.1384082586 0.07053019106
v 0.02875000052 0.1383961588 0.0699314028
v 0.02925000153 0.1384034157 0.0702906549
v 0.02975000069 0.1383283585 0.0665781945
v 0.0302500017 0.1383259445 0.06645843387
v 0.03075000085 0.1383211017 0.0662189275
v 0.03125 0.1383211017 0.0662189275
v -0.0195000004 0.1368971467 -0.004607267678
v -0.01900000125 0.1369095743 -0.004202507436
v -0.01850000024 0.1369137168 -0.004067577422
v -0.01700000092 0.1369882673 -0.001638963819
v -0.01649999991 0.1370048374 -0.001099273562
v -0.01600000076 0.1370089799 -0.0009643435478
v -0.01550000068 0.1370214075 -0.0005595758557
v -0.01400000043 0.1370918304 0.001734107733
v -0.01250000019 0.1371580958 0.003892883658
v -0.0120000001 0.1371705234 0.0042976439
v -0.01150000095 0.1371788085 0.004567489028
v 0.002000000095 0.1373625547 0.01013877243
v 0.002500000177 0.1373755634 0.01051972806
v 0.003000000026 0.1373842359 0.01077367365
v 0.003500000108 0.1373885721 0.0109006539
v 0.00400000019 0.1373798996 0.01064669341
v 0.004500000272 0.1373798996 0.01064669341
v 0.005000000354 0.1373755634 0.01051972806
v 0.005500000436 0.1373668909 0.01026575267
v 0.006000000052 0.1373712271 0.01039274037
v 0.006500000134 0.1373452097 0.009630873799
v 0.007000000216 0.1373235285 0.008995980024
v 0.007500000298 0.1373018473 0.008361078799
v 0.00800000038 0.1372714937 0.007472231984
v 0.008500000462 0.1372714937 0.007472231984
v 0.009000000544 0.1372036636 0.005377039313
v 0.009500000626 0.1372243762 0.006051637232
v 0.01000000071 0.1372285187 0.006186567247
v 0.01050000079 0.13724114 0.00658338517
v 0.01100000087 0.137191236 0.004972271621
v 0.01250000019 0.1371456832 0.003488115966
v 0.01300000027 0.1371663809 0.004162721336
v 0.01350000035 0.1371788085 0.004567489028
v 0.01450000051 0.1370959729 0.001869037747
v 0.0150000006 0.1370669752 0.0009245797992
v 0.01550000068 0.1370918304 0.001734107733
v 0.01600000076 0.1371001154 0.002003967762
v 0.01649999991 0.137112543 0.002408728004
v 0.01700000092 0.1371249706 0.002813495696
v 0.01750000007 0.1371332556 0.003083333373
v 0.01800000109 0.1371415406 0.003353193402
v 0.01850000024 0.1371456832 0.003488115966
v 0.01900000125 0.1371539533 0.003757953644
v 0.0195000004 0.1371580958 0.003892883658
v 0.02000000142 0.1371622384 0.004027791321
v 0.02050000057 0.1371580958 0.003892883658
v 0.02100000158 0.1371498108 0.003623023629
v 0.02150000073 0.1371456832 0.003488115966
v 0.02200000174 0.1371415406 0.003353193402
v 0.02250000089 0.1371415406 0.003353193402
v 0.02600000054 0.1391072124 0.07052956522
v 0.02650000155 0.13911663 0.07100860775
v 0.0270000007 0.1391236931 0.07136788964
v 0.02750000171 0.1391236931 0.07136788964
v 0.02800000086 0.1391236931 0.07136788964
v 0.02850000188 0.1391213387 0.07124811411
v 0.02900000103 0.1391213387 0.07124811411
v 0.02950000204 0.1391189843 0.07112835348
v 0.03000000119 0.1391119212 0.07076907158
v 0.03100000136 0.1390224695 0.06621815264
v -0.01975000091 0.1376142204 -0.005417652428
v -0.01925000176 0.1376345009 -0.004743047059
v -0.01875000075 0.1376466751 -0.004338257015
v -0.01825000159 0.1376588494 -0.003933496773
v -0.01775000058 0.1376629025 -0.003798566759
v -0.0152500011 0.1377561986 -0.0006953328848
v 0.001250000088 0.1380650699 0.009249083698
v 0.001750000054 0.1380863935 0.009883977473
v 0.002250000136 0.1380949318 0.01013792306
v 0.002750000218 0.1380949318 0.01013792306
v 0.003250000067 0.1380949318 0.01013792306
v 0.003750000149 0.1380949318 0.01013792306
v 0.004250000231 0.1380906701 0.01001095772
v 0.004750000313 0.1380863935 0.009883977473
v 0.005250000395 0.1380863935 0.009883977473
v 0.005750000477 0.1380863935 0.009883977473
v 0.006250000093 0.1380693316 0.009376071393
v 0.006750000175 0.1380607933 0.009122125804
v 0.007250000257 0.138035208 0.008360251784
v 0.007750000339 0.1380181313 0.007852345705
v 0.008249999955 0.1379754692 0.006582587957
v 0.008750000037 0.1379468739 0.005646064878
v 0.009250000119 0.1379306465 0.005106374621
v 0.009750000201 0.1379144192 0.004566676915
v 0.01025000028 0.1379022449 0.004161909223
v 0.01075000037 0.137906298 0.004296839237
v 0.01175000053 0.1378576159 0.002677746117
v 0.01225000061 0.1378657371 0.002947606146
v 0.01325000077 0.1378292292 0.001733288169
v 0.01425000094 0.1378251612 0.001598358154
v 0.01475000102 0.137817055 0.001328520477
v 0.0152500011 0.1378251612 0.001598358154
v 0.01575000025 0.1378373355 0.002003148198
v 0.01625000127 0.1378454566 0.002272985876
v 0.01675000042 0.1378495097 0.00240791589
v 0.01725000143 0.137861684 0.002812676132
v 0.01775000058 0.1378697902 0.00308252126
v 0.01825000159 0.1378779113 0.003352373838
v 0.01875000075 0.1378819644 0.003487303853
v 0.01925000176 0.1378819644 0.003487303853
v 0.01975000091 0.1378819644 0.003487303853
v 0.02025000006 0.1378779113 0.003352373838
v 0.02075000107 0.1378738433 0.003217451274
v 0.02125000022 0.1378697902 0.00308252126
v 0.02175000124 0.1378697902 0.00308252126
v 0.02225000039 0.137772426 -0.0001556426287
v 0.0227500014 0.1377683729 -0.0002905726433
v 0.02575000189 0.1398107708 0.07076846063
v 0.02625000104 0.1398199201 0.07124751806
v 0.02675000206 0.1398244798 0.07148703933
v 0.02725000121 0.1398267746 0.07160681486
v 0.02775000222 0.1398267746 0.07160681486
v 0.02825000137 0.1398244798 0.07148703933
v 0.02875000052 0.1398221999 0.0713672936
v 0.02925000153 0.1398221999 0.0713672936
v 0.02975000069 0.1398199201 0.07124751806
v 0.0302500017 0.1398153454 0.0710079968
v 0.03075000085 0.139808476 0.0706486851
v 0.03125 0.1397558749 0.06789408624
v 0.03175000101 0.1397650242 0.06837315857
v -0.01900000125 0.1383680701 -0.005013734102
v -0.01850000024 0.1383839548 -0.004474036396
v -0.01800000109 0.1383918971 -0.004204198718
v -0.01750000007 0.1383998394 -0.003934338689
v -0.01700000092 0.1384038031 -0.003799408674
v -0.01550000068 0.1384713203 -0.001505702734
v 0.001000000047 0.1387979388 0.009248249233
v 0.001500000013 0.1388063282 0.009502209723
v 0.002000000095 0.1388147175 0.009756147861
v 0.002500000177 0.1388147175 0.009756147861
v 0.003000000026 0.1388105154 0.009629182518
v 0.003500000108 0.1388105154 0.009629182518
v 0.00400000019 0.1388063282 0.009502209723
v 0.004500000272 0.1388063282 0.009502209723
v 0.005000000354 0.1388063282 0.009502209723
v 0.005500000436 0.1387979388 0.009248249233
v 0.006000000052 0.1387895346 0.008994311094
v 0.006500000134 0.1387811452 0.008740350604
v 0.007000000216 0.1387769431 0.00861338526
v 0.007500000298 0.1387601644 0.008105486631
v 0.00800000038 0.1387265921 0.007089689374
v 0.008500000462 0.1386976689 0.006184965372
v 0.009000000544 0.1386658996 0.005105569959
v 0.009500000626 0.1386460513 0.004430957139
v 0.01000000071 0.1386222243 0.003621399403
v 0.01050000079 0.1386023611 0.002946786582
v 0.01100000087 0.1385666281 0.001732468605
v 0.01150000095 0.1385666281 0.001732468605
v 0.0120000001 0.1385467649 0.001057855785
v 0.01250000019 0.1385428011 0.0009229257703
v 0.01300000027 0.1385388225 0.0007879957557
v 0.01350000035 0.1385428011 0.0009229257703
v 0.01400000043 0.1385467649 0.001057855785
v 0.01450000051 0.1385507435 0.001192770898
v 0.0150000006 0.1385586858 0.001462623477
v 0.01550000068 0.1385705918 0.00186739862
v 0.01600000076 0.1385745704 0.002002328634
v 0.01649999991 0.1385825127 0.002272166312
v 0.01700000092 0.1385904551 0.002542026341
v 0.01750000007 0.1385983974 0.002811864018
v 0.01800000109 0.1386063397 0.003081701696
v 0.01850000024 0.1386103034 0.003216631711
v 0.01900000125 0.1386103034 0.003216631711
v 0.0195000004 0.1386063397 0.003081701696
v 0.02000000142 0.1386023611 0.002946786582
v 0.02050000057 0.1385983974 0.002811864018
v 0.02100000158 0.1385983974 0.002811864018
v 0.02150000073 0.1385030895 -0.0004263073206
v 0.02200000174 0.1384991109 -0.0005612373352
v 0.02250000089 0.1384911686 -0.0008310973644
v 0.02550000139 0.1405073702 0.07064805925
v 0.02600000054 0.1405140311 0.07100738585
v 0.02650000155 0.1405140311 0.07100738585
v 0.02750000171 0.140562892 0.07364231348
v 0.02800000086 0.140562892 0.07364231348
v 0.02850000188 0.1405673325 0.07388184965
v 0.02900000103 0.1405651122 0.07376208901
v 0.02950000204 0.1405229121 0.07148644328
v 0.03000000119 0.1405229121 0.07148644328
v 0.03050000221 0.1405184716 0.07124690711
v 0.03100000136 0.14050515 0.07052831352
v 0.03150000051 0.1404607445 0.06813289225
v -0.01825000159 0.1391058415 -0.005149513483
v -0.01775000058 0.1391213834 -0.004609815776
v -0.01725000143 0.1391408145 -0.003935188055
v -0.0002500000119 0.1394482553 0.006707958877
v 0.001250000088 0.1394482553 0.006707958877
v 0.001750000054 0.1395266503 0.009120449424
v 0.002250000136 0.13951841 0.008866488934
v 0.002750000218 0.1395142823 0.008739516139
v 0.003250000067 0.1395225376 0.008993476629
v 0.003750000149 0.1395225376 0.008993476629
v 0.004250000231 0.1395225376 0.008993476629
v 0.004750000313 0.13951841 0.008866488934
v 0.005250000395 0.1395101547 0.008612558246
v 0.005750000477 0.1395060271 0.008485578001
v 0.006250000093 0.1395018995 0.008358597755
v 0.006750000175 0.1394936442 0.008104659617
v 0.007250000257 0.1394895166 0.007977686822
v 0.007750000339 0.1394606382 0.007088877261
v 0.008249999955 0.1394482553 0.006707958877
v 0.008750000037 0.1394166797 0.005644455552
v 0.009250000119 0.1393933743 0.004834920168
v 0.009750000201 0.139370054 0.004025354981
v 0.01025000028 0.1393389702 0.002945974469
v 0.01075000037 0.139319554 0.002271346748
v 0.01125000045 0.1393001229 0.001596711576
v 0.01175000053 0.1392806917 0.0009220987558
v 0.01225000061 0.1392729282 0.0006522387266
v 0.01275000069 0.1392729282 0.0006522387266
v 0.01325000077 0.1392768025 0.0007871687412
v 0.01375000086 0.1392806917 0.0009220987558
v 0.01425000094 0.1392845809 0.00105702877
v 0.01475000102 0.1392923445 0.001326873899
v 0.0152500011 0.1393040121 0.001731649041
v 0.01575000025 0.1393078864 0.001866579056
v 0.01625000127 0.1393156648 0.002136416733
v 0.01675000042 0.1393234283 0.002406276762
v 0.01725000143 0.1393273175 0.002541206777
v 0.01775000058 0.1393350959 0.002811044455
v 0.01825000159 0.1393389702 0.002945974469
v 0.01875000075 0.1393389702 0.002945974469
v 0.01925000176 0.1393234283 0.002406276762
v 0.01975000091 0.139319554 0.002271346748
v 0.02025000006 0.1393234283 0.002406276762
v 0.02075000107 0.139319554 0.002271346748
v 0.02125000022 0.1392379552 -0.0005620718002
v 0.02675000206 0.1412514895 0.07316271961
v 0.02725000121 0.1412644088 0.07388134301
v 0.02775000222 0.1412708759 0.07424066961
v 0.02825000137 0.1412730217 0.07436044514
v 0.02875000052 0.1412730217 0.07436044514
v 0.02925000153 0.1412622631 0.07376156747
v 0.02975000069 0.141255796 0.07340224087
v 0.0302500017 0.1412364095 0.07232427597
v 0.03075000085 0.1412213445 0.07148586214
v 0.03125 0.1411976516 0.07016833127
v -0.001500000013 0.140170604 0.006318293512
v -0.001000000047 0.1401744038 0.006453201175
v -0.0005000000237 0.1401784569 0.00658018142
v 0 0.14018251 0.006707154214
v 0.0005000000237 0.1401784569 0.00658018142
v 0.001000000047 0.140186578 0.006834127009
v 0.001500000013 0.140186578 0.006834127009
v 0.002000000095 0.1401946843 0.007088065147
v 0.002500000177 0.1401906312 0.006961084902
v 0.003000000026 0.1401668042 0.006183363497
v 0.003500000108 0.1401630044 0.006048433483
v 0.00400000019 0.1402149647 0.00772292912
v 0.004500000272 0.140227139 0.008103832603
v 0.005000000354 0.140227139 0.008103832603
v 0.005500000436 0.1402230859 0.007976867259
v 0.006000000052 0.1402149647 0.00772292912
v 0.006500000134 0.1402109116 0.007595948875
v 0.007000000216 0.1402028054 0.007342018187
v 0.007500000298 0.1401906312 0.006961084902
v 0.00800000038 0.14018251 0.006707154214
v 0.008500000462 0.1401630044 0.006048433483
v 0.009000000544 0.1401440054 0.005373813212
v 0.009500000626 0.1401288062 0.004834115505
v 0.01000000071 0.1400984079 0.003754705191
v 0.01050000079 0.1400680095 0.002675294876
v 0.01100000087 0.1400452107 0.001865752041
v 0.01150000095 0.1400261968 0.001191116869
v 0.0120000001 0.1400147974 0.0007863491774
v 0.01250000019 0.1400071979 0.0005165114999
v 0.01300000027 0.1400147974 0.0007863491774
v 0.01350000035 0.1400147974 0.0007863491774
v 0.01400000043 0.1400185972 0.000921279192
v 0.01450000051 0.1400299966 0.001326054335
v 0.0150000006 0.1400337964 0.001460984349
v 0.01550000068 0.1400452107 0.001865752041
v 0.01600000076 0.1400490105 0.002000682056
v 0.01649999991 0.1400528103 0.002135597169
v 0.01700000092 0.1400566101 0.002270527184
v 0.01750000007 0.1400604099 0.002405457199
v 0.01800000109 0.1400642097 0.002540387213
v 0.01850000024 0.1400490105 0.002000682056
v 0.01900000125 0.140041396 0.001730822027
v 0.0195000004 0.140041396 0.001730822027
v 0.02000000142 0.140041396 0.001730822027
v 0.02050000057 0.1399616003 -0.001102603972
v 0.02100000158 0.1399616003 -0.001102603972
v 0.02150000073 0.1398894042 -0.003666184843
v 0.02200000174 0.139874205 -0.00420589745
v 0.02600000054 0.1419343799 0.07232370973
v 0.02650000155 0.1419468969 0.07304239273
v 0.0270000007 0.1419594139 0.07376104593
v 0.02750000171 0.1419677585 0.07424017787
v 0.02800000086 0.1419698447 0.0743599534
v 0.02850000188 0.1419719309 0.07447971404
v 0.02900000103 0.1419698447 0.0743599534
v 0.02950000204 0.1419615 0.07388083637
v 0.03000000119 0.1419406384 0.07268305123
v 0.03050000221 0.1419322938 0.07220394909
v 0.03100000136 0.1418905556 0.06980836391
v 0.03150000051 0.1418968141 0.07016769052
v -0.002250000136 0.140882805 0.005507923663
v -0.001750000054 0.1408976614 0.00604762882
v -0.001250000088 0.1408976614 0.00604762882
v -0.0007500000065 0.1408865154 0.005642853677
v -0.0002500000119 0.1408939511 0.005912713706
v 0.0002500000119 0.1408753842 0.005238078535
v 0.0007500000065 0.1409050971 0.0063174963
v 0.001250000088 0.140912801 0.006579376757
v 0.001750000054 0.1409167796 0.006706349552
v 0.002250000136 0.140912801 0.006579376757
v 0.002750000218 0.1409050971 0.0063174963
v 0.003250000067 0.1409013718 0.006182558835
v 0.003750000149 0.1408976614 0.00604762882
v 0.004250000231 0.1408865154 0.005642853677
v 0.004750000313 0.140882805 0.005507923663
v 0.005750000477 0.1409287453 0.007087260485
v 0.006250000093 0.1409287453 0.007087260485
v 0.006750000175 0.1409167796 0.006706349552
v 0.007250000257 0.140912801 0.006579376757
v 0.007750000339 0.1409013718 0.006182558835
v 0.008249999955 0.1408865154 0.005642853677
v 0.008750000037 0.1408753842 0.005238078535
v 0.009250000119 0.1408679485 0.004968233407
v 0.009750000201 0.1408456564 0.00415866822
v 0.01025000028 0.1408233792 0.003349125385
v 0.01075000037 0.140801087 0.0025395751
v 0.01125000045 0.1407862306 0.001999862492
v 0.01175000053 0.140760228 0.001055382192
v 0.01225000061 0.1407453716 0.0005156844854
v 0.01275000069 0.1407453716 0.0005156844854
v 0.01325000077 0.1407528073 0.0007855221629
v 0.01375000086 0.1407528073 0.0007855221629
v 0.01425000094 0.1407639384 0.001190297306
v 0.01475000102 0.1407713741 0.001460157335
v 0.0152500011 0.1407750845 0.001595064998
v 0.01575000025 0.1407787949 0.001730002463
v 0.01625000127 0.1407825202 0.001864932477
v 0.01675000042 0.1407825202 0.001864932477
v 0.01725000143 0.1407787949 0.001730002463
v 0.01775000058 0.1407750845 0.001595064998
v 0.01825000159 0.140760228 0.001055382192
v 0.01875000075 0.1406747997 -0.002047918737
v 0.01925000176 0.1406747997 -0.002047918737
v 0.01975000091 0.1406785101 -0.001912988722
v 0.02125000022 0.140585646 -0.005286134779
v 0.02175000124 0.1405373663 -0.007040180266
v 0.02225000039 0.1405596435 -0.006230607629
v 0.0227500014 0.1405559331 -0.006365545094
v 0.02625000104 0.1426323354 0.07232314348
v 0.02675000206 0.1426464766 0.07316164672
v 0.02725000121 0.1426565796 0.07376053929
v 0.02775000222 0.1426606178 0.07400012016
v 0.02825000137 0.142664656 0.07423967123
v 0.02875000052 0.1426606178 0.07400012016
v 0.02925000153 0.1426606178 0.07400012016
v 0.02975000069 0.1426282972 0.07208359241
v 0.0302500017 0.1426323354 0.07232314348
v -0.003500000108 0.1415851414 0.004292793572
v -0.003000000026 0.1415923983 0.004562631249
v -0.002500000177 0.1415887624 0.004427723587
v -0.002000000095 0.1416032761 0.004967428744
v -0.001500000013 0.1415923983 0.004562631249
v 0.0005000000237 0.1415887624 0.004427723587
v 0.001000000047 0.1416250467 0.005776979029
v 0.001500000013 0.1416286826 0.005911909044
v 0.002000000095 0.1416323036 0.006046831608
v 0.002500000177 0.1416286826 0.005911909044
v 0.003000000026 0.1416250467 0.005776979029
v 0.003500000108 0.1416177899 0.005507119
v 0.00400000019 0.1416141689 0.005372203887
v 0.004500000272 0.141610533 0.005237273872
v 0.005000000354 0.1415923983 0.004562631249
v 0.005500000436 0.1415742487 0.003888010979
v 0.007000000216 0.1416141689 0.005372203887
v 0.007500000298 0.1416177899 0.005507119
v 0.00800000038 0.141606912 0.005102343857
v 0.008500000462 0.141606912 0.005102343857
v 0.009000000544 0.1415960193 0.004697568715
v 0.009500000626 0.1415815055 0.004157856107
v 0.01000000071 0.1415706128 0.003753080964
v 0.01050000079 0.1415452212 0.002808593214
v 0.01100000087 0.1415379643 0.002538755536
v 0.01150000095 0.141508922 0.001459337771
v 0.0120000001 0.1415016651 0.001189470291
v 0.01250000019 0.1414798945 0.0003799200058
v 0.01300000027 0.1414835304 0.000514857471
v 0.01350000035 0.1414871514 0.0006497651339
v 0.01400000043 0.1414944082 0.0009196251631
v 0.01450000051 0.1414980441 0.001054562628
v 0.0150000006 0.141505301 0.001324407756
v 0.01550000068 0.141505301 0.001324407756
v 0.01600000076 0.1415016651 0.001189470291
v 0.01649999991 0.141505301 0.001324407756
v 0.01700000092 0.1414944082 0.0009196251631
v 0.01750000007 0.1413964331 -0.002723403275
v 0.01800000109 0.1414073259 -0.002318620682
v 0.01850000024 0.1414073259 -0.002318620682
v 0.01900000125 0.1414145827 -0.002048753202
v 0.0195000004 0.1413601488 -0.004072658718
v 0.02000000142 0.1413674057 -0.003802798688
v 0.02050000057 0.141302079 -0.006231464446
v 0.02100000158 0.1413165927 -0.00569178164
v 0.02150000073 0.1412694156 -0.007445819676
v 0.02200000174 0.1412875652 -0.006771177053
v 0.02250000089 0.1412657946 -0.007580749691
v 0.02800000086 0.1433517784 0.07364024222
v 0.02850000188 0.1433478743 0.07340066135
v 0.02900000103 0.1433459222 0.07328088582
v 0.02950000204 0.1433068663 0.07088515162
v 0.03000000119 0.1433068663 0.07088515162
v 0.03050000221 0.1433010101 0.07052579522
v -0.005750000477 0.1422748417 0.002537935972
v -0.005250000395 0.1422783881 0.002672843635
v -0.004750000313 0.1422890127 0.003077626228
v -0.004250000231 0.1422961056 0.003347493708
v -0.003750000149 0.1422961056 0.003347493708
v -0.003250000067 0.1423067302 0.003752268851
v -0.002750000218 0.1423031837 0.003617338836
v -0.002250000136 0.1422996521 0.003482423723
v -0.001750000054 0.1423031837 0.003617338836
v 0.0007500000065 0.1422819346 0.0028077811
v 0.001250000088 0.1423102766 0.003887198865
v 0.003250000067 0.1423279941 0.004561826587
v 0.003750000149 0.1423279941 0.004561826587
v 0.004250000231 0.1423244476 0.004426911473
v 0.004750000313 0.1423209012 0.004291981459
v 0.005250000395 0.1423173696 0.004157051444
v 0.005750000477 0.1422961056 0.003347493708
v 0.006250000093 0.1422854662 0.002942711115
v 0.008249999955 0.1423209012 0.004291981459
v 0.008750000037 0.1423173696 0.004157051444
v 0.009250000119 0.1423102766 0.003887198865
v 0.009750000201 0.1422996521 0.003482423723
v 0.01025000028 0.1422783881 0.002672843635
v 0.01075000037 0.1422712952 0.002403005958
v 0.01125000045 0.1422606707 0.001998223364
v 0.01175000053 0.1422464997 0.001458518207
v 0.01225000061 0.1422287822 0.000783868134
v 0.01275000069 0.1422216892 0.0005140304565
v 0.01325000077 0.1422216892 0.0005140304565
v 0.01375000086 0.1422252357 0.0006489381194
v 0.01425000094 0.1422252357 0.0006489381194
v 0.01475000102 0.1422287822 0.000783868134
v 0.0152500011 0.1422252357 0.0006489381194
v 0.01575000025 0.1422181427 0.0003790929914
v 0.01625000127 0.1422110647 0.0001092478633
v 0.01675000042 0.1421331018 -0.002859152853
v 0.01725000143 0.1421331018 -0.002859152853
v 0.01775000058 0.1421366483 -0.002724245191
v 0.01825000159 0.1421295702 -0.002994082868
v 0.01925000176 0.1420834959 -0.004748150706
v 0.01975000091 0.1420303434 -0.006772041321
v 0.02025000006 0.1420374364 -0.006502188742
v 0.02075000107 0.1419807374 -0.008661016822
v 0.02125000022 0.1419913769 -0.008256234229
v 0.02875000052 0.1440169364 0.07160326838
v 0.02925000153 0.1439905316 0.0699262023
v -0.006500000134 0.1429736912 0.001052908599
v -0.006000000052 0.1429736912 0.001052908599
v -0.005500000436 0.1429875195 0.001592606306
v -0.005000000354 0.1430117339 0.002537116408
v -0.004500000272 0.1430082619 0.002402186394
v -0.00400000019 0.143015191 0.002672031522
v -0.003500000108 0.143015191 0.002672031522
v -0.003000000026 0.143015191 0.002672031522
v -0.002500000177 0.143018648 0.002806961536
v -0.002000000095 0.143018648 0.002806961536
v 0.001000000047 0.143015191 0.002672031522
v 0.002000000095 0.1429771483 0.001187823713
v 0.004500000272 0.1430255622 0.003076814115
v 0.005000000354 0.1429944336 0.001862473786
v 0.005500000436 0.143018648 0.002806961536
v 0.006000000052 0.1430117339 0.002537116408
v 0.006500000134 0.1430013478 0.002132318914
v 0.007000000216 0.1429909766 0.001727536321
v 0.007500000298 0.1429598629 0.0005132034421
v 0.00800000038 0.1429494917 0.0001084208488
v 0.01000000071 0.1429909766 0.001727536321
v 0.01050000079 0.1429978907 0.0019974038
v 0.01100000087 0.1429875195 0.001592606306
v 0.01150000095 0.1429806054 0.001322761178
v 0.0120000001 0.1429736912 0.001052908599
v 0.01250000019 0.1429529488 0.0002433359623
v 0.01300000027 0.1429564059 0.0003782659769
v 0.01350000035 0.1429529488 0.0002433359623
v 0.01400000043 0.1429494917 0.0001084208488
v 0.01450000051 0.1429494917 0.0001084208488
v 0.0150000006 0.1429460347 -2.651661634e-05
v 0.01550000068 0.1428595781 -0.003399699926
v 0.01600000076 0.1428664923 -0.003129862249
v 0.01649999991 0.1428664923 -0.003129862249
v 0.01700000092 0.1428699493 -0.002994924784
v 0.01900000125 0.1427731365 -0.006772898138
v 0.0195000004 0.1427765936 -0.006637983024
v 0.02050000057 0.1427247226 -0.008661881089
v 0.02150000073 0.1426624805 -0.01109057665
v 0.02200000174 0.1426901519 -0.01001117378
v 0.02350000106 0.1425725818 -0.01459870487
v -0.004250000231 0.1437182426 0.001321934164
v -0.003750000149 0.1437182426 0.001321934164
v -0.003250000067 0.143714875 0.001187004149
v -0.002250000136 0.1437115073 0.001052089036
v 0.001250000088 0.1437115073 0.001052089036
v 0.004250000231 0.1436912715 0.0002425089478
v 0.005750000477 0.1437047571 0.0007822215557
v 0.006750000175 0.1437047571 0.0007822215557
v 0.007250000257 0.1437013894 0.0006472840905
v 0.007750000339 0.1436912715 0.0002425089478
v 0.008249999955 0.1436845213 -2.734363079e-05
v 0.008750000037 0.1436642855 -0.000836931169
v 0.009250000119 0.1436508 -0.001376621425
v 0.009750000201 0.1436440498 -0.001646488905
v 0.01025000028 0.1436204463 -0.002590984106
v 0.01175000053 0.1436811537 -0.000162281096
v 0.01275000069 0.1436811537 -0.000162281096
v 0.01325000077 0.1436811537 -0.000162281096
v 0.01375000086 0.1435900927 -0.003805331886
v 0.01425000094 0.1435934752 -0.003670416772
v 0.01475000102 0.1435968429 -0.003535479307
v 0.0152500011 0.1435968429 -0.003535479307
v 0.01575000025 0.1435968429 -0.003535479307
v 0.01625000127 0.1435900927 -0.003805331886
v 0.01775000058 0.1435091645 -0.007043622434
v 0.01825000159 0.1435125321 -0.00690869242
v -0.00800000038 0.1443638653 -0.002456888556
v 0 0.1444197446 -0.0001631081104
v 0.0005000000237 0.1444164664 -0.000298038125
v 0.003000000026 0.1444000304 -0.0009726732969
v 0.007500000298 0.1443737298 -0.002052105963
v 0.00800000038 0.14440988 -0.0005678907037
v 0.008500000462 0.1443901658 -0.00137745589
v 0.009000000544 0.1443868726 -0.001512385905
v 0.009500000626 0.1443835944 -0.00164732337
v 0.01000000071 0.144377023 -0.001917175949
v 0.01050000079 0.1443671584 -0.002321973443
v 0.01150000095 0.1443080008 -0.004750698805
v 0.01350000035 0.1443145722 -0.004480823874
v 0.01400000043 0.144327715 -0.003941111267
v 0.01450000051 0.1443211436 -0.004210978746
v 0.01750000007 0.14424555 -0.00731433183
v -0.005750000477 0.1451135278 -0.002052947879
v 0.003250000067 0.1451007128 -0.002592667937
v 0.01075000037 0.1450622976 -0.004211828113
v 0.01125000045 0.1450591087 -0.004346743226
v 0.01175000053 0.1450494975 -0.004751548171
v 0.003500000108 0.1458190382 -0.003538012505
v 0.01100000087 0.1457442641 -0.006776332855
v 0.01600000076 0.1456071734 -0.01271326095
v 0.01225000061 0.1463779658 -0.0116347
v 0.01275000069 0.146374926 -0.01176963001
v 0.01325000077 0.146374926 -0.01176963001
v 0.01375000086 0.1463688761 -0.01203950495
v 0.01425000094 0.1463658363 -0.01217442006
v 0.0152500011 0.1463537216 -0.01271414757
v 0.01575000025 0.1463506818 -0.01284908503
v 0.0005000000237 0.1471738964 -0.009341746569
v 0.002500000177 0.1471738964 -0.009341746569
v 0.003000000026 0.147176832 -0.009206809103
v 0.0120000001 0.147120893 -0.01177051663
v 0.01250000019 0.147120893 -0.01177051663
v 0.01300000027 0.1471179426 -0.0119054541
v 0.01400000043 0.1470943838 -0.01298490912
v 0.0007500000065 0.1479240209 -0.009072765708
v 0.002250000136 0.1479097158 -0.009747415781
v 0.002750000218 0.1479240209 -0.009072765708
v 0.003250000067 0.1479125768 -0.009612493217
v 0.003750000149 0.1479097158 -0.009747415781
v 0.004250000231 0.1479040086 -0.01001729071
v 0.004750000313 0.1479011476 -0.01015220582
v 0.005250000395 0.1479040086 -0.01001729071

f 1 6 5
f 1 2 6
f 2 7 6
f 2 3 7
f 3 8 7
f 3 4 8
f 4 9 8
f 5 13 12
f 5 6 13
f 6 14 13
f 6 7 14
f 7 15 14
f 7 8 15
f 8 16 15
f 8 9 16
f 9 17 16
f 9 10 17
f 10 18 17
f 10 11 18
f 12 23 22
f 12 13 23
f 13 24 23
f 13 14 24
f 14 25 24
f 14 15 25
f 15 26 25
f 15 16 26
f 16 27 26
f 16 17 27
f 17 28 27
f 17 18 28
f 18 29 28
f 19 32 31
f 19 20 32
f 20 33 32
f 20 21 33
f 21 34 33
f 22 23 37
f 23 38 37
f 23 24 38
f 24 39 38
f 24 25 39
f 25 40 39
f 25 26 40
f 26 41 40
f 26 27 41
f 27 42 41
f 27 28 42
f 28 43 42
f 28 29 43
f 29 44 43
f 29 30 44
f 30 45 44
f 31 48 47
f 31 32 48
f 32 49 48
f 32 33 49
f 33 50 49
f 33 34 50
f 34 51 50
f 34 35 51
f 35 52 51
f 35 36 52
f 36 53 52
f 37 38 54
f 38 55 54
f 38 39 55
f 39 56 55
f 39 40 56
f 40 57 56
f 40 41 57
f 41 58 57
f 41 42 58
f 42 59 58
f 42 43 59
f 43 60 59
f 43 44 60
f 44 61 60
f 44 45 61
f 45 62 61
f 46 64 63
f 46 47 64
f 47 65 64
f 47 48 65
f 48 66 65
f 48 49 66
f 49 67 66
f 49 50 67
f 50 68 67
f 50 51 68
f 51 69 68
f 51 52 69
f 52 70 69
f 52 53 70
f 53 71 70
f 54 73 72
f 54 55 73
f 55 74 73
f 55 56 74
f 56 75 74
f 56 57 75
f 57 76 75
f 57 58 76
f 58 77 76
f 58 59 77
f 59 78 77
f 59 60 78
f 60 79 78
f 60 61 79
f 61 80 79
f 61 62 80
f 62 81 80
f 63 83 82
f 63 64 83
f 64 84 83
f 64 65 84
f 65 85 84
f 65 66 85
f 66 86 85
f 66 67 86
f 67 87 86
f 67 68 87
f 68 88 87
f 68 69 88
f 69 89 88
f 69 70 89
f 70 90 89
f 70 71 90
f 71 91 90
f 72 73 92
f 73 93 92
f 73 74 93
f 74 94 93
f 74 75 94
f 75 95 94
f 75 76 95
f 76 96 95
f 76 77 96
f 77 97 96
f 77 78 97
f 78 98 97
f 78 79 98
f 79 99 98
f 79 80 99
f 80 100 99
f 80 81 100
f 81 101 100
f 82 103 102
f 82 83 103
f 83 104 103
f 83 84 104
f 84 105 104
f 84 85 105
f 85 106 105
f 85 86 106
f 86 107 106
f 86 87 107
f 87 108 107
f 87 88 108
f 88 109 108
f 88 89 109
f 89 110 109
f 89 90 110
f 90 111 110
f 90 91 111
f 91 112 111
f 92 118 117
f 92 93 118
f 93 119 118
f 93 94 119
f 94 120 119
f 94 95 120
f 95 121 120
f 95 96 121
f 96 122 121
f 96 97 122
f 97 123 122
f 97 98 123
f 98 124 123
f 98 99 124
f 99 125 124
f 99 100 125
f 100 126 125
f 100 101 126
f 101 127 126
f 102 129 128
f 102 103 129
f 103 130 129
f 103 104 130
f 104 131 130
f 104 105 131
f 105 132 131
f 105 106 132
f 106 133 132
f 106 107 133
f 107 134 133
f 107 108 134
f 108 135 134
f 108 109 135
f 109 136 135
f 109 110 136
f 110 137 136
f 110 111 137
f 111 138 137
f 111 112 138
f 112 139 138
f 113 114 140
f 114 141 140
f 114 115 141
f 115 142 141
f 115 116 142
f 116 143 142
f 117 118 147
f 118 148 147
f 118 119 148
f 119 149 148
f 119 120 149
f 120 150 149
f 120 121 150
f 121 151 150
f 121 122 151
f 122 152 151
f 122 123 152
f 123 153 152
f 123 124 153
f 124 154 153
f 124 125 154
f 125 155 154
f 125 126 155
f 126 156 155
f 126 127 156
f 127 157 156
f 128 159 158
f 128 129 159
f 129 160 159
f 129 130 160
f 130 161 160
f 130 131 161
f 131 162 161
f 131 132 162
f 132 163 162
f 132 133 163
f 133 164 163
f 133 134 164
f 134 165 164
f 134 135 165
f 135 166 165
f 135 136 166
f 136 167 166
f 136 137 167
f 137 168 167
f 137 138 168
f 138 169 168
f 138 139 169
f 139 170 169
f 140 172 171
f 140 141 172
f 141 173 172
f 141 142 173
f 142 174 173
f 142 143 174
f 143 175 174
f 143 144 175
f 144 176 175
f 144 145 176
f 145 177 176
f 145 146 177
f 146 178 177
f 147 182 181
f 147 148 182
f 148 183 182
f 148 149 183
f 149 184 183
f 149 150 184
f 150 185 184
f 150 151 185
f 151 186 185
f 151 152 186
f 152 187 186
f 152 153 187
f 153 188 187
f 153 154 188
f 154 189 188
f 154 155 189
f 155 190 189
f 155 156 190
f 156 191 190
f 156 157 191
f 157 192 191
f 158 194 193
f 158 159 194
f 159 195 194
f 159 160 195
f 160 196 195
f 160 161 196
f 161 197 196
f 161 162 197
f 162 198 197
f 162 163 198
f 163 199 198
f 163 164 199
f 164 200 199
f 164 165 200
f 165 201 200
f 165 166 201
f 166 202 201
f 166 167 202
f 167 203 202
f 167 168 203
f 168 204 203
f 168 169 204
f 169 205 204
f 169 170 205
f 172 173 206
f 173 207 206
f 173 174 207
f 174 208 207
f 174 175 208
f 175 209 208
f 175 176 209
f 176 210 209
f 176 177 210
f 177 211 210
f 177 178 211
f 178 212 211
f 178 179 212
f 179 213 212
f 181 182 215
f 182 216 215
f 182 183 216
f 183 217 216
f 183 184 217
f 184 218 217
f 184 185 218
f 185 219 218
f 185 186 219
f 186 220 219
f 186 187 220
f 187 221 220
f 187 188 221
f 188 222 221
f 188 189 222
f 189 223 222
f 189 190 223
f 190 224 223
f 190 191 224
f 191 225 224
f 191 192 225
f 192 226 225
f 193 194 227
f 194 228 227
f 194 195 228
f 195 229 228
f 195 196 229
f 196 230 229
f 196 197 230
f 197 231 230
f 197 198 231
f 198 232 231
f 198 199 232
f 199 233 232
f 199 200 233
f 200 234 233
f 200 201 234
f 201 235 234
f 201 202 235
f 202 236 235
f 202 203 236
f 203 237 236
f 203 204 237
f 204 238 237
f 204 205 238
f 205 239 238
f 206 207 240
f 207 241 240
f 207 208 241
f 208 242 241
f 208 209 242
f 209 243 242
f 209 210 243
f 210 244 243
f 210 211 244
f 211 245 244
f 211 212 245
f 212 246 245
f 212 213 246
f 213 247 246
f 213 214 247
f 214 248 247
f 215 251 250
f 215 216 251
f 216 252 251
f 216 217 252
f 217 253 252
f 217 218 253
f 218 254 253
f 218 219 254
f 219 255 254
f 219 220 255
f 220 256 255
f 220 221 256
f 221 257 256
f 221 222 257
f 222 258 257
f 222 223 258
f 223 259 258
f 223 224 259
f 224 260 259
f 224 225 260
f 225 261 260
f 225 226 261
f 227 263 262
f 227 228 263
f 228 264 263
f 228 229 264
f 229 265 264
f 229 230 265
f 230 266 265
f 230 231 266
f 231 267 266
f 231 232 267
f 232 268 267
f 232 233 268
f 233 269 268
f 233 234 269
f 234 270 269
f 234 235 270
f 235 271 270
f 235 236 271
f 236 272 271
f 236 237 272
f 237 273 272
f 237 238 273
f 238 274 273
f 238 239 274
f 239 275 274
f 241 242 276
f 242 277 276
f 242 243 277
f 243 278 277
f 243 244 278
f 244 279 278
f 244 245 279
f 245 280 279
f 245 246 280
f 246 281 280
f 246 247 281
f 247 282 281
f 247 248 282
f 248 283 282
f 248 249 283
f 249 284 283
f 250 288 287
f 250 251 288
f 251 289 288
f 251 252 289
f 252 290 289
f 252 253 290
f 253 291 290
f 253 254 291
f 254 292 291
f 254 255 292
f 255 293 292
f 255 256 293
f 256 294 293
f 256 257 294
f 257 295 294
f 257 258 295
f 258 296 295
f 258 259 296
f 259 297 296
f 259 260 297
f 260 298 297
f 260 261 298
f 261 299 298
f 262 302 301
f 262 263 302
f 263 303 302
f 263 264 303
f 264 304 303
f 264 265 304
f 265 305 304
f 265 266 305
f 266 306 305
f 266 267 306
f 267 307 306
f 267 268 307
f 268 308 307
f 268 269 308
f 269 309 308
f 269 270 309
f 270 310 309
f 270 271 310
f 271 311 310
f 271 272 311
f 272 312 311
f 272 273 312
f 273 313 312
f 273 274 313
f 274 314 313
f 274 275 314
f 275 315 314
f 276 277 316
f 277 317 316
f 277 278 317
f 278 318 317
f 278 279 318
f 279 319 318
f 279 280 319
f 280 320 319
f 280 281 320
f 281 321 320
f 281 282 321
f 282 322 321
f 282 283 322
f 283 323 322
f 283 284 323
f 284 324 323
f 284 285 324
f 285 325 324
f 285 286 325
f 286 326 325
f 287 288 328
f 288 329 328
f 288 289 329
f 289 330 329
f 289 290 330
f 290 331 330
f 290 291 331
f 291 332 331
f 291 292 332
f 292 333 332
f 292 293 333
f 293 334 333
f 293 294 334
f 294 335 334
f 294 295 335
f 295 336 335
f 295 296 336
f 296 337 336
f 296 297 337
f 297 338 337
f 297 298 338
f 298 339 338
f 298 299 339
f 299 340 339
f 299 300 340
f 301 342 341
f 301 302 342
f 302 343 342
f 302 303 343
f 303 344 343
f 303 304 344
f 304 345 344
f 304 305 345
f 305 346 345
f 305 306 346
f 306 347 346
f 306 307 347
f 307 348 347
f 307 308 348
f 308 349 348
f 308 309 349
f 309 350 349
f 309 310 350
f 310 351 350
f 310 311 351
f 311 352 351
f 311 312 352
f 312 353 352
f 312 313 353
f 313 354 353
f 313 314 354
f 314 355 354
f 314 315 355
f 317 318 360
f 318 361 360
f 318 319 361
f 319 362 361
f 319 320 362
f 320 363 362
f 320 321 363
f 321 364 363
f 321 322 364
f 322 365 364
f 322 323 365
f 323 366 365
f 323 324 366
f 324 367 366
f 324 325 367
f 325 368 367
f 325 326 368
f 326 369 368
f 326 327 369
f 327 370 369
f 329 330 372
f 330 373 372
f 330 331 373
f 331 374 373
f 331 332 374
f 332 375 374
f 332 333 375
f 333 376 375
f 333 334 376
f 334 377 376
f 334 335 377
f 335 378 377
f 335 336 378
f 336 379 378
f 336 337 379
f 337 380 379
f 337 338 380
f 338 381 380
f 338 339 381
f 339 382 381
f 339 340 382
f 340 383 382
f 341 385 384
f 341 342 385
f 342 386 385
f 342 343 386
f 343 387 386
f 343 344 387
f 344 388 387
f 344 345 388
f 345 389 388
f 345 346 389
f 346 390 389
f 346 347 390
f 347 391 390
f 347 348 391
f 348 392 391
f 348 349 392
f 349 393 392
f 349 350 393
f 350 394 393
f 350 351 394
f 351 395 394
f 351 352 395
f 352 396 395
f 352 353 396
f 353 397 396
f 353 354 397
f 354 398 397
f 354 355 398
f 355 399 398
f 356 404 403
f 356 357 404
f 357 405 404
f 357 358 405
f 358 406 405
f 358 359 406
f 359 407 406
f 360 361 411
f 361 412 411
f 361 362 412
f 362 413 412
f 362 363 413
f 363 414 413
f 363 364 414
f 364 415 414
f 364 365 415
f 365 416 415
f 365 366 416
f 366 417 416
f 366 367 417
f 367 418 417
f 367 368 418
f 368 419 418
f 368 369 419
f 369 420 419
f 369 370 420
f 370 421 420
f 370 371 421
f 371 422 421
f 372 425 424
f 372 373 425
f 373 426 425
f 373 374 426
f 374 427 426
f 374 375 427
f 375 428 427
f 375 376 428
f 376 429 428
f 376 377 429
f 377 430 429
f 377 378 430
f 378 431 430
f 378 379 431
f 379 432 431
f 379 380 432
f 380 433 432
f 380 381 433
f 381 434 433
f 381 382 434
f 382 435 434
f 382 383 435
f 384 438 437
f 384 385 438
f 385 439 438
f 385 386 439
f 386 440 439
f 386 387 440
f 387 441 440
f 387 388 441
f 388 442 441
f 388 389 442
f 389 443 442
f 389 390 443
f 390 444 443
f 390 391 444
f 391 445 444
f 391 392 445
f 392 446 445
f 392 393 446
f 393 447 446
f 393 394 447
f 394 448 447
f 394 395 448
f 395 449 448
f 395 396 449
f 396 450 449
f 396 397 450
f 397 451 450
f 397 398 451
f 398 452 451
f 398 399 452
f 400 456 455
f 400 401 456
f 401 457 456
f 402 461 460
f 403 404 463
f 404 464 463
f 404 405 464
f 405 465 464
f 405 406 465
f 406 466 465
f 406 407 466
f 407 467 466
f 407 408 467
f 408 468 467
f 408 409 468
f 409 469 468
f 409 410 469
f 410 470 469
f 412 413 474
f 413 475 474
f 413 414 475
f 414 476 475
f 414 415 476
f 415 477 476
f 415 416 477
f 416 478 477
f 416 417 478
f 417 479 478
f 417 418 479
f 418 480 479
f 418 419 480
f 419 481 480
f 419 420 481
f 420 482 481
f 420 421 482
f 421 483 482
f 421 422 483
f 422 484 483
f 422 423 484
f 423 485 484
f 424 425 490
f 425 491 490
f 425 426 491
f 426 492 491
f 426 427 492
f 427 493 492
f 427 428 493
f 428 494 493
f 428 429 494
f 429 495 494
f 429 430 495
f 430 496 495
f 430 431 496
f 431 497 496
f 431 432 497
f 432 498 497
f 432 433 498
f 433 499 498
f 433 434 499
f 434 500 499
f 434 435 500
f 435 501 500
f 436 504 503
f 436 437 504
f 437 505 504
f 437 438 505
f 438 506 505
f 438 439 506
f 439 507 506
f 439 440 507
f 440 508 507
f 440 441 508
f 441 509 508
f 441 442 509
f 442 510 509
f 442 443 510
f 443 511 510
f 443 444 511
f 444 512 511
f 444 445 512
f 445 513 512
f 445 446 513
f 446 514 513
f 446 447 514
f 447 515 514
f 447 448 515
f 448 516 515
f 448 449 516
f 449 517 516
f 449 450 517
f 450 518 517
f 450 451 518
f 451 519 518
f 451 452 519
f 452 520 519
f 453 522 521
f 453 454 522
f 454 523 522
f 454 455 523
f 455 524 523
f 455 456 524
f 456 525 524
f 456 457 525
f 457 526 525
f 457 458 526
f 458 527 526
f 459 531 530
f 459 460 531
f 460 532 531
f 460 461 532
f 461 533 532
f 461 462 533
f 462 534 533
f 463 464 536
f 464 537 536
f 464 465 537
f 465 538 537
f 465 466 538
f 466 539 538
f 466 467 539
f 467 540 539
f 467 468 540
f 468 541 540
f 468 469 541
f 469 542 541
f 469 470 542
f 470 543 542
f 470 471 543
f 471 544 543
f 471 472 544
f 472 545 544
f 472 473 545
f 473 546 545
f 474 475 548
f 475 549 548
f 475 476 549
f 476 550 549
f 476 477 550
f 477 551 550
f 477 478 551
f 478 552 551
f 478 479 552
f 479 553 552
f 479 480 553
f 480 554 553
f 480 481 554
f 481 555 554
f 481 482 555
f 482 556 555
f 482 483 556
f 483 557 556
f 483 484 557
f 484 558 557
f 484 485 558
f 485 559 558
f 485 486 559
f 486 560 559
f 486 487 560
f 487 561 560
f 488 489 563
f 489 564 563
f 490 566 565
f 490 491 566
f 491 567 566
f 491 492 567
f 492 568 567
f 492 493 568
f 493 569 568
f 493 494 569
f 494 570 569
f 494 495 570
f 495 571 570
f 495 496 571
f 496 572 571
f 496 497 572
f 497 573 572
f 497 498 573
f 498 574 573
f 498 499 574
f 499 575 574
f 499 500 575
f 500 576 575
f 500 501 576
f 501 577 576
f 501 502 577
f 502 578 577
f 502 503 578
f 503 579 578
f 503 504 579
f 504 580 579
f 504 505 580
f 505 581 580
f 505 506 581
f 506 582 581
f 506 507 582
f 507 583 582
f 507 508 583
f 508 584 583
f 508 509 584
f 509 585 584
f 509 510 585
f 510 586 585
f 510 511 586
f 511 587 586
f 511 512 587
f 512 588 587
f 512 513 588
f 513 589 588
f 513 514 589
f 514 590 589
f 514 515 590
f 515 591 590
f 515 516 591
f 516 592 591
f 516 517 592
f 517 593 592
f 517 518 593
f 518 594 593
f 518 519 594
f 519 595 594
f 519 520 595
f 521 598 597
f 521 522 598
f 522 599 598
f 522 523 599
f 523 600 599
f 523 524 600
f 524 601 600
f 524 525 601
f 525 602 601
f 525 526 602
f 526 603 602
f 526 527 603
f 527 604 603
f 527 528 604
f 528 605 604
f 530 531 606
f 531 607 606
f 531 532 607
f 532 608 607
f 532 533 608
f 533 609 608
f 533 534 609
f 534 610 609
f 537 538 613
f 538 614 613
f 538 539 614
f 539 615 614
f 539 540 615
f 540 616 615
f 540 541 616
f 541 617 616
f 541 542 617
f 542 618 617
f 542 543 618
f 543 619 618
f 543 544 619
f 544 620 619
f 544 545 620
f 545 621 620
f 545 546 621
f 546 622 621
f 546 547 622
f 547 623 622
f 549 550 627
f 550 628 627
f 550 551 628
f 551 629 628
f 551 552 629
f 552 630 629
f 552 553 630
f 553 631 630
f 553 554 631
f 554 632 631
f 554 555 632
f 555 633 632
f 555 556 633
f 556 634 633
f 556 557 634
f 557 635 634
f 557 558 635
f 558 636 635
f 558 559 636
f 559 637 636
f 559 560 637
f 560 638 637
f 560 561 638
f 561 639 638
f 561 562 639
f 562 640 639
f 563 644 643
f 563 564 644
f 564 645 644
f 564 565 645
f 565 646 645
f 565 566 646
f 566 647 646
f 566 567 647
f 567 648 647
f 567 568 648
f 568 649 648
f 568 569 649
f 569 650 649
f 569 570 650
f 570 651 650
f 570 571 651
f 571 652 651
f 571 572 652
f 572 653 652
f 572 573 653
f 573 654 653
f 573 574 654
f 574 655 654
f 574 575 655
f 575 656 655
f 575 576 656
f 576 657 656
f 576 577 657
f 577 658 657
f 577 578 658
f 578 659 658
f 578 579 659
f 579 660 659
f 579 580 660
f 580 661 660
f 580 581 661
f 581 662 661
f 581 582 662
f 582 663 662
f 582 583 663
f 583 664 663
f 583 584 664
f 584 665 664
f 584 585 665
f 585 666 665
f 585 586 666
f 586 667 666
f 586 587 667
f 587 668 667
f 587 588 668
f 588 669 668
f 588 589 669
f 589 670 669
f 589 590 670
f 590 671 670
f 590 591 671
f 591 672 671
f 591 592 672
f 592 673 672
f 592 593 673
f 593 674 673
f 593 594 674
f 594 675 674
f 594 595 675
f 595 676 675
f 596 678 677
f 596 597 678
f 597 679 678
f 597 598 679
f 598 680 679
f 598 599 680
f 599 681 680
f 599 600 681
f 600 682 681
f 600 601 682
f 601 683 682
f 601 602 683
f 602 684 683
f 602 603 684
f 603 685 684
f 603 604 685
f 604 686 685
f 604 605 686
f 605 687 686
f 607 608 688
f 608 689 688
f 608 609 689
f 609 690 689
f 609 610 690
f 610 691 690
f 611 612 692
f 612 693 692
f 613 614 694
f 614 695 694
f 614 615 695
f 615 696 695
f 615 616 696
f 616 697 696
f 616 617 697
f 617 698 697
f 617 618 698
f 618 699 698
f 618 619 699
f 619 700 699
f 619 620 700
f 620 701 700
f 620 621 701
f 621 702 701
f 621 622 702
f 622 703 702
f 622 623 703
f 623 704 703
f 623 624 704
f 624 705 704
f 624 625 705
f 625 706 705
f 625 626 706
f 626 707 706
f 627 628 709
f 628 710 709
f 628 629 710
f 629 711 710
f 629 630 711
f 630 712 711
f 630 631 712
f 631 713 712
f 631 632 713
f 632 714 713
f 632 633 714
f 633 715 714
f 633 634 715
f 634 716 715
f 634 635 716
f 635 717 716
f 635 636 717
f 636 718 717
f 636 637 718
f 637 719 718
f 637 638 719
f 638 720 719
f 638 639 720
f 639 721 720
f 639 640 721
f 640 722 721
f 640 641 722
f 641 723 722
f 641 642 723
f 642 724 723
f 643 726 725
f 643 644 726
f 644 727 726
f 644 645 727
f 645 728 727
f 645 646 728
f 646 729 728
f 646 647 729
f 647 730 729
f 647 648 730
f 648 731 730
f 648 649 731
f 649 732 731
f 649 650 732
f 650 733 732
f 650 651 733
f 651 734 733
f 651 652 734
f 652 735 734
f 652 653 735
f 653 736 735
f 653 654 736
f 654 737 736
f 654 655 737
f 655 738 737
f 655 656 738
f 656 739 738
f 656 657 739
f 657 740 739
f 657 658 740
f 658 741 740
f 658 659 741
f 659 742 741
f 659 660 742
f 660 743 742
f 660 661 743
f 661 744 743
f 661 662 744
f 662 745 744
f 662 663 745
f 663 746 745
f 663 664 746
f 664 747 746
f 664 665 747
f 665 748 747
f 665 666 748
f 666 749 748
f 666 667 749
f 667 750 749
f 667 668 750
f 668 751 750
f 668 669 751
f 669 752 751
f 669 670 752
f 670 753 752
f 670 671 753
f 671 754 753
f 671 672 754
f 672 755 754
f 672 673 755
f 673 756 755
f 673 674 756
f 674 757 756
f 674 675 757
f 675 758 757
f 675 676 758
f 676 759 758
f 677 762 761
f 677 678 762
f 678 763 762
f 678 679 763
f 679 764 763
f 679 680 764
f 680 765 764
f 680 681 765
f 681 766 765
f 681 682 766
f 682 767 766
f 682 683 767
f 683 768 767
f 683 684 768
f 684 769 768
f 684 685 769
f 685 770 769
f 685 686 770
f 686 771 770
f 686 687 771
f 692 774 773
f 692 693 774
f 695 696 775
f 696 776 775
f 696 697 776
f 697 777 776
f 697 698 777
f 698 778 777
f 698 699 778
f 699 779 778
f 699 700 779
f 700 780 779
f 700 701 780
f 701 781 780
f 701 702 781
f 702 782 781
f 702 703 782
f 703 783 782
f 703 704 783
f 704 784 783
f 704 705 784
f 705 785 784
f 705 706 785
f 706 786 785
f 706 707 786
f 707 787 786
f 707 708 787
f 708 788 787
f 711 712 792
f 712 793 792
f 712 713 793
f 713 794 793
f 713 714 794
f 714 795 794
f 714 715 795
f 715 796 795
f 715 716 796
f 716 797 796
f 716 717 797
f 717 798 797
f 717 718 798
f 718 799 798
f 718 719 799
f 719 800 799
f 719 720 800
f 720 801 800
f 720 721 801
f 721 802 801
f 721 722 802
f 722 803 802
f 722 723 803
f 723 804 803
f 723 724 804
f 724 805 804
f 725 726 808
f 726 809 808
f 726 727 809
f 727 810 809
f 727 728 810
f 728 811 810
f 728 729 811
f 729 812 811
f 729 730 812
f 730 813 812
f 730 731 813
f 731 814 813
f 731 732 814
f 732 815 814
f 732 733 815
f 733 816 815
f 733 734 816
f 734 817 816
f 734 735 817
f 735 818 817
f 735 736 818
f 736 819 818
f 736 737 819
f 737 820 819
f 737 738 820
f 738 821 820
f 738 739 821
f 739 822 821
f 739 740 822
f 740 823 822
f 740 741 823
f 741 824 823
f 741 742 824
f 742 825 824
f 742 743 825
f 743 826 825
f 743 744 826
f 744 827 826
f 744 745 827
f 745 828 827
f 745 746 828
f 746 829 828
f 746 747 829
f 747 830 829
f 747 748 830
f 748 831 830
f 748 749 831
f 749 832 831
f 749 750 832
f 750 833 832
f 750 751 833
f 751 834 833
f 751 752 834
f 752 835 834
f 752 753 835
f 753 836 835
f 753 754 836
f 754 837 836
f 754 755 837
f 755 838 837
f 755 756 838
f 756 839 838
f 756 757 839
f 757 840 839
f 757 758 840
f 758 841 840
f 758 759 841
f 759 842 841
f 760 845 844
f 760 761 845
f 761 846 845
f 761 762 846
f 762 847 846
f 762 763 847
f 763 848 847
f 763 764 848
f 764 849 848
f 764 765 849
f 765 850 849
f 765 766 850
f 766 851 850
f 766 767 851
f 767 852 851
f 767 768 852
f 768 853 852
f 768 769 853
f 769 854 853
f 769 770 854
f 770 855 854
f 770 771 855
f 771 856 855
f 775 776 858
f 776 859 858
f 776 777 859
f 777 860 859
f 777 778 860
f 778 861 860
f 778 779 861
f 779 862 861
f 779 780 862
f 780 863 862
f 780 781 863
f 781 864 863
f 781 782 864
f 782 865 864
f 782 783 865
f 783 866 865
f 783 784 866
f 784 867 866
f 784 785 867
f 785 868 867
f 785 786 868
f 786 869 868
f 786 787 869
f 787 870 869
f 787 788 870
f 788 871 870
f 788 789 871
f 789 872 871
f 789 790 872
f 790 873 872
f 790 791 873
f 791 874 873
f 792 793 876
f 793 877 876
f 793 794 877
f 794 878 877
f 794 795 878
f 795 879 878
f 795 796 879
f 796 880 879
f 796 797 880
f 797 881 880
f 797 798 881
f 798 882 881
f 798 799 882
f 799 883 882
f 799 800 883
f 800 884 883
f 800 801 884
f 801 885 884
f 801 802 885
f 802 886 885
f 802 803 886
f 803 887 886
f 803 804 887
f 804 888 887
f 804 805 888
f 805 889 888
f 805 806 889
f 806 890 889
f 806 807 890
f 807 891 890
f 808 809 896
f 809 897 896
f 809 810 897
f 810 898 897
f 810 811 898
f 811 899 898
f 811 812 899
f 812 900 899
f 812 813 900
f 813 901 900
f 813 814 901
f 814 902 901
f 814 815 902
f 815 903 902
f 815 816 903
f 816 904 903
f 816 817 904
f 817 905 904
f 817 818 905
f 818 906 905
f 818 819 906
f 819 907 906
f 819 820 907
f 820 908 907
f 820 821 908
f 821 909 908
f 821 822 909
f 822 910 909
f 822 823 910
f 823 911 910
f 823 824 911
f 824 912 911
f 824 825 912
f 825 913 912
f 825 826 913
f 826 914 913
f 826 827 914
f 827 915 914
f 827 828 915
f 828 916 915
f 828 829 916
f 829 917 916
f 829 830 917
f 830 918 917
f 830 831 918
f 831 919 918
f 831 832 919
f 832 920 919
f 832 833 920
f 833 921 920
f 833 834 921
f 834 922 921
f 834 835 922
f 835 923 922
f 835 836 923
f 836 924 923
f 836 837 924
f 837 925 924
f 837 838 925
f 838 926 925
f 838 839 926
f 839 927 926
f 839 840 927
f 840 928 927
f 840 841 928
f 841 929 928
f 841 842 929
f 843 932 931
f 843 844 932
f 844 933 932
f 844 845 933
f 845 934 933
f 845 846 934
f 846 935 934
f 846 847 935
f 847 936 935
f 847 848 936
f 848 937 936
f 848 849 937
f 849 938 937
f 849 850 938
f 850 939 938
f 850 851 939
f 851 940 939
f 851 852 940
f 852 941 940
f 852 853 941
f 853 942 941
f 853 854 942
f 854 943 942
f 854 855 943
f 855 944 943
f 855 856 944
f 859 860 946
f 860 947 946
f 860 861 947
f 861 948 947
f 861 862 948
f 862 949 948
f 862 863 949
f 863 950 949
f 863 864 950
f 864 951 950
f 864 865 951
f 865 952 951
f 865 866 952
f 866 953 952
f 866 867 953
f 867 954 953
f 867 868 954
f 868 955 954
f 868 869 955
f 869 956 955
f 869 870 956
f 870 957 956
f 870 871 957
f 871 958 957
f 871 872 958
f 872 959 958
f 872 873 959
f 873 960 959
f 873 874 960
f 874 961 960
f 874 875 961
f 875 962 961
f 877 878 965
f 878 966 965
f 878 879 966
f 879 967 966
f 879 880 967
f 880 968 967
f 880 881 968
f 881 969 968
f 881 882 969
f 882 970 969
f 882 883 970
f 883 971 970
f 883 884 971
f 884 972 971
f 884 885 972
f 885 973 972
f 885 886 973
f 886 974 973
f 886 887 974
f 887 975 974
f 887 888 975
f 888 976 975
f 888 889 976
f 889 977 976
f 889 890 977
f 890 978 977
f 890 891 978
f 891 979 978
f 891 892 979
f 892 980 979
f 892 893 980
f 893 981 980
f 893 894 981
f 894 982 981
f 894 895 982
f 895 983 982
f 896 897 985
f 897 986 985
f 897 898 986
f 898 987 986
f 898 899 987
f 899 988 987
f 899 900 988
f 900 989 988
f 900 901 989
f 901 990 989
f 901 902 990
f 902 991 990
f 902 903 991
f 903 992 991
f 903 904 992
f 904 993 992
f 904 905 993
f 905 994 993
f 905 906 994
f 906 995 994
f 906 907 995
f 907 996 995
f 907 908 996
f 908 997 996
f 908 909 997
f 909 998 997
f 909 910 998
f 910 999 998
f 910 911 999
f 911 1000 999
f 911 912 1000
f 912 1001 1000
f 912 913 1001
f 913 1002 1001
f 913 914 1002
f 914 1003 1002
f 914 915 1003
f 915 1004 1003
f 915 916 1004
f 916 1005 1004
f 916 917 1005
f 917 1006 1005
f 917 918 1006
f 918 1007 1006
f 918 919 1007
f 919 1008 1007
f 919 920 1008
f 920 1009 1008
f 920 921 1009
f 921 1010 1009
f 921 922 1010
f 922 1011 1010
f 922 923 1011
f 923 1012 1011
f 923 924 1012
f 924 1013 1012
f 924 925 1013
f 925 1014 1013
f 925 926 1014
f 926 1015 1014
f 926 927 1015
f 927 1016 1015
f 927 928 1016
f 928 1017 1016
f 928 929 1017
f 929 1018 1017
f 930 1020 1019
f 930 931 1020
f 931 1021 1020
f 931 932 1021
f 932 1022 1021
f 932 933 1022
f 933 1023 1022
f 933 934 1023
f 934 1024 1023
f 934 935 1024
f 935 1025 1024
f 935 936 1025
f 936 1026 1025
f 936 937 1026
f 937 1027 1026
f 937 938 1027
f 938 1028 1027
f 938 939 1028
f 939 1029 1028
f 939 940 1029
f 940 1030 1029
f 940 941 1030
f 941 1031 1030
f 941 942 1031
f 942 1032 1031
f 942 943 1032
f 943 1033 1032
f 943 944 1033
f 944 1034 1033
f 946 947 1036
f 947 1037 1036
f 947 948 1037
f 948 1038 1037
f 948 949 1038
f 949 1039 1038
f 949 950 1039
f 950 1040 1039
f 950 951 1040
f 951 1041 1040
f 951 952 1041
f 952 1042 1041
f 952 953 1042
f 953 1043 1042
f 953 954 1043
f 954 1044 1043
f 954 955 1044
f 955 1045 1044
f 955 956 1045
f 956 1046 1045
f 956 957 1046
f 957 1047 1046
f 957 958 1047
f 958 1048 1047
f 958 959 1048
f 959 1049 1048
f 959 960 1049
f 960 1050 1049
f 960 961 1050
f 961 1051 1050
f 961 962 1051
f 962 1052 1051
f 962 963 1052
f 963 1053 1052
f 963 964 1053
f 964 1054 1053
f 965 966 1055
f 966 1056 1055
f 966 967 1056
f 967 1057 1056
f 967 968 1057
f 968 1058 1057
f 968 969 1058
f 969 1059 1058
f 969 970 1059
f 970 1060 1059
f 970 971 1060
f 971 1061 1060
f 971 972 1061
f 972 1062 1061
f 972 973 1062
f 973 1063 1062
f 973 974 1063
f 974 1064 1063
f 974 975 1064
f 975 1065 1064
f 975 976 1065
f 976 1066 1065
f 976 977 1066
f 977 1067 1066
f 977 978 1067
f 978 1068 1067
f 978 979 1068
f 979 1069 1068
f 979 980 1069
f 980 1070 1069
f 980 981 1070
f 981 1071 1070
f 981 982 1071
f 982 1072 1071
f 982 983 1072
f 983 1073 1072
f 983 984 1073
f 984 1074 1073
f 985 1078 1077
f 985 986 1078
f 986 1079 1078
f 986 987 1079
f 987 1080 1079
f 987 988 1080
f 988 1081 1080
f 988 989 1081
f 989 1082 1081
f 989 990 1082
f 990 1083 1082
f 990 991 1083
f 991 1084 1083
f 991 992 1084
f 992 1085 1084
f 992 993 1085
f 993 1086 1085
f 993 994 1086
f 994 1087 1086
f 994 995 1087
f 995 1088 1087
f 995 996 1088
f 996 1089 1088
f 996 997 1089
f 997 1090 1089
f 997 998 1090
f 998 1091 1090
f 998 999 1091
f 999 1092 1091
f 999 1000 1092
f 1000 1093 1092
f 1000 1001 1093
f 1001 1094 1093
f 1001 1002 1094
f 1002 1095 1094
f 1002 1003 1095
f 1003 1096 1095
f 1003 1004 1096
f 1004 1097 1096
f 1004 1005 1097
f 1005 1098 1097
f 1005 1006 1098
f 1006 1099 1098
f 1006 1007 1099
f 1007 1100 1099
f 1007 1008 1100
f 1008 1101 1100
f 1008 1009 1101
f 1009 1102 1101
f 1009 1010 1102
f 1010 1103 1102
f 1010 1011 1103
f 1011 1104 1103
f 1011 1012 1104
f 1012 1105 1104
f 1012 1013 1105
f 1013 1106 1105
f 1013 1014 1106
f 1014 1107 1106
f 1014 1015 1107
f 1015 1108 1107
f 1015 1016 1108
f 1016 1109 1108
f 1016 1017 1109
f 1017 1110 1109
f 1017 1018 1110
f 1018 1111 1110
f 1018 1019 1111
f 1019 1112 1111
f 1019 1020 1112
f 1020 1113 1112
f 1020 1021 1113
f 1021 1114 1113
f 1021 1022 1114
f 1022 1115 1114
f 1022 1023 1115
f 1023 1116 1115
f 1023 1024 1116
f 1024 1117 1116
f 1024 1025 1117
f 1025 1118 1117
f 1025 1026 1118
f 1026 1119 1118
f 1026 1027 1119
f 1027 1120 1119
f 1027 1028 1120
f 1028 1121 1120
f 1028 1029 1121
f 1029 1122 1121
f 1029 1030 1122
f 1030 1123 1122
f 1030 1031 1123
f 1031 1124 1123
f 1031 1032 1124
f 1032 1125 1124
f 1032 1033 1125
f 1033 1126 1125
f 1033 1034 1126
f 1037 1038 1127
f 1038 1128 1127
f 1038 1039 1128
f 1039 1129 1128
f 1039 1040 1129
f 1040 1130 1129
f 1040 1041 1130
f 1041 1131 1130
f 1041 1042 1131
f 1042 1132 1131
f 1042 1043 1132
f 1043 1133 1132
f 1043 1044 1133
f 1044 1134 1133
f 1044 1045 1134
f 1045 1135 1134
f 1045 1046 1135
f 1046 1136 1135
f 1046 1047 1136
f 1047 1137 1136
f 1047 1048 1137
f 1048 1138 1137
f 1048 1049 1138
f 1049 1139 1138
f 1049 1050 1139
f 1050 1140 1139
f 1050 1051 1140
f 1051 1141 1140
f 1051 1052 1141
f 1052 1142 1141
f 1052 1053 1142
f 1053 1143 1142
f 1053 1054 1143
f 1054 1144 1143
f 1055 1148 1147
f 1055 1056 1148
f 1057 1058 1149
f 1058 1150 1149
f 1058 1059 1150
f 1059 1151 1150
f 1059 1060 1151
f 1060 1152 1151
f 1060 1061 1152
f 1061 1153 1152
f 1061 1062 1153
f 1062 1154 1153
f 1062 1063 1154
f 1063 1155 1154
f 1063 1064 1155
f 1064 1156 1155
f 1064 1065 1156
f 1065 1157 1156
f 1065 1066 1157
f 1066 1158 1157
f 1066 1067 1158
f 1067 1159 1158
f 1067 1068 1159
f 1068 1160 1159
f 1068 1069 1160
f 1069 1161 1160
f 1069 1070 1161
f 1070 1162 1161
f 1070 1071 1162
f 1071 1163 1162
f 1071 1072 1163
f 1072 1164 1163
f 1072 1073 1164
f 1073 1165 1164
f 1073 1074 1165
f 1074 1166 1165
f 1074 1075 1166
f 1075 1167 1166
f 1075 1076 1167
f 1076 1168 1167
f 1078 1079 1171
f 1079 1172 1171
f 1079 1080 1172
f 1080 1173 1172
f 1080 1081 1173
f 1081 1174 1173
f 1081 1082 1174
f 1082 1175 1174
f 1082 1083 1175
f 1083 1176 1175
f 1083 1084 1176
f 1084 1177 1176
f 1084 1085 1177
f 1085 1178 1177
f 1085 1086 1178
f 1086 1179 1178
f 1086 1087 1179
f 1087 1180 1179
f 1087 1088 1180
f 1088 1181 1180
f 1088 1089 1181
f 1089 1182 1181
f 1089 1090 1182
f 1090 1183 1182
f 1090 1091 1183
f 1091 1184 1183
f 1091 1092 1184
f 1092 1185 1184
f 1092 1093 1185
f 1093 1186 1185
f 1093 1094 1186
f 1094 1187 1186
f 1094 1095 1187
f 1095 1188 1187
f 1095 1096 1188
f 1096 1189 1188
f 1096 1097 1189
f 1097 1190 1189
f 1097 1098 1190
f 1098 1191 1190
f 1098 1099 1191
f 1099 1192 1191
f 1099 1100 1192
f 1100 1193 1192
f 1100 1101 1193
f 1101 1194 1193
f 1101 1102 1194
f 1102 1195 1194
f 1102 1103 1195
f 1103 1196 1195
f 1103 1104 1196
f 1104 1197 1196
f 1104 1105 1197
f 1105 1198 1197
f 1105 1106 1198
f 1106 1199 1198
f 1106 1107 1199
f 1107 1200 1199
f 1107 1108 1200
f 1108 1201 1200
f 1108 1109 1201
f 1109 1202 1201
f 1109 1110 1202
f 1110 1203 1202
f 1110 1111 1203
f 1111 1204 1203
f 1111 1112 1204
f 1112 1205 1204
f 1112 1113 1205
f 1113 1206 1205
f 1113 1114 1206
f 1114 1207 1206
f 1114 1115 1207
f 1115 1208 1207
f 1115 1116 1208
f 1116 1209 1208
f 1116 1117 1209
f 1117 1210 1209
f 1117 1118 1210
f 1118 1211 1210
f 1118 1119 1211
f 1119 1212 1211
f 1119 1120 1212
f 1120 1213 1212
f 1120 1121 1213
f 1121 1214 1213
f 1121 1122 1214
f 1122 1215 1214
f 1122 1123 1215
f 1123 1216 1215
f 1123 1124 1216
f 1124 1217 1216
f 1124 1125 1217
f 1125 1218 1217
f 1125 1126 1218
f 1126 1219 1218
f 1128 1129 1220
f 1129 1221 1220
f 1129 1130 1221
f 1130 1222 1221
f 1130 1131 1222
f 1131 1223 1222
f 1131 1132 1223
f 1132 1224 1223
f 1132 1133 1224
f 1133 1225 1224
f 1133 1134 1225
f 1134 1226 1225
f 1134 1135 1226
f 1135 1227 1226
f 1135 1136 1227
f 1136 1228 1227
f 1136 1137 1228
f 1137 1229 1228
f 1137 1138 1229
f 1138 1230 1229
f 1138 1139 1230
f 1139 1231 1230
f 1139 1140 1231
f 1140 1232 1231
f 1140 1141 1232
f 1141 1233 1232
f 1141 1142 1233
f 1142 1234 1233
f 1142 1143 1234
f 1143 1235 1234
f 1143 1144 1235
f 1144 1236 1235
f 1144 1145 1236
f 1145 1237 1236
f 1145 1146 1237
f 1146 1238 1237
f 1146 1147 1238
f 1147 1239 1238
f 1147 1148 1239
f 1148 1240 1239
f 1149 1242 1241
f 1149 1150 1242
f 1150 1243 1242
f 1150 1151 1243
f 1151 1244 1243
f 1151 1152 1244
f 1152 1245 1244
f 1152 1153 1245
f 1153 1246 1245
f 1153 1154 1246
f 1154 1247 1246
f 1154 1155 1247
f 1155 1248 1247
f 1155 1156 1248
f 1156 1249 1248
f 1156 1157 1249
f 1157 1250 1249
f 1157 1158 1250
f 1158 1251 1250
f 1158 1159 1251
f 1159 1252 1251
f 1159 1160 1252
f 1160 1253 1252
f 1160 1161 1253
f 1161 1254 1253
f 1161 1162 1254
f 1162 1255 1254
f 1162 1163 1255
f 1163 1256 1255
f 1163 1164 1256
f 1164 1257 1256
f 1164 1165 1257
f 1165 1258 1257
f 1165 1166 1258
f 1166 1259 1258
f 1166 1167 1259
f 1167 1260 1259
f 1167 1168 1260
f 1168 1261 1260
f 1168 1169 1261
f 1169 1262 1261
f 1169 1170 1262
f 1170 1263 1262
f 1171 1266 1265
f 1171 1172 1266
f 1172 1267 1266
f 1172 1173 1267
f 1173 1268 1267
f 1173 1174 1268
f 1174 1269 1268
f 1174 1175 1269
f 1175 1270 1269
f 1175 1176 1270
f 1176 1271 1270
f 1176 1177 1271
f 1177 1272 1271
f 1177 1178 1272
f 1178 1273 1272
f 1178 1179 1273
f 1179 1274 1273
f 1179 1180 1274
f 1180 1275 1274
f 1180 1181 1275
f 1181 1276 1275
f 1181 1182 1276
f 1182 1277 1276
f 1182 1183 1277
f 1183 1278 1277
f 1183 1184 1278
f 1184 1279 1278
f 1184 1185 1279
f 1185 1280 1279
f 1185 1186 1280
f 1186 1281 1280
f 1186 1187 1281
f 1187 1282 1281
f 1187 1188 1282
f 1188 1283 1282
f 1188 1189 1283
f 1189 1284 1283
f 1189 1190 1284
f 1190 1285 1284
f 1190 1191 1285
f 1191 1286 1285
f 1191 1192 1286
f 1192 1287 1286
f 1192 1193 1287
f 1193 1288 1287
f 1193 1194 1288
f 1194 1289 1288
f 1194 1195 1289
f 1195 1290 1289
f 1195 1196 1290
f 1196 1291 1290
f 1196 1197 1291
f 1197 1292 1291
f 1197 1198 1292
f 1198 1293 1292
f 1198 1199 1293
f 1199 1294 1293
f 1199 1200 1294
f 1200 1295 1294
f 1200 1201 1295
f 1201 1296 1295
f 1201 1202 1296
f 1202 1297 1296
f 1202 1203 1297
f 1203 1298 1297
f 1203 1204 1298
f 1204 1299 1298
f 1204 1205 1299
f 1205 1300 1299
f 1205 1206 1300
f 1206 1301 1300
f 1206 1207 1301
f 1207 1302 1301
f 1207 1208 1302
f 1208 1303 1302
f 1208 1209 1303
f 1209 1304 1303
f 1209 1210 1304
f 1210 1305 1304
f 1210 1211 1305
f 1211 1306 1305
f 1211 1212 1306
f 1212 1307 1306
f 1212 1213 1307
f 1213 1308 1307
f 1213 1214 1308
f 1214 1309 1308
f 1214 1215 1309
f 1215 1310 1309
f 1215 1216 1310
f 1216 1311 1310
f 1216 1217 1311
f 1217 1312 1311
f 1217 1218 1312
f 1218 1313 1312
f 1218 1219 1313
f 1222 1223 1314
f 1223 1315 1314
f 1223 1224 1315
f 1224 1316 1315
f 1224 1225 1316
f 1225 1317 1316
f 1225 1226 1317
f 1226 1318 1317
f 1226 1227 1318
f 1227 1319 1318
f 1227 1228 1319
f 1228 1320 1319
f 1228 1229 1320
f 1229 1321 1320
f 1229 1230 1321
f 1230 1322 1321
f 1230 1231 1322
f 1231 1323 1322
f 1231 1232 1323
f 1232 1324 1323
f 1232 1233 1324
f 1233 1325 1324
f 1233 1234 1325
f 1234 1326 1325
f 1234 1235 1326
f 1235 1327 1326
f 1235 1236 1327
f 1236 1328 1327
f 1236 1237 1328
f 1237 1329 1328
f 1237 1238 1329
f 1238 1330 1329
f 1238 1239 1330
f 1239 1331 1330
f 1239 1240 1331
f 1240 1332 1331
f 1240 1241 1332
f 1241 1333 1332
f 1241 1242 1333
f 1242 1334 1333
f 1242 1243 1334
f 1243 1335 1334
f 1243 1244 1335
f 1244 1336 1335
f 1244 1245 1336
f 1245 1337 1336
f 1245 1246 1337
f 1246 1338 1337
f 1246 1247 1338
f 1247 1339 1338
f 1247 1248 1339
f 1248 1340 1339
f 1248 1249 1340
f 1249 1341 1340
f 1249 1250 1341
f 1250 1342 1341
f 1250 1251 1342
f 1251 1343 1342
f 1251 1252 1343
f 1252 1344 1343
f 1252 1253 1344
f 1253 1345 1344
f 1253 1254 1345
f 1254 1346 1345
f 1254 1255 1346
f 1255 1347 1346
f 1255 1256 1347
f 1256 1348 1347
f 1256 1257 1348
f 1257 1349 1348
f 1257 1258 1349
f 1258 1350 1349
f 1258 1259 1350
f 1259 1351 1350
f 1259 1260 1351
f 1260 1352 1351
f 1260 1261 1352
f 1261 1353 1352
f 1261 1262 1353
f 1262 1354 1353
f 1262 1263 1354
f 1263 1355 1354
f 1263 1264 1355
f 1264 1356 1355
f 1266 1267 1359
f 1267 1360 1359
f 1267 1268 1360
f 1268 1361 1360
f 1268 1269 1361
f 1269 1362 1361
f 1269 1270 1362
f 1270 1363 1362
f 1270 1271 1363
f 1271 1364 1363
f 1271 1272 1364
f 1272 1365 1364
f 1272 1273 1365
f 1273 1366 1365
f 1273 1274 1366
f 1274 1367 1366
f 1274 1275 1367
f 1275 1368 1367
f 1275 1276 1368
f 1276 1369 1368
f 1276 1277 1369
f 1277 1370 1369
f 1277 1278 1370
f 1278 1371 1370
f 1278 1279 1371
f 1279 1372 1371
f 1279 1280 1372
f 1280 1373 1372
f 1280 1281 1373
f 1281 1374 1373
f 1281 1282 1374
f 1282 1375 1374
f 1282 1283 1375
f 1283 1376 1375
f 1283 1284 1376
f 1284 1377 1376
f 1284 1285 1377
f 1285 1378 1377
f 1285 1286 1378
f 1286 1379 1378
f 1286 1287 1379
f 1287 1380 1379
f 1287 1288 1380
f 1288 1381 1380
f 1288 1289 1381
f 1289 1382 1381
f 1289 1290 1382
f 1290 1383 1382
f 1290 1291 1383
f 1291 1384 1383
f 1291 1292 1384
f 1292 1385 1384
f 1292 1293 1385
f 1293 1386 1385
f 1293 1294 1386
f 1294 1387 1386
f 1294 1295 1387
f 1295 1388 1387
f 1295 1296 1388
f 1296 1389 1388
f 1296 1297 1389
f 1297 1390 1389
f 1297 1298 1390
f 1298 1391 1390
f 1298 1299 1391
f 1299 1392 1391
f 1299 1300 1392
f 1300 1393 1392
f 1300 1301 1393
f 1301 1394 1393
f 1301 1302 1394
f 1302 1395 1394
f 1302 1303 1395
f 1303 1396 1395
f 1303 1304 1396
f 1304 1397 1396
f 1304 1305 1397
f 1305 1398 1397
f 1305 1306 1398
f 1306 1399 1398
f 1306 1307 1399
f 1307 1400 1399
f 1307 1308 1400
f 1308 1401 1400
f 1308 1309 1401
f 1309 1402 1401
f 1309 1310 1402
f 1310 1403 1402
f 1310 1311 1403
f 1311 1404 1403
f 1311 1312 1404
f 1312 1405 1404
f 1312 1313 1405
f 1313 1406 1405
f 1314 1315 1407
f 1315 1408 1407
f 1315 1316 1408
f 1316 1409 1408
f 1316 1317 1409
f 1317 1410 1409
f 1317 1318 1410
f 1318 1411 1410
f 1318 1319 1411
f 1319 1412 1411
f 1319 1320 1412
f 1320 1413 1412
f 1320 1321 1413
f 1321 1414 1413
f 1321 1322 1414
f 1322 1415 1414
f 1322 1323 1415
f 1323 1416 1415
f 1323 1324 1416
f 1324 1417 1416
f 1324 1325 1417
f 1325 1418 1417
f 1325 1326 1418
f 1326 1419 1418
f 1326 1327 1419
f 1327 1420 1419
f 1327 1328 1420
f 1328 1421 1420
f 1328 1329 1421
f 1329 1422 1421
f 1329 1330 1422
f 1330 1423 1422
f 1330 1331 1423
f 1331 1424 1423
f 1331 1332 1424
f 1332 1425 1424
f 1332 1333 1425
f 1333 1426 1425
f 1333 1334 1426
f 1334 1427 1426
f 1334 1335 1427
f 1335 1428 1427
f 1335 1336 1428
f 1336 1429 1428
f 1336 1337 1429
f 1337 1430 1429
f 1337 1338 1430
f 1338 1431 1430
f 1338 1339 1431
f 1339 1432 1431
f 1339 1340 1432
f 1340 1433 1432
f 1340 1341 1433
f 1341 1434 1433
f 1341 1342 1434
f 1342 1435 1434
f 1342 1343 1435
f 1343 1436 1435
f 1343 1344 1436
f 1344 1437 1436
f 1344 1345 1437
f 1345 1438 1437
f 1345 1346 1438
f 1346 1439 1438
f 1346 1347 1439
f 1347 1440 1439
f 1347 1348 1440
f 1348 1441 1440
f 1348 1349 1441
f 1349 1442 1441
f 1349 1350 1442
f 1350 1443 1442
f 1350 1351 1443
f 1351 1444 1443
f 1351 1352 1444
f 1352 1445 1444
f 1352 1353 1445
f 1353 1446 1445
f 1353 1354 1446
f 1354 1447 1446
f 1354 1355 1447
f 1355 1448 1447
f 1355 1356 1448
f 1356 1449 1448
f 1356 1357 1449
f 1357 1450 1449
f 1357 1358 1450
f 1358 1451 1450
f 1359 1453 1452
f 1359 1360 1453
f 1360 1454 1453
f 1360 1361 1454
f 1361 1455 1454
f 1361 1362 1455
f 1362 1456 1455
f 1362 1363 1456
f 1363 1457 1456
f 1363 1364 1457
f 1364 1458 1457
f 1364 1365 1458
f 1365 1459 1458
f 1365 1366 1459
f 1366 1460 1459
f 1366 1367 1460
f 1367 1461 1460
f 1367 1368 1461
f 1368 1462 1461
f 1368 1369 1462
f 1369 1463 1462
f 1369 1370 1463
f 1370 1464 1463
f 1370 1371 1464
f 1371 1465 1464
f 1371 1372 1465
f 1372 1466 1465
f 1372 1373 1466
f 1373 1467 1466
f 1373 1374 1467
f 1374 1468 1467
f 1374 1375 1468
f 1375 1469 1468
f 1375 1376 1469
f 1376 1470 1469
f 1376 1377 1470
f 1377 1471 1470
f 1377 1378 1471
f 1378 1472 1471
f 1378 1379 1472
f 1379 1473 1472
f 1379 1380 1473
f 1380 1474 1473
f 1380 1381 1474
f 1381 1475 1474
f 1381 1382 1475
f 1382 1476 1475
f 1382 1383 1476
f 1383 1477 1476
f 1383 1384 1477
f 1384 1478 1477
f 1384 1385 1478
f 1385 1479 1478
f 1385 1386 1479
f 1386 1480 1479
f 1386 1387 1480
f 1387 1481 1480
f 1387 1388 1481
f 1388 1482 1481
f 1388 1389 1482
f 1389 1483 1482
f 1389 1390 1483
f 1390 1484 1483
f 1390 1391 1484
f 1391 1485 1484
f 1391 1392 1485
f 1392 1486 1485
f 1392 1393 1486
f 1393 1487 1486
f 1393 1394 1487
f 1394 1488 1487
f 1394 1395 1488
f 1395 1489 1488
f 1395 1396 1489
f 1396 1490 1489
f 1396 1397 1490
f 1397 1491 1490
f 1397 1398 1491
f 1398 1492 1491
f 1398 1399 1492
f 1399 1493 1492
f 1399 1400 1493
f 1400 1494 1493
f 1400 1401 1494
f 1401 1495 1494
f 1401 1402 1495
f 1402 1496 1495
f 1402 1403 1496
f 1403 1497 1496
f 1403 1404 1497
f 1404 1498 1497
f 1404 1405 1498
f 1405 1499 1498
f 1405 1406 1499
f 1409 1410 1500
f 1410 1501 1500
f 1410 1411 1501
f 1411 1502 1501
f 1411 1412 1502
f 1412 1503 1502
f 1412 1413 1503
f 1413 1504 1503
f 1413 1414 1504
f 1414 1505 1504
f 1414 1415 1505
f 1415 1506 1505
f 1415 1416 1506
f 1416 1507 1506
f 1416 1417 1507
f 1417 1508 1507
f 1417 1418 1508
f 1418 1509 1508
f 1418 1419 1509
f 1419 1510 1509
f 1419 1420 1510
f 1420 1511 1510
f 1420 1421 1511
f 1421 1512 1511
f 1421 1422 1512
f 1422 1513 1512
f 1422 1423 1513
f 1423 1514 1513
f 1423 1424 1514
f 1424 1515 1514
f 1424 1425 1515
f 1425 1516 1515
f 1425 1426 1516
f 1426 1517 1516
f 1426 1427 1517
f 1427 1518 1517
f 1427 1428 1518
f 1428 1519 1518
f 1428 1429 1519
f 1429 1520 1519
f 1429 1430 1520
f 1430 1521 1520
f 1430 1431 1521
f 1431 1522 1521
f 1431 1432 1522
f 1432 1523 1522
f 1432 1433 1523
f 1433 1524 1523
f 1433 1434 1524
f 1434 1525 1524
f 1434 1435 1525
f 1435 1526 1525
f 1435 1436 1526
f 1436 1527 1526
f 1436 1437 1527
f 1437 1528 1527
f 1437 1438 1528
f 1438 1529 1528
f 1438 1439 1529
f 1439 1530 1529
f 1439 1440 1530
f 1440 1531 1530
f 1440 1441 1531
f 1441 1532 1531
f 1441 1442 1532
f 1442 1533 1532
f 1442 1443 1533
f 1443 1534 1533
f 1443 1444 1534
f 1444 1535 1534
f 1444 1445 1535
f 1445 1536 1535
f 1445 1446 1536
f 1446 1537 1536
f 1446 1447 1537
f 1447 1538 1537
f 1447 1448 1538
f 1448 1539 1538
f 1448 1449 1539
f 1449 1540 1539
f 1449 1450 1540
f 1450 1541 1540
f 1450 1451 1541
f 1451 1542 1541
f 1453 1454 1544
f 1454 1545 1544
f 1454 1455 1545
f 1455 1546 1545
f 1455 1456 1546
f 1456 1547 1546
f 1456 1457 1547
f 1457 1548 1547
f 1457 1458 1548
f 1458 1549 1548
f 1458 1459 1549
f 1459 1550 1549
f 1459 1460 1550
f 1460 1551 1550
f 1460 1461 1551
f 1461 1552 1551
f 1461 1462 1552
f 1462 1553 1552
f 1462 1463 1553
f 1463 1554 1553
f 1463 1464 1554
f 1464 1555 1554
f 1464 1465 1555
f 1465 1556 1555
f 1465 1466 1556
f 1466 1557 1556
f 1466 1467 1557
f 1467 1558 1557
f 1467 1468 1558
f 1468 1559 1558
f 1468 1469 1559
f 1469 1560 1559
f 1469 1470 1560
f 1470 1561 1560
f 1470 1471 1561
f 1471 1562 1561
f 1471 1472 1562
f 1472 1563 1562
f 1472 1473 1563
f 1473 1564 1563
f 1473 1474 1564
f 1474 1565 1564
f 1474 1475 1565
f 1475 1566 1565
f 1475 1476 1566
f 1476 1567 1566
f 1476 1477 1567
f 1477 1568 1567
f 1477 1478 1568
f 1478 1569 1568
f 1478 1479 1569
f 1479 1570 1569
f 1479 1480 1570
f 1480 1571 1570
f 1480 1481 1571
f 1481 1572 1571
f 1481 1482 1572
f 1482 1573 1572
f 1482 1483 1573
f 1483 1574 1573
f 1483 1484 1574
f 1484 1575 1574
f 1484 1485 1575
f 1485 1576 1575
f 1485 1486 1576
f 1486 1577 1576
f 1486 1487 1577
f 1487 1578 1577
f 1487 1488 1578
f 1488 1579 1578
f 1488 1489 1579
f 1489 1580 1579
f 1489 1490 1580
f 1490 1581 1580
f 1490 1491 1581
f 1491 1582 1581
f 1491 1492 1582
f 1492 1583 1582
f 1492 1493 1583
f 1493 1584 1583
f 1493 1494 1584
f 1494 1585 1584
f 1494 1495 1585
f 1495 1586 1585
f 1495 1496 1586
f 1496 1587 1586
f 1496 1497 1587
f 1497 1588 1587
f 1497 1498 1588
f 1498 1589 1588
f 1498 1499 1589
f 1499 1590 1589
f 1501 1502 1596
f 1502 1597 1596
f 1502 1503 1597
f 1503 1598 1597
f 1503 1504 1598
f 1504 1599 1598
f 1504 1505 1599
f 1505 1600 1599
f 1505 1506 1600
f 1506 1601 1600
f 1506 1507 1601
f 1507 1602 1601
f 1507 1508 1602
f 1508 1603 1602
f 1508 1509 1603
f 1509 1604 1603
f 1509 1510 1604
f 1510 1605 1604
f 1510 1511 1605
f 1511 1606 1605
f 1511 1512 1606
f 1512 1607 1606
f 1512 1513 1607
f 1513 1608 1607
f 1513 1514 1608
f 1514 1609 1608
f 1514 1515 1609
f 1515 1610 1609
f 1515 1516 1610
f 1516 1611 1610
f 1516 1517 1611
f 1517 1612 1611
f 1517 1518 1612
f 1518 1613 1612
f 1518 1519 1613
f 1519 1614 1613
f 1519 1520 1614
f 1520 1615 1614
f 1520 1521 1615
f 1521 1616 1615
f 1521 1522 1616
f 1522 1617 1616
f 1522 1523 1617
f 1523 1618 1617
f 1523 1524 1618
f 1524 1619 1618
f 1524 1525 1619
f 1525 1620 1619
f 1525 1526 1620
f 1526 1621 1620
f 1526 1527 1621
f 1527 1622 1621
f 1527 1528 1622
f 1528 1623 1622
f 1528 1529 1623
f 1529 1624 1623
f 1529 1530 1624
f 1530 1625 1624
f 1530 1531 1625
f 1531 1626 1625
f 1531 1532 1626
f 1532 1627 1626
f 1532 1533 1627
f 1533 1628 1627
f 1533 1534 1628
f 1534 1629 1628
f 1534 1535 1629
f 1535 1630 1629
f 1535 1536 1630
f 1536 1631 1630
f 1536 1537 1631
f 1537 1632 1631
f 1537 1538 1632
f 1538 1633 1632
f 1538 1539 1633
f 1539 1634 1633
f 1539 1540 1634
f 1540 1635 1634
f 1540 1541 1635
f 1541 1636 1635
f 1541 1542 1636
f 1542 1637 1636
f 1542 1543 1637
f 1543 1638 1637
f 1544 1545 1639
f 1545 1640 1639
f 1545 1546 1640
f 1546 1641 1640
f 1546 1547 1641
f 1547 1642 1641
f 1547 1548 1642
f 1548 1643 1642
f 1548 1549 1643
f 1549 1644 1643
f 1549 1550 1644
f 1550 1645 1644
f 1550 1551 1645
f 1551 1646 1645
f 1551 1552 1646
f 1552 1647 1646
f 1552 1553 1647
f 1553 1648 1647
f 1553 1554 1648
f 1554 1649 1648
f 1554 1555 1649
f 1555 1650 1649
f 1555 1556 1650
f 1556 1651 1650
f 1556 1557 1651
f 1557 1652 1651
f 1557 1558 1652
f 1558 1653 1652
f 1558 1559 1653
f 1559 1654 1653
f 1559 1560 1654
f 1560 1655 1654
f 1560 1561 1655
f 1561 1656 1655
f 1561 1562 1656
f 1562 1657 1656
f 1562 1563 1657
f 1563 1658 1657
f 1563 1564 1658
f 1564 1659 1658
f 1564 1565 1659
f 1565 1660 1659
f 1565 1566 1660
f 1566 1661 1660
f 1566 1567 1661
f 1567 1662 1661
f 1567 1568 1662
f 1568 1663 1662
f 1568 1569 1663
f 1569 1664 1663
f 1569 1570 1664
f 1570 1665 1664
f 1570 1571 1665
f 1571 1666 1665
f 1571 1572 1666
f 1572 1667 1666
f 1572 1573 1667
f 1573 1668 1667
f 1573 1574 1668
f 1574 1669 1668
f 1574 1575 1669
f 1575 1670 1669
f 1575 1576 1670
f 1576 1671 1670
f 1576 1577 1671
f 1577 1672 1671
f 1577 1578 1672
f 1578 1673 1672
f 1578 1579 1673
f 1579 1674 1673
f 1579 1580 1674
f 1580 1675 1674
f 1580 1581 1675
f 1581 1676 1675
f 1581 1582 1676
f 1582 1677 1676
f 1582 1583 1677
f 1583 1678 1677
f 1583 1584 1678
f 1584 1679 1678
f 1584 1585 1679
f 1585 1680 1679
f 1585 1586 1680
f 1586 1681 1680
f 1586 1587 1681
f 1587 1682 1681
f 1587 1588 1682
f 1588 1683 1682
f 1588 1589 1683
f 1591 1592 1684
f 1592 1685 1684
f 1592 1593 1685
f 1593 1686 1685
f 1593 1594 1686
f 1594 1687 1686
f 1594 1595 1687
f 1595 1688 1687
f 1598 1599 1693
f 1599 1694 1693
f 1599 1600 1694
f 1600 1695 1694
f 1600 1601 1695
f 1601 1696 1695
f 1601 1602 1696
f 1602 1697 1696
f 1602 1603 1697
f 1603 1698 1697
f 1603 1604 1698
f 1604 1699 1698
f 1604 1605 1699
f 1605 1700 1699
f 1605 1606 1700
f 1606 1701 1700
f 1606 1607 1701
f 1607 1702 1701
f 1607 1608 1702
f 1608 1703 1702
f 1608 1609 1703
f 1609 1704 1703
f 1609 1610 1704
f 1610 1705 1704
f 1610 1611 1705
f 1611 1706 1705
f 1611 1612 1706
f 1612 1707 1706
f 1612 1613 1707
f 1613 1708 1707
f 1613 1614 1708
f 1614 1709 1708
f 1614 1615 1709
f 1615 1710 1709
f 1615 1616 1710
f 1616 1711 1710
f 1616 1617 1711
f 1617 1712 1711
f 1617 1618 1712
f 1618 1713 1712
f 1618 1619 1713
f 1619 1714 1713
f 1619 1620 1714
f 1620 1715 1714
f 1620 1621 1715
f 1621 1716 1715
f 1621 1622 1716
f 1622 1717 1716
f 1622 1623 1717
f 1623 1718 1717
f 1623 1624 1718
f 1624 1719 1718
f 1624 1625 1719
f 1625 1720 1719
f 1625 1626 1720
f 1626 1721 1720
f 1626 1627 1721
f 1627 1722 1721
f 1627 1628 1722
f 1628 1723 1722
f 1628 1629 1723
f 1629 1724 1723
f 1629 1630 1724
f 1630 1725 1724
f 1630 1631 1725
f 1631 1726 1725
f 1631 1632 1726
f 1632 1727 1726
f 1632 1633 1727
f 1633 1728 1727
f 1633 1634 1728
f 1634 1729 1728
f 1634 1635 1729
f 1635 1730 1729
f 1635 1636 1730
f 1636 1731 1730
f 1636 1637 1731
f 1637 1732 1731
f 1637 1638 1732
f 1638 1733 1732
f 1639 1640 1736
f 1640 1737 1736
f 1640 1641 1737
f 1641 1738 1737
f 1641 1642 1738
f 1642 1739 1738
f 1642 1643 1739
f 1643 1740 1739
f 1643 1644 1740
f 1644 1741 1740
f 1644 1645 1741
f 1645 1742 1741
f 1645 1646 1742
f 1646 1743 1742
f 1646 1647 1743
f 1647 1744 1743
f 1647 1648 1744
f 1648 1745 1744
f 1648 1649 1745
f 1649 1746 1745
f 1649 1650 1746
f 1650 1747 1746
f 1650 1651 1747
f 1651 1748 1747
f 1651 1652 1748
f 1652 1749 1748
f 1652 1653 1749
f 1653 1750 1749
f 1653 1654 1750
f 1654 1751 1750
f 1654 1655 1751
f 1655 1752 1751
f 1655 1656 1752
f 1656 1753 1752
f 1656 1657 1753
f 1657 1754 1753
f 1657 1658 1754
f 1658 1755 1754
f 1658 1659 1755
f 1659 1756 1755
f 1659 1660 1756
f 1660 1757 1756
f 1660 1661 1757
f 1661 1758 1757
f 1661 1662 1758
f 1662 1759 1758
f 1662 1663 1759
f 1663 1760 1759
f 1663 1664 1760
f 1664 1761 1760
f 1664 1665 1761
f 1665 1762 1761
f 1665 1666 1762
f 1666 1763 1762
f 1666 1667 1763
f 1667 1764 1763
f 1667 1668 1764
f 1668 1765 1764
f 1668 1669 1765
f 1669 1766 1765
f 1669 1670 1766
f 1670 1767 1766
f 1670 1671 1767
f 1671 1768 1767
f 1671 1672 1768
f 1672 1769 1768
f 1672 1673 1769
f 1673 1770 1769
f 1673 1674 1770
f 1674 1771 1770
f 1674 1675 1771
f 1675 1772 1771
f 1675 1676 1772
f 1676 1773 1772
f 1676 1677 1773
f 1677 1774 1773
f 1677 1678 1774
f 1678 1775 1774
f 1678 1679 1775
f 1679 1776 1775
f 1679 1680 1776
f 1680 1777 1776
f 1680 1681 1777
f 1681 1778 1777
f 1681 1682 1778
f 1682 1779 1778
f 1682 1683 1779
f 1683 1780 1779
f 1684 1782 1781
f 1684 1685 1782
f 1685 1783 1782
f 1685 1686 1783
f 1686 1784 1783
f 1686 1687 1784
f 1687 1785 1784
f 1687 1688 1785
f 1688 1786 1785
f 1688 1689 1786
f 1689 1787 1786
f 1689 1690 1787
f 1690 1788 1787
f 1690 1691 1788
f 1691 1789 1788
f 1691 1692 1789
f 1692 1790 1789
f 1694 1695 1794
f 1695 1795 1794
f 1695 1696 1795
f 1696 1796 1795
f 1696 1697 1796
f 1697 1797 1796
f 1697 1698 1797
f 1698 1798 1797
f 1698 1699 1798
f 1699 1799 1798
f 1699 1700 1799
f 1700 1800 1799
f 1700 1701 1800
f 1701 1801 1800
f 1701 1702 1801
f 1702 1802 1801
f 1702 1703 1802
f 1703 1803 1802
f 1703 1704 1803
f 1704 1804 1803
f 1704 1705 1804
f 1705 1805 1804
f 1705 1706 1805
f 1706 1806 1805
f 1706 1707 1806
f 1707 1807 1806
f 1707 1708 1807
f 1708 1808 1807
f 1708 1709 1808
f 1709 1809 1808
f 1709 1710 1809
f 1710 1810 1809
f 1710 1711 1810
f 1711 1811 1810
f 1711 1712 1811
f 1712 1812 1811
f 1712 1713 1812
f 1713 1813 1812
f 1713 1714 1813
f 1714 1814 1813
f 1714 1715 1814
f 1715 1815 1814
f 1715 1716 1815
f 1716 1816 1815
f 1716 1717 1816
f 1717 1817 1816
f 1717 1718 1817
f 1718 1818 1817
f 1718 1719 1818
f 1719 1819 1818
f 1719 1720 1819
f 1720 1820 1819
f 1720 1721 1820
f 1721 1821 1820
f 1721 1722 1821
f 1722 1822 1821
f 1722 1723 1822
f 1723 1823 1822
f 1723 1724 1823
f 1724 1824 1823
f 1724 1725 1824
f 1725 1825 1824
f 1725 1726 1825
f 1726 1826 1825
f 1726 1727 1826
f 1727 1827 1826
f 1727 1728 1827
f 1728 1828 1827
f 1728 1729 1828
f 1729 1829 1828
f 1729 1730 1829
f 1730 1830 1829
f 1730 1731 1830
f 1731 1831 1830
f 1731 1732 1831
f 1732 1832 1831
f 1732 1733 1832
f 1733 1833 1832
f 1733 1734 1833
f 1734 1834 1833
f 1734 1735 1834
f 1735 1835 1834
f 1736 1838 1837
f 1736 1737 1838
f 1737 1839 1838
f 1737 1738 1839
f 1738 1840 1839
f 1738 1739 1840
f 1739 1841 1840
f 1739 1740 1841
f 1740 1842 1841
f 1740 1741 1842
f 1741 1843 1842
f 1741 1742 1843
f 1742 1844 1843
f 1742 1743 1844
f 1743 1845 1844
f 1743 1744 1845
f 1744 1846 1845
f 1744 1745 1846
f 1745 1847 1846
f 1745 1746 1847
f 1746 1848 1847
f 1746 1747 1848
f 1747 1849 1848
f 1747 1748 1849
f 1748 1850 1849
f 1748 1749 1850
f 1749 1851 1850
f 1749 1750 1851
f 1750 1852 1851
f 1750 1751 1852
f 1751 1853 1852
f 1751 1752 1853
f 1752 1854 1853
f 1752 1753 1854
f 1753 1855 1854
f 1753 1754 1855
f 1754 1856 1855
f 1754 1755 1856
f 1755 1857 1856
f 1755 1756 1857
f 1756 1858 1857
f 1756 1757 1858
f 1757 1859 1858
f 1757 1758 1859
f 1758 1860 1859
f 1758 1759 1860
f 1759 1861 1860
f 1759 1760 1861
f 1760 1862 1861
f 1760 1761 1862
f 1761 1863 1862
f 1761 1762 1863
f 1762 1864 1863
f 1762 1763 1864
f 1763 1865 1864
f 1763 1764 1865
f 1764 1866 1865
f 1764 1765 1866
f 1765 1867 1866
f 1765 1766 1867
f 1766 1868 1867
f 1766 1767 1868
f 1767 1869 1868
f 1767 1768 1869
f 1768 1870 1869
f 1768 1769 1870
f 1769 1871 1870
f 1769 1770 1871
f 1770 1872 1871
f 1770 1771 1872
f 1771 1873 1872
f 1771 1772 1873
f 1772 1874 1873
f 1772 1773 1874
f 1773 1875 1874
f 1773 1774 1875
f 1774 1876 1875
f 1774 1775 1876
f 1775 1877 1876
f 1775 1776 1877
f 1776 1878 1877
f 1776 1777 1878
f 1777 1879 1878
f 1777 1778 1879
f 1778 1880 1879
f 1778 1779 1880
f 1779 1881 1880
f 1779 1780 1881
f 1782 1783 1882
f 1783 1883 1882
f 1783 1784 1883
f 1784 1884 1883
f 1784 1785 1884
f 1785 1885 1884
f 1785 1786 1885
f 1786 1886 1885
f 1786 1787 1886
f 1787 1887 1886
f 1787 1788 1887
f 1788 1888 1887
f 1788 1789 1888
f 1789 1889 1888
f 1789 1790 1889
f 1790 1890 1889
f 1790 1791 1890
f 1791 1891 1890
f 1791 1792 1891
f 1792 1892 1891
f 1792 1793 1892
f 1793 1893 1892
f 1795 1796 1897
f 1796 1898 1897
f 1796 1797 1898
f 1797 1899 1898
f 1797 1798 1899
f 1798 1900 1899
f 1798 1799 1900
f 1799 1901 1900
f 1799 1800 1901
f 1800 1902 1901
f 1800 1801 1902
f 1801 1903 1902
f 1801 1802 1903
f 1802 1904 1903
f 1802 1803 1904
f 1803 1905 1904
f 1803 1804 1905
f 1804 1906 1905
f 1804 1805 1906
f 1805 1907 1906
f 1805 1806 1907
f 1806 1908 1907
f 1806 1807 1908
f 1807 1909 1908
f 1807 1808 1909
f 1808 1910 1909
f 1808 1809 1910
f 1809 1911 1910
f 1809 1810 1911
f 1810 1912 1911
f 1810 1811 1912
f 1811 1913 1912
f 1811 1812 1913
f 1812 1914 1913
f 1812 1813 1914
f 1813 1915 1914
f 1813 1814 1915
f 1814 1916 1915
f 1814 1815 1916
f 1815 1917 1916
f 1815 1816 1917
f 1816 1918 1917
f 1816 1817 1918
f 1817 1919 1918
f 1817 1818 1919
f 1818 1920 1919
f 1818 1819 1920
f 1819 1921 1920
f 1819 1820 1921
f 1820 1922 1921
f 1820 1821 1922
f 1821 1923 1922
f 1821 1822 1923
f 1822 1924 1923
f 1822 1823 1924
f 1823 1925 1924
f 1823 1824 1925
f 1824 1926 1925
f 1824 1825 1926
f 1825 1927 1926
f 1825 1826 1927
f 1826 1928 1927
f 1826 1827 1928
f 1827 1929 1928
f 1827 1828 1929
f 1828 1930 1929
f 1828 1829 1930
f 1829 1931 1930
f 1829 1830 1931
f 1830 1932 1931
f 1830 1831 1932
f 1831 1933 1932
f 1831 1832 1933
f 1832 1934 1933
f 1832 1833 1934
f 1833 1935 1934
f 1833 1834 1935
f 1834 1936 1935
f 1834 1835 1936
f 1835 1937 1936
f 1835 1836 1937
f 1836 1938 1937
f 1838 1839 1940
f 1839 1941 1940
f 1839 1840 1941
f 1840 1942 1941
f 1840 1841 1942
f 1841 1943 1942
f 1841 1842 1943
f 1842 1944 1943
f 1842 1843 1944
f 1843 1945 1944
f 1843 1844 1945
f 1844 1946 1945
f 1844 1845 1946
f 1845 1947 1946
f 1845 1846 1947
f 1846 1948 1947
f 1846 1847 1948
f 1847 1949 1948
f 1847 1848 1949
f 1848 1950 1949
f 1848 1849 1950
f 1849 1951 1950
f 1849 1850 1951
f 1850 1952 1951
f 1850 1851 1952
f 1851 1953 1952
f 1851 1852 1953
f 1852 1954 1953
f 1852 1853 1954
f 1853 1955 1954
f 1853 1854 1955
f 1854 1956 1955
f 1854 1855 1956
f 1855 1957 1956
f 1855 1856 1957
f 1856 1958 1957
f 1856 1857 1958
f 1857 1959 1958
f 1857 1858 1959
f 1858 1960 1959
f 1858 1859 1960
f 1859 1961 1960
f 1859 1860 1961
f 1860 1962 1961
f 1860 1861 1962
f 1861 1963 1962
f 1861 1862 1963
f 1862 1964 1963
f 1862 1863 1964
f 1863 1965 1964
f 1863 1864 1965
f 1864 1966 1965
f 1864 1865 1966
f 1865 1967 1966
f 1865 1866 1967
f 1866 1968 1967
f 1866 1867 1968
f 1867 1969 1968
f 1867 1868 1969
f 1868 1970 1969
f 1868 1869 1970
f 1869 1971 1970
f 1869 1870 1971
f 1870 1972 1971
f 1870 1871 1972
f 1871 1973 1972
f 1871 1872 1973
f 1872 1974 1973
f 1872 1873 1974
f 1873 1975 1974
f 1873 1874 1975
f 1874 1976 1975
f 1874 1875 1976
f 1875 1977 1976
f 1875 1876 1977
f 1876 1978 1977
f 1876 1877 1978
f 1877 1979 1978
f 1877 1878 1979
f 1878 1980 1979
f 1878 1879 1980
f 1879 1981 1980
f 1879 1880 1981
f 1880 1982 1981
f 1880 1881 1982
f 1881 1983 1982
f 1882 1986 1985
f 1882 1883 1986
f 1883 1987 1986
f 1883 1884 1987
f 1884 1988 1987
f 1884 1885 1988
f 1885 1989 1988
f 1885 1886 1989
f 1886 1990 1989
f 1886 1887 1990
f 1887 1991 1990
f 1887 1888 1991
f 1888 1992 1991
f 1888 1889 1992
f 1889 1993 1992
f 1889 1890 1993
f 1890 1994 1993
f 1890 1891 1994
f 1891 1995 1994
f 1891 1892 1995
f 1892 1996 1995
f 1892 1893 1996
f 1893 1997 1996
f 1893 1894 1997
f 1894 1998 1997
f 1894 1895 1998
f 1895 1999 1998
f 1895 1896 1999
f 1896 2000 1999
f 1897 1898 2003
f 1898 2004 2003
f 1898 1899 2004
f 1899 2005 2004
f 1899 1900 2005
f 1900 2006 2005
f 1900 1901 2006
f 1901 2007 2006
f 1901 1902 2007
f 1902 2008 2007
f 1902 1903 2008
f 1903 2009 2008
f 1903 1904 2009
f 1904 2010 2009
f 1904 1905 2010
f 1905 2011 2010
f 1905 1906 2011
f 1906 2012 2011
f 1906 1907 2012
f 1907 2013 2012
f 1907 1908 2013
f 1908 2014 2013
f 1908 1909 2014
f 1909 2015 2014
f 1909 1910 2015
f 1910 2016 2015
f 1910 1911 2016
f 1911 2017 2016
f 1911 1912 2017
f 1912 2018 2017
f 1912 1913 2018
f 1913 2019 2018
f 1913 1914 2019
f 1914 2020 2019
f 1914 1915 2020
f 1915 2021 2020
f 1915 1916 2021
f 1916 2022 2021
f 1916 1917 2022
f 1917 2023 2022
f 1917 1918 2023
f 1918 2024 2023
f 1918 1919 2024
f 1919 2025 2024
f 1919 1920 2025
f 1920 2026 2025
f 1920 1921 2026
f 1921 2027 2026
f 1921 1922 2027
f 1922 2028 2027
f 1922 1923 2028
f 1923 2029 2028
f 1923 1924 2029
f 1924 2030 2029
f 1924 1925 2030
f 1925 2031 2030
f 1925 1926 2031
f 1926 2032 2031
f 1926 1927 2032
f 1927 2033 2032
f 1927 1928 2033
f 1928 2034 2033
f 1928 1929 2034
f 1929 2035 2034
f 1929 1930 2035
f 1930 2036 2035
f 1930 1931 2036
f 1931 2037 2036
f 1931 1932 2037
f 1932 2038 2037
f 1932 1933 2038
f 1933 2039 2038
f 1933 1934 2039
f 1934 2040 2039
f 1934 1935 2040
f 1935 2041 2040
f 1935 1936 2041
f 1936 2042 2041
f 1936 1937 2042
f 1937 2043 2042
f 1937 1938 2043
f 1938 2044 2043
f 1938 1939 2044
f 1939 2045 2044
f 1940 2048 2047
f 1940 1941 2048
f 1941 2049 2048
f 1941 1942 2049
f 1942 2050 2049
f 1942 1943 2050
f 1943 2051 2050
f 1943 1944 2051
f 1944 2052 2051
f 1944 1945 2052
f 1945 2053 2052
f 1945 1946 2053
f 1946 2054 2053
f 1946 1947 2054
f 1947 2055 2054
f 1947 1948 2055
f 1948 2056 2055
f 1948 1949 2056
f 1949 2057 2056
f 1949 1950 2057
f 1950 2058 2057
f 1950 1951 2058
f 1951 2059 2058
f 1951 1952 2059
f 1952 2060 2059
f 1952 1953 2060
f 1953 2061 2060
f 1953 1954 2061
f 1954 2062 2061
f 1954 1955 2062
f 1955 2063 2062
f 1955 1956 2063
f 1956 2064 2063
f 1956 1957 2064
f 1957 2065 2064
f 1957 1958 2065
f 1958 2066 2065
f 1958 1959 2066
f 1959 2067 2066
f 1959 1960 2067
f 1960 2068 2067
f 1960 1961 2068
f 1961 2069 2068
f 1961 1962 2069
f 1962 2070 2069
f 1962 1963 2070
f 1963 2071 2070
f 1963 1964 2071
f 1964 2072 2071
f 1964 1965 2072
f 1965 2073 2072
f 1965 1966 2073
f 1966 2074 2073
f 1966 1967 2074
f 1967 2075 2074
f 1967 1968 2075
f 1968 2076 2075
f 1968 1969 2076
f 1969 2077 2076
f 1969 1970 2077
f 1970 2078 2077
f 1970 1971 2078
f 1971 2079 2078
f 1971 1972 2079
f 1972 2080 2079
f 1972 1973 2080
f 1973 2081 2080
f 1973 1974 2081
f 1974 2082 2081
f 1974 1975 2082
f 1975 2083 2082
f 1975 1976 2083
f 1976 2084 2083
f 1976 1977 2084
f 1977 2085 2084
f 1977 1978 2085
f 1978 2086 2085
f 1978 1979 2086
f 1979 2087 2086
f 1979 1980 2087
f 1980 2088 2087
f 1980 1981 2088
f 1981 2089 2088
f 1981 1982 2089
f 1982 2090 2089
f 1982 1983 2090
f 1983 2091 2090
f 1983 1984 2091
f 1984 2092 2091
f 1987 1988 2093
f 1988 2094 2093
f 1988 1989 2094
f 1989 2095 2094
f 1989 1990 2095
f 1990 2096 2095
f 1990 1991 2096
f 1991 2097 2096
f 1991 1992 2097
f 1992 2098 2097
f 1992 1993 2098
f 1993 2099 2098
f 1993 1994 2099
f 1994 2100 2099
f 1994 1995 2100
f 1995 2101 2100
f 1995 1996 2101
f 1996 2102 2101
f 1996 1997 2102
f 1997 2103 2102
f 1997 1998 2103
f 1998 2104 2103
f 1998 1999 2104
f 1999 2105 2104
f 1999 2000 2105
f 2000 2106 2105
f 2000 2001 2106
f 2001 2107 2106
f 2001 2002 2107
f 2002 2108 2107
f 2003 2110 2109
f 2003 2004 2110
f 2004 2111 2110
f 2004 2005 2111
f 2005 2112 2111
f 2005 2006 2112
f 2006 2113 2112
f 2006 2007 2113
f 2007 2114 2113
f 2007 2008 2114
f 2008 2115 2114
f 2008 2009 2115
f 2009 2116 2115
f 2009 2010 2116
f 2010 2117 2116
f 2010 2011 2117
f 2011 2118 2117
f 2011 2012 2118
f 2012 2119 2118
f 2012 2013 2119
f 2013 2120 2119
f 2013 2014 2120
f 2014 2121 2120
f 2014 2015 2121
f 2015 2122 2121
f 2015 2016 2122
f 2016 2123 2122
f 2016 2017 2123
f 2017 2124 2123
f 2017 2018 2124
f 2018 2125 2124
f 2018 2019 2125
f 2019 2126 2125
f 2019 2020 2126
f 2020 2127 2126
f 2020 2021 2127
f 2021 2128 2127
f 2021 2022 2128
f 2022 2129 2128
f 2022 2023 2129
f 2023 2130 2129
f 2023 2024 2130
f 2024 2131 2130
f 2024 2025 2131
f 2025 2132 2131
f 2025 2026 2132
f 2026 2133 2132
f 2026 2027 2133
f 2027 2134 2133
f 2027 2028 2134
f 2028 2135 2134
f 2028 2029 2135
f 2029 2136 2135
f 2029 2030 2136
f 2030 2137 2136
f 2030 2031 2137
f 2031 2138 2137
f 2031 2032 2138
f 2032 2139 2138
f 2032 2033 2139
f 2033 2140 2139
f 2033 2034 2140
f 2034 2141 2140
f 2034 2035 2141
f 2035 2142 2141
f 2035 2036 2142
f 2036 2143 2142
f 2036 2037 2143
f 2037 2144 2143
f 2037 2038 2144
f 2038 2145 2144
f 2038 2039 2145
f 2039 2146 2145
f 2039 2040 2146
f 2040 2147 2146
f 2040 2041 2147
f 2041 2148 2147
f 2041 2042 2148
f 2042 2149 2148
f 2042 2043 2149
f 2043 2150 2149
f 2043 2044 2150
f 2044 2151 2150
f 2044 2045 2151
f 2045 2152 2151
f 2045 2046 2152
f 2046 2153 2152
f 2047 2048 2155
f 2048 2156 2155
f 2048 2049 2156
f 2049 2157 2156
f 2049 2050 2157
f 2050 2158 2157
f 2050 2051 2158
f 2051 2159 2158
f 2051 2052 2159
f 2052 2160 2159
f 2052 2053 2160
f 2053 2161 2160
f 2053 2054 2161
f 2054 2162 2161
f 2054 2055 2162
f 2055 2163 2162
f 2055 2056 2163
f 2056 2164 2163
f 2056 2057 2164
f 2057 2165 2164
f 2057 2058 2165
f 2058 2166 2165
f 2058 2059 2166
f 2059 2167 2166
f 2059 2060 2167
f 2060 2168 2167
f 2060 2061 2168
f 2061 2169 2168
f 2061 2062 2169
f 2062 2170 2169
f 2062 2063 2170
f 2063 2171 2170
f 2063 2064 2171
f 2064 2172 2171
f 2064 2065 2172
f 2065 2173 2172
f 2065 2066 2173
f 2066 2174 2173
f 2066 2067 2174
f 2067 2175 2174
f 2067 2068 2175
f 2068 2176 2175
f 2068 2069 2176
f 2069 2177 2176
f 2069 2070 2177
f 2070 2178 2177
f 2070 2071 2178
f 2071 2179 2178
f 2071 2072 2179
f 2072 2180 2179
f 2072 2073 2180
f 2073 2181 2180
f 2073 2074 2181
f 2074 2182 2181
f 2074 2075 2182
f 2075 2183 2182
f 2075 2076 2183
f 2076 2184 2183
f 2076 2077 2184
f 2077 2185 2184
f 2077 2078 2185
f 2078 2186 2185
f 2078 2079 2186
f 2079 2187 2186
f 2079 2080 2187
f 2080 2188 2187
f 2080 2081 2188
f 2081 2189 2188
f 2081 2082 2189
f 2082 2190 2189
f 2082 2083 2190
f 2083 2191 2190
f 2083 2084 2191
f 2084 2192 2191
f 2084 2085 2192
f 2085 2193 2192
f 2085 2086 2193
f 2086 2194 2193
f 2086 2087 2194
f 2087 2195 2194
f 2087 2088 2195
f 2088 2196 2195
f 2088 2089 2196
f 2089 2197 2196
f 2089 2090 2197
f 2090 2198 2197
f 2090 2091 2198
f 2091 2199 2198
f 2091 2092 2199
f 2094 2095 2200
f 2095 2201 2200
f 2095 2096 2201
f 2096 2202 2201
f 2096 2097 2202
f 2097 2203 2202
f 2097 2098 2203
f 2098 2204 2203
f 2098 2099 2204
f 2099 2205 2204
f 2099 2100 2205
f 2100 2206 2205
f 2100 2101 2206
f 2101 2207 2206
f 2101 2102 2207
f 2102 2208 2207
f 2102 2103 2208
f 2103 2209 2208
f 2103 2104 2209
f 2104 2210 2209
f 2104 2105 2210
f 2105 2211 2210
f 2105 2106 2211
f 2106 2212 2211
f 2106 2107 2212
f 2107 2213 2212
f 2107 2108 2213
f 2108 2214 2213
f 2108 2109 2214
f 2109 2215 2214
f 2109 2110 2215
f 2110 2216 2215
f 2110 2111 2216
f 2111 2217 2216
f 2111 2112 2217
f 2112 2218 2217
f 2112 2113 2218
f 2113 2219 2218
f 2113 2114 2219
f 2114 2220 2219
f 2114 2115 2220
f 2115 2221 2220
f 2115 2116 2221
f 2116 2222 2221
f 2116 2117 2222
f 2117 2223 2222
f 2117 2118 2223
f 2118 2224 2223
f 2118 2119 2224
f 2119 2225 2224
f 2119 2120 2225
f 2120 2226 2225
f 2120 2121 2226
f 2121 2227 2226
f 2121 2122 2227
f 2122 2228 2227
f 2122 2123 2228
f 2123 2229 2228
f 2123 2124 2229
f 2124 2230 2229
f 2124 2125 2230
f 2125 2231 2230
f 2125 2126 2231
f 2126 2232 2231
f 2126 2127 2232
f 2127 2233 2232
f 2127 2128 2233
f 2128 2234 2233
f 2128 2129 2234
f 2129 2235 2234
f 2129 2130 2235
f 2130 2236 2235
f 2130 2131 2236
f 2131 2237 2236
f 2131 2132 2237
f 2132 2238 2237
f 2132 2133 2238
f 2133 2239 2238
f 2133 2134 2239
f 2134 2240 2239
f 2134 2135 2240
f 2135 2241 2240
f 2135 2136 2241
f 2136 2242 2241
f 2136 2137 2242
f 2137 2243 2242
f 2137 2138 2243
f 2138 2244 2243
f 2138 2139 2244
f 2139 2245 2244
f 2139 2140 2245
f 2140 2246 2245
f 2140 2141 2246
f 2141 2247 2246
f 2141 2142 2247
f 2142 2248 2247
f 2142 2143 2248
f 2143 2249 2248
f 2143 2144 2249
f 2144 2250 2249
f 2144 2145 2250
f 2145 2251 2250
f 2145 2146 2251
f 2146 2252 2251
f 2146 2147 2252
f 2147 2253 2252
f 2147 2148 2253
f 2148 2254 2253
f 2148 2149 2254
f 2149 2255 2254
f 2149 2150 2255
f 2150 2256 2255
f 2150 2151 2256
f 2151 2257 2256
f 2151 2152 2257
f 2152 2258 2257
f 2152 2153 2258
f 2153 2259 2258
f 2153 2154 2259
f 2154 2260 2259
f 2155 2156 2262
f 2156 2263 2262
f 2156 2157 2263
f 2157 2264 2263
f 2157 2158 2264
f 2158 2265 2264
f 2158 2159 2265
f 2159 2266 2265
f 2159 2160 2266
f 2160 2267 2266
f 2160 2161 2267
f 2161 2268 2267
f 2161 2162 2268
f 2162 2269 2268
f 2162 2163 2269
f 2163 2270 2269
f 2163 2164 2270
f 2164 2271 2270
f 2164 2165 2271
f 2165 2272 2271
f 2165 2166 2272
f 2166 2273 2272
f 2166 2167 2273
f 2167 2274 2273
f 2167 2168 2274
f 2168 2275 2274
f 2168 2169 2275
f 2169 2276 2275
f 2169 2170 2276
f 2170 2277 2276
f 2170 2171 2277
f 2171 2278 2277
f 2171 2172 2278
f 2172 2279 2278
f 2172 2173 2279
f 2173 2280 2279
f 2173 2174 2280
f 2174 2281 2280
f 2174 2175 2281
f 2175 2282 2281
f 2175 2176 2282
f 2176 2283 2282
f 2176 2177 2283
f 2177 2284 2283
f 2177 2178 2284
f 2178 2285 2284
f 2178 2179 2285
f 2179 2286 2285
f 2179 2180 2286
f 2180 2287 2286
f 2180 2181 2287
f 2181 2288 2287
f 2181 2182 2288
f 2182 2289 2288
f 2182 2183 2289
f 2183 2290 2289
f 2183 2184 2290
f 2184 2291 2290
f 2184 2185 2291
f 2185 2292 2291
f 2185 2186 2292
f 2186 2293 2292
f 2186 2187 2293
f 2187 2294 2293
f 2187 2188 2294
f 2188 2295 2294
f 2188 2189 2295
f 2189 2296 2295
f 2189 2190 2296
f 2190 2297 2296
f 2190 2191 2297
f 2191 2298 2297
f 2191 2192 2298
f 2192 2299 2298
f 2192 2193 2299
f 2193 2300 2299
f 2193 2194 2300
f 2194 2301 2300
f 2194 2195 2301
f 2195 2302 2301
f 2195 2196 2302
f 2196 2303 2302
f 2196 2197 2303
f 2197 2304 2303
f 2197 2198 2304
f 2198 2305 2304
f 2198 2199 2305
f 2201 2202 2306
f 2202 2307 2306
f 2202 2203 2307
f 2203 2308 2307
f 2203 2204 2308
f 2204 2309 2308
f 2204 2205 2309
f 2205 2310 2309
f 2205 2206 2310
f 2206 2311 2310
f 2206 2207 2311
f 2207 2312 2311
f 2207 2208 2312
f 2208 2313 2312
f 2208 2209 2313
f 2209 2314 2313
f 2209 2210 2314
f 2210 2315 2314
f 2210 2211 2315
f 2211 2316 2315
f 2211 2212 2316
f 2212 2317 2316
f 2212 2213 2317
f 2213 2318 2317
f 2213 2214 2318
f 2214 2319 2318
f 2214 2215 2319
f 2215 2320 2319
f 2215 2216 2320
f 2216 2321 2320
f 2216 2217 2321
f 2217 2322 2321
f 2217 2218 2322
f 2218 2323 2322
f 2218 2219 2323
f 2219 2324 2323
f 2219 2220 2324
f 2220 2325 2324
f 2220 2221 2325
f 2221 2326 2325
f 2221 2222 2326
f 2222 2327 2326
f 2222 2223 2327
f 2223 2328 2327
f 2223 2224 2328
f 2224 2329 2328
f 2224 2225 2329
f 2225 2330 2329
f 2225 2226 2330
f 2226 2331 2330
f 2226 2227 2331
f 2227 2332 2331
f 2227 2228 2332
f 2228 2333 2332
f 2228 2229 2333
f 2229 2334 2333
f 2229 2230 2334
f 2230 2335 2334
f 2230 2231 2335
f 2231 2336 2335
f 2231 2232 2336
f 2232 2337 2336
f 2232 2233 2337
f 2233 2338 2337
f 2233 2234 2338
f 2234 2339 2338
f 2234 2235 2339
f 2235 2340 2339
f 2235 2236 2340
f 2236 2341 2340
f 2236 2237 2341
f 2237 2342 2341
f 2237 2238 2342
f 2238 2343 2342
f 2238 2239 2343
f 2239 2344 2343
f 2239 2240 2344
f 2240 2345 2344
f 2240 2241 2345
f 2241 2346 2345
f 2241 2242 2346
f 2242 2347 2346
f 2242 2243 2347
f 2243 2348 2347
f 2243 2244 2348
f 2244 2349 2348
f 2244 2245 2349
f 2245 2350 2349
f 2245 2246 2350
f 2246 2351 2350
f 2246 2247 2351
f 2247 2352 2351
f 2247 2248 2352
f 2248 2353 2352
f 2248 2249 2353
f 2249 2354 2353
f 2249 2250 2354
f 2250 2355 2354
f 2250 2251 2355
f 2251 2356 2355
f 2251 2252 2356
f 2252 2357 2356
f 2252 2253 2357
f 2253 2358 2357
f 2253 2254 2358
f 2254 2359 2358
f 2254 2255 2359
f 2255 2360 2359
f 2255 2256 2360
f 2256 2361 2360
f 2256 2257 2361
f 2257 2362 2361
f 2257 2258 2362
f 2258 2363 2362
f 2258 2259 2363
f 2259 2364 2363
f 2259 2260 2364
f 2260 2365 2364
f 2260 2261 2365
f 2261 2366 2365
f 2262 2263 2368
f 2263 2369 2368
f 2263 2264 2369
f 2264 2370 2369
f 2264 2265 2370
f 2265 2371 2370
f 2265 2266 2371
f 2266 2372 2371
f 2266 2267 2372
f 2267 2373 2372
f 2267 2268 2373
f 2268 2374 2373
f 2268 2269 2374
f 2269 2375 2374
f 2269 2270 2375
f 2270 2376 2375
f 2270 2271 2376
f 2271 2377 2376
f 2271 2272 2377
f 2272 2378 2377
f 2272 2273 2378
f 2273 2379 2378
f 2273 2274 2379
f 2274 2380 2379
f 2274 2275 2380
f 2275 2381 2380
f 2275 2276 2381
f 2276 2382 2381
f 2276 2277 2382
f 2277 2383 2382
f 2277 2278 2383
f 2278 2384 2383
f 2278 2279 2384
f 2279 2385 2384
f 2279 2280 2385
f 2280 2386 2385
f 2280 2281 2386
f 2281 2387 2386
f 2281 2282 2387
f 2282 2388 2387
f 2282 2283 2388
f 2283 2389 2388
f 2283 2284 2389
f 2284 2390 2389
f 2284 2285 2390
f 2285 2391 2390
f 2285 2286 2391
f 2286 2392 2391
f 2286 2287 2392
f 2287 2393 2392
f 2287 2288 2393
f 2288 2394 2393
f 2288 2289 2394
f 2289 2395 2394
f 2289 2290 2395
f 2290 2396 2395
f 2290 2291 2396
f 2291 2397 2396
f 2291 2292 2397
f 2292 2398 2397
f 2292 2293 2398
f 2293 2399 2398
f 2293 2294 2399
f 2294 2400 2399
f 2294 2295 2400
f 2295 2401 2400
f 2295 2296 2401
f 2296 2402 2401
f 2296 2297 2402
f 2297 2403 2402
f 2297 2298 2403
f 2298 2404 2403
f 2298 2299 2404
f 2299 2405 2404
f 2299 2300 2405
f 2300 2406 2405
f 2300 2301 2406
f 2301 2407 2406
f 2301 2302 2407
f 2302 2408 2407
f 2302 2303 2408
f 2303 2409 2408
f 2303 2304 2409
f 2304 2410 2409
f 2304 2305 2410
f 2305 2411 2410
f 2307 2308 2412
f 2308 2413 2412
f 2308 2309 2413
f 2309 2414 2413
f 2309 2310 2414
f 2310 2415 2414
f 2310 2311 2415
f 2311 2416 2415
f 2311 2312 2416
f 2312 2417 2416
f 2312 2313 2417
f 2313 2418 2417
f 2313 2314 2418
f 2314 2419 2418
f 2314 2315 2419
f 2315 2420 2419
f 2315 2316 2420
f 2316 2421 2420
f 2316 2317 2421
f 2317 2422 2421
f 2317 2318 2422
f 2318 2423 2422
f 2318 2319 2423
f 2319 2424 2423
f 2319 2320 2424
f 2320 2425 2424
f 2320 2321 2425
f 2321 2426 2425
f 2321 2322 2426
f 2322 2427 2426
f 2322 2323 2427
f 2323 2428 2427
f 2323 2324 2428
f 2324 2429 2428
f 2324 2325 2429
f 2325 2430 2429
f 2325 2326 2430
f 2326 2431 2430
f 2326 2327 2431
f 2327 2432 2431
f 2327 2328 2432
f 2328 2433 2432
f 2328 2329 2433
f 2329 2434 2433
f 2329 2330 2434
f 2330 2435 2434
f 2330 2331 2435
f 2331 2436 2435
f 2331 2332 2436
f 2332 2437 2436
f 2332 2333 2437
f 2333 2438 2437
f 2333 2334 2438
f 2334 2439 2438
f 2334 2335 2439
f 2335 2440 2439
f 2335 2336 2440
f 2336 2441 2440
f 2336 2337 2441
f 2337 2442 2441
f 2337 2338 2442
f 2338 2443 2442
f 2338 2339 2443
f 2339 2444 2443
f 2339 2340 2444
f 2340 2445 2444
f 2340 2341 2445
f 2341 2446 2445
f 2341 2342 2446
f 2342 2447 2446
f 2342 2343 2447
f 2343 2448 2447
f 2343 2344 2448
f 2344 2449 2448
f 2344 2345 2449
f 2345 2450 2449
f 2345 2346 2450
f 2346 2451 2450
f 2346 2347 2451
f 2347 2452 2451
f 2347 2348 2452
f 2348 2453 2452
f 2348 2349 2453
f 2349 2454 2453
f 2349 2350 2454
f 2350 2455 2454
f 2350 2351 2455
f 2351 2456 2455
f 2351 2352 2456
f 2352 2457 2456
f 2352 2353 2457
f 2353 2458 2457
f 2353 2354 2458
f 2354 2459 2458
f 2354 2355 2459
f 2355 2460 2459
f 2355 2356 2460
f 2356 2461 2460
f 2356 2357 2461
f 2357 2462 2461
f 2357 2358 2462
f 2358 2463 2462
f 2358 2359 2463
f 2359 2464 2463
f 2359 2360 2464
f 2360 2465 2464
f 2360 2361 2465
f 2361 2466 2465
f 2361 2362 2466
f 2362 2467 2466
f 2362 2363 2467
f 2363 2468 2467
f 2363 2364 2468
f 2364 2469 2468
f 2364 2365 2469
f 2365 2470 2469
f 2365 2366 2470
f 2366 2471 2470
f 2366 2367 2471
f 2367 2472 2471
f 2368 2369 2474
f 2369 2475 2474
f 2369 2370 2475
f 2370 2476 2475
f 2370 2371 2476
f 2371 2477 2476
f 2371 2372 2477
f 2372 2478 2477
f 2372 2373 2478
f 2373 2479 2478
f 2373 2374 2479
f 2374 2480 2479
f 2374 2375 2480
f 2375 2481 2480
f 2375 2376 2481
f 2376 2482 2481
f 2376 2377 2482
f 2377 2483 2482
f 2377 2378 2483
f 2378 2484 2483
f 2378 2379 2484
f 2379 2485 2484
f 2379 2380 2485
f 2380 2486 2485
f 2380 2381 2486
f 2381 2487 2486
f 2381 2382 2487
f 2382 2488 2487
f 2382 2383 2488
f 2383 2489 2488
f 2383 2384 2489
f 2384 2490 2489
f 2384 2385 2490
f 2385 2491 2490
f 2385 2386 2491
f 2386 2492 2491
f 2386 2387 2492
f 2387 2493 2492
f 2387 2388 2493
f 2388 2494 2493
f 2388 2389 2494
f 2389 2495 2494
f 2389 2390 2495
f 2390 2496 2495
f 2390 2391 2496
f 2391 2497 2496
f 2391 2392 2497
f 2392 2498 2497
f 2392 2393 2498
f 2393 2499 2498
f 2393 2394 2499
f 2394 2500 2499
f 2394 2395 2500
f 2395 2501 2500
f 2395 2396 2501
f 2396 2502 2501
f 2396 2397 2502
f 2397 2503 2502
f 2397 2398 2503
f 2398 2504 2503
f 2398 2399 2504
f 2399 2505 2504
f 2399 2400 2505
f 2400 2506 2505
f 2400 2401 2506
f 2401 2507 2506
f 2401 2402 2507
f 2402 2508 2507
f 2402 2403 2508
f 2403 2509 2508
f 2403 2404 2509
f 2404 2510 2509
f 2404 2405 2510
f 2405 2511 2510
f 2405 2406 2511
f 2406 2512 2511
f 2406 2407 2512
f 2407 2513 2512
f 2407 2408 2513
f 2408 2514 2513
f 2408 2409 2514
f 2409 2515 2514
f 2409 2410 2515
f 2410 2516 2515
f 2410 2411 2516
f 2413 2414 2517
f 2414 2518 2517
f 2414 2415 2518
f 2415 2519 2518
f 2415 2416 2519
f 2416 2520 2519
f 2416 2417 2520
f 2417 2521 2520
f 2417 2418 2521
f 2418 2522 2521
f 2418 2419 2522
f 2419 2523 2522
f 2419 2420 2523
f 2420 2524 2523
f 2420 2421 2524
f 2421 2525 2524
f 2421 2422 2525
f 2422 2526 2525
f 2422 2423 2526
f 2423 2527 2526
f 2423 2424 2527
f 2424 2528 2527
f 2424 2425 2528
f 2425 2529 2528
f 2425 2426 2529
f 2426 2530 2529
f 2426 2427 2530
f 2427 2531 2530
f 2427 2428 2531
f 2428 2532 2531
f 2428 2429 2532
f 2429 2533 2532
f 2429 2430 2533
f 2430 2534 2533
f 2430 2431 2534
f 2431 2535 2534
f 2431 2432 2535
f 2432 2536 2535
f 2432 2433 2536
f 2433 2537 2536
f 2433 2434 2537
f 2434 2538 2537
f 2434 2435 2538
f 2435 2539 2538
f 2435 2436 2539
f 2436 2540 2539
f 2436 2437 2540
f 2437 2541 2540
f 2437 2438 2541
f 2438 2542 2541
f 2438 2439 2542
f 2439 2543 2542
f 2439 2440 2543
f 2440 2544 2543
f 2440 2441 2544
f 2441 2545 2544
f 2441 2442 2545
f 2442 2546 2545
f 2442 2443 2546
f 2443 2547 2546
f 2443 2444 2547
f 2444 2548 2547
f 2444 2445 2548
f 2445 2549 2548
f 2445 2446 2549
f 2446 2550 2549
f 2446 2447 2550
f 2447 2551 2550
f 2447 2448 2551
f 2448 2552 2551
f 2448 2449 2552
f 2449 2553 2552
f 2449 2450 2553
f 2450 2554 2553
f 2450 2451 2554
f 2451 2555 2554
f 2451 2452 2555
f 2452 2556 2555
f 2452 2453 2556
f 2453 2557 2556
f 2453 2454 2557
f 2454 2558 2557
f 2454 2455 2558
f 2455 2559 2558
f 2455 2456 2559
f 2456 2560 2559
f 2456 2457 2560
f 2457 2561 2560
f 2457 2458 2561
f 2458 2562 2561
f 2458 2459 2562
f 2459 2563 2562
f 2459 2460 2563
f 2460 2564 2563
f 2460 2461 2564
f 2461 2565 2564
f 2461 2462 2565
f 2462 2566 2565
f 2462 2463 2566
f 2463 2567 2566
f 2463 2464 2567
f 2464 2568 2567
f 2464 2465 2568
f 2465 2569 2568
f 2465 2466 2569
f 2466 2570 2569
f 2466 2467 2570
f 2467 2571 2570
f 2467 2468 2571
f 2468 2572 2571
f 2468 2469 2572
f 2469 2573 2572
f 2469 2470 2573
f 2470 2574 2573
f 2470 2471 2574
f 2471 2575 2574
f 2471 2472 2575
f 2472 2576 2575
f 2472 2473 2576
f 2473 2577 2576
f 2474 2581 2580
f 2474 2475 2581
f 2475 2582 2581
f 2475 2476 2582
f 2476 2583 2582
f 2476 2477 2583
f 2477 2584 2583
f 2477 2478 2584
f 2478 2585 2584
f 2478 2479 2585
f 2479 2586 2585
f 2479 2480 2586
f 2480 2587 2586
f 2480 2481 2587
f 2481 2588 2587
f 2481 2482 2588
f 2482 2589 2588
f 2482 2483 2589
f 2483 2590 2589
f 2483 2484 2590
f 2484 2591 2590
f 2484 2485 2591
f 2485 2592 2591
f 2485 2486 2592
f 2486 2593 2592
f 2486 2487 2593
f 2487 2594 2593
f 2487 2488 2594
f 2488 2595 2594
f 2488 2489 2595
f 2489 2596 2595
f 2489 2490 2596
f 2490 2597 2596
f 2490 2491 2597
f 2491 2598 2597
f 2491 2492 2598
f 2492 2599 2598
f 2492 2493 2599
f 2493 2600 2599
f 2493 2494 2600
f 2494 2601 2600
f 2494 2495 2601
f 2495 2602 2601
f 2495 2496 2602
f 2496 2603 2602
f 2496 2497 2603
f 2497 2604 2603
f 2497 2498 2604
f 2498 2605 2604
f 2498 2499 2605
f 2499 2606 2605
f 2499 2500 2606
f 2500 2607 2606
f 2500 2501 2607
f 2501 2608 2607
f 2501 2502 2608
f 2502 2609 2608
f 2502 2503 2609
f 2503 2610 2609
f 2503 2504 2610
f 2504 2611 2610
f 2504 2505 2611
f 2505 2612 2611
f 2505 2506 2612
f 2506 2613 2612
f 2506 2507 2613
f 2507 2614 2613
f 2507 2508 2614
f 2508 2615 2614
f 2508 2509 2615
f 2509 2616 2615
f 2509 2510 2616
f 2510 2617 2616
f 2510 2511 2617
f 2511 2618 2617
f 2511 2512 2618
f 2512 2619 2618
f 2512 2513 2619
f 2513 2620 2619
f 2513 2514 2620
f 2514 2621 2620
f 2514 2515 2621
f 2515 2622 2621
f 2515 2516 2622
f 2516 2623 2622
f 2519 2520 2624
f 2520 2625 2624
f 2520 2521 2625
f 2521 2626 2625
f 2521 2522 2626
f 2522 2627 2626
f 2522 2523 2627
f 2523 2628 2627
f 2523 2524 2628
f 2524 2629 2628
f 2524 2525 2629
f 2525 2630 2629
f 2525 2526 2630
f 2526 2631 2630
f 2526 2527 2631
f 2527 2632 2631
f 2527 2528 2632
f 2528 2633 2632
f 2528 2529 2633
f 2529 2634 2633
f 2529 2530 2634
f 2530 2635 2634
f 2530 2531 2635
f 2531 2636 2635
f 2531 2532 2636
f 2532 2637 2636
f 2532 2533 2637
f 2533 2638 2637
f 2533 2534 2638
f 2534 2639 2638
f 2534 2535 2639
f 2535 2640 2639
f 2535 2536 2640
f 2536 2641 2640
f 2536 2537 2641
f 2537 2642 2641
f 2537 2538 2642
f 2538 2643 2642
f 2538 2539 2643
f 2539 2644 2643
f 2539 2540 2644
f 2540 2645 2644
f 2540 2541 2645
f 2541 2646 2645
f 2541 2542 2646
f 2542 2647 2646
f 2542 2543 2647
f 2543 2648 2647
f 2543 2544 2648
f 2544 2649 2648
f 2544 2545 2649
f 2545 2650 2649
f 2545 2546 2650
f 2546 2651 2650
f 2546 2547 2651
f 2547 2652 2651
f 2547 2548 2652
f 2548 2653 2652
f 2548 2549 2653
f 2549 2654 2653
f 2549 2550 2654
f 2550 2655 2654
f 2550 2551 2655
f 2551 2656 2655
f 2551 2552 2656
f 2552 2657 2656
f 2552 2553 2657
f 2553 2658 2657
f 2553 2554 2658
f 2554 2659 2658
f 2554 2555 2659
f 2555 2660 2659
f 2555 2556 2660
f 2556 2661 2660
f 2556 2557 2661
f 2557 2662 2661
f 2557 2558 2662
f 2558 2663 2662
f 2558 2559 2663
f 2559 2664 2663
f 2559 2560 2664
f 2560 2665 2664
f 2560 2561 2665
f 2561 2666 2665
f 2561 2562 2666
f 2562 2667 2666
f 2562 2563 2667
f 2563 2668 2667
f 2563 2564 2668
f 2564 2669 2668
f 2564 2565 2669
f 2565 2670 2669
f 2565 2566 2670
f 2566 2671 2670
f 2566 2567 2671
f 2567 2672 2671
f 2567 2568 2672
f 2568 2673 2672
f 2568 2569 2673
f 2569 2674 2673
f 2569 2570 2674
f 2570 2675 2674
f 2570 2571 2675
f 2571 2676 2675
f 2571 2572 2676
f 2572 2677 2676
f 2572 2573 2677
f 2573 2678 2677
f 2573 2574 2678
f 2574 2679 2678
f 2574 2575 2679
f 2575 2680 2679
f 2575 2576 2680
f 2576 2681 2680
f 2576 2577 2681
f 2577 2682 2681
f 2577 2578 2682
f 2578 2683 2682
f 2578 2579 2683
f 2579 2684 2683
f 2580 2581 2686
f 2581 2687 2686
f 2581 2582 2687
f 2582 2688 2687
f 2582 2583 2688
f 2583 2689 2688
f 2583 2584 2689
f 2584 2690 2689
f 2584 2585 2690
f 2585 2691 2690
f 2585 2586 2691
f 2586 2692 2691
f 2586 2587 2692
f 2587 2693 2692
f 2587 2588 2693
f 2588 2694 2693
f 2588 2589 2694
f 2589 2695 2694
f 2589 2590 2695
f 2590 2696 2695
f 2590 2591 2696
f 2591 2697 2696
f 2591 2592 2697
f 2592 2698 2697
f 2592 2593 2698
f 2593 2699 2698
f 2593 2594 2699
f 2594 2700 2699
f 2594 2595 2700
f 2595 2701 2700
f 2595 2596 2701
f 2596 2702 2701
f 2596 2597 2702
f 2597 2703 2702
f 2597 2598 2703
f 2598 2704 2703
f 2598 2599 2704
f 2599 2705 2704
f 2599 2600 2705
f 2600 2706 2705
f 2600 2601 2706
f 2601 2707 2706
f 2601 2602 2707
f 2602 2708 2707
f 2602 2603 2708
f 2603 2709 2708
f 2603 2604 2709
f 2604 2710 2709
f 2604 2605 2710
f 2605 2711 2710
f 2605 2606 2711
f 2606 2712 2711
f 2606 2607 2712
f 2607 2713 2712
f 2607 2608 2713
f 2608 2714 2713
f 2608 2609 2714
f 2609 2715 2714
f 2609 2610 2715
f 2610 2716 2715
f 2610 2611 2716
f 2611 2717 2716
f 2611 2612 2717
f 2612 2718 2717
f 2612 2613 2718
f 2613 2719 2718
f 2613 2614 2719
f 2614 2720 2719
f 2614 2615 2720
f 2615 2721 2720
f 2615 2616 2721
f 2616 2722 2721
f 2616 2617 2722
f 2617 2723 2722
f 2617 2618 2723
f 2618 2724 2723
f 2618 2619 2724
f 2619 2725 2724
f 2619 2620 2725
f 2626 2627 2726
f 2627 2727 2726
f 2627 2628 2727
f 2628 2728 2727
f 2628 2629 2728
f 2629 2729 2728
f 2629 2630 2729
f 2630 2730 2729
f 2630 2631 2730
f 2631 2731 2730
f 2631 2632 2731
f 2632 2732 2731
f 2632 2633 2732
f 2633 2733 2732
f 2633 2634 2733
f 2634 2734 2733
f 2634 2635 2734
f 2635 2735 2734
f 2635 2636 2735
f 2636 2736 2735
f 2636 2637 2736
f 2637 2737 2736
f 2637 2638 2737
f 2638 2738 2737
f 2638 2639 2738
f 2639 2739 2738
f 2639 2640 2739
f 2640 2740 2739
f 2640 2641 2740
f 2641 2741 2740
f 2641 2642 2741
f 2642 2742 2741
f 2642 2643 2742
f 2643 2743 2742
f 2643 2644 2743
f 2644 2744 2743
f 2644 2645 2744
f 2645 2745 2744
f 2645 2646 2745
f 2646 2746 2745
f 2646 2647 2746
f 2647 2747 2746
f 2647 2648 2747
f 2648 2748 2747
f 2648 2649 2748
f 2649 2749 2748
f 2649 2650 2749
f 2650 2750 2749
f 2650 2651 2750
f 2651 2751 2750
f 2651 2652 2751
f 2652 2752 2751
f 2652 2653 2752
f 2653 2753 2752
f 2653 2654 2753
f 2654 2754 2753
f 2654 2655 2754
f 2655 2755 2754
f 2655 2656 2755
f 2656 2756 2755
f 2656 2657 2756
f 2657 2757 2756
f 2657 2658 2757
f 2658 2758 2757
f 2658 2659 2758
f 2659 2759 2758
f 2659 2660 2759
f 2660 2760 2759
f 2660 2661 2760
f 2661 2761 2760
f 2661 2662 2761
f 2662 2762 2761
f 2662 2663 2762
f 2663 2763 2762
f 2663 2664 2763
f 2664 2764 2763
f 2664 2665 2764
f 2665 2765 2764
f 2665 2666 2765
f 2666 2766 2765
f 2666 2667 2766
f 2667 2767 2766
f 2667 2668 2767
f 2668 2768 2767
f 2668 2669 2768
f 2669 2769 2768
f 2669 2670 2769
f 2670 2770 2769
f 2670 2671 2770
f 2671 2771 2770
f 2671 2672 2771
f 2672 2772 2771
f 2672 2673 2772
f 2673 2773 2772
f 2673 2674 2773
f 2674 2774 2773
f 2674 2675 2774
f 2675 2775 2774
f 2675 2676 2775
f 2676 2776 2775
f 2676 2677 2776
f 2677 2777 2776
f 2677 2678 2777
f 2678 2778 2777
f 2678 2679 2778
f 2679 2779 2778
f 2679 2680 2779
f 2680 2780 2779
f 2680 2681 2780
f 2681 2781 2780
f 2681 2682 2781
f 2682 2782 2781
f 2682 2683 2782
f 2683 2783 2782
f 2683 2684 2783
f 2684 2784 2783
f 2684 2685 2784
f 2685 2785 2784
f 2686 2687 2787
f 2687 2788 2787
f 2687 2688 2788
f 2688 2789 2788
f 2688 2689 2789
f 2689 2790 2789
f 2689 2690 2790
f 2690 2791 2790
f 2690 2691 2791
f 2691 2792 2791
f 2691 2692 2792
f 2692 2793 2792
f 2692 2693 2793
f 2693 2794 2793
f 2693 2694 2794
f 2694 2795 2794
f 2694 2695 2795
f 2695 2796 2795
f 2695 2696 2796
f 2696 2797 2796
f 2696 2697 2797
f 2697 2798 2797
f 2697 2698 2798
f 2698 2799 2798
f 2698 2699 2799
f 2699 2800 2799
f 2699 2700 2800
f 2700 2801 2800
f 2700 2701 2801
f 2701 2802 2801
f 2701 2702 2802
f 2702 2803 2802
f 2702 2703 2803
f 2703 2804 2803
f 2703 2704 2804
f 2704 2805 2804
f 2704 2705 2805
f 2705 2806 2805
f 2705 2706 2806
f 2706 2807 2806
f 2706 2707 2807
f 2707 2808 2807
f 2707 2708 2808
f 2708 2809 2808
f 2708 2709 2809
f 2709 2810 2809
f 2709 2710 2810
f 2710 2811 2810
f 2710 2711 2811
f 2711 2812 2811
f 2711 2712 2812
f 2712 2813 2812
f 2712 2713 2813
f 2713 2814 2813
f 2713 2714 2814
f 2714 2815 2814
f 2714 2715 2815
f 2715 2816 2815
f 2715 2716 2816
f 2716 2817 2816
f 2716 2717 2817
f 2717 2818 2817
f 2717 2718 2818
f 2718 2819 2818
f 2718 2719 2819
f 2719 2820 2819
f 2719 2720 2820
f 2720 2821 2820
f 2720 2721 2821
f 2721 2822 2821
f 2721 2722 2822
f 2722 2823 2822
f 2722 2723 2823
f 2723 2824 2823
f 2723 2724 2824
f 2724 2825 2824
f 2724 2725 2825
f 2725 2826 2825
f 2727 2728 2827
f 2728 2828 2827
f 2728 2729 2828
f 2729 2829 2828
f 2729 2730 2829
f 2730 2830 2829
f 2730 2731 2830
f 2731 2831 2830
f 2731 2732 2831
f 2732 2832 2831
f 2732 2733 2832
f 2733 2833 2832
f 2733 2734 2833
f 2734 2834 2833
f 2734 2735 2834
f 2735 2835 2834
f 2735 2736 2835
f 2736 2836 2835
f 2736 2737 2836
f 2737 2837 2836
f 2737 2738 2837
f 2738 2838 2837
f 2738 2739 2838
f 2739 2839 2838
f 2739 2740 2839
f 2740 2840 2839
f 2740 2741 2840
f 2741 2841 2840
f 2741 2742 2841
f 2742 2842 2841
f 2742 2743 2842
f 2743 2843 2842
f 2743 2744 2843
f 2744 2844 2843
f 2744 2745 2844
f 2745 2845 2844
f 2745 2746 2845
f 2746 2846 2845
f 2746 2747 2846
f 2747 2847 2846
f 2747 2748 2847
f 2748 2848 2847
f 2748 2749 2848
f 2749 2849 2848
f 2749 2750 2849
f 2750 2850 2849
f 2750 2751 2850
f 2751 2851 2850
f 2751 2752 2851
f 2752 2852 2851
f 2752 2753 2852
f 2753 2853 2852
f 2753 2754 2853
f 2754 2854 2853
f 2754 2755 2854
f 2755 2855 2854
f 2755 2756 2855
f 2756 2856 2855
f 2756 2757 2856
f 2757 2857 2856
f 2757 2758 2857
f 2758 2858 2857
f 2758 2759 2858
f 2759 2859 2858
f 2759 2760 2859
f 2760 2860 2859
f 2760 2761 2860
f 2761 2861 2860
f 2761 2762 2861
f 2762 2862 2861
f 2762 2763 2862
f 2763 2863 2862
f 2763 2764 2863
f 2764 2864 2863
f 2764 2765 2864
f 2765 2865 2864
f 2765 2766 2865
f 2766 2866 2865
f 2766 2767 2866
f 2767 2867 2866
f 2767 2768 2867
f 2768 2868 2867
f 2768 2769 2868
f 2769 2869 2868
f 2769 2770 2869
f 2770 2870 2869
f 2770 2771 2870
f 2771 2871 2870
f 2771 2772 2871
f 2772 2872 2871
f 2772 2773 2872
f 2773 2873 2872
f 2773 2774 2873
f 2774 2874 2873
f 2774 2775 2874
f 2775 2875 2874
f 2775 2776 2875
f 2776 2876 2875
f 2776 2777 2876
f 2777 2877 2876
f 2777 2778 2877
f 2778 2878 2877
f 2778 2779 2878
f 2779 2879 2878
f 2779 2780 2879
f 2780 2880 2879
f 2780 2781 2880
f 2781 2881 2880
f 2781 2782 2881
f 2782 2882 2881
f 2782 2783 2882
f 2783 2883 2882
f 2783 2784 2883
f 2784 2884 2883
f 2784 2785 2884
f 2785 2885 2884
f 2785 2786 2885
f 2786 2886 2885
f 2787 2889 2888
f 2787 2788 2889
f 2788 2890 2889
f 2788 2789 2890
f 2789 2891 2890
f 2789 2790 2891
f 2790 2892 2891
f 2790 2791 2892
f 2791 2893 2892
f 2791 2792 2893
f 2792 2894 2893
f 2792 2793 2894
f 2793 2895 2894
f 2793 2794 2895
f 2794 2896 2895
f 2794 2795 2896
f 2795 2897 2896
f 2795 2796 2897
f 2796 2898 2897
f 2796 2797 2898
f 2797 2899 2898
f 2797 2798 2899
f 2798 2900 2899
f 2798 2799 2900
f 2799 2901 2900
f 2799 2800 2901
f 2800 2902 2901
f 2800 2801 2902
f 2801 2903 2902
f 2801 2802 2903
f 2802 2904 2903
f 2802 2803 2904
f 2803 2905 2904
f 2803 2804 2905
f 2804 2906 2905
f 2804 2805 2906
f 2805 2907 2906
f 2805 2806 2907
f 2806 2908 2907
f 2806 2807 2908
f 2807 2909 2908
f 2807 2808 2909
f 2808 2910 2909
f 2808 2809 2910
f 2809 2911 2910
f 2809 2810 2911
f 2810 2912 2911
f 2810 2811 2912
f 2811 2913 2912
f 2811 2812 2913
f 2812 2914 2913
f 2812 2813 2914
f 2813 2915 2914
f 2813 2814 2915
f 2814 2916 2915
f 2814 2815 2916
f 2815 2917 2916
f 2815 2816 2917
f 2816 2918 2917
f 2816 2817 2918
f 2817 2919 2918
f 2817 2818 2919
f 2818 2920 2919
f 2818 2819 2920
f 2819 2921 2920
f 2819 2820 2921
f 2820 2922 2921
f 2820 2821 2922
f 2821 2923 2922
f 2821 2822 2923
f 2822 2924 2923
f 2822 2823 2924
f 2823 2925 2924
f 2823 2824 2925
f 2824 2926 2925
f 2824 2825 2926
f 2825 2927 2926
f 2825 2826 2927
f 2829 2830 2928
f 2830 2929 2928
f 2830 2831 2929
f 2831 2930 2929
f 2831 2832 2930
f 2832 2931 2930
f 2832 2833 2931
f 2833 2932 2931
f 2833 2834 2932
f 2834 2933 2932
f 2834 2835 2933
f 2835 2934 2933
f 2835 2836 2934
f 2836 2935 2934
f 2836 2837 2935
f 2837 2936 2935
f 2837 2838 2936
f 2838 2937 2936
f 2838 2839 2937
f 2839 2938 2937
f 2839 2840 2938
f 2840 2939 2938
f 2840 2841 2939
f 2841 2940 2939
f 2841 2842 2940
f 2842 2941 2940
f 2842 2843 2941
f 2843 2942 2941
f 2843 2844 2942
f 2844 2943 2942
f 2844 2845 2943
f 2845 2944 2943
f 2845 2846 2944
f 2846 2945 2944
f 2846 2847 2945
f 2847 2946 2945
f 2847 2848 2946
f 2848 2947 2946
f 2848 2849 2947
f 2849 2948 2947
f 2849 2850 2948
f 2850 2949 2948
f 2850 2851 2949
f 2851 2950 2949
f 2851 2852 2950
f 2852 2951 2950
f 2852 2853 2951
f 2853 2952 2951
f 2853 2854 2952
f 2854 2953 2952
f 2854 2855 2953
f 2855 2954 2953
f 2855 2856 2954
f 2856 2955 2954
f 2856 2857 2955
f 2857 2956 2955
f 2857 2858 2956
f 2858 2957 2956
f 2858 2859 2957
f 2859 2958 2957
f 2859 2860 2958
f 2860 2959 2958
f 2860 2861 2959
f 2861 2960 2959
f 2861 2862 2960
f 2862 2961 2960
f 2862 2863 2961
f 2863 2962 2961
f 2863 2864 2962
f 2864 2963 2962
f 2864 2865 2963
f 2865 2964 2963
f 2865 2866 2964
f 2866 2965 2964
f 2866 2867 2965
f 2867 2966 2965
f 2867 2868 2966
f 2868 2967 2966
f 2868 2869 2967
f 2869 2968 2967
f 2869 2870 2968
f 2870 2969 2968
f 2870 2871 2969
f 2871 2970 2969
f 2871 2872 2970
f 2872 2971 2970
f 2872 2873 2971
f 2873 2972 2971
f 2873 2874 2972
f 2874 2973 2972
f 2874 2875 2973
f 2875 2974 2973
f 2875 2876 2974
f 2876 2975 2974
f 2876 2877 2975
f 2877 2976 2975
f 2877 2878 2976
f 2878 2977 2976
f 2878 2879 2977
f 2879 2978 2977
f 2879 2880 2978
f 2880 2979 2978
f 2880 2881 2979
f 2881 2980 2979
f 2881 2882 2980
f 2882 2981 2980
f 2882 2883 2981
f 2883 2982 2981
f 2883 2884 2982
f 2884 2983 2982
f 2884 2885 2983
f 2885 2984 2983
f 2885 2886 2984
f 2886 2985 2984
f 2886 2887 2985
f 2887 2986 2985
f 2888 2889 2989
f 2889 2990 2989
f 2889 2890 2990
f 2890 2991 2990
f 2890 2891 2991
f 2891 2992 2991
f 2891 2892 2992
f 2892 2993 2992
f 2892 2893 2993
f 2893 2994 2993
f 2893 2894 2994
f 2894 2995 2994
f 2894 2895 2995
f 2895 2996 2995
f 2895 2896 2996
f 2896 2997 2996
f 2896 2897 2997
f 2897 2998 2997
f 2897 2898 2998
f 2898 2999 2998
f 2898 2899 2999
f 2899 3000 2999
f 2899 2900 3000
f 2900 3001 3000
f 2900 2901 3001
f 2901 3002 3001
f 2901 2902 3002
f 2902 3003 3002
f 2902 2903 3003
f 2903 3004 3003
f 2903 2904 3004
f 2904 3005 3004
f 2904 2905 3005
f 2905 3006 3005
f 2905 2906 3006
f 2906 3007 3006
f 2906 2907 3007
f 2907 3008 3007
f 2907 2908 3008
f 2908 3009 3008
f 2908 2909 3009
f 2909 3010 3009
f 2909 2910 3010
f 2910 3011 3010
f 2910 2911 3011
f 2911 3012 3011
f 2911 2912 3012
f 2912 3013 3012
f 2912 2913 3013
f 2913 3014 3013
f 2913 2914 3014
f 2914 3015 3014
f 2914 2915 3015
f 2915 3016 3015
f 2915 2916 3016
f 2916 3017 3016
f 2916 2917 3017
f 2917 3018 3017
f 2917 2918 3018
f 2918 3019 3018
f 2918 2919 3019
f 2919 3020 3019
f 2919 2920 3020
f 2920 3021 3020
f 2920 2921 3021
f 2921 3022 3021
f 2921 2922 3022
f 2922 3023 3022
f 2922 2923 3023
f 2923 3024 3023
f 2923 2924 3024
f 2924 3025 3024
f 2924 2925 3025
f 2925 3026 3025
f 2925 2926 3026
f 2926 3027 3026
f 2926 2927 3027
f 2927 3028 3027
f 2931 2932 3029
f 2932 3030 3029
f 2932 2933 3030
f 2933 3031 3030
f 2933 2934 3031
f 2934 3032 3031
f 2934 2935 3032
f 2935 3033 3032
f 2935 2936 3033
f 2936 3034 3033
f 2936 2937 3034
f 2937 3035 3034
f 2937 2938 3035
f 2938 3036 3035
f 2938 2939 3036
f 2939 3037 3036
f 2939 2940 3037
f 2940 3038 3037
f 2940 2941 3038
f 2941 3039 3038
f 2941 2942 3039
f 2942 3040 3039
f 2942 2943 3040
f 2943 3041 3040
f 2943 2944 3041
f 2944 3042 3041
f 2944 2945 3042
f 2945 3043 3042
f 2945 2946 3043
f 2946 3044 3043
f 2946 2947 3044
f 2947 3045 3044
f 2947 2948 3045
f 2948 3046 3045
f 2948 2949 3046
f 2949 3047 3046
f 2949 2950 3047
f 2950 3048 3047
f 2950 2951 3048
f 2951 3049 3048
f 2951 2952 3049
f 2952 3050 3049
f 2952 2953 3050
f 2953 3051 3050
f 2953 2954 3051
f 2954 3052 3051
f 2954 2955 3052
f 2955 3053 3052
f 2955 2956 3053
f 2956 3054 3053
f 2956 2957 3054
f 2957 3055 3054
f 2957 2958 3055
f 2958 3056 3055
f 2958 2959 3056
f 2959 3057 3056
f 2959 2960 3057
f 2960 3058 3057
f 2960 2961 3058
f 2961 3059 3058
f 2961 2962 3059
f 2962 3060 3059
f 2962 2963 3060
f 2963 3061 3060
f 2963 2964 3061
f 2964 3062 3061
f 2964 2965 3062
f 2965 3063 3062
f 2965 2966 3063
f 2966 3064 3063
f 2966 2967 3064
f 2967 3065 3064
f 2967 2968 3065
f 2968 3066 3065
f 2968 2969 3066
f 2969 3067 3066
f 2969 2970 3067
f 2970 3068 3067
f 2970 2971 3068
f 2971 3069 3068
f 2971 2972 3069
f 2972 3070 3069
f 2972 2973 3070
f 2973 3071 3070
f 2973 2974 3071
f 2974 3072 3071
f 2974 2975 3072
f 2975 3073 3072
f 2975 2976 3073
f 2976 3074 3073
f 2976 2977 3074
f 2977 3075 3074
f 2977 2978 3075
f 2978 3076 3075
f 2978 2979 3076
f 2979 3077 3076
f 2979 2980 3077
f 2980 3078 3077
f 2980 2981 3078
f 2981 3079 3078
f 2981 2982 3079
f 2982 3080 3079
f 2982 2983 3080
f 2983 3081 3080
f 2983 2984 3081
f 2984 3082 3081
f 2984 2985 3082
f 2985 3083 3082
f 2985 2986 3083
f 2986 3084 3083
f 2986 2987 3084
f 2987 3085 3084
f 2987 2988 3085
f 2988 3086 3085
f 2989 3089 3088
f 2989 2990 3089
f 2990 3090 3089
f 2990 2991 3090
f 2991 3091 3090
f 2991 2992 3091
f 2992 3092 3091
f 2992 2993 3092
f 2993 3093 3092
f 2993 2994 3093
f 2994 3094 3093
f 2994 2995 3094
f 2995 3095 3094
f 2995 2996 3095
f 2996 3096 3095
f 2996 2997 3096
f 2997 3097 3096
f 2997 2998 3097
f 2998 3098 3097
f 2998 2999 3098
f 2999 3099 3098
f 2999 3000 3099
f 3000 3100 3099
f 3000 3001 3100
f 3001 3101 3100
f 3001 3002 3101
f 3002 3102 3101
f 3002 3003 3102
f 3003 3103 3102
f 3003 3004 3103
f 3004 3104 3103
f 3004 3005 3104
f 3005 3105 3104
f 3005 3006 3105
f 3006 3106 3105
f 3006 3007 3106
f 3007 3107 3106
f 3007 3008 3107
f 3008 3108 3107
f 3008 3009 3108
f 3009 3109 3108
f 3009 3010 3109
f 3010 3110 3109
f 3010 3011 3110
f 3011 3111 3110
f 3011 3012 3111
f 3012 3112 3111
f 3012 3013 3112
f 3013 3113 3112
f 3013 3014 3113
f 3014 3114 3113
f 3014 3015 3114
f 3015 3115 3114
f 3015 3016 3115
f 3016 3116 3115
f 3016 3017 3116
f 3017 3117 3116
f 3017 3018 3117
f 3018 3118 3117
f 3018 3019 3118
f 3019 3119 3118
f 3019 3020 3119
f 3020 3120 3119
f 3020 3021 3120
f 3021 3121 3120
f 3021 3022 3121
f 3022 3122 3121
f 3022 3023 3122
f 3023 3123 3122
f 3023 3024 3123
f 3024 3124 3123
f 3024 3025 3124
f 3025 3125 3124
f 3025 3026 3125
f 3026 3126 3125
f 3026 3027 3126
f 3027 3127 3126
f 3027 3028 3127
f 3031 3032 3128
f 3032 3129 3128
f 3032 3033 3129
f 3033 3130 3129
f 3033 3034 3130
f 3034 3131 3130
f 3034 3035 3131
f 3035 3132 3131
f 3035 3036 3132
f 3036 3133 3132
f 3036 3037 3133
f 3037 3134 3133
f 3037 3038 3134
f 3038 3135 3134
f 3038 3039 3135
f 3039 3136 3135
f 3039 3040 3136
f 3040 3137 3136
f 3040 3041 3137
f 3041 3138 3137
f 3041 3042 3138
f 3042 3139 3138
f 3042 3043 3139
f 3043 3140 3139
f 3043 3044 3140
f 3044 3141 3140
f 3044 3045 3141
f 3045 3142 3141
f 3045 3046 3142
f 3046 3143 3142
f 3046 3047 3143
f 3047 3144 3143
f 3047 3048 3144
f 3048 3145 3144
f 3048 3049 3145
f 3049 3146 3145
f 3049 3050 3146
f 3050 3147 3146
f 3050 3051 3147
f 3051 3148 3147
f 3051 3052 3148
f 3052 3149 3148
f 3052 3053 3149
f 3053 3150 3149
f 3053 3054 3150
f 3054 3151 3150
f 3054 3055 3151
f 3055 3152 3151
f 3055 3056 3152
f 3056 3153 3152
f 3056 3057 3153
f 3057 3154 3153
f 3057 3058 3154
f 3058 3155 3154
f 3058 3059 3155
f 3059 3156 3155
f 3059 3060 3156
f 3060 3157 3156
f 3060 3061 3157
f 3061 3158 3157
f 3061 3062 3158
f 3062 3159 3158
f 3062 3063 3159
f 3063 3160 3159
f 3063 3064 3160
f 3064 3161 3160
f 3064 3065 3161
f 3065 3162 3161
f 3065 3066 3162
f 3066 3163 3162
f 3066 3067 3163
f 3067 3164 3163
f 3067 3068 3164
f 3068 3165 3164
f 3068 3069 3165
f 3069 3166 3165
f 3069 3070 3166
f 3070 3167 3166
f 3070 3071 3167
f 3071 3168 3167
f 3071 3072 3168
f 3072 3169 3168
f 3072 3073 3169
f 3073 3170 3169
f 3073 3074 3170
f 3074 3171 3170
f 3074 3075 3171
f 3075 3172 3171
f 3075 3076 3172
f 3076 3173 3172
f 3076 3077 3173
f 3077 3174 3173
f 3077 3078 3174
f 3078 3175 3174
f 3078 3079 3175
f 3079 3176 3175
f 3079 3080 3176
f 3080 3177 3176
f 3080 3081 3177
f 3081 3178 3177
f 3081 3082 3178
f 3082 3179 3178
f 3082 3083 3179
f 3083 3180 3179
f 3083 3084 3180
f 3084 3181 3180
f 3084 3085 3181
f 3085 3182 3181
f 3085 3086 3182
f 3086 3183 3182
f 3086 3087 3183
f 3087 3184 3183
f 3088 3089 3187
f 3089 3188 3187
f 3089 3090 3188
f 3090 3189 3188
f 3090 3091 3189
f 3091 3190 3189
f 3091 3092 3190
f 3092 3191 3190
f 3092 3093 3191
f 3093 3192 3191
f 3093 3094 3192
f 3094 3193 3192
f 3094 3095 3193
f 3095 3194 3193
f 3095 3096 3194
f 3096 3195 3194
f 3096 3097 3195
f 3097 3196 3195
f 3097 3098 3196
f 3098 3197 3196
f 3098 3099 3197
f 3099 3198 3197
f 3099 3100 3198
f 3100 3199 3198
f 3100 3101 3199
f 3101 3200 3199
f 3101 3102 3200
f 3102 3201 3200
f 3102 3103 3201
f 3103 3202 3201
f 3103 3104 3202
f 3104 3203 3202
f 3104 3105 3203
f 3105 3204 3203
f 3105 3106 3204
f 3106 3205 3204
f 3106 3107 3205
f 3107 3206 3205
f 3107 3108 3206
f 3108 3207 3206
f 3108 3109 3207
f 3109 3208 3207
f 3109 3110 3208
f 3110 3209 3208
f 3110 3111 3209
f 3111 3210 3209
f 3111 3112 3210
f 3112 3211 3210
f 3112 3113 3211
f 3113 3212 3211
f 3113 3114 3212
f 3114 3213 3212
f 3114 3115 3213
f 3115 3214 3213
f 3115 3116 3214
f 3116 3215 3214
f 3116 3117 3215
f 3117 3216 3215
f 3117 3118 3216
f 3118 3217 3216
f 3118 3119 3217
f 3119 3218 3217
f 3119 3120 3218
f 3120 3219 3218
f 3120 3121 3219
f 3121 3220 3219
f 3121 3122 3220
f 3122 3221 3220
f 3122 3123 3221
f 3123 3222 3221
f 3123 3124 3222
f 3124 3223 3222
f 3124 3125 3223
f 3125 3224 3223
f 3125 3126 3224
f 3128 3226 3225
f 3128 3129 3226
f 3129 3227 3226
f 3129 3130 3227
f 3130 3228 3227
f 3130 3131 3228
f 3131 3229 3228
f 3131 3132 3229
f 3132 3230 3229
f 3132 3133 3230
f 3133 3231 3230
f 3133 3134 3231
f 3134 3232 3231
f 3134 3135 3232
f 3135 3233 3232
f 3135 3136 3233
f 3136 3234 3233
f 3136 3137 3234
f 3137 3235 3234
f 3137 3138 3235
f 3138 3236 3235
f 3138 3139 3236
f 3139 3237 3236
f 3139 3140 3237
f 3140 3238 3237
f 3140 3141 3238
f 3141 3239 3238
f 3141 3142 3239
f 3142 3240 3239
f 3142 3143 3240
f 3143 3241 3240
f 3143 3144 3241
f 3144 3242 3241
f 3144 3145 3242
f 3145 3243 3242
f 3145 3146 3243
f 3146 3244 3243
f 3146 3147 3244
f 3147 3245 3244
f 3147 3148 3245
f 3148 3246 3245
f 3148 3149 3246
f 3149 3247 3246
f 3149 3150 3247
f 3150 3248 3247
f 3150 3151 3248
f 3151 3249 3248
f 3151 3152 3249
f 3152 3250 3249
f 3152 3153 3250
f 3153 3251 3250
f 3153 3154 3251
f 3154 3252 3251
f 3154 3155 3252
f 3155 3253 3252
f 3155 3156 3253
f 3156 3254 3253
f 3156 3157 3254
f 3157 3255 3254
f 3157 3158 3255
f 3158 3256 3255
f 3158 3159 3256
f 3159 3257 3256
f 3159 3160 3257
f 3160 3258 3257
f 3160 3161 3258
f 3161 3259 3258
f 3161 3162 3259
f 3162 3260 3259
f 3162 3163 3260
f 3163 3261 3260
f 3163 3164 3261
f 3164 3262 3261
f 3164 3165 3262
f 3165 3263 3262
f 3165 3166 3263
f 3166 3264 3263
f 3166 3167 3264
f 3167 3265 3264
f 3167 3168 3265
f 3168 3266 3265
f 3168 3169 3266
f 3169 3267 3266
f 3169 3170 3267
f 3170 3268 3267
f 3170 3171 3268
f 3171 3269 3268
f 3171 3172 3269
f 3172 3270 3269
f 3172 3173 3270
f 3173 3271 3270
f 3173 3174 3271
f 3174 3272 3271
f 3174 3175 3272
f 3175 3273 3272
f 3175 3176 3273
f 3176 3274 3273
f 3176 3177 3274
f 3177 3275 3274
f 3177 3178 3275
f 3178 3276 3275
f 3178 3179 3276
f 3179 3277 3276
f 3179 3180 3277
f 3180 3278 3277
f 3180 3181 3278
f 3181 3279 3278
f 3181 3182 3279
f 3182 3280 3279
f 3182 3183 3280
f 3183 3281 3280
f 3183 3184 3281
f 3184 3282 3281
f 3184 3185 3282
f 3185 3283 3282
f 3185 3186 3283
f 3186 3284 3283
f 3187 3288 3287
f 3187 3188 3288
f 3188 3289 3288
f 3188 3189 3289
f 3189 3290 3289
f 3189 3190 3290
f 3190 3291 3290
f 3190 3191 3291
f 3191 3292 3291
f 3191 3192 3292
f 3192 3293 3292
f 3192 3193 3293
f 3193 3294 3293
f 3193 3194 3294
f 3194 3295 3294
f 3194 3195 3295
f 3195 3296 3295
f 3195 3196 3296
f 3196 3297 3296
f 3196 3197 3297
f 3197 3298 3297
f 3197 3198 3298
f 3198 3299 3298
f 3198 3199 3299
f 3199 3300 3299
f 3199 3200 3300
f 3200 3301 3300
f 3200 3201 3301
f 3201 3302 3301
f 3201 3202 3302
f 3202 3303 3302
f 3202 3203 3303
f 3203 3304 3303
f 3203 3204 3304
f 3204 3305 3304
f 3204 3205 3305
f 3205 3306 3305
f 3205 3206 3306
f 3206 3307 3306
f 3206 3207 3307
f 3207 3308 3307
f 3207 3208 3308
f 3208 3309 3308
f 3208 3209 3309
f 3209 3310 3309
f 3209 3210 3310
f 3210 3311 3310
f 3210 3211 3311
f 3211 3312 3311
f 3211 3212 3312
f 3212 3313 3312
f 3212 3213 3313
f 3213 3314 3313
f 3213 3214 3314
f 3214 3315 3314
f 3214 3215 3315
f 3215 3316 3315
f 3215 3216 3316
f 3216 3317 3316
f 3216 3217 3317
f 3217 3318 3317
f 3217 3218 3318
f 3218 3319 3318
f 3218 3219 3319
f 3219 3320 3319
f 3219 3220 3320
f 3220 3321 3320
f 3220 3221 3321
f 3221 3322 3321
f 3221 3222 3322
f 3222 3323 3322
f 3222 3223 3323
f 3223 3324 3323
f 3223 3224 3324
f 3226 3227 3325
f 3227 3326 3325
f 3227 3228 3326
f 3228 3327 3326
f 3228 3229 3327
f 3229 3328 3327
f 3229 3230 3328
f 3230 3329 3328
f 3230 3231 3329
f 3231 3330 3329
f 3231 3232 3330
f 3232 3331 3330
f 3232 3233 3331
f 3233 3332 3331
f 3233 3234 3332
f 3234 3333 3332
f 3234 3235 3333
f 3235 3334 3333
f 3235 3236 3334
f 3236 3335 3334
f 3236 3237 3335
f 3237 3336 3335
f 3237 3238 3336
f 3238 3337 3336
f 3238 3239 3337
f 3239 3338 3337
f 3239 3240 3338
f 3240 3339 3338
f 3240 3241 3339
f 3241 3340 3339
f 3241 3242 3340
f 3242 3341 3340
f 3242 3243 3341
f 3243 3342 3341
f 3243 3244 3342
f 3244 3343 3342
f 3244 3245 3343
f 3245 3344 3343
f 3245 3246 3344
f 3246 3345 3344
f 3246 3247 3345
f 3247 3346 3345
f 3247 3248 3346
f 3248 3347 3346
f 3248 3249 3347
f 3249 3348 3347
f 3249 3250 3348
f 3250 3349 3348
f 3250 3251 3349
f 3251 3350 3349
f 3251 3252 3350
f 3252 3351 3350
f 3252 3253 3351
f 3253 3352 3351
f 3253 3254 3352
f 3254 3353 3352
f 3254 3255 3353
f 3255 3354 3353
f 3255 3256 3354
f 3256 3355 3354
f 3256 3257 3355
f 3257 3356 3355
f 3257 3258 3356
f 3258 3357 3356
f 3258 3259 3357
f 3259 3358 3357
f 3259 3260 3358
f 3260 3359 3358
f 3260 3261 3359
f 3261 3360 3359
f 3261 3262 3360
f 3262 3361 3360
f 3262 3263 3361
f 3263 3362 3361
f 3263 3264 3362
f 3264 3363 3362
f 3264 3265 3363
f 3265 3364 3363
f 3265 3266 3364
f 3266 3365 3364
f 3266 3267 3365
f 3267 3366 3365
f 3267 3268 3366
f 3268 3367 3366
f 3268 3269 3367
f 3269 3368 3367
f 3269 3270 3368
f 3270 3369 3368
f 3270 3271 3369
f 3271 3370 3369
f 3271 3272 3370
f 3272 3371 3370
f 3272 3273 3371
f 3273 3372 3371
f 3273 3274 3372
f 3274 3373 3372
f 3274 3275 3373
f 3275 3374 3373
f 3275 3276 3374
f 3276 3375 3374
f 3276 3277 3375
f 3277 3376 3375
f 3277 3278 3376
f 3278 3377 3376
f 3278 3279 3377
f 3279 3378 3377
f 3279 3280 3378
f 3280 3379 3378
f 3280 3281 3379
f 3281 3380 3379
f 3281 3282 3380
f 3282 3381 3380
f 3282 3283 3381
f 3283 3382 3381
f 3283 3284 3382
f 3284 3383 3382
f 3284 3285 3383
f 3285 3384 3383
f 3285 3286 3384
f 3286 3385 3384
f 3287 3288 3387
f 3288 3388 3387
f 3288 3289 3388
f 3289 3389 3388
f 3289 3290 3389
f 3290 3390 3389
f 3290 3291 3390
f 3291 3391 3390
f 3291 3292 3391
f 3292 3392 3391
f 3292 3293 3392
f 3293 3393 3392
f 3293 3294 3393
f 3294 3394 3393
f 3294 3295 3394
f 3295 3395 3394
f 3295 3296 3395
f 3296 3396 3395
f 3296 3297 3396
f 3297 3397 3396
f 3297 3298 3397
f 3298 3398 3397
f 3298 3299 3398
f 3299 3399 3398
f 3299 3300 3399
f 3300 3400 3399
f 3300 3301 3400
f 3301 3401 3400
f 3301 3302 3401
f 3302 3402 3401
f 3302 3303 3402
f 3303 3403 3402
f 3303 3304 3403
f 3304 3404 3403
f 3304 3305 3404
f 3305 3405 3404
f 3305 3306 3405
f 3306 3406 3405
f 3306 3307 3406
f 3307 3407 3406
f 3307 3308 3407
f 3308 3408 3407
f 3308 3309 3408
f 3309 3409 3408
f 3309 3310 3409
f 3310 3410 3409
f 3310 3311 3410
f 3311 3411 3410
f 3311 3312 3411
f 3312 3412 3411
f 3312 3313 3412
f 3313 3413 3412
f 3313 3314 3413
f 3314 3414 3413
f 3314 3315 3414
f 3315 3415 3414
f 3315 3316 3415
f 3316 3416 3415
f 3316 3317 3416
f 3317 3417 3416
f 3317 3318 3417
f 3318 3418 3417
f 3318 3319 3418
f 3319 3419 3418
f 3319 3320 3419
f 3320 3420 3419
f 3320 3321 3420
f 3321 3421 3420
f 3321 3322 3421
f 3322 3422 3421
f 3322 3323 3422
f 3323 3423 3422
f 3323 3324 3423
f 3324 3424 3423
f 3327 3328 3425
f 3328 3426 3425
f 3328 3329 3426
f 3329 3427 3426
f 3329 3330 3427
f 3330 3428 3427
f 3330 3331 3428
f 3331 3429 3428
f 3331 3332 3429
f 3332 3430 3429
f 3332 3333 3430
f 3333 3431 3430
f 3333 3334 3431
f 3334 3432 3431
f 3334 3335 3432
f 3335 3433 3432
f 3335 3336 3433
f 3336 3434 3433
f 3336 3337 3434
f 3337 3435 3434
f 3337 3338 3435
f 3338 3436 3435
f 3338 3339 3436
f 3339 3437 3436
f 3339 3340 3437
f 3340 3438 3437
f 3340 3341 3438
f 3341 3439 3438
f 3341 3342 3439
f 3342 3440 3439
f 3342 3343 3440
f 3343 3441 3440
f 3343 3344 3441
f 3344 3442 3441
f 3344 3345 3442
f 3345 3443 3442
f 3345 3346 3443
f 3346 3444 3443
f 3346 3347 3444
f 3347 3445 3444
f 3347 3348 3445
f 3348 3446 3445
f 3348 3349 3446
f 3349 3447 3446
f 3349 3350 3447
f 3350 3448 3447
f 3350 3351 3448
f 3351 3449 3448
f 3351 3352 3449
f 3352 3450 3449
f 3352 3353 3450
f 3353 3451 3450
f 3353 3354 3451
f 3354 3452 3451
f 3354 3355 3452
f 3355 3453 3452
f 3355 3356 3453
f 3356 3454 3453
f 3356 3357 3454
f 3357 3455 3454
f 3357 3358 3455
f 3358 3456 3455
f 3358 3359 3456
f 3359 3457 3456
f 3359 3360 3457
f 3360 3458 3457
f 3360 3361 3458
f 3361 3459 3458
f 3361 3362 3459
f 3362 3460 3459
f 3362 3363 3460
f 3363 3461 3460
f 3363 3364 3461
f 3364 3462 3461
f 3364 3365 3462
f 3365 3463 3462
f 3365 3366 3463
f 3366 3464 3463
f 3366 3367 3464
f 3367 3465 3464
f 3367 3368 3465
f 3368 3466 3465
f 3368 3369 3466
f 3369 3467 3466
f 3369 3370 3467
f 3370 3468 3467
f 3370 3371 3468
f 3371 3469 3468
f 3371 3372 3469
f 3372 3470 3469
f 3372 3373 3470
f 3373 3471 3470
f 3373 3374 3471
f 3374 3472 3471
f 3374 3375 3472
f 3375 3473 3472
f 3375 3376 3473
f 3376 3474 3473
f 3376 3377 3474
f 3377 3475 3474
f 3377 3378 3475
f 3378 3476 3475
f 3378 3379 3476
f 3379 3477 3476
f 3379 3380 3477
f 3380 3478 3477
f 3380 3381 3478
f 3381 3479 3478
f 3381 3382 3479
f 3382 3480 3479
f 3382 3383 3480
f 3383 3481 3480
f 3383 3384 3481
f 3384 3482 3481
f 3384 3385 3482
f 3385 3483 3482
f 3385 3386 3483
f 3386 3484 3483
f 3387 3487 3486
f 3387 3388 3487
f 3388 3488 3487
f 3388 3389 3488
f 3389 3489 3488
f 3389 3390 3489
f 3390 3490 3489
f 3390 3391 3490
f 3391 3491 3490
f 3391 3392 3491
f 3392 3492 3491
f 3392 3393 3492
f 3393 3493 3492
f 3393 3394 3493
f 3394 3494 3493
f 3394 3395 3494
f 3395 3495 3494
f 3395 3396 3495
f 3396 3496 3495
f 3396 3397 3496
f 3397 3497 3496
f 3397 3398 3497
f 3398 3498 3497
f 3398 3399 3498
f 3399 3499 3498
f 3399 3400 3499
f 3400 3500 3499
f 3400 3401 3500
f 3401 3501 3500
f 3401 3402 3501
f 3402 3502 3501
f 3402 3403 3502
f 3403 3503 3502
f 3403 3404 3503
f 3404 3504 3503
f 3404 3405 3504
f 3405 3505 3504
f 3405 3406 3505
f 3406 3506 3505
f 3406 3407 3506
f 3407 3507 3506
f 3407 3408 3507
f 3408 3508 3507
f 3408 3409 3508
f 3409 3509 3508
f 3409 3410 3509
f 3410 3510 3509
f 3410 3411 3510
f 3411 3511 3510
f 3411 3412 3511
f 3412 3512 3511
f 3412 3413 3512
f 3413 3513 3512
f 3413 3414 3513
f 3414 3514 3513
f 3414 3415 3514
f 3415 3515 3514
f 3415 3416 3515
f 3416 3516 3515
f 3416 3417 3516
f 3417 3517 3516
f 3417 3418 3517
f 3418 3518 3517
f 3418 3419 3518
f 3419 3519 3518
f 3419 3420 3519
f 3420 3520 3519
f 3420 3421 3520
f 3421 3521 3520
f 3421 3422 3521
f 3427 3428 3522
f 3428 3523 3522
f 3428 3429 3523
f 3429 3524 3523
f 3429 3430 3524
f 3430 3525 3524
f 3430 3431 3525
f 3431 3526 3525
f 3431 3432 3526
f 3432 3527 3526
f 3432 3433 3527
f 3433 3528 3527
f 3433 3434 3528
f 3434 3529 3528
f 3434 3435 3529
f 3435 3530 3529
f 3435 3436 3530
f 3436 3531 3530
f 3436 3437 3531
f 3437 3532 3531
f 3437 3438 3532
f 3438 3533 3532
f 3438 3439 3533
f 3439 3534 3533
f 3439 3440 3534
f 3440 3535 3534
f 3440 3441 3535
f 3441 3536 3535
f 3441 3442 3536
f 3442 3537 3536
f 3442 3443 3537
f 3443 3538 3537
f 3443 3444 3538
f 3444 3539 3538
f 3444 3445 3539
f 3445 3540 3539
f 3445 3446 3540
f 3446 3541 3540
f 3446 3447 3541
f 3447 3542 3541
f 3447 3448 3542
f 3448 3543 3542
f 3448 3449 3543
f 3449 3544 3543
f 3449 3450 3544
f 3450 3545 3544
f 3450 3451 3545
f 3451 3546 3545
f 3451 3452 3546
f 3452 3547 3546
f 3452 3453 3547
f 3453 3548 3547
f 3453 3454 3548
f 3454 3549 3548
f 3454 3455 3549
f 3455 3550 3549
f 3455 3456 3550
f 3456 3551 3550
f 3456 3457 3551
f 3457 3552 3551
f 3457 3458 3552
f 3458 3553 3552
f 3458 3459 3553
f 3459 3554 3553
f 3459 3460 3554
f 3460 3555 3554
f 3460 3461 3555
f 3461 3556 3555
f 3461 3462 3556
f 3462 3557 3556
f 3462 3463 3557
f 3463 3558 3557
f 3463 3464 3558
f 3464 3559 3558
f 3464 3465 3559
f 3465 3560 3559
f 3465 3466 3560
f 3466 3561 3560
f 3466 3467 3561
f 3467 3562 3561
f 3467 3468 3562
f 3468 3563 3562
f 3468 3469 3563
f 3469 3564 3563
f 3469 3470 3564
f 3470 3565 3564
f 3470 3471 3565
f 3471 3566 3565
f 3471 3472 3566
f 3472 3567 3566
f 3472 3473 3567
f 3473 3568 3567
f 3473 3474 3568
f 3474 3569 3568
f 3474 3475 3569
f 3475 3570 3569
f 3475 3476 3570
f 3476 3571 3570
f 3476 3477 3571
f 3477 3572 3571
f 3477 3478 3572
f 3478 3573 3572
f 3478 3479 3573
f 3479 3574 3573
f 3479 3480 3574
f 3480 3575 3574
f 3480 3481 3575
f 3481 3576 3575
f 3481 3482 3576
f 3482 3577 3576
f 3482 3483 3577
f 3483 3578 3577
f 3483 3484 3578
f 3484 3579 3578
f 3484 3485 3579
f 3485 3580 3579
f 3487 3488 3583
f 3488 3584 3583
f 3488 3489 3584
f 3489 3585 3584
f 3489 3490 3585
f 3490 3586 3585
f 3490 3491 3586
f 3491 3587 3586
f 3491 3492 3587
f 3492 3588 3587
f 3492 3493 3588
f 3493 3589 3588
f 3493 3494 3589
f 3494 3590 3589
f 3494 3495 3590
f 3495 3591 3590
f 3495 3496 3591
f 3496 3592 3591
f 3496 3497 3592
f 3497 3593 3592
f 3497 3498 3593
f 3498 3594 3593
f 3498 3499 3594
f 3499 3595 3594
f 3499 3500 3595
f 3500 3596 3595
f 3500 3501 3596
f 3501 3597 3596
f 3501 3502 3597
f 3502 3598 3597
f 3502 3503 3598
f 3503 3599 3598
f 3503 3504 3599
f 3504 3600 3599
f 3504 3505 3600
f 3505 3601 3600
f 3505 3506 3601
f 3506 3602 3601
f 3506 3507 3602
f 3507 3603 3602
f 3507 3508 3603
f 3508 3604 3603
f 3508 3509 3604
f 3509 3605 3604
f 3509 3510 3605
f 3510 3606 3605
f 3510 3511 3606
f 3511 3607 3606
f 3511 3512 3607
f 3512 3608 3607
f 3512 3513 3608
f 3513 3609 3608
f 3513 3514 3609
f 3514 3610 3609
f 3514 3515 3610
f 3515 3611 3610
f 3515 3516 3611
f 3516 3612 3611
f 3516 3517 3612
f 3517 3613 3612
f 3517 3518 3613
f 3518 3614 3613
f 3518 3519 3614
f 3519 3615 3614
f 3519 3520 3615
f 3520 3616 3615
f 3520 3521 3616
f 3521 3617 3616
f 3522 3620 3619
f 3522 3523 3620
f 3523 3621 3620
f 3523 3524 3621
f 3524 3622 3621
f 3524 3525 3622
f 3525 3623 3622
f 3525 3526 3623
f 3526 3624 3623
f 3526 3527 3624
f 3527 3625 3624
f 3527 3528 3625
f 3528 3626 3625
f 3528 3529 3626
f 3529 3627 3626
f 3529 3530 3627
f 3530 3628 3627
f 3530 3531 3628
f 3531 3629 3628
f 3531 3532 3629
f 3532 3630 3629
f 3532 3533 3630
f 3533 3631 3630
f 3533 3534 3631
f 3534 3632 3631
f 3534 3535 3632
f 3535 3633 3632
f 3535 3536 3633
f 3536 3634 3633
f 3536 3537 3634
f 3537 3635 3634
f 3537 3538 3635
f 3538 3636 3635
f 3538 3539 3636
f 3539 3637 3636
f 3539 3540 3637
f 3540 3638 3637
f 3540 3541 3638
f 3541 3639 3638
f 3541 3542 3639
f 3542 3640 3639
f 3542 3543 3640
f 3543 3641 3640
f 3543 3544 3641
f 3544 3642 3641
f 3544 3545 3642
f 3545 3643 3642
f 3545 3546 3643
f 3546 3644 3643
f 3546 3547 3644
f 3547 3645 3644
f 3547 3548 3645
f 3548 3646 3645
f 3548 3549 3646
f 3549 3647 3646
f 3549 3550 3647
f 3550 3648 3647
f 3550 3551 3648
f 3551 3649 3648
f 3551 3552 3649
f 3552 3650 3649
f 3552 3553 3650
f 3553 3651 3650
f 3553 3554 3651
f 3554 3652 3651
f 3554 3555 3652
f 3555 3653 3652
f 3555 3556 3653
f 3556 3654 3653
f 3556 3557 3654
f 3557 3655 3654
f 3557 3558 3655
f 3558 3656 3655
f 3558 3559 3656
f 3559 3657 3656
f 3559 3560 3657
f 3560 3658 3657
f 3560 3561 3658
f 3561 3659 3658
f 3561 3562 3659
f 3562 3660 3659
f 3562 3563 3660
f 3563 3661 3660
f 3563 3564 3661
f 3564 3662 3661
f 3564 3565 3662
f 3565 3663 3662
f 3565 3566 3663
f 3566 3664 3663
f 3566 3567 3664
f 3567 3665 3664
f 3567 3568 3665
f 3568 3666 3665
f 3568 3569 3666
f 3569 3667 3666
f 3569 3570 3667
f 3570 3668 3667
f 3570 3571 3668
f 3571 3669 3668
f 3571 3572 3669
f 3572 3670 3669
f 3572 3573 3670
f 3573 3671 3670
f 3573 3574 3671
f 3574 3672 3671
f 3574 3575 3672
f 3575 3673 3672
f 3575 3576 3673
f 3576 3674 3673
f 3576 3577 3674
f 3577 3675 3674
f 3577 3578 3675
f 3578 3676 3675
f 3578 3579 3676
f 3579 3677 3676
f 3579 3580 3677
f 3580 3678 3677
f 3580 3581 3678
f 3581 3679 3678
f 3581 3582 3679
f 3582 3680 3679
f 3583 3683 3682
f 3583 3584 3683
f 3584 3684 3683
f 3584 3585 3684
f 3585 3685 3684
f 3585 3586 3685
f 3586 3686 3685
f 3586 3587 3686
f 3587 3687 3686
f 3587 3588 3687
f 3588 3688 3687
f 3588 3589 3688
f 3589 3689 3688
f 3589 3590 3689
f 3590 3690 3689
f 3590 3591 3690
f 3591 3691 3690
f 3591 3592 3691
f 3592 3692 3691
f 3592 3593 3692
f 3593 3693 3692
f 3593 3594 3693
f 3594 3694 3693
f 3594 3595 3694
f 3595 3695 3694
f 3595 3596 3695
f 3596 3696 3695
f 3596 3597 3696
f 3597 3697 3696
f 3597 3598 3697
f 3598 3698 3697
f 3598 3599 3698
f 3599 3699 3698
f 3599 3600 3699
f 3600 3700 3699
f 3600 3601 3700
f 3601 3701 3700
f 3601 3602 3701
f 3602 3702 3701
f 3602 3603 3702
f 3603 3703 3702
f 3603 3604 3703
f 3604 3704 3703
f 3604 3605 3704
f 3605 3705 3704
f 3605 3606 3705
f 3606 3706 3705
f 3606 3607 3706
f 3607 3707 3706
f 3607 3608 3707
f 3608 3708 3707
f 3608 3609 3708
f 3609 3709 3708
f 3609 3610 3709
f 3610 3710 3709
f 3610 3611 3710
f 3611 3711 3710
f 3611 3612 3711
f 3612 3712 3711
f 3612 3613 3712
f 3613 3713 3712
f 3613 3614 3713
f 3614 3714 3713
f 3614 3615 3714
f 3615 3715 3714
f 3615 3616 3715
f 3616 3716 3715
f 3616 3617 3716
f 3617 3717 3716
f 3617 3618 3717
f 3620 3621 3718
f 3621 3719 3718
f 3621 3622 3719
f 3622 3720 3719
f 3622 3623 3720
f 3623 3721 3720
f 3623 3624 3721
f 3624 3722 3721
f 3624 3625 3722
f 3625 3723 3722
f 3625 3626 3723
f 3626 3724 3723
f 3626 3627 3724
f 3627 3725 3724
f 3627 3628 3725
f 3628 3726 3725
f 3628 3629 3726
f 3629 3727 3726
f 3629 3630 3727
f 3630 3728 3727
f 3630 3631 3728
f 3631 3729 3728
f 3631 3632 3729
f 3632 3730 3729
f 3632 3633 3730
f 3633 3731 3730
f 3633 3634 3731
f 3634 3732 3731
f 3634 3635 3732
f 3635 3733 3732
f 3635 3636 3733
f 3636 3734 3733
f 3636 3637 3734
f 3637 3735 3734
f 3637 3638 3735
f 3638 3736 3735
f 3638 3639 3736
f 3639 3737 3736
f 3639 3640 3737
f 3640 3738 3737
f 3640 3641 3738
f 3641 3739 3738
f 3641 3642 3739
f 3642 3740 3739
f 3642 3643 3740
f 3643 3741 3740
f 3643 3644 3741
f 3644 3742 3741
f 3644 3645 3742
f 3645 3743 3742
f 3645 3646 3743
f 3646 3744 3743
f 3646 3647 3744
f 3647 3745 3744
f 3647 3648 3745
f 3648 3746 3745
f 3648 3649 3746
f 3649 3747 3746
f 3649 3650 3747
f 3650 3748 3747
f 3650 3651 3748
f 3651 3749 3748
f 3651 3652 3749
f 3652 3750 3749
f 3652 3653 3750
f 3653 3751 3750
f 3653 3654 3751
f 3654 3752 3751
f 3654 3655 3752
f 3655 3753 3752
f 3655 3656 3753
f 3656 3754 3753
f 3656 3657 3754
f 3657 3755 3754
f 3657 3658 3755
f 3658 3756 3755
f 3658 3659 3756
f 3659 3757 3756
f 3659 3660 3757
f 3660 3758 3757
f 3660 3661 3758
f 3661 3759 3758
f 3661 3662 3759
f 3662 3760 3759
f 3662 3663 3760
f 3663 3761 3760
f 3663 3664 3761
f 3664 3762 3761
f 3664 3665 3762
f 3665 3763 3762
f 3665 3666 3763
f 3666 3764 3763
f 3666 3667 3764
f 3667 3765 3764
f 3667 3668 3765
f 3668 3766 3765
f 3668 3669 3766
f 3669 3767 3766
f 3669 3670 3767
f 3670 3768 3767
f 3670 3671 3768
f 3671 3769 3768
f 3671 3672 3769
f 3672 3770 3769
f 3672 3673 3770
f 3673 3771 3770
f 3673 3674 3771
f 3674 3772 3771
f 3674 3675 3772
f 3675 3773 3772
f 3675 3676 3773
f 3676 3774 3773
f 3676 3677 3774
f 3677 3775 3774
f 3677 3678 3775
f 3678 3776 3775
f 3678 3679 3776
f 3679 3777 3776
f 3679 3680 3777
f 3680 3778 3777
f 3681 3682 3781
f 3682 3782 3781
f 3682 3683 3782
f 3683 3783 3782
f 3683 3684 3783
f 3684 3784 3783
f 3684 3685 3784
f 3685 3785 3784
f 3685 3686 3785
f 3686 3786 3785
f 3686 3687 3786
f 3687 3787 3786
f 3687 3688 3787
f 3688 3788 3787
f 3688 3689 3788
f 3689 3789 3788
f 3689 3690 3789
f 3690 3790 3789
f 3690 3691 3790
f 3691 3791 3790
f 3691 3692 3791
f 3692 3792 3791
f 3692 3693 3792
f 3693 3793 3792
f 3693 3694 3793
f 3694 3794 3793
f 3694 3695 3794
f 3695 3795 3794
f 3695 3696 3795
f 3696 3796 3795
f 3696 3697 3796
f 3697 3797 3796
f 3697 3698 3797
f 3698 3798 3797
f 3698 3699 3798
f 3699 3799 3798
f 3699 3700 3799
f 3700 3800 3799
f 3700 3701 3800
f 3701 3801 3800
f 3701 3702 3801
f 3702 3802 3801
f 3702 3703 3802
f 3703 3803 3802
f 3703 3704 3803
f 3704 3804 3803
f 3704 3705 3804
f 3705 3805 3804
f 3705 3706 3805
f 3706 3806 3805
f 3706 3707 3806
f 3707 3807 3806
f 3707 3708 3807
f 3708 3808 3807
f 3708 3709 3808
f 3709 3809 3808
f 3709 3710 3809
f 3710 3810 3809
f 3710 3711 3810
f 3711 3811 3810
f 3711 3712 3811
f 3712 3812 3811
f 3712 3713 3812
f 3713 3813 3812
f 3713 3714 3813
f 3714 3814 3813
f 3714 3715 3814
f 3715 3815 3814
f 3715 3716 3815
f 3716 3816 3815
f 3716 3717 3816
f 3719 3720 3817
f 3720 3818 3817
f 3720 3721 3818
f 3724 3725 3819
f 3727 3728 3820
f 3728 3821 3820
f 3728 3729 3821
f 3729 3822 3821
f 3729 3730 3822
f 3730 3823 3822
f 3730 3731 3823
f 3731 3824 3823
f 3731 3732 3824
f 3732 3825 3824
f 3732 3733 3825
f 3733 3826 3825
f 3733 3734 3826
f 3734 3827 3826
f 3734 3735 3827
f 3735 3828 3827
f 3735 3736 3828
f 3736 3829 3828
f 3736 3737 3829
f 3737 3830 3829
f 3737 3738 3830
f 3738 3831 3830
f 3738 3739 3831
f 3739 3832 3831
f 3739 3740 3832
f 3740 3833 3832
f 3740 3741 3833
f 3741 3834 3833
f 3741 3742 3834
f 3742 3835 3834
f 3742 3743 3835
f 3743 3836 3835
f 3743 3744 3836
f 3744 3837 3836
f 3744 3745 3837
f 3745 3838 3837
f 3745 3746 3838
f 3746 3839 3838
f 3746 3747 3839
f 3747 3840 3839
f 3747 3748 3840
f 3748 3841 3840
f 3748 3749 3841
f 3749 3842 3841
f 3749 3750 3842
f 3750 3843 3842
f 3750 3751 3843
f 3751 3844 3843
f 3751 3752 3844
f 3752 3845 3844
f 3752 3753 3845
f 3753 3846 3845
f 3753 3754 3846
f 3754 3847 3846
f 3754 3755 3847
f 3755 3848 3847
f 3755 3756 3848
f 3756 3849 3848
f 3756 3757 3849
f 3757 3850 3849
f 3757 3758 3850
f 3758 3851 3850
f 3758 3759 3851
f 3759 3852 3851
f 3759 3760 3852
f 3760 3853 3852
f 3760 3761 3853
f 3761 3854 3853
f 3761 3762 3854
f 3762 3855 3854
f 3762 3763 3855
f 3763 3856 3855
f 3763 3764 3856
f 3764 3857 3856
f 3764 3765 3857
f 3765 3858 3857
f 3765 3766 3858
f 3766 3859 3858
f 3766 3767 3859
f 3767 3860 3859
f 3767 3768 3860
f 3768 3861 3860
f 3768 3769 3861
f 3769 3862 3861
f 3769 3770 3862
f 3770 3863 3862
f 3770 3771 3863
f 3771 3864 3863
f 3771 3772 3864
f 3772 3865 3864
f 3772 3773 3865
f 3773 3866 3865
f 3773 3774 3866
f 3774 3867 3866
f 3774 3775 3867
f 3775 3868 3867
f 3775 3776 3868
f 3776 3869 3868
f 3776 3777 3869
f 3777 3870 3869
f 3777 3778 3870
f 3778 3871 3870
f 3778 3779 3871
f 3779 3872 3871
f 3779 3780 3872
f 3780 3873 3872
f 3781 3782 3874
f 3782 3875 3874
f 3782 3783 3875
f 3783 3876 3875
f 3783 3784 3876
f 3784 3877 3876
f 3784 3785 3877
f 3785 3878 3877
f 3785 3786 3878
f 3786 3879 3878
f 3786 3787 3879
f 3787 3880 3879
f 3787 3788 3880
f 3788 3881 3880
f 3788 3789 3881
f 3789 3882 3881
f 3789 3790 3882
f 3790 3883 3882
f 3790 3791 3883
f 3791 3884 3883
f 3791 3792 3884
f 3792 3885 3884
f 3792 3793 3885
f 3793 3886 3885
f 3793 3794 3886
f 3794 3887 3886
f 3794 3795 3887
f 3795 3888 3887
f 3795 3796 3888
f 3796 3889 3888
f 3796 3797 3889
f 3797 3890 3889
f 3797 3798 3890
f 3798 3891 3890
f 3798 3799 3891
f 3799 3892 3891
f 3799 3800 3892
f 3800 3893 3892
f 3800 3801 3893
f 3801 3894 3893
f 3801 3802 3894
f 3802 3895 3894
f 3802 3803 3895
f 3803 3896 3895
f 3803 3804 3896
f 3804 3897 3896
f 3804 3805 3897
f 3805 3898 3897
f 3805 3806 3898
f 3806 3899 3898
f 3806 3807 3899
f 3807 3900 3899
f 3807 3808 3900
f 3808 3901 3900
f 3808 3809 3901
f 3809 3902 3901
f 3809 3810 3902
f 3810 3903 3902
f 3810 3811 3903
f 3811 3904 3903
f 3811 3812 3904
f 3812 3905 3904
f 3812 3813 3905
f 3813 3906 3905
f 3813 3814 3906
f 3814 3907 3906
f 3814 3815 3907
f 3815 3908 3907
f 3815 3816 3908
f 3816 3909 3908
f 3823 3824 3910
f 3824 3911 3910
f 3824 3825 3911
f 3825 3912 3911
f 3825 3826 3912
f 3826 3913 3912
f 3826 3827 3913
f 3827 3914 3913
f 3827 3828 3914
f 3828 3915 3914
f 3828 3829 3915
f 3829 3916 3915
f 3829 3830 3916
f 3830 3917 3916
f 3830 3831 3917
f 3831 3918 3917
f 3831 3832 3918
f 3832 3919 3918
f 3832 3833 3919
f 3833 3920 3919
f 3833 3834 3920
f 3834 3921 3920
f 3834 3835 3921
f 3835 3922 3921
f 3835 3836 3922
f 3836 3923 3922
f 3836 3837 3923
f 3837 3924 3923
f 3837 3838 3924
f 3838 3925 3924
f 3838 3839 3925
f 3839 3926 3925
f 3839 3840 3926
f 3840 3927 3926
f 3840 3841 3927
f 3841 3928 3927
f 3841 3842 3928
f 3842 3929 3928
f 3842 3843 3929
f 3843 3930 3929
f 3843 3844 3930
f 3844 3931 3930
f 3844 3845 3931
f 3845 3932 3931
f 3845 3846 3932
f 3846 3933 3932
f 3846 3847 3933
f 3847 3934 3933
f 3847 3848 3934
f 3848 3935 3934
f 3848 3849 3935
f 3849 3936 3935
f 3849 3850 3936
f 3850 3937 3936
f 3850 3851 3937
f 3851 3938 3937
f 3851 3852 3938
f 3852 3939 3938
f 3852 3853 3939
f 3853 3940 3939
f 3853 3854 3940
f 3854 3941 3940
f 3854 3855 3941
f 3855 3942 3941
f 3855 3856 3942
f 3856 3943 3942
f 3856 3857 3943
f 3857 3944 3943
f 3857 3858 3944
f 3858 3945 3944
f 3858 3859 3945
f 3859 3946 3945
f 3859 3860 3946
f 3860 3947 3946
f 3860 3861 3947
f 3861 3948 3947
f 3861 3862 3948
f 3862 3949 3948
f 3862 3863 3949
f 3863 3950 3949
f 3863 3864 3950
f 3864 3951 3950
f 3864 3865 3951
f 3865 3952 3951
f 3865 3866 3952
f 3866 3953 3952
f 3866 3867 3953
f 3867 3954 3953
f 3867 3868 3954
f 3868 3955 3954
f 3868 3869 3955
f 3869 3956 3955
f 3869 3870 3956
f 3870 3957 3956
f 3870 3871 3957
f 3871 3958 3957
f 3871 3872 3958
f 3872 3959 3958
f 3872 3873 3959
f 3873 3960 3959
f 3874 3875 3962
f 3875 3963 3962
f 3875 3876 3963
f 3876 3964 3963
f 3876 3877 3964
f 3877 3965 3964
f 3877 3878 3965
f 3878 3966 3965
f 3878 3879 3966
f 3879 3967 3966
f 3879 3880 3967
f 3880 3968 3967
f 3880 3881 3968
f 3881 3969 3968
f 3881 3882 3969
f 3882 3970 3969
f 3882 3883 3970
f 3883 3971 3970
f 3883 3884 3971
f 3884 3972 3971
f 3884 3885 3972
f 3885 3973 3972
f 3885 3886 3973
f 3886 3974 3973
f 3886 3887 3974
f 3887 3975 3974
f 3887 3888 3975
f 3888 3976 3975
f 3888 3889 3976
f 3889 3977 3976
f 3889 3890 3977
f 3890 3978 3977
f 3890 3891 3978
f 3891 3979 3978
f 3891 3892 3979
f 3892 3980 3979
f 3892 3893 3980
f 3893 3981 3980
f 3893 3894 3981
f 3894 3982 3981
f 3894 3895 3982
f 3895 3983 3982
f 3895 3896 3983
f 3896 3984 3983
f 3896 3897 3984
f 3897 3985 3984
f 3897 3898 3985
f 3898 3986 3985
f 3898 3899 3986
f 3899 3987 3986
f 3899 3900 3987
f 3900 3988 3987
f 3900 3901 3988
f 3901 3989 3988
f 3901 3902 3989
f 3902 3990 3989
f 3902 3903 3990
f 3903 3991 3990
f 3903 3904 3991
f 3904 3992 3991
f 3904 3905 3992
f 3905 3993 3992
f 3905 3906 3993
f 3906 3994 3993
f 3906 3907 3994
f 3907 3995 3994
f 3907 3908 3995
f 3908 3996 3995
f 3908 3909 3996
f 3909 3997 3996
f 3911 3912 3998
f 3912 3999 3998
f 3912 3913 3999
f 3913 4000 3999
f 3913 3914 4000
f 3914 4001 4000
f 3914 3915 4001
f 3915 4002 4001
f 3915 3916 4002
f 3916 4003 4002
f 3916 3917 4003
f 3917 4004 4003
f 3917 3918 4004
f 3918 4005 4004
f 3918 3919 4005
f 3919 4006 4005
f 3919 3920 4006
f 3920 4007 4006
f 3920 3921 4007
f 3921 4008 4007
f 3921 3922 4008
f 3922 4009 4008
f 3922 3923 4009
f 3923 4010 4009
f 3923 3924 4010
f 3924 4011 4010
f 3924 3925 4011
f 3925 4012 4011
f 3925 3926 4012
f 3926 4013 4012
f 3926 3927 4013
f 3927 4014 4013
f 3927 3928 4014
f 3928 4015 4014
f 3928 3929 4015
f 3929 4016 4015
f 3929 3930 4016
f 3930 4017 4016
f 3930 3931 4017
f 3931 4018 4017
f 3931 3932 4018
f 3932 4019 4018
f 3932 3933 4019
f 3933 4020 4019
f 3933 3934 4020
f 3934 4021 4020
f 3934 3935 4021
f 3935 4022 4021
f 3935 3936 4022
f 3936 4023 4022
f 3936 3937 4023
f 3937 4024 4023
f 3937 3938 4024
f 3938 4025 4024
f 3938 3939 4025
f 3939 4026 4025
f 3939 3940 4026
f 3940 4027 4026
f 3940 3941 4027
f 3941 4028 4027
f 3941 3942 4028
f 3942 4029 4028
f 3942 3943 4029
f 3943 4030 4029
f 3943 3944 4030
f 3944 4031 4030
f 3944 3945 4031
f 3945 4032 4031
f 3945 3946 4032
f 3946 4033 4032
f 3946 3947 4033
f 3947 4034 4033
f 3947 3948 4034
f 3948 4035 4034
f 3948 3949 4035
f 3949 4036 4035
f 3949 3950 4036
f 3950 4037 4036
f 3950 3951 4037
f 3951 4038 4037
f 3951 3952 4038
f 3952 4039 4038
f 3952 3953 4039
f 3953 4040 4039
f 3953 3954 4040
f 3954 4041 4040
f 3954 3955 4041
f 3955 4042 4041
f 3955 3956 4042
f 3956 4043 4042
f 3956 3957 4043
f 3957 4044 4043
f 3957 3958 4044
f 3958 4045 4044
f 3958 3959 4045
f 3959 4046 4045
f 3959 3960 4046
f 3960 4047 4046
f 3960 3961 4047
f 3961 4048 4047
f 3962 4051 4050
f 3962 3963 4051
f 3963 4052 4051
f 3963 3964 4052
f 3964 4053 4052
f 3964 3965 4053
f 3965 4054 4053
f 3965 3966 4054
f 3966 4055 4054
f 3966 3967 4055
f 3967 4056 4055
f 3967 3968 4056
f 3968 4057 4056
f 3968 3969 4057
f 3969 4058 4057
f 3969 3970 4058
f 3970 4059 4058
f 3970 3971 4059
f 3971 4060 4059
f 3971 3972 4060
f 3972 4061 4060
f 3972 3973 4061
f 3973 4062 4061
f 3973 3974 4062
f 3974 4063 4062
f 3974 3975 4063
f 3975 4064 4063
f 3975 3976 4064
f 3976 4065 4064
f 3976 3977 4065
f 3977 4066 4065
f 3977 3978 4066
f 3978 4067 4066
f 3978 3979 4067
f 3979 4068 4067
f 3979 3980 4068
f 3980 4069 4068
f 3980 3981 4069
f 3981 4070 4069
f 3981 3982 4070
f 3982 4071 4070
f 3982 3983 4071
f 3983 4072 4071
f 3983 3984 4072
f 3984 4073 4072
f 3984 3985 4073
f 3985 4074 4073
f 3985 3986 4074
f 3986 4075 4074
f 3986 3987 4075
f 3987 4076 4075
f 3987 3988 4076
f 3988 4077 4076
f 3988 3989 4077
f 3989 4078 4077
f 3989 3990 4078
f 3990 4079 4078
f 3990 3991 4079
f 3991 4080 4079
f 3991 3992 4080
f 3992 4081 4080
f 3992 3993 4081
f 3993 4082 4081
f 3993 3994 4082
f 3994 4083 4082
f 3994 3995 4083
f 3995 4084 4083
f 3995 3996 4084
f 3996 4085 4084
f 3996 3997 4085
f 4003 4004 4086
f 4004 4087 4086
f 4004 4005 4087
f 4005 4088 4087
f 4005 4006 4088
f 4006 4089 4088
f 4006 4007 4089
f 4007 4090 4089
f 4007 4008 4090
f 4008 4091 4090
f 4008 4009 4091
f 4009 4092 4091
f 4009 4010 4092
f 4010 4093 4092
f 4010 4011 4093
f 4011 4094 4093
f 4011 4012 4094
f 4012 4095 4094
f 4012 4013 4095
f 4013 4096 4095
f 4013 4014 4096
f 4014 4097 4096
f 4014 4015 4097
f 4015 4098 4097
f 4015 4016 4098
f 4016 4099 4098
f 4016 4017 4099
f 4017 4100 4099
f 4017 4018 4100
f 4018 4101 4100
f 4018 4019 4101
f 4019 4102 4101
f 4019 4020 4102
f 4020 4103 4102
f 4020 4021 4103
f 4021 4104 4103
f 4021 4022 4104
f 4022 4105 4104
f 4022 4023 4105
f 4023 4106 4105
f 4023 4024 4106
f 4024 4107 4106
f 4024 4025 4107
f 4025 4108 4107
f 4025 4026 4108
f 4026 4109 4108
f 4026 4027 4109
f 4027 4110 4109
f 4027 4028 4110
f 4028 4111 4110
f 4028 4029 4111
f 4029 4112 4111
f 4029 4030 4112
f 4030 4113 4112
f 4030 4031 4113
f 4031 4114 4113
f 4031 4032 4114
f 4032 4115 4114
f 4032 4033 4115
f 4033 4116 4115
f 4033 4034 4116
f 4034 4117 4116
f 4034 4035 4117
f 4035 4118 4117
f 4035 4036 4118
f 4036 4119 4118
f 4036 4037 4119
f 4037 4120 4119
f 4037 4038 4120
f 4038 4121 4120
f 4038 4039 4121
f 4039 4122 4121
f 4039 4040 4122
f 4040 4123 4122
f 4040 4041 4123
f 4041 4124 4123
f 4041 4042 4124
f 4042 4125 4124
f 4042 4043 4125
f 4043 4126 4125
f 4043 4044 4126
f 4044 4127 4126
f 4044 4045 4127
f 4045 4128 4127
f 4045 4046 4128
f 4046 4129 4128
f 4046 4047 4129
f 4047 4130 4129
f 4047 4048 4130
f 4048 4131 4130
f 4048 4049 4131
f 4049 4132 4131
f 4052 4053 4134
f 4053 4135 4134
f 4053 4054 4135
f 4054 4136 4135
f 4054 4055 4136
f 4055 4137 4136
f 4055 4056 4137
f 4056 4138 4137
f 4056 4057 4138
f 4057 4139 4138
f 4057 4058 4139
f 4058 4140 4139
f 4058 4059 4140
f 4059 4141 4140
f 4059 4060 4141
f 4060 4142 4141
f 4060 4061 4142
f 4061 4143 4142
f 4061 4062 4143
f 4062 4144 4143
f 4062 4063 4144
f 4063 4145 4144
f 4063 4064 4145
f 4064 4146 4145
f 4064 4065 4146
f 4065 4147 4146
f 4065 4066 4147
f 4066 4148 4147
f 4066 4067 4148
f 4067 4149 4148
f 4067 4068 4149
f 4068 4150 4149
f 4068 4069 4150
f 4069 4151 4150
f 4069 4070 4151
f 4070 4152 4151
f 4070 4071 4152
f 4071 4153 4152
f 4071 4072 4153
f 4072 4154 4153
f 4072 4073 4154
f 4073 4155 4154
f 4073 4074 4155
f 4074 4156 4155
f 4074 4075 4156
f 4075 4157 4156
f 4075 4076 4157
f 4076 4158 4157
f 4076 4077 4158
f 4077 4159 4158
f 4077 4078 4159
f 4078 4160 4159
f 4078 4079 4160
f 4079 4161 4160
f 4079 4080 4161
f 4080 4162 4161
f 4080 4081 4162
f 4081 4163 4162
f 4081 4082 4163
f 4082 4164 4163
f 4082 4083 4164
f 4083 4165 4164
f 4083 4084 4165
f 4084 4166 4165
f 4084 4085 4166
f 4085 4167 4166
f 4086 4087 4169
f 4087 4170 4169
f 4087 4088 4170
f 4088 4171 4170
f 4088 4089 4171
f 4089 4172 4171
f 4089 4090 4172
f 4090 4173 4172
f 4090 4091 4173
f 4091 4174 4173
f 4091 4092 4174
f 4092 4175 4174
f 4092 4093 4175
f 4093 4176 4175
f 4093 4094 4176
f 4094 4177 4176
f 4094 4095 4177
f 4095 4178 4177
f 4095 4096 4178
f 4096 4179 4178
f 4096 4097 4179
f 4097 4180 4179
f 4097 4098 4180
f 4098 4181 4180
f 4098 4099 4181
f 4099 4182 4181
f 4099 4100 4182
f 4100 4183 4182
f 4100 4101 4183
f 4101 4184 4183
f 4101 4102 4184
f 4102 4185 4184
f 4102 4103 4185
f 4103 4186 4185
f 4103 4104 4186
f 4104 4187 4186
f 4104 4105 4187
f 4105 4188 4187
f 4105 4106 4188
f 4106 4189 4188
f 4106 4107 4189
f 4107 4190 4189
f 4107 4108 4190
f 4108 4191 4190
f 4108 4109 4191
f 4109 4192 4191
f 4109 4110 4192
f 4110 4193 4192
f 4110 4111 4193
f 4111 4194 4193
f 4111 4112 4194
f 4112 4195 4194
f 4112 4113 4195
f 4113 4196 4195
f 4113 4114 4196
f 4114 4197 4196
f 4114 4115 4197
f 4115 4198 4197
f 4115 4116 4198
f 4116 4199 4198
f 4116 4117 4199
f 4117 4200 4199
f 4117 4118 4200
f 4118 4201 4200
f 4118 4119 4201
f 4119 4202 4201
f 4119 4120 4202
f 4120 4203 4202
f 4120 4121 4203
f 4121 4204 4203
f 4121 4122 4204
f 4122 4205 4204
f 4122 4123 4205
f 4123 4206 4205
f 4123 4124 4206
f 4124 4207 4206
f 4124 4125 4207
f 4125 4208 4207
f 4125 4126 4208
f 4126 4209 4208
f 4126 4127 4209
f 4127 4210 4209
f 4127 4128 4210
f 4128 4211 4210
f 4128 4129 4211
f 4129 4212 4211
f 4129 4130 4212
f 4130 4213 4212
f 4130 4131 4213
f 4131 4214 4213
f 4131 4132 4214
f 4132 4215 4214
f 4132 4133 4215
f 4133 4216 4215
f 4134 4219 4218
f 4134 4135 4219
f 4135 4220 4219
f 4135 4136 4220
f 4136 4221 4220
f 4136 4137 4221
f 4137 4222 4221
f 4137 4138 4222
f 4138 4223 4222
f 4138 4139 4223
f 4139 4224 4223
f 4139 4140 4224
f 4140 4225 4224
f 4140 4141 4225
f 4141 4226 4225
f 4141 4142 4226
f 4142 4227 4226
f 4142 4143 4227
f 4143 4228 4227
f 4143 4144 4228
f 4144 4229 4228
f 4144 4145 4229
f 4145 4230 4229
f 4145 4146 4230
f 4146 4231 4230
f 4146 4147 4231
f 4147 4232 4231
f 4147 4148 4232
f 4148 4233 4232
f 4148 4149 4233
f 4149 4234 4233
f 4149 4150 4234
f 4150 4235 4234
f 4150 4151 4235
f 4151 4236 4235
f 4151 4152 4236
f 4152 4237 4236
f 4152 4153 4237
f 4153 4238 4237
f 4153 4154 4238
f 4154 4239 4238
f 4154 4155 4239
f 4155 4240 4239
f 4155 4156 4240
f 4156 4241 4240
f 4156 4157 4241
f 4157 4242 4241
f 4157 4158 4242
f 4158 4243 4242
f 4158 4159 4243
f 4159 4244 4243
f 4159 4160 4244
f 4160 4245 4244
f 4160 4161 4245
f 4161 4246 4245
f 4161 4162 4246
f 4162 4247 4246
f 4162 4163 4247
f 4163 4248 4247
f 4163 4164 4248
f 4164 4249 4248
f 4164 4165 4249
f 4165 4250 4249
f 4165 4166 4250
f 4166 4251 4250
f 4166 4167 4251
f 4167 4252 4251
f 4167 4168 4252
f 4168 4253 4252
f 4172 4173 4254
f 4173 4255 4254
f 4173 4174 4255
f 4174 4256 4255
f 4174 4175 4256
f 4175 4257 4256
f 4175 4176 4257
f 4176 4258 4257
f 4176 4177 4258
f 4177 4259 4258
f 4177 4178 4259
f 4178 4260 4259
f 4178 4179 4260
f 4179 4261 4260
f 4179 4180 4261
f 4180 4262 4261
f 4180 4181 4262
f 4181 4263 4262
f 4181 4182 4263
f 4182 4264 4263
f 4182 4183 4264
f 4183 4265 4264
f 4183 4184 4265
f 4184 4266 4265
f 4184 4185 4266
f 4185 4267 4266
f 4185 4186 4267
f 4186 4268 4267
f 4186 4187 4268
f 4187 4269 4268
f 4187 4188 4269
f 4188 4270 4269
f 4188 4189 4270
f 4189 4271 4270
f 4189 4190 4271
f 4190 4272 4271
f 4190 4191 4272
f 4191 4273 4272
f 4191 4192 4273
f 4192 4274 4273
f 4192 4193 4274
f 4193 4275 4274
f 4193 4194 4275
f 4194 4276 4275
f 4194 4195 4276
f 4195 4277 4276
f 4195 4196 4277
f 4196 4278 4277
f 4196 4197 4278
f 4197 4279 4278
f 4197 4198 4279
f 4198 4280 4279
f 4198 4199 4280
f 4199 4281 4280
f 4199 4200 4281
f 4200 4282 4281
f 4200 4201 4282
f 4201 4283 4282
f 4201 4202 4283
f 4202 4284 4283
f 4202 4203 4284
f 4203 4285 4284
f 4203 4204 4285
f 4204 4286 4285
f 4204 4205 4286
f 4205 4287 4286
f 4205 4206 4287
f 4206 4288 4287
f 4206 4207 4288
f 4207 4289 4288
f 4207 4208 4289
f 4208 4290 4289
f 4208 4209 4290
f 4209 4291 4290
f 4209 4210 4291
f 4210 4292 4291
f 4210 4211 4292
f 4211 4293 4292
f 4211 4212 4293
f 4212 4294 4293
f 4212 4213 4294
f 4213 4295 4294
f 4213 4214 4295
f 4214 4296 4295
f 4214 4215 4296
f 4215 4297 4296
f 4215 4216 4297
f 4216 4298 4297
f 4216 4217 4298
f 4217 4299 4298
f 4218 4219 4301
f 4219 4302 4301
f 4219 4220 4302
f 4220 4303 4302
f 4220 4221 4303
f 4221 4304 4303
f 4221 4222 4304
f 4222 4305 4304
f 4222 4223 4305
f 4223 4306 4305
f 4223 4224 4306
f 4224 4307 4306
f 4224 4225 4307
f 4225 4308 4307
f 4225 4226 4308
f 4226 4309 4308
f 4226 4227 4309
f 4227 4310 4309
f 4227 4228 4310
f 4228 4311 4310
f 4228 4229 4311
f 4229 4312 4311
f 4229 4230 4312
f 4230 4313 4312
f 4230 4231 4313
f 4231 4314 4313
f 4231 4232 4314
f 4232 4315 4314
f 4232 4233 4315
f 4233 4316 4315
f 4233 4234 4316
f 4234 4317 4316
f 4234 4235 4317
f 4235 4318 4317
f 4235 4236 4318
f 4236 4319 4318
f 4236 4237 4319
f 4237 4320 4319
f 4237 4238 4320
f 4238 4321 4320
f 4238 4239 4321
f 4239 4322 4321
f 4239 4240 4322
f 4240 4323 4322
f 4240 4241 4323
f 4241 4324 4323
f 4241 4242 4324
f 4242 4325 4324
f 4242 4243 4325
f 4243 4326 4325
f 4243 4244 4326
f 4244 4327 4326
f 4244 4245 4327
f 4245 4328 4327
f 4245 4246 4328
f 4246 4329 4328
f 4246 4247 4329
f 4247 4330 4329
f 4247 4248 4330
f 4248 4331 4330
f 4248 4249 4331
f 4249 4332 4331
f 4249 4250 4332
f 4250 4333 4332
f 4250 4251 4333
f 4251 4334 4333
f 4251 4252 4334
f 4252 4335 4334
f 4252 4253 4335
f 4253 4336 4335
f 4255 4256 4339
f 4257 4258 4340
f 4258 4341 4340
f 4258 4259 4341
f 4259 4342 4341
f 4259 4260 4342
f 4260 4343 4342
f 4260 4261 4343
f 4261 4344 4343
f 4261 4262 4344
f 4262 4345 4344
f 4262 4263 4345
f 4263 4346 4345
f 4263 4264 4346
f 4264 4347 4346
f 4264 4265 4347
f 4265 4348 4347
f 4265 4266 4348
f 4266 4349 4348
f 4266 4267 4349
f 4267 4350 4349
f 4267 4268 4350
f 4268 4351 4350
f 4268 4269 4351
f 4269 4352 4351
f 4269 4270 4352
f 4270 4353 4352
f 4270 4271 4353
f 4271 4354 4353
f 4271 4272 4354
f 4272 4355 4354
f 4272 4273 4355
f 4273 4356 4355
f 4273 4274 4356
f 4274 4357 4356
f 4274 4275 4357
f 4275 4358 4357
f 4275 4276 4358
f 4276 4359 4358
f 4276 4277 4359
f 4277 4360 4359
f 4277 4278 4360
f 4278 4361 4360
f 4278 4279 4361
f 4279 4362 4361
f 4279 4280 4362
f 4280 4363 4362
f 4280 4281 4363
f 4281 4364 4363
f 4281 4282 4364
f 4282 4365 4364
f 4282 4283 4365
f 4283 4366 4365
f 4283 4284 4366
f 4284 4367 4366
f 4284 4285 4367
f 4285 4368 4367
f 4285 4286 4368
f 4286 4369 4368
f 4286 4287 4369
f 4287 4370 4369
f 4287 4288 4370
f 4288 4371 4370
f 4288 4289 4371
f 4289 4372 4371
f 4289 4290 4372
f 4290 4373 4372
f 4290 4291 4373
f 4291 4374 4373
f 4291 4292 4374
f 4292 4375 4374
f 4292 4293 4375
f 4293 4376 4375
f 4293 4294 4376
f 4294 4377 4376
f 4294 4295 4377
f 4295 4378 4377
f 4295 4296 4378
f 4296 4379 4378
f 4296 4297 4379
f 4297 4380 4379
f 4297 4298 4380
f 4298 4381 4380
f 4298 4299 4381
f 4299 4382 4381
f 4299 4300 4382
f 4300 4383 4382
f 4301 4302 4384
f 4302 4385 4384
f 4302 4303 4385
f 4303 4386 4385
f 4303 4304 4386
f 4304 4387 4386
f 4304 4305 4387
f 4305 4388 4387
f 4305 4306 4388
f 4306 4389 4388
f 4306 4307 4389
f 4307 4390 4389
f 4307 4308 4390
f 4308 4391 4390
f 4308 4309 4391
f 4309 4392 4391
f 4309 4310 4392
f 4310 4393 4392
f 4310 4311 4393
f 4311 4394 4393
f 4311 4312 4394
f 4312 4395 4394
f 4312 4313 4395
f 4313 4396 4395
f 4313 4314 4396
f 4314 4397 4396
f 4314 4315 4397
f 4315 4398 4397
f 4315 4316 4398
f 4316 4399 4398
f 4316 4317 4399
f 4317 4400 4399
f 4317 4318 4400
f 4318 4401 4400
f 4318 4319 4401
f 4319 4402 4401
f 4319 4320 4402
f 4320 4403 4402
f 4320 4321 4403
f 4321 4404 4403
f 4321 4322 4404
f 4322 4405 4404
f 4322 4323 4405
f 4323 4406 4405
f 4323 4324 4406
f 4324 4407 4406
f 4324 4325 4407
f 4325 4408 4407
f 4325 4326 4408
f 4326 4409 4408
f 4326 4327 4409
f 4327 4410 4409
f 4327 4328 4410
f 4328 4411 4410
f 4328 4329 4411
f 4329 4412 4411
f 4329 4330 4412
f 4330 4413 4412
f 4330 4331 4413
f 4331 4414 4413
f 4331 4332 4414
f 4332 4415 4414
f 4332 4333 4415
f 4333 4416 4415
f 4333 4334 4416
f 4334 4417 4416
f 4334 4335 4417
f 4335 4418 4417
f 4335 4336 4418
f 4340 4341 4422
f 4341 4423 4422
f 4341 4342 4423
f 4343 4344 4424
f 4344 4425 4424
f 4344 4345 4425
f 4345 4426 4425
f 4345 4346 4426
f 4346 4427 4426
f 4346 4347 4427
f 4347 4428 4427
f 4347 4348 4428
f 4348 4429 4428
f 4348 4349 4429
f 4349 4430 4429
f 4349 4350 4430
f 4350 4431 4430
f 4350 4351 4431
f 4351 4432 4431
f 4351 4352 4432
f 4352 4433 4432
f 4352 4353 4433
f 4353 4434 4433
f 4353 4354 4434
f 4354 4435 4434
f 4354 4355 4435
f 4355 4436 4435
f 4355 4356 4436
f 4356 4437 4436
f 4356 4357 4437
f 4357 4438 4437
f 4357 4358 4438
f 4358 4439 4438
f 4358 4359 4439
f 4359 4440 4439
f 4359 4360 4440
f 4360 4441 4440
f 4360 4361 4441
f 4361 4442 4441
f 4361 4362 4442
f 4362 4443 4442
f 4362 4363 4443
f 4363 4444 4443
f 4363 4364 4444
f 4364 4445 4444
f 4364 4365 4445
f 4365 4446 4445
f 4365 4366 4446
f 4366 4447 4446
f 4366 4367 4447
f 4367 4448 4447
f 4367 4368 4448
f 4368 4449 4448
f 4368 4369 4449
f 4369 4450 4449
f 4369 4370 4450
f 4370 4451 4450
f 4370 4371 4451
f 4371 4452 4451
f 4371 4372 4452
f 4372 4453 4452
f 4372 4373 4453
f 4373 4454 4453
f 4373 4374 4454
f 4374 4455 4454
f 4374 4375 4455
f 4375 4456 4455
f 4375 4376 4456
f 4376 4457 4456
f 4376 4377 4457
f 4377 4458 4457
f 4377 4378 4458
f 4378 4459 4458
f 4378 4379 4459
f 4379 4460 4459
f 4379 4380 4460
f 4380 4461 4460
f 4380 4381 4461
f 4381 4462 4461
f 4381 4382 4462
f 4382 4463 4462
f 4382 4383 4463
f 4383 4464 4463
f 4385 4386 4466
f 4386 4467 4466
f 4386 4387 4467
f 4387 4468 4467
f 4387 4388 4468
f 4388 4469 4468
f 4388 4389 4469
f 4389 4470 4469
f 4389 4390 4470
f 4390 4471 4470
f 4390 4391 4471
f 4391 4472 4471
f 4391 4392 4472
f 4392 4473 4472
f 4392 4393 4473
f 4393 4474 4473
f 4393 4394 4474
f 4394 4475 4474
f 4394 4395 4475
f 4395 4476 4475
f 4395 4396 4476
f 4396 4477 4476
f 4396 4397 4477
f 4397 4478 4477
f 4397 4398 4478
f 4398 4479 4478
f 4398 4399 4479
f 4399 4480 4479
f 4399 4400 4480
f 4400 4481 4480
f 4400 4401 4481
f 4401 4482 4481
f 4401 4402 4482
f 4402 4483 4482
f 4402 4403 4483
f 4403 4484 4483
f 4403 4404 4484
f 4404 4485 4484
f 4404 4405 4485
f 4405 4486 4485
f 4405 4406 4486
f 4406 4487 4486
f 4406 4407 4487
f 4407 4488 4487
f 4407 4408 4488
f 4408 4489 4488
f 4408 4409 4489
f 4409 4490 4489
f 4409 4410 4490
f 4410 4491 4490
f 4410 4411 4491
f 4411 4492 4491
f 4411 4412 4492
f 4412 4493 4492
f 4412 4413 4493
f 4413 4494 4493
f 4413 4414 4494
f 4414 4495 4494
f 4414 4415 4495
f 4415 4496 4495
f 4415 4416 4496
f 4416 4497 4496
f 4416 4417 4497
f 4417 4498 4497
f 4417 4418 4498
f 4418 4499 4498
f 4424 4425 4502
f 4425 4503 4502
f 4425 4426 4503
f 4426 4504 4503
f 4426 4427 4504
f 4427 4505 4504
f 4427 4428 4505
f 4428 4506 4505
f 4428 4429 4506
f 4429 4507 4506
f 4429 4430 4507
f 4430 4508 4507
f 4430 4431 4508
f 4431 4509 4508
f 4431 4432 4509
f 4432 4510 4509
f 4432 4433 4510
f 4433 4511 4510
f 4433 4434 4511
f 4434 4512 4511
f 4434 4435 4512
f 4435 4513 4512
f 4435 4436 4513
f 4436 4514 4513
f 4436 4437 4514
f 4437 4515 4514
f 4437 4438 4515
f 4438 4516 4515
f 4438 4439 4516
f 4439 4517 4516
f 4439 4440 4517
f 4440 4518 4517
f 4440 4441 4518
f 4441 4519 4518
f 4441 4442 4519
f 4442 4520 4519
f 4442 4443 4520
f 4443 4521 4520
f 4443 4444 4521
f 4444 4522 4521
f 4444 4445 4522
f 4445 4523 4522
f 4445 4446 4523
f 4446 4524 4523
f 4446 4447 4524
f 4447 4525 4524
f 4447 4448 4525
f 4448 4526 4525
f 4448 4449 4526
f 4449 4527 4526
f 4449 4450 4527
f 4450 4528 4527
f 4450 4451 4528
f 4451 4529 4528
f 4451 4452 4529
f 4452 4530 4529
f 4452 4453 4530
f 4453 4531 4530
f 4453 4454 4531
f 4454 4532 4531
f 4454 4455 4532
f 4455 4533 4532
f 4455 4456 4533
f 4456 4534 4533
f 4456 4457 4534
f 4457 4535 4534
f 4457 4458 4535
f 4458 4536 4535
f 4458 4459 4536
f 4459 4537 4536
f 4459 4460 4537
f 4460 4538 4537
f 4460 4461 4538
f 4461 4539 4538
f 4461 4462 4539
f 4462 4540 4539
f 4462 4463 4540
f 4463 4541 4540
f 4463 4464 4541
f 4464 4542 4541
f 4464 4465 4542
f 4465 4543 4542
f 4466 4467 4545
f 4467 4546 4545
f 4467 4468 4546
f 4468 4547 4546
f 4468 4469 4547
f 4469 4548 4547
f 4469 4470 4548
f 4470 4549 4548
f 4470 4471 4549
f 4471 4550 4549
f 4471 4472 4550
f 4472 4551 4550
f 4472 4473 4551
f 4473 4552 4551
f 4473 4474 4552
f 4474 4553 4552
f 4474 4475 4553
f 4475 4554 4553
f 4475 4476 4554
f 4476 4555 4554
f 4476 4477 4555
f 4477 4556 4555
f 4477 4478 4556
f 4478 4557 4556
f 4478 4479 4557
f 4479 4558 4557
f 4479 4480 4558
f 4480 4559 4558
f 4480 4481 4559
f 4481 4560 4559
f 4481 4482 4560
f 4482 4561 4560
f 4482 4483 4561
f 4483 4562 4561
f 4483 4484 4562
f 4484 4563 4562
f 4484 4485 4563
f 4485 4564 4563
f 4485 4486 4564
f 4486 4565 4564
f 4486 4487 4565
f 4487 4566 4565
f 4487 4488 4566
f 4488 4567 4566
f 4488 4489 4567
f 4489 4568 4567
f 4489 4490 4568
f 4490 4569 4568
f 4490 4491 4569
f 4491 4570 4569
f 4491 4492 4570
f 4492 4571 4570
f 4492 4493 4571
f 4493 4572 4571
f 4493 4494 4572
f 4494 4573 4572
f 4494 4495 4573
f 4495 4574 4573
f 4495 4496 4574
f 4496 4575 4574
f 4496 4497 4575
f 4497 4576 4575
f 4497 4498 4576
f 4498 4577 4576
f 4498 4499 4577
f 4499 4578 4577
f 4503 4504 4580
f 4504 4581 4580
f 4504 4505 4581
f 4505 4582 4581
f 4505 4506 4582
f 4506 4583 4582
f 4506 4507 4583
f 4507 4584 4583
f 4507 4508 4584
f 4508 4585 4584
f 4508 4509 4585
f 4509 4586 4585
f 4509 4510 4586
f 4510 4587 4586
f 4510 4511 4587
f 4511 4588 4587
f 4511 4512 4588
f 4512 4589 4588
f 4512 4513 4589
f 4513 4590 4589
f 4513 4514 4590
f 4514 4591 4590
f 4514 4515 4591
f 4515 4592 4591
f 4515 4516 4592
f 4516 4593 4592
f 4516 4517 4593
f 4517 4594 4593
f 4517 4518 4594
f 4518 4595 4594
f 4518 4519 4595
f 4519 4596 4595
f 4519 4520 4596
f 4520 4597 4596
f 4520 4521 4597
f 4521 4598 4597
f 4521 4522 4598
f 4522 4599 4598
f 4522 4523 4599
f 4523 4600 4599
f 4523 4524 4600
f 4524 4601 4600
f 4524 4525 4601
f 4525 4602 4601
f 4525 4526 4602
f 4526 4603 4602
f 4526 4527 4603
f 4527 4604 4603
f 4527 4528 4604
f 4528 4605 4604
f 4528 4529 4605
f 4529 4606 4605
f 4529 4530 4606
f 4530 4607 4606
f 4530 4531 4607
f 4531 4608 4607
f 4531 4532 4608
f 4532 4609 4608
f 4532 4533 4609
f 4533 4610 4609
f 4533 4534 4610
f 4534 4611 4610
f 4534 4535 4611
f 4535 4612 4611
f 4535 4536 4612
f 4536 4613 4612
f 4536 4537 4613
f 4537 4614 4613
f 4537 4538 4614
f 4538 4615 4614
f 4538 4539 4615
f 4539 4616 4615
f 4539 4540 4616
f 4540 4617 4616
f 4540 4541 4617
f 4541 4618 4617
f 4541 4542 4618
f 4542 4619 4618
f 4542 4543 4619
f 4543 4620 4619
f 4543 4544 4620
f 4544 4621 4620
f 4546 4547 4623
f 4547 4624 4623
f 4547 4548 4624
f 4548 4625 4624
f 4548 4549 4625
f 4549 4626 4625
f 4549 4550 4626
f 4550 4627 4626
f 4550 4551 4627
f 4551 4628 4627
f 4551 4552 4628
f 4552 4629 4628
f 4552 4553 4629
f 4553 4630 4629
f 4553 4554 4630
f 4554 4631 4630
f 4554 4555 4631
f 4555 4632 4631
f 4555 4556 4632
f 4556 4633 4632
f 4556 4557 4633
f 4557 4634 4633
f 4557 4558 4634
f 4558 4635 4634
f 4558 4559 4635
f 4559 4636 4635
f 4559 4560 4636
f 4560 4637 4636
f 4560 4561 4637
f 4561 4638 4637
f 4561 4562 4638
f 4562 4639 4638
f 4562 4563 4639
f 4563 4640 4639
f 4563 4564 4640
f 4564 4641 4640
f 4564 4565 4641
f 4565 4642 4641
f 4565 4566 4642
f 4566 4643 4642
f 4566 4567 4643
f 4567 4644 4643
f 4567 4568 4644
f 4568 4645 4644
f 4568 4569 4645
f 4569 4646 4645
f 4569 4570 4646
f 4570 4647 4646
f 4570 4571 4647
f 4571 4648 4647
f 4571 4572 4648
f 4572 4649 4648
f 4572 4573 4649
f 4573 4650 4649
f 4573 4574 4650
f 4574 4651 4650
f 4574 4575 4651
f 4575 4652 4651
f 4575 4576 4652
f 4576 4653 4652
f 4576 4577 4653
f 4577 4654 4653
f 4577 4578 4654
f 4578 4655 4654
f 4581 4582 4656
f 4582 4657 4656
f 4582 4583 4657
f 4584 4585 4658
f 4585 4659 4658
f 4585 4586 4659
f 4586 4660 4659
f 4586 4587 4660
f 4587 4661 4660
f 4587 4588 4661
f 4588 4662 4661
f 4588 4589 4662
f 4589 4663 4662
f 4589 4590 4663
f 4590 4664 4663
f 4590 4591 4664
f 4591 4665 4664
f 4591 4592 4665
f 4592 4666 4665
f 4592 4593 4666
f 4593 4667 4666
f 4593 4594 4667
f 4594 4668 4667
f 4594 4595 4668
f 4595 4669 4668
f 4595 4596 4669
f 4596 4670 4669
f 4596 4597 4670
f 4597 4671 4670
f 4597 4598 4671
f 4598 4672 4671
f 4598 4599 4672
f 4599 4673 4672
f 4599 4600 4673
f 4600 4674 4673
f 4600 4601 4674
f 4601 4675 4674
f 4601 4602 4675
f 4602 4676 4675
f 4602 4603 4676
f 4603 4677 4676
f 4603 4604 4677
f 4604 4678 4677
f 4604 4605 4678
f 4605 4679 4678
f 4605 4606 4679
f 4606 4680 4679
f 4606 4607 4680
f 4607 4681 4680
f 4607 4608 4681
f 4608 4682 4681
f 4608 4609 4682
f 4609 4683 4682
f 4609 4610 4683
f 4610 4684 4683
f 4610 4611 4684
f 4611 4685 4684
f 4611 4612 4685
f 4612 4686 4685
f 4612 4613 4686
f 4613 4687 4686
f 4613 4614 4687
f 4614 4688 4687
f 4614 4615 4688
f 4615 4689 4688
f 4615 4616 4689
f 4616 4690 4689
f 4616 4617 4690
f 4617 4691 4690
f 4617 4618 4691
f 4618 4692 4691
f 4618 4619 4692
f 4619 4693 4692
f 4619 4620 4693
f 4620 4694 4693
f 4620 4621 4694
f 4621 4695 4694
f 4621 4622 4695
f 4622 4696 4695
f 4623 4624 4697
f 4624 4698 4697
f 4624 4625 4698
f 4625 4699 4698
f 4625 4626 4699
f 4626 4700 4699
f 4626 4627 4700
f 4627 4701 4700
f 4627 4628 4701
f 4628 4702 4701
f 4628 4629 4702
f 4629 4703 4702
f 4629 4630 4703
f 4630 4704 4703
f 4630 4631 4704
f 4631 4705 4704
f 4631 4632 4705
f 4632 4706 4705
f 4632 4633 4706
f 4633 4707 4706
f 4633 4634 4707
f 4634 4708 4707
f 4634 4635 4708
f 4635 4709 4708
f 4635 4636 4709
f 4636 4710 4709
f 4636 4637 4710
f 4637 4711 4710
f 4637 4638 4711
f 4638 4712 4711
f 4638 4639 4712
f 4639 4713 4712
f 4639 4640 4713
f 4640 4714 4713
f 4640 4641 4714
f 4641 4715 4714
f 4641 4642 4715
f 4642 4716 4715
f 4642 4643 4716
f 4643 4717 4716
f 4643 4644 4717
f 4644 4718 4717
f 4644 4645 4718
f 4645 4719 4718
f 4645 4646 4719
f 4646 4720 4719
f 4646 4647 4720
f 4647 4721 4720
f 4647 4648 4721
f 4649 4650 4722
f 4650 4723 4722
f 4650 4651 4723
f 4651 4724 4723
f 4651 4652 4724
f 4652 4725 4724
f 4652 4653 4725
f 4653 4726 4725
f 4653 4654 4726
f 4654 4727 4726
f 4654 4655 4727
f 4659 4660 4728
f 4660 4729 4728
f 4660 4661 4729
f 4661 4730 4729
f 4661 4662 4730
f 4662 4731 4730
f 4662 4663 4731
f 4663 4732 4731
f 4663 4664 4732
f 4664 4733 4732
f 4664 4665 4733
f 4665 4734 4733
f 4665 4666 4734
f 4666 4735 4734
f 4666 4667 4735
f 4667 4736 4735
f 4667 4668 4736
f 4668 4737 4736
f 4668 4669 4737
f 4669 4738 4737
f 4669 4670 4738
f 4670 4739 4738
f 4670 4671 4739
f 4671 4740 4739
f 4671 4672 4740
f 4672 4741 4740
f 4672 4673 4741
f 4673 4742 4741
f 4673 4674 4742
f 4674 4743 4742
f 4674 4675 4743
f 4675 4744 4743
f 4675 4676 4744
f 4676 4745 4744
f 4676 4677 4745
f 4677 4746 4745
f 4677 4678 4746
f 4678 4747 4746
f 4678 4679 4747
f 4679 4748 4747
f 4679 4680 4748
f 4680 4749 4748
f 4680 4681 4749
f 4681 4750 4749
f 4681 4682 4750
f 4682 4751 4750
f 4682 4683 4751
f 4683 4752 4751
f 4683 4684 4752
f 4684 4753 4752
f 4684 4685 4753
f 4685 4754 4753
f 4685 4686 4754
f 4686 4755 4754
f 4686 4687 4755
f 4687 4756 4755
f 4687 4688 4756
f 4688 4757 4756
f 4688 4689 4757
f 4689 4758 4757
f 4689 4690 4758
f 4690 4759 4758
f 4690 4691 4759
f 4691 4760 4759
f 4691 4692 4760
f 4692 4761 4760
f 4692 4693 4761
f 4693 4762 4761
f 4693 4694 4762
f 4694 4763 4762
f 4694 4695 4763
f 4695 4764 4763
f 4695 4696 4764
f 4696 4765 4764
f 4699 4700 4768
f 4700 4769 4768
f 4700 4701 4769
f 4701 4770 4769
f 4701 4702 4770
f 4702 4771 4770
f 4702 4703 4771
f 4703 4772 4771
f 4703 4704 4772
f 4704 4773 4772
f 4704 4705 4773
f 4705 4774 4773
f 4705 4706 4774
f 4706 4775 4774
f 4706 4707 4775
f 4707 4776 4775
f 4707 4708 4776
f 4708 4777 4776
f 4708 4709 4777
f 4709 4778 4777
f 4709 4710 4778
f 4710 4779 4778
f 4710 4711 4779
f 4711 4780 4779
f 4711 4712 4780
f 4712 4781 4780
f 4712 4713 4781
f 4713 4782 4781
f 4713 4714 4782
f 4714 4783 4782
f 4714 4715 4783
f 4715 4784 4783
f 4715 4716 4784
f 4716 4785 4784
f 4716 4717 4785
f 4717 4786 4785
f 4717 4718 4786
f 4718 4787 4786
f 4718 4719 4787
f 4719 4788 4787
f 4719 4720 4788
f 4720 4789 4788
f 4720 4721 4789
f 4722 4791 4790
f 4722 4723 4791
f 4723 4792 4791
f 4723 4724 4792
f 4724 4793 4792
f 4724 4725 4793
f 4725 4794 4793
f 4725 4726 4794
f 4729 4730 4801
f 4730 4802 4801
f 4730 4731 4802
f 4731 4803 4802
f 4731 4732 4803
f 4732 4804 4803
f 4732 4733 4804
f 4733 4805 4804
f 4733 4734 4805
f 4734 4806 4805
f 4734 4735 4806
f 4735 4807 4806
f 4735 4736 4807
f 4736 4808 4807
f 4736 4737 4808
f 4737 4809 4808
f 4737 4738 4809
f 4738 4810 4809
f 4738 4739 4810
f 4739 4811 4810
f 4739 4740 4811
f 4740 4812 4811
f 4740 4741 4812
f 4741 4813 4812
f 4741 4742 4813
f 4742 4814 4813
f 4742 4743 4814
f 4743 4815 4814
f 4743 4744 4815
f 4744 4816 4815
f 4744 4745 4816
f 4745 4817 4816
f 4745 4746 4817
f 4746 4818 4817
f 4746 4747 4818
f 4747 4819 4818
f 4747 4748 4819
f 4748 4820 4819
f 4748 4749 4820
f 4749 4821 4820
f 4749 4750 4821
f 4750 4822 4821
f 4750 4751 4822
f 4751 4823 4822
f 4751 4752 4823
f 4752 4824 4823
f 4752 4753 4824
f 4753 4825 4824
f 4753 4754 4825
f 4754 4826 4825
f 4754 4755 4826
f 4755 4827 4826
f 4755 4756 4827
f 4756 4828 4827
f 4756 4757 4828
f 4757 4829 4828
f 4757 4758 4829
f 4758 4830 4829
f 4758 4759 4830
f 4759 4831 4830
f 4759 4760 4831
f 4760 4832 4831
f 4760 4761 4832
f 4761 4833 4832
f 4761 4762 4833
f 4762 4834 4833
f 4762 4763 4834
f 4763 4835 4834
f 4763 4764 4835
f 4764 4836 4835
f 4764 4765 4836
f 4765 4837 4836
f 4765 4766 4837
f 4766 4838 4837
f 4766 4767 4838
f 4767 4839 4838
f 4768 4769 4841
f 4769 4842 4841
f 4769 4770 4842
f 4770 4843 4842
f 4770 4771 4843
f 4771 4844 4843
f 4771 4772 4844
f 4772 4845 4844
f 4772 4773 4845
f 4773 4846 4845
f 4773 4774 4846
f 4774 4847 4846
f 4774 4775 4847
f 4775 4848 4847
f 4775 4776 4848
f 4776 4849 4848
f 4776 4777 4849
f 4777 4850 4849
f 4777 4778 4850
f 4778 4851 4850
f 4778 4779 4851
f 4779 4852 4851
f 4779 4780 4852
f 4780 4853 4852
f 4780 4781 4853
f 4781 4854 4853
f 4781 4782 4854
f 4782 4855 4854
f 4782 4783 4855
f 4783 4856 4855
f 4783 4784 4856
f 4784 4857 4856
f 4784 4785 4857
f 4785 4858 4857
f 4785 4786 4858
f 4786 4859 4858
f 4786 4787 4859
f 4787 4860 4859
f 4787 4788 4860
f 4788 4861 4860
f 4788 4789 4861
f 4789 4862 4861
f 4790 4864 4863
f 4790 4791 4864
f 4791 4865 4864
f 4791 4792 4865
f 4792 4866 4865
f 4792 4793 4866
f 4793 4867 4866
f 4793 4794 4867
f 4794 4868 4867
f 4796 4797 4869
f 4797 4870 4869
f 4797 4798 4870
f 4798 4871 4870
f 4798 4799 4871
f 4799 4872 4871
f 4799 4800 4872
f 4800 4873 4872
f 4806 4807 4877
f 4807 4878 4877
f 4807 4808 4878
f 4808 4879 4878
f 4808 4809 4879
f 4809 4880 4879
f 4809 4810 4880
f 4810 4881 4880
f 4810 4811 4881
f 4811 4882 4881
f 4811 4812 4882
f 4812 4883 4882
f 4812 4813 4883
f 4813 4884 4883
f 4813 4814 4884
f 4814 4885 4884
f 4814 4815 4885
f 4815 4886 4885
f 4815 4816 4886
f 4816 4887 4886
f 4816 4817 4887
f 4817 4888 4887
f 4817 4818 4888
f 4818 4889 4888
f 4818 4819 4889
f 4819 4890 4889
f 4819 4820 4890
f 4820 4891 4890
f 4820 4821 4891
f 4821 4892 4891
f 4821 4822 4892
f 4822 4893 4892
f 4822 4823 4893
f 4823 4894 4893
f 4823 4824 4894
f 4824 4895 4894
f 4824 4825 4895
f 4825 4896 4895
f 4825 4826 4896
f 4826 4897 4896
f 4826 4827 4897
f 4827 4898 4897
f 4827 4828 4898
f 4828 4899 4898
f 4828 4829 4899
f 4829 4900 4899
f 4829 4830 4900
f 4830 4901 4900
f 4830 4831 4901
f 4831 4902 4901
f 4831 4832 4902
f 4832 4903 4902
f 4832 4833 4903
f 4833 4904 4903
f 4833 4834 4904
f 4834 4905 4904
f 4834 4835 4905
f 4835 4906 4905
f 4835 4836 4906
f 4836 4907 4906
f 4836 4837 4907
f 4837 4908 4907
f 4837 4838 4908
f 4838 4909 4908
f 4838 4839 4909
f 4839 4910 4909
f 4839 4840 4910
f 4840 4911 4910
f 4842 4843 4913
f 4843 4914 4913
f 4843 4844 4914
f 4844 4915 4914
f 4844 4845 4915
f 4845 4916 4915
f 4845 4846 4916
f 4846 4917 4916
f 4846 4847 4917
f 4847 4918 4917
f 4847 4848 4918
f 4848 4919 4918
f 4848 4849 4919
f 4849 4920 4919
f 4849 4850 4920
f 4850 4921 4920
f 4850 4851 4921
f 4851 4922 4921
f 4851 4852 4922
f 4852 4923 4922
f 4852 4853 4923
f 4853 4924 4923
f 4853 4854 4924
f 4854 4925 4924
f 4854 4855 4925
f 4855 4926 4925
f 4855 4856 4926
f 4856 4927 4926
f 4856 4857 4927
f 4857 4928 4927
f 4857 4858 4928
f 4858 4929 4928
f 4858 4859 4929
f 4859 4930 4929
f 4859 4860 4930
f 4860 4931 4930
f 4860 4861 4931
f 4861 4932 4931
f 4861 4862 4932
f 4862 4933 4932
f 4862 4863 4933
f 4863 4934 4933
f 4863 4864 4934
f 4864 4935 4934
f 4864 4865 4935
f 4865 4936 4935
f 4865 4866 4936
f 4866 4937 4936
f 4866 4867 4937
f 4867 4938 4937
f 4867 4868 4938
f 4870 4871 4940
f 4871 4941 4940
f 4871 4872 4941
f 4872 4942 4941
f 4872 4873 4942
f 4873 4943 4942
f 4873 4874 4943
f 4874 4944 4943
f 4874 4875 4944
f 4875 4945 4944
f 4875 4876 4945
f 4876 4946 4945
f 4878 4879 4949
f 4879 4950 4949
f 4879 4880 4950
f 4880 4951 4950
f 4880 4881 4951
f 4881 4952 4951
f 4881 4882 4952
f 4882 4953 4952
f 4882 4883 4953
f 4883 4954 4953
f 4883 4884 4954
f 4884 4955 4954
f 4884 4885 4955
f 4885 4956 4955
f 4885 4886 4956
f 4886 4957 4956
f 4886 4887 4957
f 4887 4958 4957
f 4887 4888 4958
f 4888 4959 4958
f 4888 4889 4959
f 4889 4960 4959
f 4889 4890 4960
f 4890 4961 4960
f 4890 4891 4961
f 4891 4962 4961
f 4891 4892 4962
f 4892 4963 4962
f 4892 4893 4963
f 4893 4964 4963
f 4893 4894 4964
f 4894 4965 4964
f 4894 4895 4965
f 4895 4966 4965
f 4895 4896 4966
f 4896 4967 4966
f 4896 4897 4967
f 4897 4968 4967
f 4897 4898 4968
f 4898 4969 4968
f 4898 4899 4969
f 4899 4970 4969
f 4899 4900 4970
f 4900 4971 4970
f 4900 4901 4971
f 4901 4972 4971
f 4901 4902 4972
f 4902 4973 4972
f 4902 4903 4973
f 4903 4974 4973
f 4903 4904 4974
f 4904 4975 4974
f 4904 4905 4975
f 4905 4976 4975
f 4905 4906 4976
f 4906 4977 4976
f 4906 4907 4977
f 4907 4978 4977
f 4907 4908 4978
f 4908 4979 4978
f 4908 4909 4979
f 4909 4980 4979
f 4909 4910 4980
f 4910 4981 4980
f 4910 4911 4981
f 4911 4982 4981
f 4911 4912 4982
f 4912 4983 4982
f 4913 4988 4987
f 4913 4914 4988
f 4914 4989 4988
f 4914 4915 4989
f 4915 4990 4989
f 4915 4916 4990
f 4916 4991 4990
f 4916 4917 4991
f 4917 4992 4991
f 4917 4918 4992
f 4918 4993 4992
f 4918 4919 4993
f 4919 4994 4993
f 4919 4920 4994
f 4920 4995 4994
f 4920 4921 4995
f 4921 4996 4995
f 4921 4922 4996
f 4922 4997 4996
f 4922 4923 4997
f 4923 4998 4997
f 4923 4924 4998
f 4924 4999 4998
f 4924 4925 4999
f 4925 5000 4999
f 4925 4926 5000
f 4926 5001 5000
f 4926 4927 5001
f 4927 5002 5001
f 4927 4928 5002
f 4928 5003 5002
f 4928 4929 5003
f 4929 5004 5003
f 4929 4930 5004
f 4930 5005 5004
f 4930 4931 5005
f 4931 5006 5005
f 4931 4932 5006
f 4932 5007 5006
f 4932 4933 5007
f 4933 5008 5007
f 4933 4934 5008
f 4934 5009 5008
f 4934 4935 5009
f 4935 5010 5009
f 4935 4936 5010
f 4936 5011 5010
f 4936 4937 5011
f 4937 5012 5011
f 4937 4938 5012
f 4940 4941 5018
f 4941 5019 5018
f 4941 4942 5019
f 4942 5020 5019
f 4942 4943 5020
f 4943 5021 5020
f 4943 4944 5021
f 4944 5022 5021
f 4944 4945 5022
f 4945 5023 5022
f 4945 4946 5023
f 4946 5024 5023
f 4946 4947 5024
f 4947 5025 5024
f 4947 4948 5025
f 4948 5026 5025
f 4950 4951 5031
f 4951 5032 5031
f 4951 4952 5032
f 4952 5033 5032
f 4952 4953 5033
f 4953 5034 5033
f 4953 4954 5034
f 4954 5035 5034
f 4954 4955 5035
f 4955 5036 5035
f 4955 4956 5036
f 4956 5037 5036
f 4956 4957 5037
f 4957 5038 5037
f 4957 4958 5038
f 4958 5039 5038
f 4958 4959 5039
f 4959 5040 5039
f 4959 4960 5040
f 4960 5041 5040
f 4960 4961 5041
f 4961 5042 5041
f 4961 4962 5042
f 4962 5043 5042
f 4962 4963 5043
f 4963 5044 5043
f 4963 4964 5044
f 4964 5045 5044
f 4964 4965 5045
f 4965 5046 5045
f 4965 4966 5046
f 4968 4969 5047
f 4969 5048 5047
f 4969 4970 5048
f 4970 5049 5048
f 4970 4971 5049
f 4971 5050 5049
f 4971 4972 5050
f 4972 5051 5050
f 4972 4973 5051
f 4973 5052 5051
f 4973 4974 5052
f 4974 5053 5052
f 4974 4975 5053
f 4975 5054 5053
f 4975 4976 5054
f 4976 5055 5054
f 4976 4977 5055
f 4977 5056 5055
f 4977 4978 5056
f 4978 5057 5056
f 4978 4979 5057
f 4979 5058 5057
f 4979 4980 5058
f 4980 5059 5058
f 4980 4981 5059
f 4981 5060 5059
f 4981 4982 5060
f 4982 5061 5060
f 4982 4983 5061
f 4983 5062 5061
f 4983 4984 5062
f 4984 5063 5062
f 4984 4985 5063
f 4985 5064 5063
f 4985 4986 5064
f 4986 5065 5064
f 4991 4992 5078
f 4992 5079 5078
f 4992 4993 5079
f 4993 5080 5079
f 4993 4994 5080
f 4994 5081 5080
f 4994 4995 5081
f 4995 5082 5081
f 4995 4996 5082
f 4996 5083 5082
f 4996 4997 5083
f 4997 5084 5083
f 4997 4998 5084
f 4998 5085 5084
f 4998 4999 5085
f 4999 5086 5085
f 4999 5000 5086
f 5000 5087 5086
f 5000 5001 5087
f 5001 5088 5087
f 5001 5002 5088
f 5002 5089 5088
f 5002 5003 5089
f 5003 5090 5089
f 5003 5004 5090
f 5004 5091 5090
f 5004 5005 5091
f 5005 5092 5091
f 5005 5006 5092
f 5006 5093 5092
f 5006 5007 5093
f 5007 5094 5093
f 5007 5008 5094
f 5008 5095 5094
f 5008 5009 5095
f 5009 5096 5095
f 5009 5010 5096
f 5010 5097 5096
f 5010 5011 5097
f 5011 5098 5097
f 5011 5012 5098
f 5012 5099 5098
f 5014 5015 5100
f 5015 5101 5100
f 5015 5016 5101
f 5017 5103 5102
f 5019 5020 5105
f 5020 5106 5105
f 5020 5021 5106
f 5021 5107 5106
f 5021 5022 5107
f 5022 5108 5107
f 5022 5023 5108
f 5023 5109 5108
f 5023 5024 5109
f 5024 5110 5109
f 5024 5025 5110
f 5025 5111 5110
f 5025 5026 5111
f 5026 5112 5111
f 5026 5027 5112
f 5027 5113 5112
f 5027 5028 5113
f 5028 5114 5113
f 5028 5029 5114
f 5029 5115 5114
f 5029 5030 5115
f 5030 5116 5115
f 5031 5129 5128
f 5031 5032 5129
f 5032 5130 5129
f 5032 5033 5130
f 5033 5131 5130
f 5033 5034 5131
f 5034 5132 5131
f 5034 5035 5132
f 5037 5038 5133
f 5038 5134 5133
f 5038 5039 5134
f 5039 5135 5134
f 5039 5040 5135
f 5040 5136 5135
f 5040 5041 5136
f 5041 5137 5136
f 5041 5042 5137
f 5042 5138 5137
f 5042 5043 5138
f 5043 5139 5138
f 5043 5044 5139
f 5044 5140 5139
f 5044 5045 5140
f 5045 5141 5140
f 5045 5046 5141
f 5046 5142 5141
f 5047 5145 5144
f 5047 5048 5145
f 5048 5146 5145
f 5048 5049 5146
f 5049 5147 5146
f 5049 5050 5147
f 5050 5148 5147
f 5050 5051 5148
f 5051 5149 5148
f 5051 5052 5149
f 5052 5150 5149
f 5052 5053 5150
f 5053 5151 5150
f 5053 5054 5151
f 5054 5152 5151
f 5054 5055 5152
f 5055 5153 5152
f 5055 5056 5153
f 5056 5154 5153
f 5056 5057 5154
f 5057 5155 5154
f 5057 5058 5155
f 5058 5156 5155
f 5058 5059 5156
f 5059 5157 5156
f 5059 5060 5157
f 5060 5158 5157
f 5060 5061 5158
f 5061 5159 5158
f 5061 5062 5159
f 5062 5160 5159
f 5062 5063 5160
f 5063 5161 5160
f 5063 5064 5161
f 5064 5162 5161
f 5064 5065 5162
f 5065 5163 5162
f 5065 5066 5163
f 5066 5164 5163
f 5066 5067 5164
f 5067 5165 5164
f 5067 5068 5165
f 5068 5166 5165
f 5068 5069 5166
f 5069 5167 5166
f 5069 5070 5167
f 5070 5168 5167
f 5070 5071 5168
f 5071 5169 5168
f 5071 5072 5169
f 5072 5170 5169
f 5072 5073 5170
f 5073 5171 5170
f 5073 5074 5171
f 5074 5172 5171
f 5074 5075 5172
f 5075 5173 5172
f 5075 5076 5173
f 5076 5174 5173
f 5076 5077 5174
f 5077 5175 5174
f 5078 5182 5181
f 5078 5079 5182
f 5079 5183 5182
f 5079 5080 5183
f 5080 5184 5183
f 5080 5081 5184
f 5081 5185 5184
f 5081 5082 5185
f 5082 5186 5185
f 5082 5083 5186
f 5083 5187 5186
f 5083 5084 5187
f 5084 5188 5187
f 5084 5085 5188
f 5085 5189 5188
f 5085 5086 5189
f 5086 5190 5189
f 5086 5087 5190
f 5087 5191 5190
f 5087 5088 5191
f 5088 5192 5191
f 5088 5089 5192
f 5089 5193 5192
f 5089 5090 5193
f 5090 5194 5193
f 5090 5091 5194
f 5091 5195 5194
f 5091 5092 5195
f 5092 5196 5195
f 5092 5093 5196
f 5093 5197 5196
f 5093 5094 5197
f 5094 5198 5197
f 5094 5095 5198
f 5095 5199 5198
f 5095 5096 5199
f 5096 5200 5199
f 5096 5097 5200
f 5097 5201 5200
f 5097 5098 5201
f 5104 5204 5203
f 5105 5106 5205
f 5106 5206 5205
f 5106 5107 5206
f 5108 5109 5207
f 5109 5208 5207
f 5109 5110 5208
f 5110 5209 5208
f 5110 5111 5209
f 5111 5210 5209
f 5111 5112 5210
f 5112 5211 5210
f 5112 5113 5211
f 5113 5212 5211
f 5113 5114 5212
f 5114 5213 5212
f 5114 5115 5213
f 5115 5214 5213
f 5115 5116 5214
f 5116 5215 5214
f 5116 5117 5215
f 5117 5216 5215
f 5117 5118 5216
f 5118 5217 5216
f 5118 5119 5217
f 5119 5218 5217
f 5119 5120 5218
f 5120 5219 5218
f 5120 5121 5219
f 5121 5220 5219
f 5121 5122 5220
f 5122 5221 5220
f 5122 5123 5221
f 5123 5222 5221
f 5123 5124 5222
f 5124 5223 5222
f 5124 5125 5223
f 5125 5224 5223
f 5125 5126 5224
f 5126 5225 5224
f 5126 5127 5225
f 5127 5226 5225
f 5127 5128 5226
f 5128 5227 5226
f 5128 5129 5227
f 5129 5228 5227
f 5129 5130 5228
f 5130 5229 5228
f 5130 5131 5229
f 5131 5230 5229
f 5131 5132 5230
f 5132 5231 5230
f 5134 5135 5234
f 5135 5235 5234
f 5135 5136 5235
f 5136 5236 5235
f 5136 5137 5236
f 5137 5237 5236
f 5137 5138 5237
f 5138 5238 5237
f 5138 5139 5238
f 5139 5239 5238
f 5139 5140 5239
f 5140 5240 5239
f 5140 5141 5240
f 5141 5241 5240
f 5141 5142 5241
f 5142 5242 5241
f 5142 5143 5242
f 5143 5243 5242
f 5143 5144 5243
f 5144 5244 5243
f 5144 5145 5244
f 5145 5245 5244
f 5145 5146 5245
f 5147 5148 5246
f 5148 5247 5246
f 5148 5149 5247
f 5149 5248 5247
f 5149 5150 5248
f 5150 5249 5248
f 5150 5151 5249
f 5151 5250 5249
f 5151 5152 5250
f 5152 5251 5250
f 5152 5153 5251
f 5153 5252 5251
f 5153 5154 5252
f 5154 5253 5252
f 5154 5155 5253
f 5155 5254 5253
f 5155 5156 5254
f 5156 5255 5254
f 5156 5157 5255
f 5157 5256 5255
f 5157 5158 5256
f 5158 5257 5256
f 5158 5159 5257
f 5159 5258 5257
f 5159 5160 5258
f 5160 5259 5258
f 5160 5161 5259
f 5161 5260 5259
f 5161 5162 5260
f 5162 5261 5260
f 5162 5163 5261
f 5163 5262 5261
f 5163 5164 5262
f 5164 5263 5262
f 5164 5165 5263
f 5165 5264 5263
f 5165 5166 5264
f 5166 5265 5264
f 5166 5167 5265
f 5167 5266 5265
f 5167 5168 5266
f 5168 5267 5266
f 5168 5169 5267
f 5169 5268 5267
f 5169 5170 5268
f 5170 5269 5268
f 5170 5171 5269
f 5171 5270 5269
f 5171 5172 5270
f 5172 5271 5270
f 5172 5173 5271
f 5173 5272 5271
f 5173 5174 5272
f 5174 5273 5272
f 5174 5175 5273
f 5175 5274 5273
f 5175 5176 5274
f 5176 5275 5274
f 5176 5177 5275
f 5177 5276 5275
f 5177 5178 5276
f 5178 5277 5276
f 5180 5181 5280
f 5181 5281 5280
f 5181 5182 5281
f 5182 5282 5281
f 5182 5183 5282
f 5183 5283 5282
f 5183 5184 5283
f 5184 5284 5283
f 5184 5185 5284
f 5185 5285 5284
f 5185 5186 5285
f 5186 5286 5285
f 5186 5187 5286
f 5187 5287 5286
f 5187 5188 5287
f 5188 5288 5287
f 5188 5189 5288
f 5189 5289 5288
f 5189 5190 5289
f 5190 5290 5289
f 5190 5191 5290
f 5191 5291 5290
f 5191 5192 5291
f 5192 5292 5291
f 5192 5193 5292
f 5193 5293 5292
f 5193 5194 5293
f 5194 5294 5293
f 5194 5195 5294
f 5195 5295 5294
f 5195 5196 5295
f 5196 5296 5295
f 5196 5197 5296
f 5197 5297 5296
f 5197 5198 5297
f 5198 5298 5297
f 5198 5199 5298
f 5199 5299 5298
f 5199 5200 5299
f 5200 5300 5299
f 5200 5201 5300
f 5201 5301 5300
f 5202 5304 5303
f 5202 5203 5304
f 5203 5305 5304
f 5203 5204 5305
f 5205 5206 5306
f 5206 5307 5306
f 5207 5309 5308
f 5207 5208 5309
f 5209 5210 5310
f 5210 5311 5310
f 5210 5211 5311
f 5211 5312 5311
f 5211 5212 5312
f 5212 5313 5312
f 5212 5213 5313
f 5213 5314 5313
f 5213 5214 5314
f 5214 5315 5314
f 5214 5215 5315
f 5215 5316 5315
f 5215 5216 5316
f 5216 5317 5316
f 5216 5217 5317
f 5217 5318 5317
f 5217 5218 5318
f 5218 5319 5318
f 5218 5219 5319
f 5219 5320 5319
f 5219 5220 5320
f 5220 5321 5320
f 5220 5221 5321
f 5221 5322 5321
f 5221 5222 5322
f 5222 5323 5322
f 5222 5223 5323
f 5223 5324 5323
f 5223 5224 5324
f 5224 5325 5324
f 5224 5225 5325
f 5225 5326 5325
f 5225 5226 5326
f 5226 5327 5326
f 5226 5227 5327
f 5227 5328 5327
f 5227 5228 5328
f 5228 5329 5328
f 5228 5229 5329
f 5229 5330 5329
f 5229 5230 5330
f 5230 5331 5330
f 5230 5231 5331
f 5231 5332 5331
f 5231 5232 5332
f 5234 5335 5334
f 5234 5235 5335
f 5235 5336 5335
f 5235 5236 5336
f 5236 5337 5336
f 5236 5237 5337
f 5237 5338 5337
f 5237 5238 5338
f 5238 5339 5338
f 5238 5239 5339
f 5239 5340 5339
f 5239 5240 5340
f 5240 5341 5340
f 5240 5241 5341
f 5241 5342 5341
f 5241 5242 5342
f 5242 5343 5342
f 5242 5243 5343
f 5243 5344 5343
f 5243 5244 5344
f 5244 5345 5344
f 5244 5245 5345
f 5245 5346 5345
f 5247 5248 5348
f 5248 5349 5348
f 5248 5249 5349
f 5249 5350 5349
f 5249 5250 5350
f 5250 5351 5350
f 5250 5251 5351
f 5251 5352 5351
f 5251 5252 5352
f 5252 5353 5352
f 5252 5253 5353
f 5253 5354 5353
f 5253 5254 5354
f 5254 5355 5354
f 5254 5255 5355
f 5255 5356 5355
f 5255 5256 5356
f 5256 5357 5356
f 5256 5257 5357
f 5257 5358 5357
f 5257 5258 5358
f 5258 5359 5358
f 5258 5259 5359
f 5259 5360 5359
f 5259 5260 5360
f 5260 5361 5360
f 5260 5261 5361
f 5261 5362 5361
f 5261 5262 5362
f 5262 5363 5362
f 5262 5263 5363
f 5263 5364 5363
f 5263 5264 5364
f 5264 5365 5364
f 5264 5265 5365
f 5265 5366 5365
f 5265 5266 5366
f 5266 5367 5366
f 5266 5267 5367
f 5267 5368 5367
f 5267 5268 5368
f 5268 5369 5368
f 5268 5269 5369
f 5269 5370 5369
f 5269 5270 5370
f 5270 5371 5370
f 5270 5271 5371
f 5271 5372 5371
f 5271 5272 5372
f 5272 5373 5372
f 5272 5273 5373
f 5273 5374 5373
f 5273 5274 5374
f 5274 5375 5374
f 5274 5275 5375
f 5275 5376 5375
f 5275 5276 5376
f 5276 5377 5376
f 5276 5277 5377
f 5277 5378 5377
f 5277 5278 5378
f 5278 5379 5378
f 5278 5279 5379
f 5279 5380 5379
f 5282 5283 5385
f 5283 5386 5385
f 5283 5284 5386
f 5284 5387 5386
f 5284 5285 5387
f 5285 5388 5387
f 5285 5286 5388
f 5286 5389 5388
f 5286 5287 5389
f 5287 5390 5389
f 5287 5288 5390
f 5288 5391 5390
f 5288 5289 5391
f 5289 5392 5391
f 5289 5290 5392
f 5290 5393 5392
f 5290 5291 5393
f 5291 5394 5393
f 5291 5292 5394
f 5292 5395 5394
f 5292 5293 5395
f 5293 5396 5395
f 5293 5294 5396
f 5294 5397 5396
f 5294 5295 5397
f 5295 5398 5397
f 5295 5296 5398
f 5296 5399 5398
f 5296 5297 5399
f 5297 5400 5399
f 5297 5298 5400
f 5298 5401 5400
f 5298 5299 5401
f 5299 5402 5401
f 5299 5300 5402
f 5302 5303 5403
f 5303 5404 5403
f 5303 5304 5404
f 5308 5309 5406
f 5309 5407 5406
f 5310 5409 5408
f 5310 5311 5409
f 5311 5410 5409
f 5311 5312 5410
f 5312 5411 5410
f 5312 5313 5411
f 5313 5412 5411
f 5313 5314 5412
f 5314 5413 5412
f 5314 5315 5413
f 5317 5318 5414
f 5318 5415 5414
f 5318 5319 5415
f 5319 5416 5415
f 5319 5320 5416
f 5320 5417 5416
f 5320 5321 5417
f 5321 5418 5417
f 5321 5322 5418
f 5322 5419 5418
f 5322 5323 5419
f 5323 5420 5419
f 5323 5324 5420
f 5324 5421 5420
f 5324 5325 5421
f 5325 5422 5421
f 5325 5326 5422
f 5326 5423 5422
f 5326 5327 5423
f 5327 5424 5423
f 5327 5328 5424
f 5328 5425 5424
f 5328 5329 5425
f 5333 5334 5426
f 5334 5427 5426
f 5334 5335 5427
f 5335 5428 5427
f 5335 5336 5428
f 5336 5429 5428
f 5336 5337 5429
f 5337 5430 5429
f 5337 5338 5430
f 5338 5431 5430
f 5338 5339 5431
f 5339 5432 5431
f 5339 5340 5432
f 5340 5433 5432
f 5340 5341 5433
f 5341 5434 5433
f 5341 5342 5434
f 5342 5435 5434
f 5342 5343 5435
f 5343 5436 5435
f 5343 5344 5436
f 5344 5437 5436
f 5344 5345 5437
f 5345 5438 5437
f 5345 5346 5438
f 5348 5441 5440
f 5348 5349 5441
f 5349 5442 5441
f 5349 5350 5442
f 5350 5443 5442
f 5350 5351 5443
f 5351 5444 5443
f 5351 5352 5444
f 5352 5445 5444
f 5352 5353 5445
f 5353 5446 5445
f 5353 5354 5446
f 5354 5447 5446
f 5354 5355 5447
f 5355 5448 5447
f 5355 5356 5448
f 5356 5449 5448
f 5356 5357 5449
f 5357 5450 5449
f 5357 5358 5450
f 5358 5451 5450
f 5358 5359 5451
f 5359 5452 5451
f 5359 5360 5452
f 5360 5453 5452
f 5360 5361 5453
f 5361 5454 5453
f 5361 5362 5454
f 5362 5455 5454
f 5362 5363 5455
f 5363 5456 5455
f 5363 5364 5456
f 5364 5457 5456
f 5364 5365 5457
f 5365 5458 5457
f 5365 5366 5458
f 5366 5459 5458
f 5366 5367 5459
f 5367 5460 5459
f 5367 5368 5460
f 5368 5461 5460
f 5368 5369 5461
f 5369 5462 5461
f 5369 5370 5462
f 5370 5463 5462
f 5370 5371 5463
f 5371 5464 5463
f 5371 5372 5464
f 5372 5465 5464
f 5372 5373 5465
f 5373 5466 5465
f 5373 5374 5466
f 5374 5467 5466
f 5374 5375 5467
f 5375 5468 5467
f 5375 5376 5468
f 5376 5469 5468
f 5376 5377 5469
f 5377 5470 5469
f 5377 5378 5470
f 5378 5471 5470
f 5378 5379 5471
f 5379 5472 5471
f 5379 5380 5472
f 5380 5473 5472
f 5380 5381 5473
f 5381 5474 5473
f 5381 5382 5474
f 5382 5475 5474
f 5383 5479 5478
f 5383 5384 5479
f 5384 5480 5479
f 5389 5390 5487
f 5390 5488 5487
f 5390 5391 5488
f 5391 5489 5488
f 5391 5392 5489
f 5392 5490 5489
f 5392 5393 5490
f 5393 5491 5490
f 5393 5394 5491
f 5394 5492 5491
f 5394 5395 5492
f 5395 5493 5492
f 5395 5396 5493
f 5396 5494 5493
f 5396 5397 5494
f 5397 5495 5494
f 5397 5398 5495
f 5400 5401 5496
f 5401 5497 5496
f 5401 5402 5497
f 5406 5407 5501
f 5407 5502 5501
f 5407 5408 5502
f 5408 5503 5502
f 5408 5409 5503
f 5409 5504 5503
f 5409 5410 5504
f 5410 5505 5504
f 5410 5411 5505
f 5414 5415 5506
f 5415 5507 5506
f 5415 5416 5507
f 5416 5508 5507
f 5416 5417 5508
f 5417 5509 5508
f 5417 5418 5509
f 5418 5510 5509
f 5418 5419 5510
f 5419 5511 5510
f 5419 5420 5511
f 5420 5512 5511
f 5420 5421 5512
f 5421 5513 5512
f 5421 5422 5513
f 5422 5514 5513
f 5422 5423 5514
f 5424 5425 5515
f 5425 5516 5515
f 5426 5521 5520
f 5426 5427 5521
f 5427 5522 5521
f 5427 5428 5522
f 5428 5523 5522
f 5428 5429 5523
f 5429 5524 5523
f 5429 5430 5524
f 5430 5525 5524
f 5430 5431 5525
f 5431 5526 5525
f 5431 5432 5526
f 5432 5527 5526
f 5432 5433 5527
f 5433 5528 5527
f 5433 5434 5528
f 5434 5529 5528
f 5434 5435 5529
f 5435 5530 5529
f 5435 5436 5530
f 5436 5531 5530
f 5436 5437 5531
f 5437 5532 5531
f 5437 5438 5532
f 5438 5533 5532
f 5439 5535 5534
f 5439 5440 5535
f 5440 5536 5535
f 5440 5441 5536
f 5441 5537 5536
f 5441 5442 5537
f 5442 5538 5537
f 5442 5443 5538
f 5443 5539 5538
f 5443 5444 5539
f 5444 5540 5539
f 5444 5445 5540
f 5445 5541 5540
f 5445 5446 5541
f 5446 5542 5541
f 5446 5447 5542
f 5447 5543 5542
f 5447 5448 5543
f 5448 5544 5543
f 5448 5449 5544
f 5449 5545 5544
f 5449 5450 5545
f 5450 5546 5545
f 5450 5451 5546
f 5451 5547 5546
f 5451 5452 5547
f 5452 5548 5547
f 5452 5453 5548
f 5453 5549 5548
f 5453 5454 5549
f 5454 5550 5549
f 5454 5455 5550
f 5455 5551 5550
f 5455 5456 5551
f 5456 5552 5551
f 5456 5457 5552
f 5457 5553 5552
f 5457 5458 5553
f 5458 5554 5553
f 5458 5459 5554
f 5459 5555 5554
f 5459 5460 5555
f 5460 5556 5555
f 5460 5461 5556
f 5461 5557 5556
f 5461 5462 5557
f 5462 5558 5557
f 5462 5463 5558
f 5463 5559 5558
f 5463 5464 5559
f 5464 5560 5559
f 5464 5465 5560
f 5465 5561 5560
f 5465 5466 5561
f 5466 5562 5561
f 5466 5467 5562
f 5467 5563 5562
f 5467 5468 5563
f 5468 5564 5563
f 5468 5469 5564
f 5469 5565 5564
f 5469 5470 5565
f 5470 5566 5565
f 5470 5471 5566
f 5471 5567 5566
f 5471 5472 5567
f 5472 5568 5567
f 5472 5473 5568
f 5473 5569 5568
f 5473 5474 5569
f 5474 5570 5569
f 5474 5475 5570
f 5475 5571 5570
f 5475 5476 5571
f 5476 5572 5571
f 5476 5477 5572
f 5477 5573 5572
f 5477 5478 5573
f 5478 5574 5573
f 5478 5479 5574
f 5479 5575 5574
f 5479 5480 5575
f 5480 5576 5575
f 5480 5481 5576
f 5481 5577 5576
f 5481 5482 5577
f 5482 5578 5577
f 5482 5483 5578
f 5483 5579 5578
f 5483 5484 5579
f 5484 5580 5579
f 5484 5485 5580
f 5485 5581 5580
f 5485 5486 5581
f 5486 5582 5581
f 5490 5491 5584
f 5491 5585 5584
f 5491 5492 5585
f 5492 5586 5585
f 5492 5493 5586
f 5493 5587 5586
f 5493 5494 5587
f 5496 5589 5588
f 5496 5497 5589
f 5502 5503 5594
f 5503 5595 5594
f 5503 5504 5595
f 5504 5596 5595
f 5504 5505 5596
f 5505 5597 5596
f 5506 5603 5602
f 5506 5507 5603
f 5510 5511 5604
f 5511 5605 5604
f 5511 5512 5605
f 5512 5606 5605
f 5512 5513 5606
f 5513 5607 5606
f 5513 5514 5607
f 5514 5608 5607
f 5516 5517 5610
f 5517 5611 5610
f 5517 5518 5611
f 5519 5613 5612
f 5519 5520 5613
f 5520 5614 5613
f 5520 5521 5614
f 5521 5615 5614
f 5521 5522 5615
f 5522 5616 5615
f 5522 5523 5616
f 5523 5617 5616
f 5523 5524 5617
f 5524 5618 5617
f 5524 5525 5618
f 5525 5619 5618
f 5525 5526 5619
f 5526 5620 5619
f 5526 5527 5620
f 5527 5621 5620
f 5527 5528 5621
f 5528 5622 5621
f 5528 5529 5622
f 5529 5623 5622
f 5529 5530 5623
f 5530 5624 5623
f 5530 5531 5624
f 5531 5625 5624
f 5531 5532 5625
f 5532 5626 5625
f 5532 5533 5626
f 5533 5627 5626
f 5533 5534 5627
f 5534 5628 5627
f 5534 5535 5628
f 5535 5629 5628
f 5535 5536 5629
f 5536 5630 5629
f 5536 5537 5630
f 5537 5631 5630
f 5537 5538 5631
f 5538 5632 5631
f 5538 5539 5632
f 5539 5633 5632
f 5539 5540 5633
f 5540 5634 5633
f 5540 5541 5634
f 5541 5635 5634
f 5541 5542 5635
f 5542 5636 5635
f 5542 5543 5636
f 5543 5637 5636
f 5543 5544 5637
f 5544 5638 5637
f 5544 5545 5638
f 5545 5639 5638
f 5545 5546 5639
f 5546 5640 5639
f 5546 5547 5640
f 5547 5641 5640
f 5547 5548 5641
f 5548 5642 5641
f 5548 5549 5642
f 5549 5643 5642
f 5549 5550 5643
f 5550 5644 5643
f 5550 5551 5644
f 5551 5645 5644
f 5551 5552 5645
f 5552 5646 5645
f 5552 5553 5646
f 5553 5647 5646
f 5553 5554 5647
f 5554 5648 5647
f 5554 5555 5648
f 5555 5649 5648
f 5555 5556 5649
f 5556 5650 5649
f 5556 5557 5650
f 5557 5651 5650
f 5557 5558 5651
f 5558 5652 5651
f 5558 5559 5652
f 5559 5653 5652
f 5559 5560 5653
f 5560 5654 5653
f 5560 5561 5654
f 5561 5655 5654
f 5561 5562 5655
f 5562 5656 5655
f 5562 5563 5656
f 5563 5657 5656
f 5563 5564 5657
f 5564 5658 5657
f 5564 5565 5658
f 5565 5659 5658
f 5565 5566 5659
f 5566 5660 5659
f 5566 5567 5660
f 5567 5661 5660
f 5567 5568 5661
f 5568 5662 5661
f 5568 5569 5662
f 5569 5663 5662
f 5569 5570 5663
f 5570 5664 5663
f 5570 5571 5664
f 5571 5665 5664
f 5571 5572 5665
f 5572 5666 5665
f 5572 5573 5666
f 5573 5667 5666
f 5573 5574 5667
f 5574 5668 5667
f 5574 5575 5668
f 5575 5669 5668
f 5575 5576 5669
f 5576 5670 5669
f 5576 5577 5670
f 5577 5671 5670
f 5577 5578 5671
f 5578 5672 5671
f 5578 5579 5672
f 5579 5673 5672
f 5579 5580 5673
f 5580 5674 5673
f 5580 5581 5674
f 5581 5675 5674
f 5581 5582 5675
f 5582 5676 5675
f 5582 5583 5676
f 5583 5677 5676
f 5590 5591 5703
f 5592 5705 5704
f 5592 5593 5705
f 5594 5708 5707
f 5594 5595 5708
f 5595 5709 5708
f 5595 5596 5709
f 5596 5710 5709
f 5596 5597 5710
f 5597 5711 5710
f 5597 5598 5711
f 5601 5602 5712
f 5602 5713 5712
f 5602 5603 5713
f 5603 5714 5713
f 5605 5606 5718
f 5606 5719 5718
f 5606 5607 5719
f 5608 5609 5720
f 5609 5721 5720
f 5610 5723 5722
f 5610 5611 5723
f 5611 5724 5723
f 5612 5726 5725
f 5612 5613 5726
f 5613 5727 5726
f 5613 5614 5727
f 5614 5728 5727
f 5614 5615 5728
f 5615 5729 5728
f 5615 5616 5729
f 5616 5730 5729
f 5616 5617 5730
f 5617 5731 5730
f 5617 5618 5731
f 5618 5732 5731
f 5618 5619 5732
f 5619 5733 5732
f 5619 5620 5733
f 5620 5734 5733
f 5620 5621 5734
f 5621 5735 5734
f 5621 5622 5735
f 5622 5736 5735
f 5622 5623 5736
f 5623 5737 5736
f 5623 5624 5737
f 5624 5738 5737
f 5624 5625 5738
f 5625 5739 5738
f 5625 5626 5739
f 5626 5740 5739
f 5626 5627 5740
f 5627 5741 5740
f 5627 5628 5741
f 5628 5742 5741
f 5628 5629 5742
f 5629 5743 5742
f 5629 5630 5743
f 5630 5744 5743
f 5630 5631 5744
f 5631 5745 5744
f 5631 5632 5745
f 5632 5746 5745
f 5632 5633 5746
f 5633 5747 5746
f 5633 5634 5747
f 5634 5748 5747
f 5634 5635 5748
f 5635 5749 5748
f 5635 5636 5749
f 5636 5750 5749
f 5636 5637 5750
f 5637 5751 5750
f 5637 5638 5751
f 5638 5752 5751
f 5638 5639 5752
f 5639 5753 5752
f 5639 5640 5753
f 5640 5754 5753
f 5640 5641 5754
f 5641 5755 5754
f 5641 5642 5755
f 5642 5756 5755
f 5642 5643 5756
f 5643 5757 5756
f 5643 5644 5757
f 5644 5758 5757
f 5644 5645 5758
f 5645 5759 5758
f 5645 5646 5759
f 5646 5760 5759
f 5646 5647 5760
f 5647 5761 5760
f 5647 5648 5761
f 5648 5762 5761
f 5648 5649 5762
f 5649 5763 5762
f 5649 5650 5763
f 5650 5764 5763
f 5650 5651 5764
f 5651 5765 5764
f 5651 5652 5765
f 5652 5766 5765
f 5652 5653 5766
f 5653 5767 5766
f 5653 5654 5767
f 5654 5768 5767
f 5654 5655 5768
f 5655 5769 5768
f 5655 5656 5769
f 5656 5770 5769
f 5656 5657 5770
f 5657 5771 5770
f 5657 5658 5771
f 5658 5772 5771
f 5658 5659 5772
f 5659 5773 5772
f 5659 5660 5773
f 5660 5774 5773
f 5660 5661 5774
f 5661 5775 5774
f 5661 5662 5775
f 5662 5776 5775
f 5662 5663 5776
f 5663 5777 5776
f 5663 5664 5777
f 5664 5778 5777
f 5664 5665 5778
f 5665 5779 5778
f 5665 5666 5779
f 5666 5780 5779
f 5666 5667 5780
f 5667 5781 5780
f 5667 5668 5781
f 5668 5782 5781
f 5668 5669 5782
f 5669 5783 5782
f 5669 5670 5783
f 5670 5784 5783
f 5670 5671 5784
f 5671 5785 5784
f 5671 5672 5785
f 5672 5786 5785
f 5672 5673 5786
f 5673 5787 5786
f 5673 5674 5787
f 5674 5788 5787
f 5674 5675 5788
f 5675 5789 5788
f 5675 5676 5789
f 5676 5790 5789
f 5676 5677 5790
f 5677 5791 5790
f 5677 5678 5791
f 5678 5792 5791
f 5678 5679 5792
f 5679 5793 5792
f 5679 5680 5793
f 5680 5794 5793
f 5680 5681 5794
f 5681 5795 5794
f 5681 5682 5795
f 5682 5796 5795
f 5682 5683 5796
f 5683 5797 5796
f 5683 5684 5797
f 5684 5798 5797
f 5684 5685 5798
f 5685 5799 5798
f 5685 5686 5799
f 5686 5800 5799
f 5686 5687 5800
f 5687 5801 5800
f 5687 5688 5801
f 5688 5802 5801
f 5688 5689 5802
f 5689 5803 5802
f 5689 5690 5803
f 5690 5804 5803
f 5690 5691 5804
f 5691 5805 5804
f 5692 5807 5806
f 5693 5816 5815
f 5693 5694 5816
f 5694 5817 5816
f 5694 5695 5817
f 5695 5818 5817
f 5695 5696 5818
f 5696 5819 5818
f 5696 5697 5819
f 5697 5820 5819
f 5697 5698 5820
f 5698 5821 5820
f 5698 5699 5821
f 5699 5822 5821
f 5699 5700 5822
f 5700 5823 5822
f 5700 5701 5823
f 5701 5824 5823
f 5701 5702 5824
f 5702 5825 5824
f 5704 5705 5833
f 5705 5834 5833
f 5708 5709 5837
f 5709 5838 5837
f 5709 5710 5838
f 5710 5839 5838
f 5710 5711 5839
f 5711 5840 5839
f 5712 5844 5843
f 5712 5713 5844
f 5713 5845 5844
f 5713 5714 5845
f 5714 5846 5845
f 5714 5715 5846
f 5715 5847 5846
f 5715 5716 5847
f 5718 5850 5849
f 5718 5719 5850
f 5719 5851 5850
f 5721 5722 5853
f 5722 5854 5853
f 5722 5723 5854
f 5723 5855 5854
f 5723 5724 5855
f 5724 5856 5855
f 5724 5725 5856
f 5725 5857 5856
f 5725 5726 5857
f 5726 5858 5857
f 5726 5727 5858
f 5727 5859 5858
f 5727 5728 5859
f 5728 5860 5859
f 5728 5729 5860
f 5729 5861 5860
f 5729 5730 5861
f 5730 5862 5861
f 5730 5731 5862
f 5731 5863 5862
f 5731 5732 5863
f 5732 5864 5863
f 5732 5733 5864
f 5733 5865 5864
f 5733 5734 5865
f 5734 5866 5865
f 5734 5735 5866
f 5735 5867 5866
f 5735 5736 5867
f 5736 5868 5867
f 5736 5737 5868
f 5737 5869 5868
f 5737 5738 5869
f 5738 5870 5869
f 5738 5739 5870
f 5739 5871 5870
f 5739 5740 5871
f 5740 5872 5871
f 5740 5741 5872
f 5741 5873 5872
f 5741 5742 5873
f 5742 5874 5873
f 5742 5743 5874
f 5743 5875 5874
f 5743 5744 5875
f 5744 5876 5875
f 5744 5745 5876
f 5745 5877 5876
f 5745 5746 5877
f 5746 5878 5877
f 5746 5747 5878
f 5747 5879 5878
f 5747 5748 5879
f 5748 5880 5879
f 5748 5749 5880
f 5749 5881 5880
f 5749 5750 5881
f 5750 5882 5881
f 5750 5751 5882
f 5751 5883 5882
f 5751 5752 5883
f 5752 5884 5883
f 5752 5753 5884
f 5753 5885 5884
f 5753 5754 5885
f 5754 5886 5885
f 5754 5755 5886
f 5755 5887 5886
f 5755 5756 5887
f 5756 5888 5887
f 5756 5757 5888
f 5757 5889 5888
f 5757 5758 5889
f 5758 5890 5889
f 5758 5759 5890
f 5759 5891 5890
f 5759 5760 5891
f 5760 5892 5891
f 5760 5761 5892
f 5761 5893 5892
f 5761 5762 5893
f 5762 5894 5893
f 5762 5763 5894
f 5763 5895 5894
f 5763 5764 5895
f 5764 5896 5895
f 5764 5765 5896
f 5765 5897 5896
f 5765 5766 5897
f 5766 5898 5897
f 5766 5767 5898
f 5767 5899 5898
f 5767 5768 5899
f 5768 5900 5899
f 5768 5769 5900
f 5769 5901 5900
f 5769 5770 5901
f 5770 5902 5901
f 5770 5771 5902
f 5771 5903 5902
f 5771 5772 5903
f 5772 5904 5903
f 5772 5773 5904
f 5773 5905 5904
f 5773 5774 5905
f 5774 5906 5905
f 5774 5775 5906
f 5775 5907 5906
f 5775 5776 5907
f 5776 5908 5907
f 5776 5777 5908
f 5777 5909 5908
f 5777 5778 5909
f 5778 5910 5909
f 5778 5779 5910
f 5779 5911 5910
f 5779 5780 5911
f 5780 5912 5911
f 5780 5781 5912
f 5781 5913 5912
f 5781 5782 5913
f 5782 5914 5913
f 5782 5783 5914
f 5783 5915 5914
f 5783 5784 5915
f 5784 5916 5915
f 5784 5785 5916
f 5785 5917 5916
f 5785 5786 5917
f 5786 5918 5917
f 5786 5787 5918
f 5787 5919 5918
f 5787 5788 5919
f 5788 5920 5919
f 5788 5789 5920
f 5789 5921 5920
f 5789 5790 5921
f 5790 5922 5921
f 5790 5791 5922
f 5791 5923 5922
f 5791 5792 5923
f 5792 5924 5923
f 5792 5793 5924
f 5793 5925 5924
f 5793 5794 5925
f 5794 5926 5925
f 5794 5795 5926
f 5795 5927 5926
f 5795 5796 5927
f 5796 5928 5927
f 5796 5797 5928
f 5797 5929 5928
f 5797 5798 5929
f 5798 5930 5929
f 5798 5799 5930
f 5799 5931 5930
f 5799 5800 5931
f 5800 5932 5931
f 5800 5801 5932
f 5801 5933 5932
f 5801 5802 5933
f 5802 5934 5933
f 5802 5803 5934
f 5803 5935 5934
f 5803 5804 5935
f 5804 5936 5935
f 5804 5805 5936
f 5805 5937 5936
f 5805 5806 5937
f 5806 5938 5937
f 5806 5807 5938
f 5807 5939 5938
f 5807 5808 5939
f 5808 5940 5939
f 5808 5809 5940
f 5809 5941 5940
f 5809 5810 5941
f 5810 5942 5941
f 5810 5811 5942
f 5811 5943 5942
f 5811 5812 5943
f 5812 5944 5943
f 5812 5813 5944
f 5813 5945 5944
f 5813 5814 5945
f 5814 5946 5945
f 5814 5815 5946
f 5815 5947 5946
f 5815 5816 5947
f 5816 5948 5947
f 5816 5817 5948
f 5817 5949 5948
f 5817 5818 5949
f 5818 5950 5949
f 5818 5819 5950
f 5819 5951 5950
f 5819 5820 5951
f 5820 5952 5951
f 5820 5821 5952
f 5821 5953 5952
f 5821 5822 5953
f 5822 5954 5953
f 5822 5823 5954
f 5823 5955 5954
f 5823 5824 5955
f 5824 5956 5955
f 5824 5825 5956
f 5825 5957 5956
f 5825 5826 5957
f 5826 5958 5957
f 5826 5827 5958
f 5827 5959 5958
f 5828 5961 5960
f 5828 5829 5961
f 5829 5962 5961
f 5829 5830 5962
f 5830 5963 5962
f 5831 5966 5965
f 5832 5968 5967
f 5833 5834 5971
f 5838 5839 5975
f 5839 5976 5975
f 5839 5840 5976
f 5841 5842 5977
f 5842 5978 5977
f 5842 5843 5978
f 5843 5979 5978
f 5843 5844 5979
f 5844 5980 5979
f 5844 5845 5980
f 5845 5981 5980
f 5845 5846 5981
f 5846 5982 5981
f 5846 5847 5982
f 5847 5983 5982
f 5848 5849 5984
f 5849 5985 5984
f 5849 5850 5985
f 5850 5986 5985
f 5850 5851 5986
f 5851 5987 5986
f 5851 5852 5987
f 5852 5988 5987
f 5853 5990 5989
f 5853 5854 5990
f 5854 5991 5990
f 5854 5855 5991
f 5855 5992 5991
f 5855 5856 5992
f 5856 5993 5992
f 5856 5857 5993
f 5857 5994 5993
f 5857 5858 5994
f 5858 5995 5994
f 5858 5859 5995
f 5859 5996 5995
f 5859 5860 5996
f 5860 5997 5996
f 5860 5861 5997
f 5861 5998 5997
f 5861 5862 5998
f 5862 5999 5998
f 5862 5863 5999
f 5863 6000 5999
f 5863 5864 6000
f 5864 6001 6000
f 5864 5865 6001
f 5865 6002 6001
f 5865 5866 6002
f 5866 6003 6002
f 5866 5867 6003
f 5867 6004 6003
f 5867 5868 6004
f 5868 6005 6004
f 5868 5869 6005
f 5869 6006 6005
f 5869 5870 6006
f 5870 6007 6006
f 5870 5871 6007
f 5871 6008 6007
f 5871 5872 6008
f 5872 6009 6008
f 5872 5873 6009
f 5873 6010 6009
f 5873 5874 6010
f 5874 6011 6010
f 5874 5875 6011
f 5875 6012 6011
f 5875 5876 6012
f 5876 6013 6012
f 5876 5877 6013
f 5877 6014 6013
f 5877 5878 6014
f 5878 6015 6014
f 5878 5879 6015
f 5879 6016 6015
f 5879 5880 6016
f 5880 6017 6016
f 5880 5881 6017
f 5881 6018 6017
f 5881 5882 6018
f 5882 6019 6018
f 5882 5883 6019
f 5883 6020 6019
f 5883 5884 6020
f 5884 6021 6020
f 5884 5885 6021
f 5885 6022 6021
f 5885 5886 6022
f 5886 6023 6022
f 5886 5887 6023
f 5887 6024 6023
f 5887 5888 6024
f 5888 6025 6024
f 5888 5889 6025
f 5889 6026 6025
f 5889 5890 6026
f 5890 6027 6026
f 5890 5891 6027
f 5891 6028 6027
f 5891 5892 6028
f 5892 6029 6028
f 5892 5893 6029
f 5893 6030 6029
f 5893 5894 6030
f 5894 6031 6030
f 5894 5895 6031
f 5895 6032 6031
f 5895 5896 6032
f 5896 6033 6032
f 5896 5897 6033
f 5897 6034 6033
f 5897 5898 6034
f 5898 6035 6034
f 5898 5899 6035
f 5899 6036 6035
f 5899 5900 6036
f 5900 6037 6036
f 5900 5901 6037
f 5901 6038 6037
f 5901 5902 6038
f 5902 6039 6038
f 5902 5903 6039
f 5903 6040 6039
f 5903 5904 6040
f 5904 6041 6040
f 5904 5905 6041
f 5905 6042 6041
f 5905 5906 6042
f 5906 6043 6042
f 5906 5907 6043
f 5907 6044 6043
f 5907 5908 6044
f 5908 6045 6044
f 5908 5909 6045
f 5909 6046 6045
f 5909 5910 6046
f 5910 6047 6046
f 5910 5911 6047
f 5911 6048 6047
f 5911 5912 6048
f 5912 6049 6048
f 5912 5913 6049
f 5913 6050 6049
f 5913 5914 6050
f 5914 6051 6050
f 5914 5915 6051
f 5915 6052 6051
f 5915 5916 6052
f 5916 6053 6052
f 5916 5917 6053
f 5917 6054 6053
f 5917 5918 6054
f 5918 6055 6054
f 5918 5919 6055
f 5919 6056 6055
f 5919 5920 6056
f 5920 6057 6056
f 5920 5921 6057
f 5921 6058 6057
f 5921 5922 6058
f 5922 6059 6058
f 5922 5923 6059
f 5923 6060 6059
f 5923 5924 6060
f 5924 6061 6060
f 5924 5925 6061
f 5925 6062 6061
f 5925 5926 6062
f 5926 6063 6062
f 5926 5927 6063
f 5927 6064 6063
f 5927 5928 6064
f 5928 6065 6064
f 5928 5929 6065
f 5929 6066 6065
f 5929 5930 6066
f 5930 6067 6066
f 5930 5931 6067
f 5931 6068 6067
f 5931 5932 6068
f 5932 6069 6068
f 5932 5933 6069
f 5933 6070 6069
f 5933 5934 6070
f 5934 6071 6070
f 5934 5935 6071
f 5935 6072 6071
f 5935 5936 6072
f 5936 6073 6072
f 5936 5937 6073
f 5937 6074 6073
f 5937 5938 6074
f 5938 6075 6074
f 5938 5939 6075
f 5939 6076 6075
f 5939 5940 6076
f 5940 6077 6076
f 5940 5941 6077
f 5941 6078 6077
f 5941 5942 6078
f 5942 6079 6078
f 5942 5943 6079
f 5943 6080 6079
f 5943 5944 6080
f 5944 6081 6080
f 5944 5945 6081
f 5945 6082 6081
f 5945 5946 6082
f 5946 6083 6082
f 5946 5947 6083
f 5947 6084 6083
f 5947 5948 6084
f 5948 6085 6084
f 5948 5949 6085
f 5949 6086 6085
f 5949 5950 6086
f 5950 6087 6086
f 5950 5951 6087
f 5951 6088 6087
f 5951 5952 6088
f 5952 6089 6088
f 5952 5953 6089
f 5953 6090 6089
f 5953 5954 6090
f 5954 6091 6090
f 5954 5955 6091
f 5955 6092 6091
f 5955 5956 6092
f 5956 6093 6092
f 5956 5957 6093
f 5957 6094 6093
f 5957 5958 6094
f 5958 6095 6094
f 5958 5959 6095
f 5959 6096 6095
f 5959 5960 6096
f 5960 6097 6096
f 5960 5961 6097
f 5961 6098 6097
f 5961 5962 6098
f 5962 6099 6098
f 5962 5963 6099
f 5963 6100 6099
f 5963 5964 6100
f 5964 6101 6100
f 5964 5965 6101
f 5965 6102 6101
f 5965 5966 6102
f 5973 5974 6108
f 5974 6109 6108
f 5975 5976 6110
f 5976 6111 6110
f 5978 5979 6113
f 5979 6114 6113
f 5979 5980 6114
f 5981 5982 6115
f 5985 5986 6118
f 5986 6119 6118
f 5986 5987 6119
f 5987 6120 6119
f 5987 5988 6120
f 5988 6121 6120
f 5988 5989 6121
f 5989 6122 6121
f 5989 5990 6122
f 5990 6123 6122
f 5990 5991 6123
f 5991 6124 6123
f 5991 5992 6124
f 5992 6125 6124
f 5992 5993 6125
f 5993 6126 6125
f 5993 5994 6126
f 5994 6127 6126
f 5994 5995 6127
f 5995 6128 6127
f 5995 5996 6128
f 5996 6129 6128
f 5996 5997 6129
f 5997 6130 6129
f 5997 5998 6130
f 5998 6131 6130
f 5998 5999 6131
f 5999 6132 6131
f 5999 6000 6132
f 6000 6133 6132
f 6000 6001 6133
f 6001 6134 6133
f 6001 6002 6134
f 6002 6135 6134
f 6002 6003 6135
f 6003 6136 6135
f 6003 6004 6136
f 6004 6137 6136
f 6004 6005 6137
f 6005 6138 6137
f 6005 6006 6138
f 6006 6139 6138
f 6006 6007 6139
f 6007 6140 6139
f 6007 6008 6140
f 6008 6141 6140
f 6008 6009 6141
f 6009 6142 6141
f 6009 6010 6142
f 6010 6143 6142
f 6010 6011 6143
f 6011 6144 6143
f 6011 6012 6144
f 6012 6145 6144
f 6012 6013 6145
f 6013 6146 6145
f 6013 6014 6146
f 6014 6147 6146
f 6014 6015 6147
f 6015 6148 6147
f 6015 6016 6148
f 6016 6149 6148
f 6016 6017 6149
f 6017 6150 6149
f 6017 6018 6150
f 6018 6151 6150
f 6018 6019 6151
f 6019 6152 6151
f 6019 6020 6152
f 6020 6153 6152
f 6020 6021 6153
f 6021 6154 6153
f 6021 6022 6154
f 6022 6155 6154
f 6022 6023 6155
f 6023 6156 6155
f 6023 6024 6156
f 6024 6157 6156
f 6024 6025 6157
f 6025 6158 6157
f 6025 6026 6158
f 6026 6159 6158
f 6026 6027 6159
f 6027 6160 6159
f 6027 6028 6160
f 6028 6161 6160
f 6028 6029 6161
f 6029 6162 6161
f 6029 6030 6162
f 6030 6163 6162
f 6030 6031 6163
f 6031 6164 6163
f 6031 6032 6164
f 6032 6165 6164
f 6032 6033 6165
f 6033 6166 6165
f 6033 6034 6166
f 6034 6167 6166
f 6034 6035 6167
f 6035 6168 6167
f 6035 6036 6168
f 6036 6169 6168
f 6036 6037 6169
f 6037 6170 6169
f 6037 6038 6170
f 6038 6171 6170
f 6038 6039 6171
f 6039 6172 6171
f 6039 6040 6172
f 6040 6173 6172
f 6040 6041 6173
f 6041 6174 6173
f 6041 6042 6174
f 6042 6175 6174
f 6042 6043 6175
f 6043 6176 6175
f 6043 6044 6176
f 6044 6177 6176
f 6044 6045 6177
f 6045 6178 6177
f 6045 6046 6178
f 6046 6179 6178
f 6046 6047 6179
f 6047 6180 6179
f 6047 6048 6180
f 6048 6181 6180
f 6048 6049 6181
f 6049 6182 6181
f 6049 6050 6182
f 6050 6183 6182
f 6050 6051 6183
f 6051 6184 6183
f 6051 6052 6184
f 6052 6185 6184
f 6052 6053 6185
f 6053 6186 6185
f 6053 6054 6186
f 6054 6187 6186
f 6054 6055 6187
f 6055 6188 6187
f 6055 6056 6188
f 6056 6189 6188
f 6056 6057 6189
f 6057 6190 6189
f 6057 6058 6190
f 6058 6191 6190
f 6058 6059 6191
f 6059 6192 6191
f 6059 6060 6192
f 6060 6193 6192
f 6060 6061 6193
f 6061 6194 6193
f 6061 6062 6194
f 6062 6195 6194
f 6062 6063 6195
f 6063 6196 6195
f 6063 6064 6196
f 6064 6197 6196
f 6064 6065 6197
f 6065 6198 6197
f 6065 6066 6198
f 6066 6199 6198
f 6066 6067 6199
f 6067 6200 6199
f 6067 6068 6200
f 6068 6201 6200
f 6068 6069 6201
f 6069 6202 6201
f 6069 6070 6202
f 6070 6203 6202
f 6070 6071 6203
f 6071 6204 6203
f 6071 6072 6204
f 6072 6205 6204
f 6072 6073 6205
f 6073 6206 6205
f 6073 6074 6206
f 6074 6207 6206
f 6074 6075 6207
f 6075 6208 6207
f 6075 6076 6208
f 6076 6209 6208
f 6076 6077 6209
f 6077 6210 6209
f 6077 6078 6210
f 6078 6211 6210
f 6078 6079 6211
f 6079 6212 6211
f 6079 6080 6212
f 6080 6213 6212
f 6080 6081 6213
f 6081 6214 6213
f 6081 6082 6214
f 6082 6215 6214
f 6082 6083 6215
f 6083 6216 6215
f 6083 6084 6216
f 6084 6217 6216
f 6084 6085 6217
f 6085 6218 6217
f 6085 6086 6218
f 6086 6219 6218
f 6086 6087 6219
f 6087 6220 6219
f 6087 6088 6220
f 6088 6221 6220
f 6088 6089 6221
f 6089 6222 6221
f 6089 6090 6222
f 6090 6223 6222
f 6090 6091 6223
f 6091 6224 6223
f 6091 6092 6224
f 6092 6225 6224
f 6092 6093 6225
f 6093 6226 6225
f 6093 6094 6226
f 6094 6227 6226
f 6094 6095 6227
f 6095 6228 6227
f 6095 6096 6228
f 6096 6229 6228
f 6096 6097 6229
f 6097 6230 6229
f 6097 6098 6230
f 6098 6231 6230
f 6098 6099 6231
f 6099 6232 6231
f 6099 6100 6232
f 6100 6233 6232
f 6100 6101 6233
f 6101 6234 6233
f 6101 6102 6234
f 6102 6235 6234
f 6104 6105 6236
f 6105 6237 6236
f 6105 6106 6237
f 6106 6238 6237
f 6108 6241 6240
f 6108 6109 6241
f 6109 6242 6241
f 6110 6244 6243
f 6110 6111 6244
f 6111 6245 6244
f 6111 6112 6245
f 6116 6247 6246
f 6116 6117 6247
f 6117 6248 6247
f 6118 6250 6249
f 6118 6119 6250
f 6119 6251 6250
f 6119 6120 6251
f 6120 6252 6251
f 6120 6121 6252
f 6121 6253 6252
f 6121 6122 6253
f 6122 6254 6253
f 6122 6123 6254
f 6123 6255 6254
f 6123 6124 6255
f 6124 6256 6255
f 6124 6125 6256
f 6125 6257 6256
f 6125 6126 6257
f 6126 6258 6257
f 6126 6127 6258
f 6127 6259 6258
f 6127 6128 6259
f 6128 6260 6259
f 6128 6129 6260
f 6129 6261 6260
f 6129 6130 6261
f 6130 6262 6261
f 6130 6131 6262
f 6131 6263 6262
f 6131 6132 6263
f 6132 6264 6263
f 6132 6133 6264
f 6133 6265 6264
f 6133 6134 6265
f 6134 6266 6265
f 6134 6135 6266
f 6135 6267 6266
f 6135 6136 6267
f 6136 6268 6267
f 6136 6137 6268
f 6137 6269 6268
f 6137 6138 6269
f 6138 6270 6269
f 6138 6139 6270
f 6139 6271 6270
f 6139 6140 6271
f 6140 6272 6271
f 6140 6141 6272
f 6141 6273 6272
f 6141 6142 6273
f 6142 6274 6273
f 6142 6143 6274
f 6143 6275 6274
f 6143 6144 6275
f 6144 6276 6275
f 6144 6145 6276
f 6145 6277 6276
f 6145 6146 6277
f 6146 6278 6277
f 6146 6147 6278
f 6147 6279 6278
f 6147 6148 6279
f 6148 6280 6279
f 6148 6149 6280
f 6149 6281 6280
f 6149 6150 6281
f 6150 6282 6281
f 6150 6151 6282
f 6151 6283 6282
f 6151 6152 6283
f 6152 6284 6283
f 6152 6153 6284
f 6153 6285 6284
f 6153 6154 6285
f 6154 6286 6285
f 6154 6155 6286
f 6155 6287 6286
f 6155 6156 6287
f 6156 6288 6287
f 6156 6157 6288
f 6157 6289 6288
f 6157 6158 6289
f 6158 6290 6289
f 6158 6159 6290
f 6159 6291 6290
f 6159 6160 6291
f 6160 6292 6291
f 6160 6161 6292
f 6161 6293 6292
f 6161 6162 6293
f 6162 6294 6293
f 6162 6163 6294
f 6163 6295 6294
f 6163 6164 6295
f 6164 6296 6295
f 6164 6165 6296
f 6165 6297 6296
f 6165 6166 6297
f 6166 6298 6297
f 6166 6167 6298
f 6167 6299 6298
f 6167 6168 6299
f 6168 6300 6299
f 6168 6169 6300
f 6169 6301 6300
f 6169 6170 6301
f 6170 6302 6301
f 6170 6171 6302
f 6171 6303 6302
f 6171 6172 6303
f 6172 6304 6303
f 6172 6173 6304
f 6173 6305 6304
f 6173 6174 6305
f 6174 6306 6305
f 6174 6175 6306
f 6175 6307 6306
f 6175 6176 6307
f 6176 6308 6307
f 6176 6177 6308
f 6177 6309 6308
f 6177 6178 6309
f 6178 6310 6309
f 6178 6179 6310
f 6179 6311 6310
f 6179 6180 6311
f 6180 6312 6311
f 6180 6181 6312
f 6181 6313 6312
f 6181 6182 6313
f 6182 6314 6313
f 6182 6183 6314
f 6183 6315 6314
f 6183 6184 6315
f 6184 6316 6315
f 6184 6185 6316
f 6185 6317 6316
f 6185 6186 6317
f 6186 6318 6317
f 6186 6187 6318
f 6187 6319 6318
f 6187 6188 6319
f 6188 6320 6319
f 6188 6189 6320
f 6189 6321 6320
f 6189 6190 6321
f 6190 6322 6321
f 6190 6191 6322
f 6191 6323 6322
f 6191 6192 6323
f 6192 6324 6323
f 6192 6193 6324
f 6193 6325 6324
f 6193 6194 6325
f 6194 6326 6325
f 6194 6195 6326
f 6195 6327 6326
f 6195 6196 6327
f 6196 6328 6327
f 6196 6197 6328
f 6197 6329 6328
f 6197 6198 6329
f 6198 6330 6329
f 6198 6199 6330
f 6199 6331 6330
f 6199 6200 6331
f 6200 6332 6331
f 6200 6201 6332
f 6201 6333 6332
f 6201 6202 6333
f 6202 6334 6333
f 6202 6203 6334
f 6203 6335 6334
f 6203 6204 6335
f 6204 6336 6335
f 6204 6205 6336
f 6205 6337 6336
f 6205 6206 6337
f 6206 6338 6337
f 6206 6207 6338
f 6207 6339 6338
f 6207 6208 6339
f 6208 6340 6339
f 6208 6209 6340
f 6209 6341 6340
f 6209 6210 6341
f 6210 6342 6341
f 6210 6211 6342
f 6211 6343 6342
f 6211 6212 6343
f 6212 6344 6343
f 6212 6213 6344
f 6213 6345 6344
f 6213 6214 6345
f 6214 6346 6345
f 6214 6215 6346
f 6215 6347 6346
f 6215 6216 6347
f 6216 6348 6347
f 6216 6217 6348
f 6217 6349 6348
f 6217 6218 6349
f 6218 6350 6349
f 6218 6219 6350
f 6219 6351 6350
f 6219 6220 6351
f 6220 6352 6351
f 6220 6221 6352
f 6221 6353 6352
f 6221 6222 6353
f 6222 6354 6353
f 6222 6223 6354
f 6223 6355 6354
f 6223 6224 6355
f 6224 6356 6355
f 6224 6225 6356
f 6225 6357 6356
f 6225 6226 6357
f 6226 6358 6357
f 6226 6227 6358
f 6227 6359 6358
f 6227 6228 6359
f 6228 6360 6359
f 6228 6229 6360
f 6229 6361 6360
f 6229 6230 6361
f 6230 6362 6361
f 6230 6231 6362
f 6231 6363 6362
f 6231 6232 6363
f 6232 6364 6363
f 6232 6233 6364
f 6233 6365 6364
f 6233 6234 6365
f 6237 6238 6366
f 6238 6367 6366
f 6238 6239 6367
f 6239 6368 6367
f 6241 6242 6372
f 6242 6373 6372
f 6242 6243 6373
f 6243 6374 6373
f 6243 6244 6374
f 6246 6379 6378
f 6246 6247 6379
f 6247 6380 6379
f 6247 6248 6380
f 6248 6381 6380
f 6248 6249 6381
f 6249 6382 6381
f 6249 6250 6382
f 6250 6383 6382
f 6250 6251 6383
f 6251 6384 6383
f 6251 6252 6384
f 6252 6385 6384
f 6252 6253 6385
f 6253 6386 6385
f 6253 6254 6386
f 6254 6387 6386
f 6254 6255 6387
f 6255 6388 6387
f 6255 6256 6388
f 6256 6389 6388
f 6256 6257 6389
f 6257 6390 6389
f 6257 6258 6390
f 6258 6391 6390
f 6258 6259 6391
f 6259 6392 6391
f 6259 6260 6392
f 6260 6393 6392
f 6260 6261 6393
f 6261 6394 6393
f 6261 6262 6394
f 6262 6395 6394
f 6262 6263 6395
f 6263 6396 6395
f 6263 6264 6396
f 6264 6397 6396
f 6264 6265 6397
f 6265 6398 6397
f 6265 6266 6398
f 6266 6399 6398
f 6266 6267 6399
f 6267 6400 6399
f 6267 6268 6400
f 6268 6401 6400
f 6268 6269 6401
f 6269 6402 6401
f 6269 6270 6402
f 6270 6403 6402
f 6270 6271 6403
f 6271 6404 6403
f 6271 6272 6404
f 6272 6405 6404
f 6272 6273 6405
f 6273 6406 6405
f 6273 6274 6406
f 6274 6407 6406
f 6274 6275 6407
f 6275 6408 6407
f 6275 6276 6408
f 6276 6409 6408
f 6276 6277 6409
f 6277 6410 6409
f 6277 6278 6410
f 6278 6411 6410
f 6278 6279 6411
f 6279 6412 6411
f 6279 6280 6412
f 6280 6413 6412
f 6280 6281 6413
f 6281 6414 6413
f 6281 6282 6414
f 6282 6415 6414
f 6282 6283 6415
f 6283 6416 6415
f 6283 6284 6416
f 6284 6417 6416
f 6284 6285 6417
f 6285 6418 6417
f 6285 6286 6418
f 6286 6419 6418
f 6286 6287 6419
f 6287 6420 6419
f 6287 6288 6420
f 6288 6421 6420
f 6288 6289 6421
f 6289 6422 6421
f 6289 6290 6422
f 6290 6423 6422
f 6290 6291 6423
f 6291 6424 6423
f 6291 6292 6424
f 6292 6425 6424
f 6292 6293 6425
f 6293 6426 6425
f 6293 6294 6426
f 6294 6427 6426
f 6294 6295 6427
f 6295 6428 6427
f 6295 6296 6428
f 6296 6429 6428
f 6296 6297 6429
f 6297 6430 6429
f 6297 6298 6430
f 6298 6431 6430
f 6298 6299 6431
f 6299 6432 6431
f 6299 6300 6432
f 6300 6433 6432
f 6300 6301 6433
f 6301 6434 6433
f 6301 6302 6434
f 6302 6435 6434
f 6302 6303 6435
f 6303 6436 6435
f 6303 6304 6436
f 6304 6437 6436
f 6304 6305 6437
f 6305 6438 6437
f 6305 6306 6438
f 6306 6439 6438
f 6306 6307 6439
f 6307 6440 6439
f 6307 6308 6440
f 6308 6441 6440
f 6308 6309 6441
f 6309 6442 6441
f 6309 6310 6442
f 6310 6443 6442
f 6310 6311 6443
f 6311 6444 6443
f 6311 6312 6444
f 6312 6445 6444
f 6312 6313 6445
f 6313 6446 6445
f 6313 6314 6446
f 6314 6447 6446
f 6314 6315 6447
f 6315 6448 6447
f 6315 6316 6448
f 6316 6449 6448
f 6316 6317 6449
f 6317 6450 6449
f 6317 6318 6450
f 6318 6451 6450
f 6318 6319 6451
f 6319 6452 6451
f 6319 6320 6452
f 6320 6453 6452
f 6320 6321 6453
f 6321 6454 6453
f 6321 6322 6454
f 6322 6455 6454
f 6322 6323 6455
f 6323 6456 6455
f 6323 6324 6456
f 6324 6457 6456
f 6324 6325 6457
f 6325 6458 6457
f 6325 6326 6458
f 6326 6459 6458
f 6326 6327 6459
f 6327 6460 6459
f 6327 6328 6460
f 6328 6461 6460
f 6328 6329 6461
f 6329 6462 6461
f 6329 6330 6462
f 6330 6463 6462
f 6330 6331 6463
f 6331 6464 6463
f 6331 6332 6464
f 6332 6465 6464
f 6332 6333 6465
f 6333 6466 6465
f 6333 6334 6466
f 6334 6467 6466
f 6334 6335 6467
f 6335 6468 6467
f 6335 6336 6468
f 6336 6469 6468
f 6336 6337 6469
f 6337 6470 6469
f 6337 6338 6470
f 6338 6471 6470
f 6338 6339 6471
f 6339 6472 6471
f 6339 6340 6472
f 6340 6473 6472
f 6340 6341 6473
f 6341 6474 6473
f 6341 6342 6474
f 6342 6475 6474
f 6342 6343 6475
f 6343 6476 6475
f 6343 6344 6476
f 6344 6477 6476
f 6344 6345 6477
f 6345 6478 6477
f 6345 6346 6478
f 6346 6479 6478
f 6346 6347 6479
f 6347 6480 6479
f 6347 6348 6480
f 6348 6481 6480
f 6348 6349 6481
f 6349 6482 6481
f 6349 6350 6482
f 6350 6483 6482
f 6350 6351 6483
f 6351 6484 6483
f 6351 6352 6484
f 6352 6485 6484
f 6352 6353 6485
f 6353 6486 6485
f 6353 6354 6486
f 6354 6487 6486
f 6354 6355 6487
f 6355 6488 6487
f 6355 6356 6488
f 6356 6489 6488
f 6356 6357 6489
f 6357 6490 6489
f 6357 6358 6490
f 6358 6491 6490
f 6358 6359 6491
f 6359 6492 6491
f 6359 6360 6492
f 6360 6493 6492
f 6360 6361 6493
f 6361 6494 6493
f 6361 6362 6494
f 6362 6495 6494
f 6362 6363 6495
f 6363 6496 6495
f 6363 6364 6496
f 6364 6497 6496
f 6364 6365 6497
f 6368 6369 6498
f 6370 6506 6505
f 6371 6508 6507
f 6372 6511 6510
f 6372 6373 6511
f 6373 6512 6511
f 6373 6374 6512
f 6374 6513 6512
f 6375 6517 6516
f 6375 6376 6517
f 6376 6518 6517
f 6376 6377 6518
f 6377 6519 6518
f 6377 6378 6519
f 6378 6520 6519
f 6378 6379 6520
f 6379 6521 6520
f 6379 6380 6521
f 6380 6522 6521
f 6380 6381 6522
f 6381 6523 6522
f 6381 6382 6523
f 6382 6524 6523
f 6382 6383 6524
f 6383 6525 6524
f 6383 6384 6525
f 6384 6526 6525
f 6384 6385 6526
f 6385 6527 6526
f 6385 6386 6527
f 6386 6528 6527
f 6386 6387 6528
f 6387 6529 6528
f 6387 6388 6529
f 6388 6530 6529
f 6388 6389 6530
f 6389 6531 6530
f 6389 6390 6531
f 6390 6532 6531
f 6390 6391 6532
f 6391 6533 6532
f 6391 6392 6533
f 6392 6534 6533
f 6392 6393 6534
f 6393 6535 6534
f 6393 6394 6535
f 6394 6536 6535
f 6394 6395 6536
f 6395 6537 6536
f 6395 6396 6537
f 6396 6538 6537
f 6396 6397 6538
f 6397 6539 6538
f 6397 6398 6539
f 6398 6540 6539
f 6398 6399 6540
f 6399 6541 6540
f 6399 6400 6541
f 6400 6542 6541
f 6400 6401 6542
f 6401 6543 6542
f 6401 6402 6543
f 6402 6544 6543
f 6402 6403 6544
f 6403 6545 6544
f 6403 6404 6545
f 6404 6546 6545
f 6404 6405 6546
f 6405 6547 6546
f 6405 6406 6547
f 6406 6548 6547
f 6406 6407 6548
f 6407 6549 6548
f 6407 6408 6549
f 6408 6550 6549
f 6408 6409 6550
f 6409 6551 6550
f 6409 6410 6551
f 6410 6552 6551
f 6410 6411 6552
f 6411 6553 6552
f 6411 6412 6553
f 6412 6554 6553
f 6412 6413 6554
f 6413 6555 6554
f 6413 6414 6555
f 6414 6556 6555
f 6414 6415 6556
f 6415 6557 6556
f 6415 6416 6557
f 6416 6558 6557
f 6416 6417 6558
f 6417 6559 6558
f 6417 6418 6559
f 6418 6560 6559
f 6418 6419 6560
f 6419 6561 6560
f 6419 6420 6561
f 6420 6562 6561
f 6420 6421 6562
f 6421 6563 6562
f 6421 6422 6563
f 6422 6564 6563
f 6422 6423 6564
f 6423 6565 6564
f 6423 6424 6565
f 6424 6566 6565
f 6424 6425 6566
f 6425 6567 6566
f 6425 6426 6567
f 6426 6568 6567
f 6426 6427 6568
f 6427 6569 6568
f 6427 6428 6569
f 6428 6570 6569
f 6428 6429 6570
f 6429 6571 6570
f 6429 6430 6571
f 6430 6572 6571
f 6430 6431 6572
f 6431 6573 6572
f 6431 6432 6573
f 6432 6574 6573
f 6432 6433 6574
f 6433 6575 6574
f 6433 6434 6575
f 6434 6576 6575
f 6434 6435 6576
f 6435 6577 6576
f 6435 6436 6577
f 6436 6578 6577
f 6436 6437 6578
f 6437 6579 6578
f 6437 6438 6579
f 6438 6580 6579
f 6438 6439 6580
f 6439 6581 6580
f 6439 6440 6581
f 6440 6582 6581
f 6440 6441 6582
f 6441 6583 6582
f 6441 6442 6583
f 6442 6584 6583
f 6442 6443 6584
f 6443 6585 6584
f 6443 6444 6585
f 6444 6586 6585
f 6444 6445 6586
f 6445 6587 6586
f 6445 6446 6587
f 6446 6588 6587
f 6446 6447 6588
f 6447 6589 6588
f 6447 6448 6589
f 6448 6590 6589
f 6448 6449 6590
f 6449 6591 6590
f 6449 6450 6591
f 6450 6592 6591
f 6450 6451 6592
f 6451 6593 6592
f 6451 6452 6593
f 6452 6594 6593
f 6452 6453 6594
f 6453 6595 6594
f 6453 6454 6595
f 6454 6596 6595
f 6454 6455 6596
f 6455 6597 6596
f 6455 6456 6597
f 6456 6598 6597
f 6456 6457 6598
f 6457 6599 6598
f 6457 6458 6599
f 6458 6600 6599
f 6458 6459 6600
f 6459 6601 6600
f 6459 6460 6601
f 6460 6602 6601
f 6460 6461 6602
f 6461 6603 6602
f 6461 6462 6603
f 6462 6604 6603
f 6462 6463 6604
f 6463 6605 6604
f 6463 6464 6605
f 6464 6606 6605
f 6464 6465 6606
f 6465 6607 6606
f 6465 6466 6607
f 6466 6608 6607
f 6466 6467 6608
f 6467 6609 6608
f 6467 6468 6609
f 6468 6610 6609
f 6468 6469 6610
f 6469 6611 6610
f 6469 6470 6611
f 6470 6612 6611
f 6470 6471 6612
f 6471 6613 6612
f 6471 6472 6613
f 6472 6614 6613
f 6472 6473 6614
f 6473 6615 6614
f 6473 6474 6615
f 6474 6616 6615
f 6474 6475 6616
f 6475 6617 6616
f 6475 6476 6617
f 6476 6618 6617
f 6476 6477 6618
f 6477 6619 6618
f 6477 6478 6619
f 6478 6620 6619
f 6478 6479 6620
f 6479 6621 6620
f 6479 6480 6621
f 6480 6622 6621
f 6480 6481 6622
f 6481 6623 6622
f 6481 6482 6623
f 6482 6624 6623
f 6482 6483 6624
f 6483 6625 6624
f 6483 6484 6625
f 6484 6626 6625
f 6484 6485 6626
f 6485 6627 6626
f 6485 6486 6627
f 6486 6628 6627
f 6486 6487 6628
f 6487 6629 6628
f 6487 6488 6629
f 6488 6630 6629
f 6488 6489 6630
f 6489 6631 6630
f 6489 6490 6631
f 6490 6632 6631
f 6490 6491 6632
f 6491 6633 6632
f 6491 6492 6633
f 6492 6634 6633
f 6492 6493 6634
f 6493 6635 6634
f 6493 6494 6635
f 6496 6497 6636
f 6499 6500 6637
f 6500 6638 6637
f 6500 6501 6638
f 6501 6639 6638
f 6501 6502 6639
f 6502 6640 6639
f 6502 6503 6640
f 6503 6641 6640
f 6503 6504 6641
f 6504 6642 6641
f 6504 6505 6642
f 6505 6643 6642
f 6505 6506 6643
f 6506 6644 6643
f 6506 6507 6644
f 6507 6645 6644
f 6507 6508 6645
f 6508 6646 6645
f 6508 6509 6646
f 6509 6647 6646
f 6510 6652 6651
f 6510 6511 6652
f 6511 6653 6652
f 6511 6512 6653
f 6512 6654 6653
f 6512 6513 6654
f 6513 6655 6654
f 6514 6657 6656
f 6514 6515 6657
f 6515 6658 6657
f 6515 6516 6658
f 6516 6659 6658
f 6516 6517 6659
f 6517 6660 6659
f 6517 6518 6660
f 6518 6661 6660
f 6518 6519 6661
f 6519 6662 6661
f 6519 6520 6662
f 6520 6663 6662
f 6520 6521 6663
f 6521 6664 6663
f 6521 6522 6664
f 6522 6665 6664
f 6522 6523 6665
f 6523 6666 6665
f 6523 6524 6666
f 6524 6667 6666
f 6524 6525 6667
f 6525 6668 6667
f 6525 6526 6668
f 6526 6669 6668
f 6526 6527 6669
f 6527 6670 6669
f 6527 6528 6670
f 6528 6671 6670
f 6528 6529 6671
f 6529 6672 6671
f 6529 6530 6672
f 6530 6673 6672
f 6530 6531 6673
f 6531 6674 6673
f 6531 6532 6674
f 6532 6675 6674
f 6532 6533 6675
f 6533 6676 6675
f 6533 6534 6676
f 6534 6677 6676
f 6534 6535 6677
f 6535 6678 6677
f 6535 6536 6678
f 6536 6679 6678
f 6536 6537 6679
f 6537 6680 6679
f 6537 6538 6680
f 6538 6681 6680
f 6538 6539 6681
f 6539 6682 6681
f 6539 6540 6682
f 6540 6683 6682
f 6540 6541 6683
f 6541 6684 6683
f 6541 6542 6684
f 6542 6685 6684
f 6542 6543 6685
f 6543 6686 6685
f 6543 6544 6686
f 6544 6687 6686
f 6544 6545 6687
f 6545 6688 6687
f 6545 6546 6688
f 6546 6689 6688
f 6546 6547 6689
f 6547 6690 6689
f 6547 6548 6690
f 6548 6691 6690
f 6548 6549 6691
f 6549 6692 6691
f 6549 6550 6692
f 6550 6693 6692
f 6550 6551 6693
f 6551 6694 6693
f 6551 6552 6694
f 6552 6695 6694
f 6552 6553 6695
f 6553 6696 6695
f 6553 6554 6696
f 6554 6697 6696
f 6554 6555 6697
f 6555 6698 6697
f 6555 6556 6698
f 6556 6699 6698
f 6556 6557 6699
f 6557 6700 6699
f 6557 6558 6700
f 6558 6701 6700
f 6558 6559 6701
f 6559 6702 6701
f 6559 6560 6702
f 6560 6703 6702
f 6560 6561 6703
f 6561 6704 6703
f 6561 6562 6704
f 6562 6705 6704
f 6562 6563 6705
f 6563 6706 6705
f 6563 6564 6706
f 6564 6707 6706
f 6564 6565 6707
f 6565 6708 6707
f 6565 6566 6708
f 6566 6709 6708
f 6566 6567 6709
f 6567 6710 6709
f 6567 6568 6710
f 6568 6711 6710
f 6568 6569 6711
f 6569 6712 6711
f 6569 6570 6712
f 6570 6713 6712
f 6570 6571 6713
f 6571 6714 6713
f 6571 6572 6714
f 6572 6715 6714
f 6572 6573 6715
f 6573 6716 6715
f 6573 6574 6716
f 6574 6717 6716
f 6574 6575 6717
f 6575 6718 6717
f 6575 6576 6718
f 6576 6719 6718
f 6576 6577 6719
f 6577 6720 6719
f 6577 6578 6720
f 6578 6721 6720
f 6578 6579 6721
f 6579 6722 6721
f 6579 6580 6722
f 6580 6723 6722
f 6580 6581 6723
f 6581 6724 6723
f 6581 6582 6724
f 6582 6725 6724
f 6582 6583 6725
f 6583 6726 6725
f 6583 6584 6726
f 6584 6727 6726
f 6584 6585 6727
f 6585 6728 6727
f 6585 6586 6728
f 6586 6729 6728
f 6586 6587 6729
f 6587 6730 6729
f 6587 6588 6730
f 6588 6731 6730
f 6588 6589 6731
f 6589 6732 6731
f 6589 6590 6732
f 6590 6733 6732
f 6590 6591 6733
f 6591 6734 6733
f 6591 6592 6734
f 6592 6735 6734
f 6592 6593 6735
f 6593 6736 6735
f 6593 6594 6736
f 6594 6737 6736
f 6594 6595 6737
f 6595 6738 6737
f 6595 6596 6738
f 6596 6739 6738
f 6596 6597 6739
f 6597 6740 6739
f 6597 6598 6740
f 6598 6741 6740
f 6598 6599 6741
f 6599 6742 6741
f 6599 6600 6742
f 6600 6743 6742
f 6600 6601 6743
f 6601 6744 6743
f 6601 6602 6744
f 6602 6745 6744
f 6602 6603 6745
f 6603 6746 6745
f 6603 6604 6746
f 6604 6747 6746
f 6604 6605 6747
f 6605 6748 6747
f 6605 6606 6748
f 6606 6749 6748
f 6606 6607 6749
f 6607 6750 6749
f 6607 6608 6750
f 6608 6751 6750
f 6608 6609 6751
f 6609 6752 6751
f 6609 6610 6752
f 6610 6753 6752
f 6610 6611 6753
f 6611 6754 6753
f 6611 6612 6754
f 6612 6755 6754
f 6612 6613 6755
f 6613 6756 6755
f 6613 6614 6756
f 6614 6757 6756
f 6614 6615 6757
f 6615 6758 6757
f 6615 6616 6758
f 6616 6759 6758
f 6616 6617 6759
f 6617 6760 6759
f 6617 6618 6760
f 6618 6761 6760
f 6618 6619 6761
f 6619 6762 6761
f 6619 6620 6762
f 6620 6763 6762
f 6620 6621 6763
f 6621 6764 6763
f 6621 6622 6764
f 6622 6765 6764
f 6622 6623 6765
f 6623 6766 6765
f 6623 6624 6766
f 6624 6767 6766
f 6624 6625 6767
f 6625 6768 6767
f 6625 6626 6768
f 6626 6769 6768
f 6626 6627 6769
f 6627 6770 6769
f 6627 6628 6770
f 6628 6771 6770
f 6628 6629 6771
f 6629 6772 6771
f 6629 6630 6772
f 6630 6773 6772
f 6630 6631 6773
f 6631 6774 6773
f 6631 6632 6774
f 6632 6775 6774
f 6632 6633 6775
f 6633 6776 6775
f 6633 6634 6776
f 6634 6777 6776
f 6634 6635 6777
f 6635 6778 6777
f 6636 6781 6780
f 6637 6783 6782
f 6637 6638 6783
f 6638 6784 6783
f 6638 6639 6784
f 6639 6785 6784
f 6639 6640 6785
f 6640 6786 6785
f 6640 6641 6786
f 6641 6787 6786
f 6641 6642 6787
f 6642 6788 6787
f 6642 6643 6788
f 6643 6789 6788
f 6643 6644 6789
f 6644 6790 6789
f 6644 6645 6790
f 6645 6791 6790
f 6645 6646 6791
f 6646 6792 6791
f 6646 6647 6792
f 6647 6793 6792
f 6647 6648 6793
f 6648 6794 6793
f 6648 6649 6794
f 6649 6795 6794
f 6649 6650 6795
f 6650 6796 6795
f 6650 6651 6796
f 6651 6797 6796
f 6651 6652 6797
f 6652 6798 6797
f 6652 6653 6798
f 6653 6799 6798
f 6653 6654 6799
f 6654 6800 6799
f 6654 6655 6800
f 6655 6801 6800
f 6655 6656 6801
f 6656 6802 6801
f 6656 6657 6802
f 6657 6803 6802
f 6657 6658 6803
f 6658 6804 6803
f 6658 6659 6804
f 6659 6805 6804
f 6659 6660 6805
f 6660 6806 6805
f 6660 6661 6806
f 6661 6807 6806
f 6661 6662 6807
f 6662 6808 6807
f 6662 6663 6808
f 6663 6809 6808
f 6663 6664 6809
f 6664 6810 6809
f 6664 6665 6810
f 6665 6811 6810
f 6665 6666 6811
f 6666 6812 6811
f 6666 6667 6812
f 6667 6813 6812
f 6667 6668 6813
f 6668 6814 6813
f 6668 6669 6814
f 6669 6815 6814
f 6669 6670 6815
f 6670 6816 6815
f 6670 6671 6816
f 6671 6817 6816
f 6671 6672 6817
f 6672 6818 6817
f 6672 6673 6818
f 6673 6819 6818
f 6673 6674 6819
f 6674 6820 6819
f 6674 6675 6820
f 6675 6821 6820
f 6675 6676 6821
f 6676 6822 6821
f 6676 6677 6822
f 6677 6823 6822
f 6677 6678 6823
f 6678 6824 6823
f 6678 6679 6824
f 6679 6825 6824
f 6679 6680 6825
f 6680 6826 6825
f 6680 6681 6826
f 6681 6827 6826
f 6681 6682 6827
f 6682 6828 6827
f 6682 6683 6828
f 6683 6829 6828
f 6683 6684 6829
f 6684 6830 6829
f 6684 6685 6830
f 6685 6831 6830
f 6685 6686 6831
f 6686 6832 6831
f 6686 6687 6832
f 6687 6833 6832
f 6687 6688 6833
f 6688 6834 6833
f 6688 6689 6834
f 6689 6835 6834
f 6689 6690 6835
f 6690 6836 6835
f 6690 6691 6836
f 6691 6837 6836
f 6691 6692 6837
f 6692 6838 6837
f 6692 6693 6838
f 6693 6839 6838
f 6693 6694 6839
f 6694 6840 6839
f 6694 6695 6840
f 6695 6841 6840
f 6695 6696 6841
f 6696 6842 6841
f 6696 6697 6842
f 6697 6843 6842
f 6697 6698 6843
f 6698 6844 6843
f 6698 6699 6844
f 6699 6845 6844
f 6699 6700 6845
f 6700 6846 6845
f 6700 6701 6846
f 6701 6847 6846
f 6701 6702 6847
f 6702 6848 6847
f 6702 6703 6848
f 6703 6849 6848
f 6703 6704 6849
f 6704 6850 6849
f 6704 6705 6850
f 6705 6851 6850
f 6705 6706 6851
f 6706 6852 6851
f 6706 6707 6852
f 6707 6853 6852
f 6707 6708 6853
f 6708 6854 6853
f 6708 6709 6854
f 6709 6855 6854
f 6709 6710 6855
f 6710 6856 6855
f 6710 6711 6856
f 6711 6857 6856
f 6711 6712 6857
f 6712 6858 6857
f 6712 6713 6858
f 6713 6859 6858
f 6713 6714 6859
f 6714 6860 6859
f 6714 6715 6860
f 6715 6861 6860
f 6715 6716 6861
f 6716 6862 6861
f 6716 6717 6862
f 6717 6863 6862
f 6717 6718 6863
f 6718 6864 6863
f 6718 6719 6864
f 6719 6865 6864
f 6719 6720 6865
f 6720 6866 6865
f 6720 6721 6866
f 6721 6867 6866
f 6721 6722 6867
f 6722 6868 6867
f 6722 6723 6868
f 6723 6869 6868
f 6723 6724 6869
f 6724 6870 6869
f 6724 6725 6870
f 6725 6871 6870
f 6725 6726 6871
f 6726 6872 6871
f 6726 6727 6872
f 6727 6873 6872
f 6727 6728 6873
f 6728 6874 6873
f 6728 6729 6874
f 6729 6875 6874
f 6729 6730 6875
f 6730 6876 6875
f 6730 6731 6876
f 6731 6877 6876
f 6731 6732 6877
f 6732 6878 6877
f 6732 6733 6878
f 6733 6879 6878
f 6733 6734 6879
f 6734 6880 6879
f 6734 6735 6880
f 6735 6881 6880
f 6735 6736 6881
f 6736 6882 6881
f 6736 6737 6882
f 6737 6883 6882
f 6737 6738 6883
f 6738 6884 6883
f 6738 6739 6884
f 6739 6885 6884
f 6739 6740 6885
f 6740 6886 6885
f 6740 6741 6886
f 6741 6887 6886
f 6741 6742 6887
f 6742 6888 6887
f 6742 6743 6888
f 6743 6889 6888
f 6743 6744 6889
f 6744 6890 6889
f 6744 6745 6890
f 6745 6891 6890
f 6745 6746 6891
f 6746 6892 6891
f 6746 6747 6892
f 6747 6893 6892
f 6747 6748 6893
f 6748 6894 6893
f 6748 6749 6894
f 6749 6895 6894
f 6749 6750 6895
f 6750 6896 6895
f 6750 6751 6896
f 6751 6897 6896
f 6751 6752 6897
f 6752 6898 6897
f 6752 6753 6898
f 6753 6899 6898
f 6753 6754 6899
f 6754 6900 6899
f 6754 6755 6900
f 6755 6901 6900
f 6755 6756 6901
f 6756 6902 6901
f 6756 6757 6902
f 6757 6903 6902
f 6757 6758 6903
f 6758 6904 6903
f 6758 6759 6904
f 6759 6905 6904
f 6759 6760 6905
f 6760 6906 6905
f 6760 6761 6906
f 6761 6907 6906
f 6761 6762 6907
f 6762 6908 6907
f 6762 6763 6908
f 6763 6909 6908
f 6763 6764 6909
f 6764 6910 6909
f 6764 6765 6910
f 6765 6911 6910
f 6765 6766 6911
f 6766 6912 6911
f 6766 6767 6912
f 6767 6913 6912
f 6767 6768 6913
f 6768 6914 6913
f 6768 6769 6914
f 6769 6915 6914
f 6769 6770 6915
f 6770 6916 6915
f 6770 6771 6916
f 6771 6917 6916
f 6771 6772 6917
f 6772 6918 6917
f 6772 6773 6918
f 6773 6919 6918
f 6773 6774 6919
f 6774 6920 6919
f 6774 6775 6920
f 6775 6921 6920
f 6775 6776 6921
f 6776 6922 6921
f 6776 6777 6922
f 6777 6923 6922
f 6777 6778 6923
f 6778 6924 6923
f 6778 6779 6924
f 6779 6925 6924
f 6779 6780 6925
f 6782 6927 6926
f 6782 6783 6927
f 6783 6928 6927
f 6783 6784 6928
f 6784 6929 6928
f 6784 6785 6929
f 6785 6930 6929
f 6785 6786 6930
f 6786 6931 6930
f 6786 6787 6931
f 6787 6932 6931
f 6787 6788 6932
f 6790 6791 6933
f 6791 6934 6933
f 6791 6792 6934
f 6792 6935 6934
f 6792 6793 6935
f 6793 6936 6935
f 6793 6794 6936
f 6794 6937 6936
f 6794 6795 6937
f 6795 6938 6937
f 6795 6796 6938
f 6796 6939 6938
f 6796 6797 6939
f 6797 6940 6939
f 6797 6798 6940
f 6798 6941 6940
f 6798 6799 6941
f 6799 6942 6941
f 6799 6800 6942
f 6800 6943 6942
f 6800 6801 6943
f 6801 6944 6943
f 6801 6802 6944
f 6802 6945 6944
f 6802 6803 6945
f 6803 6946 6945
f 6803 6804 6946
f 6804 6947 6946
f 6804 6805 6947
f 6805 6948 6947
f 6805 6806 6948
f 6806 6949 6948
f 6806 6807 6949
f 6807 6950 6949
f 6807 6808 6950
f 6808 6951 6950
f 6808 6809 6951
f 6809 6952 6951
f 6809 6810 6952
f 6810 6953 6952
f 6810 6811 6953
f 6811 6954 6953
f 6811 6812 6954
f 6812 6955 6954
f 6812 6813 6955
f 6813 6956 6955
f 6813 6814 6956
f 6814 6957 6956
f 6814 6815 6957
f 6815 6958 6957
f 6815 6816 6958
f 6816 6959 6958
f 6816 6817 6959
f 6817 6960 6959
f 6817 6818 6960
f 6818 6961 6960
f 6818 6819 6961
f 6819 6962 6961
f 6819 6820 6962
f 6820 6963 6962
f 6820 6821 6963
f 6821 6964 6963
f 6821 6822 6964
f 6822 6965 6964
f 6822 6823 6965
f 6823 6966 6965
f 6823 6824 6966
f 6824 6967 6966
f 6824 6825 6967
f 6825 6968 6967
f 6825 6826 6968
f 6826 6969 6968
f 6826 6827 6969
f 6827 6970 6969
f 6827 6828 6970
f 6828 6971 6970
f 6828 6829 6971
f 6829 6972 6971
f 6829 6830 6972
f 6830 6973 6972
f 6830 6831 6973
f 6831 6974 6973
f 6831 6832 6974
f 6832 6975 6974
f 6832 6833 6975
f 6833 6976 6975
f 6833 6834 6976
f 6834 6977 6976
f 6834 6835 6977
f 6835 6978 6977
f 6835 6836 6978
f 6836 6979 6978
f 6836 6837 6979
f 6837 6980 6979
f 6837 6838 6980
f 6838 6981 6980
f 6838 6839 6981
f 6839 6982 6981
f 6839 6840 6982
f 6840 6983 6982
f 6840 6841 6983
f 6841 6984 6983
f 6841 6842 6984
f 6842 6985 6984
f 6842 6843 6985
f 6843 6986 6985
f 6843 6844 6986
f 6844 6987 6986
f 6844 6845 6987
f 6845 6988 6987
f 6845 6846 6988
f 6846 6989 6988
f 6846 6847 6989
f 6847 6990 6989
f 6847 6848 6990
f 6848 6991 6990
f 6848 6849 6991
f 6849 6992 6991
f 6849 6850 6992
f 6850 6993 6992
f 6850 6851 6993
f 6851 6994 6993
f 6851 6852 6994
f 6852 6995 6994
f 6852 6853 6995
f 6853 6996 6995
f 6853 6854 6996
f 6854 6997 6996
f 6854 6855 6997
f 6855 6998 6997
f 6855 6856 6998
f 6856 6999 6998
f 6856 6857 6999
f 6857 7000 6999
f 6857 6858 7000
f 6858 7001 7000
f 6858 6859 7001
f 6859 7002 7001
f 6859 6860 7002
f 6860 7003 7002
f 6860 6861 7003
f 6861 7004 7003
f 6861 6862 7004
f 6862 7005 7004
f 6862 6863 7005
f 6863 7006 7005
f 6863 6864 7006
f 6864 7007 7006
f 6864 6865 7007
f 6865 7008 7007
f 6865 6866 7008
f 6866 7009 7008
f 6866 6867 7009
f 6867 7010 7009
f 6867 6868 7010
f 6868 7011 7010
f 6868 6869 7011
f 6869 7012 7011
f 6869 6870 7012
f 6870 7013 7012
f 6870 6871 7013
f 6871 7014 7013
f 6871 6872 7014
f 6872 7015 7014
f 6872 6873 7015
f 6873 7016 7015
f 6873 6874 7016
f 6874 7017 7016
f 6874 6875 7017
f 6875 7018 7017
f 6875 6876 7018
f 6876 7019 7018
f 6876 6877 7019
f 6877 7020 7019
f 6877 6878 7020
f 6878 7021 7020
f 6878 6879 7021
f 6879 7022 7021
f 6879 6880 7022
f 6880 7023 7022
f 6880 6881 7023
f 6881 7024 7023
f 6881 6882 7024
f 6882 7025 7024
f 6882 6883 7025
f 6883 7026 7025
f 6883 6884 7026
f 6884 7027 7026
f 6884 6885 7027
f 6885 7028 7027
f 6885 6886 7028
f 6886 7029 7028
f 6886 6887 7029
f 6887 7030 7029
f 6887 6888 7030
f 6888 7031 7030
f 6888 6889 7031
f 6889 7032 7031
f 6889 6890 7032
f 6890 7033 7032
f 6890 6891 7033
f 6891 7034 7033
f 6891 6892 7034
f 6892 7035 7034
f 6892 6893 7035
f 6893 7036 7035
f 6893 6894 7036
f 6894 7037 7036
f 6894 6895 7037
f 6895 7038 7037
f 6895 6896 7038
f 6896 7039 7038
f 6896 6897 7039
f 6897 7040 7039
f 6897 6898 7040
f 6898 7041 7040
f 6898 6899 7041
f 6899 7042 7041
f 6899 6900 7042
f 6900 7043 7042
f 6900 6901 7043
f 6901 7044 7043
f 6901 6902 7044
f 6902 7045 7044
f 6902 6903 7045
f 6903 7046 7045
f 6903 6904 7046
f 6904 7047 7046
f 6904 6905 7047
f 6905 7048 7047
f 6905 6906 7048
f 6906 7049 7048
f 6906 6907 7049
f 6907 7050 7049
f 6907 6908 7050
f 6908 7051 7050
f 6908 6909 7051
f 6909 7052 7051
f 6909 6910 7052
f 6910 7053 7052
f 6910 6911 7053
f 6911 7054 7053
f 6911 6912 7054
f 6912 7055 7054
f 6912 6913 7055
f 6913 7056 7055
f 6913 6914 7056
f 6914 7057 7056
f 6914 6915 7057
f 6915 7058 7057
f 6915 6916 7058
f 6916 7059 7058
f 6916 6917 7059
f 6917 7060 7059
f 6917 6918 7060
f 6918 7061 7060
f 6918 6919 7061
f 6919 7062 7061
f 6919 6920 7062
f 6920 7063 7062
f 6920 6921 7063
f 6921 7064 7063
f 6921 6922 7064
f 6922 7065 7064
f 6922 6923 7065
f 6923 7066 7065
f 6923 6924 7066
f 6924 7067 7066
f 6924 6925 7067
f 6926 6927 7068
f 6927 7069 7068
f 6927 6928 7069
f 6928 7070 7069
f 6928 6929 7070
f 6929 7071 7070
f 6929 6930 7071
f 6930 7072 7071
f 6930 6931 7072
f 6931 7073 7072
f 6931 6932 7073
f 6932 7074 7073
f 6933 7077 7076
f 6933 6934 7077
f 6934 7078 7077
f 6934 6935 7078
f 6935 7079 7078
f 6935 6936 7079
f 6936 7080 7079
f 6936 6937 7080
f 6937 7081 7080
f 6937 6938 7081
f 6938 7082 7081
f 6938 6939 7082
f 6939 7083 7082
f 6939 6940 7083
f 6940 7084 7083
f 6940 6941 7084
f 6941 7085 7084
f 6941 6942 7085
f 6942 7086 7085
f 6942 6943 7086
f 6943 7087 7086
f 6943 6944 7087
f 6944 7088 7087
f 6944 6945 7088
f 6945 7089 7088
f 6945 6946 7089
f 6946 7090 7089
f 6946 6947 7090
f 6947 7091 7090
f 6947 6948 7091
f 6948 7092 7091
f 6948 6949 7092
f 6949 7093 7092
f 6949 6950 7093
f 6950 7094 7093
f 6950 6951 7094
f 6951 7095 7094
f 6951 6952 7095
f 6952 7096 7095
f 6952 6953 7096
f 6953 7097 7096
f 6953 6954 7097
f 6954 7098 7097
f 6954 6955 7098
f 6955 7099 7098
f 6955 6956 7099
f 6956 7100 7099
f 6956 6957 7100
f 6957 7101 7100
f 6957 6958 7101
f 6958 7102 7101
f 6958 6959 7102
f 6959 7103 7102
f 6959 6960 7103
f 6960 7104 7103
f 6960 6961 7104
f 6961 7105 7104
f 6961 6962 7105
f 6962 7106 7105
f 6962 6963 7106
f 6963 7107 7106
f 6963 6964 7107
f 6964 7108 7107
f 6964 6965 7108
f 6965 7109 7108
f 6965 6966 7109
f 6966 7110 7109
f 6966 6967 7110
f 6967 7111 7110
f 6967 6968 7111
f 6968 7112 7111
f 6968 6969 7112
f 6969 7113 7112
f 6969 6970 7113
f 6970 7114 7113
f 6970 6971 7114
f 6971 7115 7114
f 6971 6972 7115
f 6972 7116 7115
f 6972 6973 7116
f 6973 7117 7116
f 6973 6974 7117
f 6974 7118 7117
f 6974 6975 7118
f 6975 7119 7118
f 6975 6976 7119
f 6976 7120 7119
f 6976 6977 7120
f 6977 7121 7120
f 6977 6978 7121
f 6978 7122 7121
f 6978 6979 7122
f 6979 7123 7122
f 6979 6980 7123
f 6980 7124 7123
f 6980 6981 7124
f 6981 7125 7124
f 6981 6982 7125
f 6982 7126 7125
f 6982 6983 7126
f 6983 7127 7126
f 6983 6984 7127
f 6984 7128 7127
f 6984 6985 7128
f 6985 7129 7128
f 6985 6986 7129
f 6986 7130 7129
f 6986 6987 7130
f 6987 7131 7130
f 6987 6988 7131
f 6988 7132 7131
f 6988 6989 7132
f 6989 7133 7132
f 6989 6990 7133
f 6990 7134 7133
f 6990 6991 7134
f 6991 7135 7134
f 6991 6992 7135
f 6992 7136 7135
f 6992 6993 7136
f 6993 7137 7136
f 6993 6994 7137
f 6994 7138 7137
f 6994 6995 7138
f 6995 7139 7138
f 6995 6996 7139
f 6996 7140 7139
f 6996 6997 7140
f 6997 7141 7140
f 6997 6998 7141
f 6998 7142 7141
f 6998 6999 7142
f 6999 7143 7142
f 6999 7000 7143
f 7000 7144 7143
f 7000 7001 7144
f 7001 7145 7144
f 7001 7002 7145
f 7002 7146 7145
f 7002 7003 7146
f 7003 7147 7146
f 7003 7004 7147
f 7004 7148 7147
f 7004 7005 7148
f 7005 7149 7148
f 7005 7006 7149
f 7006 7150 7149
f 7006 7007 7150
f 7007 7151 7150
f 7007 7008 7151
f 7008 7152 7151
f 7008 7009 7152
f 7009 7153 7152
f 7009 7010 7153
f 7010 7154 7153
f 7010 7011 7154
f 7011 7155 7154
f 7011 7012 7155
f 7012 7156 7155
f 7012 7013 7156
f 7013 7157 7156
f 7013 7014 7157
f 7014 7158 7157
f 7014 7015 7158
f 7015 7159 7158
f 7015 7016 7159
f 7016 7160 7159
f 7016 7017 7160
f 7017 7161 7160
f 7017 7018 7161
f 7018 7162 7161
f 7018 7019 7162
f 7019 7163 7162
f 7019 7020 7163
f 7020 7164 7163
f 7020 7021 7164
f 7021 7165 7164
f 7021 7022 7165
f 7022 7166 7165
f 7022 7023 7166
f 7023 7167 7166
f 7023 7024 7167
f 7024 7168 7167
f 7024 7025 7168
f 7025 7169 7168
f 7025 7026 7169
f 7026 7170 7169
f 7026 7027 7170
f 7027 7171 7170
f 7027 7028 7171
f 7028 7172 7171
f 7028 7029 7172
f 7029 7173 7172
f 7029 7030 7173
f 7030 7174 7173
f 7030 7031 7174
f 7031 7175 7174
f 7031 7032 7175
f 7032 7176 7175
f 7032 7033 7176
f 7033 7177 7176
f 7033 7034 7177
f 7034 7178 7177
f 7034 7035 7178
f 7035 7179 7178
f 7035 7036 7179
f 7036 7180 7179
f 7036 7037 7180
f 7037 7181 7180
f 7037 7038 7181
f 7038 7182 7181
f 7038 7039 7182
f 7039 7183 7182
f 7039 7040 7183
f 7040 7184 7183
f 7040 7041 7184
f 7041 7185 7184
f 7041 7042 7185
f 7042 7186 7185
f 7042 7043 7186
f 7043 7187 7186
f 7043 7044 7187
f 7044 7188 7187
f 7044 7045 7188
f 7045 7189 7188
f 7045 7046 7189
f 7046 7190 7189
f 7046 7047 7190
f 7047 7191 7190
f 7047 7048 7191
f 7048 7192 7191
f 7048 7049 7192
f 7049 7193 7192
f 7049 7050 7193
f 7050 7194 7193
f 7050 7051 7194
f 7051 7195 7194
f 7051 7052 7195
f 7052 7196 7195
f 7052 7053 7196
f 7053 7197 7196
f 7053 7054 7197
f 7054 7198 7197
f 7054 7055 7198
f 7055 7199 7198
f 7055 7056 7199
f 7056 7200 7199
f 7056 7057 7200
f 7057 7201 7200
f 7057 7058 7201
f 7058 7202 7201
f 7058 7059 7202
f 7059 7203 7202
f 7059 7060 7203
f 7060 7204 7203
f 7060 7061 7204
f 7061 7205 7204
f 7061 7062 7205
f 7062 7206 7205
f 7062 7063 7206
f 7063 7207 7206
f 7063 7064 7207
f 7064 7208 7207
f 7064 7065 7208
f 7071 7072 7209
f 7072 7210 7209
f 7072 7073 7210
f 7073 7211 7210
f 7073 7074 7211
f 7074 7212 7211
f 7074 7075 7212
f 7075 7213 7212
f 7075 7076 7213
f 7076 7214 7213
f 7076 7077 7214
f 7077 7215 7214
f 7077 7078 7215
f 7078 7216 7215
f 7078 7079 7216
f 7079 7217 7216
f 7079 7080 7217
f 7080 7218 7217
f 7080 7081 7218
f 7081 7219 7218
f 7081 7082 7219
f 7082 7220 7219
f 7082 7083 7220
f 7083 7221 7220
f 7083 7084 7221
f 7084 7222 7221
f 7084 7085 7222
f 7085 7223 7222
f 7085 7086 7223
f 7086 7224 7223
f 7086 7087 7224
f 7087 7225 7224
f 7087 7088 7225
f 7088 7226 7225
f 7088 7089 7226
f 7089 7227 7226
f 7089 7090 7227
f 7090 7228 7227
f 7090 7091 7228
f 7091 7229 7228
f 7091 7092 7229
f 7092 7230 7229
f 7092 7093 7230
f 7093 7231 7230
f 7093 7094 7231
f 7094 7232 7231
f 7094 7095 7232
f 7095 7233 7232
f 7095 7096 7233
f 7096 7234 7233
f 7096 7097 7234
f 7097 7235 7234
f 7097 7098 7235
f 7098 7236 7235
f 7098 7099 7236
f 7099 7237 7236
f 7099 7100 7237
f 7100 7238 7237
f 7100 7101 7238
f 7101 7239 7238
f 7101 7102 7239
f 7102 7240 7239
f 7102 7103 7240
f 7103 7241 7240
f 7103 7104 7241
f 7104 7242 7241
f 7104 7105 7242
f 7105 7243 7242
f 7105 7106 7243
f 7106 7244 7243
f 7106 7107 7244
f 7107 7245 7244
f 7107 7108 7245
f 7108 7246 7245
f 7108 7109 7246
f 7109 7247 7246
f 7109 7110 7247
f 7110 7248 7247
f 7110 7111 7248
f 7111 7249 7248
f 7111 7112 7249
f 7112 7250 7249
f 7112 7113 7250
f 7113 7251 7250
f 7113 7114 7251
f 7114 7252 7251
f 7114 7115 7252
f 7115 7253 7252
f 7115 7116 7253
f 7116 7254 7253
f 7116 7117 7254
f 7117 7255 7254
f 7117 7118 7255
f 7118 7256 7255
f 7118 7119 7256
f 7119 7257 7256
f 7119 7120 7257
f 7120 7258 7257
f 7120 7121 7258
f 7121 7259 7258
f 7121 7122 7259
f 7122 7260 7259
f 7122 7123 7260
f 7123 7261 7260
f 7123 7124 7261
f 7124 7262 7261
f 7124 7125 7262
f 7125 7263 7262
f 7125 7126 7263
f 7126 7264 7263
f 7126 7127 7264
f 7127 7265 7264
f 7127 7128 7265
f 7128 7266 7265
f 7128 7129 7266
f 7129 7267 7266
f 7129 7130 7267
f 7130 7268 7267
f 7130 7131 7268
f 7131 7269 7268
f 7131 7132 7269
f 7132 7270 7269
f 7132 7133 7270
f 7133 7271 7270
f 7133 7134 7271
f 7134 7272 7271
f 7134 7135 7272
f 7135 7273 7272
f 7135 7136 7273
f 7136 7274 7273
f 7136 7137 7274
f 7137 7275 7274
f 7137 7138 7275
f 7138 7276 7275
f 7138 7139 7276
f 7139 7277 7276
f 7139 7140 7277
f 7140 7278 7277
f 7140 7141 7278
f 7141 7279 7278
f 7141 7142 7279
f 7142 7280 7279
f 7142 7143 7280
f 7143 7281 7280
f 7143 7144 7281
f 7144 7282 7281
f 7144 7145 7282
f 7145 7283 7282
f 7145 7146 7283
f 7146 7284 7283
f 7146 7147 7284
f 7147 7285 7284
f 7147 7148 7285
f 7148 7286 7285
f 7148 7149 7286
f 7149 7287 7286
f 7149 7150 7287
f 7150 7288 7287
f 7150 7151 7288
f 7151 7289 7288
f 7151 7152 7289
f 7152 7290 7289
f 7152 7153 7290
f 7153 7291 7290
f 7153 7154 7291
f 7154 7292 7291
f 7154 7155 7292
f 7155 7293 7292
f 7155 7156 7293
f 7156 7294 7293
f 7156 7157 7294
f 7157 7295 7294
f 7157 7158 7295
f 7158 7296 7295
f 7158 7159 7296
f 7159 7297 7296
f 7159 7160 7297
f 7160 7298 7297
f 7160 7161 7298
f 7161 7299 7298
f 7161 7162 7299
f 7162 7300 7299
f 7162 7163 7300
f 7163 7301 7300
f 7163 7164 7301
f 7164 7302 7301
f 7164 7165 7302
f 7165 7303 7302
f 7165 7166 7303
f 7166 7304 7303
f 7166 7167 7304
f 7167 7305 7304
f 7167 7168 7305
f 7168 7306 7305
f 7168 7169 7306
f 7169 7307 7306
f 7169 7170 7307
f 7170 7308 7307
f 7170 7171 7308
f 7171 7309 7308
f 7171 7172 7309
f 7172 7310 7309
f 7172 7173 7310
f 7173 7311 7310
f 7173 7174 7311
f 7174 7312 7311
f 7174 7175 7312
f 7175 7313 7312
f 7175 7176 7313
f 7176 7314 7313
f 7176 7177 7314
f 7177 7315 7314
f 7177 7178 7315
f 7178 7316 7315
f 7178 7179 7316
f 7179 7317 7316
f 7179 7180 7317
f 7180 7318 7317
f 7180 7181 7318
f 7181 7319 7318
f 7181 7182 7319
f 7182 7320 7319
f 7182 7183 7320
f 7183 7321 7320
f 7183 7184 7321
f 7184 7322 7321
f 7184 7185 7322
f 7185 7323 7322
f 7185 7186 7323
f 7186 7324 7323
f 7186 7187 7324
f 7187 7325 7324
f 7187 7188 7325
f 7188 7326 7325
f 7188 7189 7326
f 7189 7327 7326
f 7189 7190 7327
f 7190 7328 7327
f 7190 7191 7328
f 7191 7329 7328
f 7191 7192 7329
f 7192 7330 7329
f 7192 7193 7330
f 7193 7331 7330
f 7193 7194 7331
f 7194 7332 7331
f 7194 7195 7332
f 7195 7333 7332
f 7195 7196 7333
f 7196 7334 7333
f 7196 7197 7334
f 7197 7335 7334
f 7197 7198 7335
f 7198 7336 7335
f 7198 7199 7336
f 7199 7337 7336
f 7199 7200 7337
f 7200 7338 7337
f 7200 7201 7338
f 7201 7339 7338
f 7201 7202 7339
f 7202 7340 7339
f 7202 7203 7340
f 7203 7341 7340
f 7203 7204 7341
f 7204 7342 7341
f 7204 7205 7342
f 7205 7343 7342
f 7205 7206 7343
f 7206 7344 7343
f 7206 7207 7344
f 7207 7345 7344
f 7207 7208 7345
f 7208 7346 7345
f 7209 7210 7347
f 7210 7348 7347
f 7210 7211 7348
f 7211 7349 7348
f 7211 7212 7349
f 7212 7350 7349
f 7212 7213 7350
f 7213 7351 7350
f 7213 7214 7351
f 7214 7352 7351
f 7214 7215 7352
f 7215 7353 7352
f 7215 7216 7353
f 7216 7354 7353
f 7216 7217 7354
f 7217 7355 7354
f 7217 7218 7355
f 7218 7356 7355
f 7218 7219 7356
f 7219 7357 7356
f 7219 7220 7357
f 7220 7358 7357
f 7220 7221 7358
f 7221 7359 7358
f 7221 7222 7359
f 7222 7360 7359
f 7222 7223 7360
f 7223 7361 7360
f 7223 7224 7361
f 7224 7362 7361
f 7224 7225 7362
f 7225 7363 7362
f 7225 7226 7363
f 7226 7364 7363
f 7226 7227 7364
f 7227 7365 7364
f 7227 7228 7365
f 7228 7366 7365
f 7228 7229 7366
f 7229 7367 7366
f 7229 7230 7367
f 7230 7368 7367
f 7230 7231 7368
f 7231 7369 7368
f 7231 7232 7369
f 7232 7370 7369
f 7232 7233 7370
f 7233 7371 7370
f 7233 7234 7371
f 7234 7372 7371
f 7234 7235 7372
f 7235 7373 7372
f 7235 7236 7373
f 7236 7374 7373
f 7236 7237 7374
f 7237 7375 7374
f 7237 7238 7375
f 7238 7376 7375
f 7238 7239 7376
f 7239 7377 7376
f 7239 7240 7377
f 7240 7378 7377
f 7240 7241 7378
f 7241 7379 7378
f 7241 7242 7379
f 7242 7380 7379
f 7242 7243 7380
f 7243 7381 7380
f 7243 7244 7381
f 7244 7382 7381
f 7244 7245 7382
f 7245 7383 7382
f 7245 7246 7383
f 7246 7384 7383
f 7246 7247 7384
f 7247 7385 7384
f 7247 7248 7385
f 7248 7386 7385
f 7248 7249 7386
f 7249 7387 7386
f 7249 7250 7387
f 7250 7388 7387
f 7250 7251 7388
f 7251 7389 7388
f 7251 7252 7389
f 7252 7390 7389
f 7252 7253 7390
f 7253 7391 7390
f 7253 7254 7391
f 7254 7392 7391
f 7254 7255 7392
f 7255 7393 7392
f 7255 7256 7393
f 7256 7394 7393
f 7256 7257 7394
f 7257 7395 7394
f 7257 7258 7395
f 7258 7396 7395
f 7258 7259 7396
f 7259 7397 7396
f 7259 7260 7397
f 7260 7398 7397
f 7260 7261 7398
f 7261 7399 7398
f 7261 7262 7399
f 7262 7400 7399
f 7262 7263 7400
f 7263 7401 7400
f 7263 7264 7401
f 7264 7402 7401
f 7264 7265 7402
f 7265 7403 7402
f 7265 7266 7403
f 7266 7404 7403
f 7266 7267 7404
f 7267 7405 7404
f 7267 7268 7405
f 7268 7406 7405
f 7268 7269 7406
f 7269 7407 7406
f 7269 7270 7407
f 7270 7408 7407
f 7270 7271 7408
f 7271 7409 7408
f 7271 7272 7409
f 7272 7410 7409
f 7272 7273 7410
f 7273 7411 7410
f 7273 7274 7411
f 7274 7412 7411
f 7274 7275 7412
f 7275 7413 7412
f 7275 7276 7413
f 7276 7414 7413
f 7276 7277 7414
f 7277 7415 7414
f 7277 7278 7415
f 7278 7416 7415
f 7278 7279 7416
f 7279 7417 7416
f 7279 7280 7417
f 7280 7418 7417
f 7280 7281 7418
f 7281 7419 7418
f 7281 7282 7419
f 7282 7420 7419
f 7282 7283 7420
f 7283 7421 7420
f 7283 7284 7421
f 7284 7422 7421
f 7284 7285 7422
f 7285 7423 7422
f 7285 7286 7423
f 7286 7424 7423
f 7286 7287 7424
f 7287 7425 7424
f 7287 7288 7425
f 7288 7426 7425
f 7288 7289 7426
f 7289 7427 7426
f 7289 7290 7427
f 7290 7428 7427
f 7290 7291 7428
f 7291 7429 7428
f 7291 7292 7429
f 7292 7430 7429
f 7292 7293 7430
f 7293 7431 7430
f 7293 7294 7431
f 7294 7432 7431
f 7294 7295 7432
f 7295 7433 7432
f 7295 7296 7433
f 7296 7434 7433
f 7296 7297 7434
f 7297 7435 7434
f 7297 7298 7435
f 7298 7436 7435
f 7298 7299 7436
f 7299 7437 7436
f 7299 7300 7437
f 7300 7438 7437
f 7300 7301 7438
f 7301 7439 7438
f 7301 7302 7439
f 7302 7440 7439
f 7302 7303 7440
f 7303 7441 7440
f 7303 7304 7441
f 7304 7442 7441
f 7304 7305 7442
f 7305 7443 7442
f 7305 7306 7443
f 7306 7444 7443
f 7306 7307 7444
f 7307 7445 7444
f 7307 7308 7445
f 7308 7446 7445
f 7308 7309 7446
f 7309 7447 7446
f 7309 7310 7447
f 7310 7448 7447
f 7310 7311 7448
f 7311 7449 7448
f 7311 7312 7449
f 7312 7450 7449
f 7312 7313 7450
f 7313 7451 7450
f 7313 7314 7451
f 7314 7452 7451
f 7314 7315 7452
f 7315 7453 7452
f 7315 7316 7453
f 7316 7454 7453
f 7316 7317 7454
f 7317 7455 7454
f 7317 7318 7455
f 7318 7456 7455
f 7318 7319 7456
f 7319 7457 7456
f 7319 7320 7457
f 7320 7458 7457
f 7320 7321 7458
f 7321 7459 7458
f 7321 7322 7459
f 7322 7460 7459
f 7322 7323 7460
f 7323 7461 7460
f 7323 7324 7461
f 7324 7462 7461
f 7324 7325 7462
f 7325 7463 7462
f 7325 7326 7463
f 7326 7464 7463
f 7326 7327 7464
f 7327 7465 7464
f 7327 7328 7465
f 7328 7466 7465
f 7328 7329 7466
f 7329 7467 7466
f 7329 7330 7467
f 7330 7468 7467
f 7330 7331 7468
f 7331 7469 7468
f 7331 7332 7469
f 7332 7470 7469
f 7332 7333 7470
f 7333 7471 7470
f 7333 7334 7471
f 7334 7472 7471
f 7334 7335 7472
f 7335 7473 7472
f 7335 7336 7473
f 7336 7474 7473
f 7336 7337 7474
f 7337 7475 7474
f 7337 7338 7475
f 7338 7476 7475
f 7338 7339 7476
f 7339 7477 7476
f 7339 7340 7477
f 7340 7478 7477
f 7340 7341 7478
f 7341 7479 7478
f 7341 7342 7479
f 7342 7480 7479
f 7342 7343 7480
f 7343 7481 7480
f 7343 7344 7481
f 7347 7483 7482
f 7347 7348 7483
f 7348 7484 7483
f 7348 7349 7484
f 7349 7485 7484
f 7349 7350 7485
f 7350 7486 7485
f 7350 7351 7486
f 7351 7487 7486
f 7351 7352 7487
f 7353 7354 7488
f 7354 7489 7488
f 7354 7355 7489
f 7355 7490 7489
f 7355 7356 7490
f 7356 7491 7490
f 7356 7357 7491
f 7357 7492 7491
f 7357 7358 7492
f 7358 7493 7492
f 7358 7359 7493
f 7359 7494 7493
f 7359 7360 7494
f 7360 7495 7494
f 7360 7361 7495
f 7361 7496 7495
f 7361 7362 7496
f 7362 7497 7496
f 7362 7363 7497
f 7363 7498 7497
f 7363 7364 7498
f 7364 7499 7498
f 7364 7365 7499
f 7365 7500 7499
f 7365 7366 7500
f 7366 7501 7500
f 7366 7367 7501
f 7367 7502 7501
f 7367 7368 7502
f 7368 7503 7502
f 7368 7369 7503
f 7369 7504 7503
f 7369 7370 7504
f 7370 7505 7504
f 7370 7371 7505
f 7371 7506 7505
f 7371 7372 7506
f 7372 7507 7506
f 7372 7373 7507
f 7373 7508 7507
f 7373 7374 7508
f 7374 7509 7508
f 7374 7375 7509
f 7375 7510 7509
f 7375 7376 7510
f 7376 7511 7510
f 7376 7377 7511
f 7377 7512 7511
f 7377 7378 7512
f 7378 7513 7512
f 7378 7379 7513
f 7379 7514 7513
f 7379 7380 7514
f 7380 7515 7514
f 7380 7381 7515
f 7381 7516 7515
f 7381 7382 7516
f 7382 7517 7516
f 7382 7383 7517
f 7383 7518 7517
f 7383 7384 7518
f 7384 7519 7518
f 7384 7385 7519
f 7385 7520 7519
f 7385 7386 7520
f 7386 7521 7520
f 7386 7387 7521
f 7387 7522 7521
f 7387 7388 7522
f 7388 7523 7522
f 7388 7389 7523
f 7389 7524 7523
f 7389 7390 7524
f 7390 7525 7524
f 7390 7391 7525
f 7391 7526 7525
f 7391 7392 7526
f 7392 7527 7526
f 7392 7393 7527
f 7393 7528 7527
f 7393 7394 7528
f 7394 7529 7528
f 7394 7395 7529
f 7395 7530 7529
f 7395 7396 7530
f 7396 7531 7530
f 7396 7397 7531
f 7397 7532 7531
f 7397 7398 7532
f 7398 7533 7532
f 7398 7399 7533
f 7399 7534 7533
f 7399 7400 7534
f 7400 7535 7534
f 7400 7401 7535
f 7401 7536 7535
f 7401 7402 7536
f 7402 7537 7536
f 7402 7403 7537
f 7403 7538 7537
f 7403 7404 7538
f 7404 7539 7538
f 7404 7405 7539
f 7405 7540 7539
f 7405 7406 7540
f 7406 7541 7540
f 7406 7407 7541
f 7407 7542 7541
f 7407 7408 7542
f 7408 7543 7542
f 7408 7409 7543
f 7409 7544 7543
f 7409 7410 7544
f 7410 7545 7544
f 7410 7411 7545
f 7411 7546 7545
f 7411 7412 7546
f 7412 7547 7546
f 7412 7413 7547
f 7413 7548 7547
f 7413 7414 7548
f 7414 7549 7548
f 7414 7415 7549
f 7415 7550 7549
f 7415 7416 7550
f 7416 7551 7550
f 7416 7417 7551
f 7417 7552 7551
f 7417 7418 7552
f 7418 7553 7552
f 7418 7419 7553
f 7419 7554 7553
f 7419 7420 7554
f 7420 7555 7554
f 7420 7421 7555
f 7421 7556 7555
f 7421 7422 7556
f 7422 7557 7556
f 7422 7423 7557
f 7423 7558 7557
f 7423 7424 7558
f 7424 7559 7558
f 7424 7425 7559
f 7425 7560 7559
f 7425 7426 7560
f 7426 7561 7560
f 7426 7427 7561
f 7427 7562 7561
f 7427 7428 7562
f 7428 7563 7562
f 7428 7429 7563
f 7429 7564 7563
f 7429 7430 7564
f 7430 7565 7564
f 7430 7431 7565
f 7431 7566 7565
f 7431 7432 7566
f 7432 7567 7566
f 7432 7433 7567
f 7433 7568 7567
f 7433 7434 7568
f 7434 7569 7568
f 7434 7435 7569
f 7435 7570 7569
f 7435 7436 7570
f 7436 7571 7570
f 7436 7437 7571
f 7437 7572 7571
f 7437 7438 7572
f 7438 7573 7572
f 7438 7439 7573
f 7439 7574 7573
f 7439 7440 7574
f 7440 7575 7574
f 7440 7441 7575
f 7441 7576 7575
f 7441 7442 7576
f 7442 7577 7576
f 7442 7443 7577
f 7443 7578 7577
f 7443 7444 7578
f 7444 7579 7578
f 7444 7445 7579
f 7445 7580 7579
f 7445 7446 7580
f 7446 7581 7580
f 7446 7447 7581
f 7447 7582 7581
f 7447 7448 7582
f 7448 7583 7582
f 7448 7449 7583
f 7449 7584 7583
f 7449 7450 7584
f 7450 7585 7584
f 7450 7451 7585
f 7451 7586 7585
f 7451 7452 7586
f 7452 7587 7586
f 7452 7453 7587
f 7453 7588 7587
f 7453 7454 7588
f 7454 7589 7588
f 7454 7455 7589
f 7455 7590 7589
f 7455 7456 7590
f 7456 7591 7590
f 7456 7457 7591
f 7457 7592 7591
f 7457 7458 7592
f 7458 7593 7592
f 7458 7459 7593
f 7459 7594 7593
f 7459 7460 7594
f 7460 7595 7594
f 7460 7461 7595
f 7461 7596 7595
f 7461 7462 7596
f 7462 7597 7596
f 7462 7463 7597
f 7463 7598 7597
f 7463 7464 7598
f 7464 7599 7598
f 7464 7465 7599
f 7465 7600 7599
f 7465 7466 7600
f 7466 7601 7600
f 7466 7467 7601
f 7467 7602 7601
f 7467 7468 7602
f 7468 7603 7602
f 7468 7469 7603
f 7469 7604 7603
f 7469 7470 7604
f 7470 7605 7604
f 7470 7471 7605
f 7471 7606 7605
f 7471 7472 7606
f 7472 7607 7606
f 7472 7473 7607
f 7473 7608 7607
f 7473 7474 7608
f 7474 7609 7608
f 7474 7475 7609
f 7475 7610 7609
f 7475 7476 7610
f 7476 7611 7610
f 7476 7477 7611
f 7477 7612 7611
f 7477 7478 7612
f 7478 7613 7612
f 7478 7479 7613
f 7479 7614 7613
f 7479 7480 7614
f 7480 7615 7614
f 7480 7481 7615
f 7481 7616 7615
f 7482 7483 7618
f 7483 7619 7618
f 7483 7484 7619
f 7484 7620 7619
f 7484 7485 7620
f 7485 7621 7620
f 7485 7486 7621
f 7486 7622 7621
f 7486 7487 7622
f 7487 7623 7622
f 7488 7625 7624
f 7488 7489 7625
f 7489 7626 7625
f 7489 7490 7626
f 7490 7627 7626
f 7490 7491 7627
f 7491 7628 7627
f 7491 7492 7628
f 7492 7629 7628
f 7492 7493 7629
f 7493 7630 7629
f 7493 7494 7630
f 7494 7631 7630
f 7494 7495 7631
f 7495 7632 7631
f 7495 7496 7632
f 7496 7633 7632
f 7496 7497 7633
f 7497 7634 7633
f 7497 7498 7634
f 7498 7635 7634
f 7498 7499 7635
f 7499 7636 7635
f 7499 7500 7636
f 7500 7637 7636
f 7500 7501 7637
f 7501 7638 7637
f 7501 7502 7638
f 7502 7639 7638
f 7502 7503 7639
f 7503 7640 7639
f 7503 7504 7640
f 7504 7641 7640
f 7504 7505 7641
f 7505 7642 7641
f 7505 7506 7642
f 7506 7643 7642
f 7506 7507 7643
f 7507 7644 7643
f 7507 7508 7644
f 7508 7645 7644
f 7508 7509 7645
f 7509 7646 7645
f 7509 7510 7646
f 7510 7647 7646
f 7510 7511 7647
f 7511 7648 7647
f 7511 7512 7648
f 7512 7649 7648
f 7512 7513 7649
f 7513 7650 7649
f 7513 7514 7650
f 7514 7651 7650
f 7514 7515 7651
f 7515 7652 7651
f 7515 7516 7652
f 7516 7653 7652
f 7516 7517 7653
f 7517 7654 7653
f 7517 7518 7654
f 7518 7655 7654
f 7518 7519 7655
f 7519 7656 7655
f 7519 7520 7656
f 7520 7657 7656
f 7520 7521 7657
f 7521 7658 7657
f 7521 7522 7658
f 7522 7659 7658
f 7522 7523 7659
f 7523 7660 7659
f 7523 7524 7660
f 7524 7661 7660
f 7524 7525 7661
f 7525 7662 7661
f 7525 7526 7662
f 7526 7663 7662
f 7526 7527 7663
f 7527 7664 7663
f 7527 7528 7664
f 7528 7665 7664
f 7528 7529 7665
f 7529 7666 7665
f 7529 7530 7666
f 7530 7667 7666
f 7530 7531 7667
f 7531 7668 7667
f 7531 7532 7668
f 7532 7669 7668
f 7532 7533 7669
f 7533 7670 7669
f 7533 7534 7670
f 7534 7671 7670
f 7534 7535 7671
f 7535 7672 7671
f 7535 7536 7672
f 7536 7673 7672
f 7536 7537 7673
f 7537 7674 7673
f 7537 7538 7674
f 7538 7675 7674
f 7538 7539 7675
f 7539 7676 7675
f 7539 7540 7676
f 7540 7677 7676
f 7540 7541 7677
f 7541 7678 7677
f 7541 7542 7678
f 7542 7679 7678
f 7542 7543 7679
f 7543 7680 7679
f 7543 7544 7680
f 7544 7681 7680
f 7544 7545 7681
f 7545 7682 7681
f 7545 7546 7682
f 7546 7683 7682
f 7546 7547 7683
f 7547 7684 7683
f 7547 7548 7684
f 7548 7685 7684
f 7548 7549 7685
f 7549 7686 7685
f 7549 7550 7686
f 7550 7687 7686
f 7550 7551 7687
f 7551 7688 7687
f 7551 7552 7688
f 7552 7689 7688
f 7552 7553 7689
f 7553 7690 7689
f 7553 7554 7690
f 7554 7691 7690
f 7554 7555 7691
f 7555 7692 7691
f 7555 7556 7692
f 7556 7693 7692
f 7556 7557 7693
f 7557 7694 7693
f 7557 7558 7694
f 7558 7695 7694
f 7558 7559 7695
f 7559 7696 7695
f 7559 7560 7696
f 7560 7697 7696
f 7560 7561 7697
f 7561 7698 7697
f 7561 7562 7698
f 7562 7699 7698
f 7562 7563 7699
f 7563 7700 7699
f 7563 7564 7700
f 7564 7701 7700
f 7564 7565 7701
f 7565 7702 7701
f 7565 7566 7702
f 7566 7703 7702
f 7566 7567 7703
f 7567 7704 7703
f 7567 7568 7704
f 7568 7705 7704
f 7568 7569 7705
f 7569 7706 7705
f 7569 7570 7706
f 7570 7707 7706
f 7570 7571 7707
f 7571 7708 7707
f 7571 7572 7708
f 7572 7709 7708
f 7572 7573 7709
f 7573 7710 7709
f 7573 7574 7710
f 7574 7711 7710
f 7574 7575 7711
f 7575 7712 7711
f 7575 7576 7712
f 7576 7713 7712
f 7576 7577 7713
f 7577 7714 7713
f 7577 7578 7714
f 7578 7715 7714
f 7578 7579 7715
f 7579 7716 7715
f 7579 7580 7716
f 7580 7717 7716
f 7580 7581 7717
f 7581 7718 7717
f 7581 7582 7718
f 7582 7719 7718
f 7582 7583 7719
f 7583 7720 7719
f 7583 7584 7720
f 7584 7721 7720
f 7584 7585 7721
f 7585 7722 7721
f 7585 7586 7722
f 7586 7723 7722
f 7586 7587 7723
f 7587 7724 7723
f 7587 7588 7724
f 7588 7725 7724
f 7588 7589 7725
f 7589 7726 7725
f 7589 7590 7726
f 7590 7727 7726
f 7590 7591 7727
f 7591 7728 7727
f 7591 7592 7728
f 7592 7729 7728
f 7592 7593 7729
f 7593 7730 7729
f 7593 7594 7730
f 7594 7731 7730
f 7594 7595 7731
f 7595 7732 7731
f 7595 7596 7732
f 7596 7733 7732
f 7596 7597 7733
f 7597 7734 7733
f 7597 7598 7734
f 7598 7735 7734
f 7598 7599 7735
f 7599 7736 7735
f 7599 7600 7736
f 7600 7737 7736
f 7600 7601 7737
f 7601 7738 7737
f 7601 7602 7738
f 7602 7739 7738
f 7602 7603 7739
f 7603 7740 7739
f 7603 7604 7740
f 7604 7741 7740
f 7604 7605 7741
f 7605 7742 7741
f 7605 7606 7742
f 7606 7743 7742
f 7606 7607 7743
f 7607 7744 7743
f 7607 7608 7744
f 7608 7745 7744
f 7608 7609 7745
f 7609 7746 7745
f 7609 7610 7746
f 7610 7747 7746
f 7610 7611 7747
f 7611 7748 7747
f 7611 7612 7748
f 7612 7749 7748
f 7612 7613 7749
f 7613 7750 7749
f 7613 7614 7750
f 7614 7751 7750
f 7614 7615 7751
f 7621 7622 7754
f 7622 7755 7754
f 7622 7623 7755
f 7623 7756 7755
f 7623 7624 7756
f 7624 7757 7756
f 7624 7625 7757
f 7625 7758 7757
f 7625 7626 7758
f 7626 7759 7758
f 7626 7627 7759
f 7627 7760 7759
f 7627 7628 7760
f 7628 7761 7760
f 7628 7629 7761
f 7629 7762 7761
f 7629 7630 7762
f 7630 7763 7762
f 7630 7631 7763
f 7631 7764 7763
f 7631 7632 7764
f 7632 7765 7764
f 7632 7633 7765
f 7633 7766 7765
f 7633 7634 7766
f 7634 7767 7766
f 7634 7635 7767
f 7635 7768 7767
f 7635 7636 7768
f 7636 7769 7768
f 7636 7637 7769
f 7637 7770 7769
f 7637 7638 7770
f 7638 7771 7770
f 7638 7639 7771
f 7639 7772 7771
f 7639 7640 7772
f 7640 7773 7772
f 7640 7641 7773
f 7641 7774 7773
f 7641 7642 7774
f 7642 7775 7774
f 7642 7643 7775
f 7643 7776 7775
f 7643 7644 7776
f 7644 7777 7776
f 7644 7645 7777
f 7645 7778 7777
f 7645 7646 7778
f 7646 7779 7778
f 7646 7647 7779
f 7647 7780 7779
f 7647 7648 7780
f 7648 7781 7780
f 7648 7649 7781
f 7649 7782 7781
f 7649 7650 7782
f 7650 7783 7782
f 7650 7651 7783
f 7651 7784 7783
f 7651 7652 7784
f 7652 7785 7784
f 7652 7653 7785
f 7653 7786 7785
f 7653 7654 7786
f 7654 7787 7786
f 7654 7655 7787
f 7655 7788 7787
f 7655 7656 7788
f 7656 7789 7788
f 7656 7657 7789
f 7657 7790 7789
f 7657 7658 7790
f 7658 7791 7790
f 7658 7659 7791
f 7659 7792 7791
f 7659 7660 7792
f 7660 7793 7792
f 7660 7661 7793
f 7661 7794 7793
f 7661 7662 7794
f 7662 7795 7794
f 7662 7663 7795
f 7663 7796 7795
f 7663 7664 7796
f 7664 7797 7796
f 7664 7665 7797
f 7665 7798 7797
f 7665 7666 7798
f 7666 7799 7798
f 7666 7667 7799
f 7667 7800 7799
f 7667 7668 7800
f 7668 7801 7800
f 7668 7669 7801
f 7669 7802 7801
f 7669 7670 7802
f 7670 7803 7802
f 7670 7671 7803
f 7671 7804 7803
f 7671 7672 7804
f 7672 7805 7804
f 7672 7673 7805
f 7673 7806 7805
f 7673 7674 7806
f 7674 7807 7806
f 7674 7675 7807
f 7675 7808 7807
f 7675 7676 7808
f 7676 7809 7808
f 7676 7677 7809
f 7677 7810 7809
f 7677 7678 7810
f 7678 7811 7810
f 7678 7679 7811
f 7679 7812 7811
f 7679 7680 7812
f 7680 7813 7812
f 7680 7681 7813
f 7681 7814 7813
f 7681 7682 7814
f 7682 7815 7814
f 7682 7683 7815
f 7683 7816 7815
f 7683 7684 7816
f 7684 7817 7816
f 7684 7685 7817
f 7685 7818 7817
f 7685 7686 7818
f 7686 7819 7818
f 7686 7687 7819
f 7687 7820 7819
f 7687 7688 7820
f 7688 7821 7820
f 7688 7689 7821
f 7689 7822 7821
f 7689 7690 7822
f 7690 7823 7822
f 7690 7691 7823
f 7691 7824 7823
f 7691 7692 7824
f 7692 7825 7824
f 7692 7693 7825
f 7693 7826 7825
f 7693 7694 7826
f 7694 7827 7826
f 7694 7695 7827
f 7695 7828 7827
f 7695 7696 7828
f 7696 7829 7828
f 7696 7697 7829
f 7697 7830 7829
f 7697 7698 7830
f 7698 7831 7830
f 7698 7699 7831
f 7699 7832 7831
f 7699 7700 7832
f 7700 7833 7832
f 7700 7701 7833
f 7701 7834 7833
f 7701 7702 7834
f 7702 7835 7834
f 7702 7703 7835
f 7703 7836 7835
f 7703 7704 7836
f 7704 7837 7836
f 7704 7705 7837
f 7705 7838 7837
f 7705 7706 7838
f 7706 7839 7838
f 7706 7707 7839
f 7707 7840 7839
f 7707 7708 7840
f 7708 7841 7840
f 7708 7709 7841
f 7709 7842 7841
f 7709 7710 7842
f 7710 7843 7842
f 7710 7711 7843
f 7711 7844 7843
f 7711 7712 7844
f 7712 7845 7844
f 7712 7713 7845
f 7713 7846 7845
f 7713 7714 7846
f 7714 7847 7846
f 7714 7715 7847
f 7715 7848 7847
f 7715 7716 7848
f 7716 7849 7848
f 7716 7717 7849
f 7717 7850 7849
f 7717 7718 7850
f 7718 7851 7850
f 7718 7719 7851
f 7719 7852 7851
f 7719 7720 7852
f 7720 7853 7852
f 7720 7721 7853
f 7721 7854 7853
f 7721 7722 7854
f 7722 7855 7854
f 7722 7723 7855
f 7723 7856 7855
f 7723 7724 7856
f 7724 7857 7856
f 7724 7725 7857
f 7725 7858 7857
f 7725 7726 7858
f 7726 7859 7858
f 7726 7727 7859
f 7727 7860 7859
f 7727 7728 7860
f 7728 7861 7860
f 7728 7729 7861
f 7729 7862 7861
f 7729 7730 7862
f 7730 7863 7862
f 7730 7731 7863
f 7731 7864 7863
f 7731 7732 7864
f 7732 7865 7864
f 7732 7733 7865
f 7733 7866 7865
f 7733 7734 7866
f 7734 7867 7866
f 7734 7735 7867
f 7735 7868 7867
f 7735 7736 7868
f 7736 7869 7868
f 7736 7737 7869
f 7737 7870 7869
f 7737 7738 7870
f 7738 7871 7870
f 7738 7739 7871
f 7740 7741 7872
f 7741 7873 7872
f 7741 7742 7873
f 7743 7744 7874
f 7744 7875 7874
f 7744 7745 7875
f 7745 7876 7875
f 7745 7746 7876
f 7747 7748 7877
f 7755 7756 7878
f 7756 7879 7878
f 7756 7757 7879
f 7757 7880 7879
f 7757 7758 7880
f 7758 7881 7880
f 7758 7759 7881
f 7759 7882 7881
f 7759 7760 7882
f 7760 7883 7882
f 7760 7761 7883
f 7761 7884 7883
f 7761 7762 7884
f 7762 7885 7884
f 7762 7763 7885
f 7763 7886 7885
f 7763 7764 7886
f 7764 7887 7886
f 7764 7765 7887
f 7765 7888 7887
f 7765 7766 7888
f 7766 7889 7888
f 7766 7767 7889
f 7767 7890 7889
f 7767 7768 7890
f 7768 7891 7890
f 7768 7769 7891
f 7769 7892 7891
f 7769 7770 7892
f 7770 7893 7892
f 7770 7771 7893
f 7771 7894 7893
f 7771 7772 7894
f 7772 7895 7894
f 7772 7773 7895
f 7773 7896 7895
f 7773 7774 7896
f 7774 7897 7896
f 7774 7775 7897
f 7775 7898 7897
f 7775 7776 7898
f 7776 7899 7898
f 7776 7777 7899
f 7777 7900 7899
f 7777 7778 7900
f 7778 7901 7900
f 7778 7779 7901
f 7779 7902 7901
f 7779 7780 7902
f 7780 7903 7902
f 7780 7781 7903
f 7781 7904 7903
f 7781 7782 7904
f 7782 7905 7904
f 7782 7783 7905
f 7783 7906 7905
f 7783 7784 7906
f 7784 7907 7906
f 7784 7785 7907
f 7785 7908 7907
f 7785 7786 7908
f 7786 7909 7908
f 7786 7787 7909
f 7787 7910 7909
f 7787 7788 7910
f 7788 7911 7910
f 7788 7789 7911
f 7789 7912 7911
f 7789 7790 7912
f 7790 7913 7912
f 7790 7791 7913
f 7791 7914 7913
f 7791 7792 7914
f 7792 7915 7914
f 7792 7793 7915
f 7793 7916 7915
f 7793 7794 7916
f 7794 7917 7916
f 7794 7795 7917
f 7795 7918 7917
f 7795 7796 7918
f 7796 7919 7918
f 7796 7797 7919
f 7797 7920 7919
f 7797 7798 7920
f 7798 7921 7920
f 7798 7799 7921
f 7799 7922 7921
f 7799 7800 7922
f 7800 7923 7922
f 7800 7801 7923
f 7801 7924 7923
f 7801 7802 7924
f 7802 7925 7924
f 7802 7803 7925
f 7803 7926 7925
f 7803 7804 7926
f 7804 7927 7926
f 7804 7805 7927
f 7805 7928 7927
f 7805 7806 7928
f 7806 7929 7928
f 7806 7807 7929
f 7807 7930 7929
f 7807 7808 7930
f 7808 7931 7930
f 7808 7809 7931
f 7809 7932 7931
f 7809 7810 7932
f 7810 7933 7932
f 7810 7811 7933
f 7811 7934 7933
f 7811 7812 7934
f 7812 7935 7934
f 7812 7813 7935
f 7813 7936 7935
f 7813 7814 7936
f 7814 7937 7936
f 7814 7815 7937
f 7815 7938 7937
f 7815 7816 7938
f 7816 7939 7938
f 7816 7817 7939
f 7817 7940 7939
f 7817 7818 7940
f 7818 7941 7940
f 7818 7819 7941
f 7819 7942 7941
f 7819 7820 7942
f 7820 7943 7942
f 7820 7821 7943
f 7821 7944 7943
f 7821 7822 7944
f 7822 7945 7944
f 7822 7823 7945
f 7823 7946 7945
f 7823 7824 7946
f 7824 7947 7946
f 7824 7825 7947
f 7825 7948 7947
f 7825 7826 7948
f 7826 7949 7948
f 7826 7827 7949
f 7827 7950 7949
f 7827 7828 7950
f 7828 7951 7950
f 7828 7829 7951
f 7829 7952 7951
f 7829 7830 7952
f 7830 7953 7952
f 7830 7831 7953
f 7831 7954 7953
f 7831 7832 7954
f 7832 7955 7954
f 7832 7833 7955
f 7833 7956 7955
f 7833 7834 7956
f 7834 7957 7956
f 7834 7835 7957
f 7835 7958 7957
f 7835 7836 7958
f 7836 7959 7958
f 7836 7837 7959
f 7837 7960 7959
f 7837 7838 7960
f 7838 7961 7960
f 7838 7839 7961
f 7839 7962 7961
f 7839 7840 7962
f 7840 7963 7962
f 7840 7841 7963
f 7841 7964 7963
f 7841 7842 7964
f 7842 7965 7964
f 7842 7843 7965
f 7843 7966 7965
f 7843 7844 7966
f 7844 7967 7966
f 7844 7845 7967
f 7845 7968 7967
f 7845 7846 7968
f 7846 7969 7968
f 7846 7847 7969
f 7847 7970 7969
f 7847 7848 7970
f 7848 7971 7970
f 7848 7849 7971
f 7849 7972 7971
f 7849 7850 7972
f 7850 7973 7972
f 7850 7851 7973
f 7851 7974 7973
f 7851 7852 7974
f 7852 7975 7974
f 7852 7853 7975
f 7853 7976 7975
f 7853 7854 7976
f 7854 7977 7976
f 7854 7855 7977
f 7855 7978 7977
f 7855 7856 7978
f 7856 7979 7978
f 7856 7857 7979
f 7857 7980 7979
f 7857 7858 7980
f 7858 7981 7980
f 7858 7859 7981
f 7859 7982 7981
f 7859 7860 7982
f 7860 7983 7982
f 7860 7861 7983
f 7861 7984 7983
f 7861 7862 7984
f 7862 7985 7984
f 7862 7863 7985
f 7863 7986 7985
f 7863 7864 7986
f 7864 7987 7986
f 7864 7865 7987
f 7868 7869 7988
f 7869 7989 7988
f 7869 7870 7989
f 7870 7990 7989
f 7870 7871 7990
f 7872 7992 7991
f 7872 7873 7992
f 7873 7993 7992
f 7879 7880 7997
f 7880 7998 7997
f 7880 7881 7998
f 7881 7999 7998
f 7881 7882 7999
f 7882 8000 7999
f 7882 7883 8000
f 7883 8001 8000
f 7883 7884 8001
f 7884 8002 8001
f 7884 7885 8002
f 7885 8003 8002
f 7885 7886 8003
f 7886 8004 8003
f 7886 7887 8004
f 7887 8005 8004
f 7887 7888 8005
f 7888 8006 8005
f 7888 7889 8006
f 7889 8007 8006
f 7889 7890 8007
f 7890 8008 8007
f 7890 7891 8008
f 7891 8009 8008
f 7891 7892 8009
f 7892 8010 8009
f 7892 7893 8010
f 7893 8011 8010
f 7893 7894 8011
f 7894 8012 8011
f 7894 7895 8012
f 7895 8013 8012
f 7895 7896 8013
f 7896 8014 8013
f 7896 7897 8014
f 7897 8015 8014
f 7897 7898 8015
f 7898 8016 8015
f 7898 7899 8016
f 7899 8017 8016
f 7899 7900 8017
f 7900 8018 8017
f 7900 7901 8018
f 7901 8019 8018
f 7901 7902 8019
f 7902 8020 8019
f 7902 7903 8020
f 7903 8021 8020
f 7903 7904 8021
f 7904 8022 8021
f 7904 7905 8022
f 7905 8023 8022
f 7905 7906 8023
f 7906 8024 8023
f 7906 7907 8024
f 7907 8025 8024
f 7907 7908 8025
f 7908 8026 8025
f 7908 7909 8026
f 7909 8027 8026
f 7909 7910 8027
f 7910 8028 8027
f 7910 7911 8028
f 7911 8029 8028
f 7911 7912 8029
f 7912 8030 8029
f 7912 7913 8030
f 7913 8031 8030
f 7913 7914 8031
f 7914 8032 8031
f 7914 7915 8032
f 7915 8033 8032
f 7915 7916 8033
f 7916 8034 8033
f 7916 7917 8034
f 7917 8035 8034
f 7917 7918 8035
f 7918 8036 8035
f 7918 7919 8036
f 7919 8037 8036
f 7919 7920 8037
f 7920 8038 8037
f 7920 7921 8038
f 7921 8039 8038
f 7921 7922 8039
f 7922 8040 8039
f 7922 7923 8040
f 7923 8041 8040
f 7923 7924 8041
f 7924 8042 8041
f 7924 7925 8042
f 7925 8043 8042
f 7925 7926 8043
f 7926 8044 8043
f 7926 7927 8044
f 7927 8045 8044
f 7927 7928 8045
f 7928 8046 8045
f 7928 7929 8046
f 7929 8047 8046
f 7929 7930 8047
f 7930 8048 8047
f 7930 7931 8048
f 7931 8049 8048
f 7931 7932 8049
f 7932 8050 8049
f 7932 7933 8050
f 7933 8051 8050
f 7933 7934 8051
f 7934 8052 8051
f 7934 7935 8052
f 7935 8053 8052
f 7935 7936 8053
f 7936 8054 8053
f 7936 7937 8054
f 7937 8055 8054
f 7937 7938 8055
f 7938 8056 8055
f 7938 7939 8056
f 7939 8057 8056
f 7939 7940 8057
f 7940 8058 8057
f 7940 7941 8058
f 7941 8059 8058
f 7941 7942 8059
f 7942 8060 8059
f 7942 7943 8060
f 7943 8061 8060
f 7943 7944 8061
f 7944 8062 8061
f 7944 7945 8062
f 7945 8063 8062
f 7945 7946 8063
f 7946 8064 8063
f 7946 7947 8064
f 7947 8065 8064
f 7947 7948 8065
f 7948 8066 8065
f 7948 7949 8066
f 7949 8067 8066
f 7949 7950 8067
f 7950 8068 8067
f 7950 7951 8068
f 7951 8069 8068
f 7951 7952 8069
f 7952 8070 8069
f 7952 7953 8070
f 7953 8071 8070
f 7953 7954 8071
f 7954 8072 8071
f 7954 7955 8072
f 7955 8073 8072
f 7955 7956 8073
f 7956 8074 8073
f 7956 7957 8074
f 7957 8075 8074
f 7957 7958 8075
f 7958 8076 8075
f 7958 7959 8076
f 7959 8077 8076
f 7959 7960 8077
f 7960 8078 8077
f 7960 7961 8078
f 7961 8079 8078
f 7961 7962 8079
f 7962 8080 8079
f 7962 7963 8080
f 7963 8081 8080
f 7963 7964 8081
f 7964 8082 8081
f 7964 7965 8082
f 7965 8083 8082
f 7965 7966 8083
f 7966 8084 8083
f 7966 7967 8084
f 7967 8085 8084
f 7967 7968 8085
f 7968 8086 8085
f 7968 7969 8086
f 7969 8087 8086
f 7969 7970 8087
f 7970 8088 8087
f 7970 7971 8088
f 7971 8089 8088
f 7971 7972 8089
f 7972 8090 8089
f 7972 7973 8090
f 7973 8091 8090
f 7973 7974 8091
f 7974 8092 8091
f 7974 7975 8092
f 7975 8093 8092
f 7975 7976 8093
f 7976 8094 8093
f 7976 7977 8094
f 7977 8095 8094
f 7977 7978 8095
f 7978 8096 8095
f 7978 7979 8096
f 7979 8097 8096
f 7979 7980 8097
f 7980 8098 8097
f 7980 7981 8098
f 7981 8099 8098
f 7981 7982 8099
f 7982 8100 8099
f 7982 7983 8100
f 7983 8101 8100
f 7983 7984 8101
f 7984 8102 8101
f 7984 7985 8102
f 7985 8103 8102
f 7985 7986 8103
f 7986 8104 8103
f 7986 7987 8104
f 7987 8105 8104
f 7995 7996 8111
f 7996 8112 8111
f 7997 7998 8113
f 7998 8114 8113
f 7998 7999 8114
f 8001 8002 8115
f 8002 8116 8115
f 8002 8003 8116
f 8003 8117 8116
f 8003 8004 8117
f 8004 8118 8117
f 8004 8005 8118
f 8005 8119 8118
f 8005 8006 8119
f 8006 8120 8119
f 8006 8007 8120
f 8007 8121 8120
f 8007 8008 8121
f 8008 8122 8121
f 8008 8009 8122
f 8009 8123 8122
f 8009 8010 8123
f 8010 8124 8123
f 8010 8011 8124
f 8011 8125 8124
f 8011 8012 8125
f 8012 8126 8125
f 8012 8013 8126
f 8013 8127 8126
f 8013 8014 8127
f 8014 8128 8127
f 8014 8015 8128
f 8015 8129 8128
f 8015 8016 8129
f 8016 8130 8129
f 8016 8017 8130
f 8017 8131 8130
f 8017 8018 8131
f 8018 8132 8131
f 8018 8019 8132
f 8019 8133 8132
f 8019 8020 8133
f 8020 8134 8133
f 8020 8021 8134
f 8021 8135 8134
f 8021 8022 8135
f 8022 8136 8135
f 8022 8023 8136
f 8023 8137 8136
f 8023 8024 8137
f 8024 8138 8137
f 8024 8025 8138
f 8025 8139 8138
f 8025 8026 8139
f 8026 8140 8139
f 8026 8027 8140
f 8027 8141 8140
f 8027 8028 8141
f 8028 8142 8141
f 8028 8029 8142
f 8029 8143 8142
f 8029 8030 8143
f 8030 8144 8143
f 8030 8031 8144
f 8031 8145 8144
f 8031 8032 8145
f 8032 8146 8145
f 8032 8033 8146
f 8033 8147 8146
f 8033 8034 8147
f 8034 8148 8147
f 8034 8035 8148
f 8035 8149 8148
f 8035 8036 8149
f 8036 8150 8149
f 8036 8037 8150
f 8037 8151 8150
f 8037 8038 8151
f 8038 8152 8151
f 8038 8039 8152
f 8039 8153 8152
f 8039 8040 8153
f 8040 8154 8153
f 8040 8041 8154
f 8041 8155 8154
f 8041 8042 8155
f 8042 8156 8155
f 8042 8043 8156
f 8043 8157 8156
f 8043 8044 8157
f 8044 8158 8157
f 8044 8045 8158
f 8045 8159 8158
f 8045 8046 8159
f 8046 8160 8159
f 8046 8047 8160
f 8047 8161 8160
f 8047 8048 8161
f 8048 8162 8161
f 8048 8049 8162
f 8049 8163 8162
f 8049 8050 8163
f 8050 8164 8163
f 8050 8051 8164
f 8051 8165 8164
f 8051 8052 8165
f 8052 8166 8165
f 8052 8053 8166
f 8053 8167 8166
f 8053 8054 8167
f 8054 8168 8167
f 8054 8055 8168
f 8055 8169 8168
f 8055 8056 8169
f 8056 8170 8169
f 8056 8057 8170
f 8057 8171 8170
f 8057 8058 8171
f 8058 8172 8171
f 8058 8059 8172
f 8059 8173 8172
f 8059 8060 8173
f 8060 8174 8173
f 8060 8061 8174
f 8061 8175 8174
f 8061 8062 8175
f 8062 8176 8175
f 8062 8063 8176
f 8063 8177 8176
f 8063 8064 8177
f 8064 8178 8177
f 8064 8065 8178
f 8065 8179 8178
f 8065 8066 8179
f 8066 8180 8179
f 8066 8067 8180
f 8067 8181 8180
f 8067 8068 8181
f 8068 8182 8181
f 8068 8069 8182
f 8069 8183 8182
f 8069 8070 8183
f 8070 8184 8183
f 8070 8071 8184
f 8071 8185 8184
f 8071 8072 8185
f 8072 8186 8185
f 8072 8073 8186
f 8073 8187 8186
f 8073 8074 8187
f 8074 8188 8187
f 8074 8075 8188
f 8075 8189 8188
f 8075 8076 8189
f 8076 8190 8189
f 8076 8077 8190
f 8077 8191 8190
f 8077 8078 8191
f 8078 8192 8191
f 8078 8079 8192
f 8079 8193 8192
f 8079 8080 8193
f 8080 8194 8193
f 8080 8081 8194
f 8081 8195 8194
f 8081 8082 8195
f 8082 8196 8195
f 8082 8083 8196
f 8083 8197 8196
f 8083 8084 8197
f 8084 8198 8197
f 8084 8085 8198
f 8085 8199 8198
f 8085 8086 8199
f 8086 8200 8199
f 8086 8087 8200
f 8087 8201 8200
f 8087 8088 8201
f 8088 8202 8201
f 8088 8089 8202
f 8089 8203 8202
f 8089 8090 8203
f 8090 8204 8203
f 8090 8091 8204
f 8091 8205 8204
f 8091 8092 8205
f 8092 8206 8205
f 8092 8093 8206
f 8093 8207 8206
f 8093 8094 8207
f 8094 8208 8207
f 8094 8095 8208
f 8095 8209 8208
f 8095 8096 8209
f 8096 8210 8209
f 8096 8097 8210
f 8097 8211 8210
f 8097 8098 8211
f 8098 8212 8211
f 8098 8099 8212
f 8099 8213 8212
f 8099 8100 8213
f 8100 8214 8213
f 8100 8101 8214
f 8101 8215 8214
f 8101 8102 8215
f 8102 8216 8215
f 8102 8103 8216
f 8103 8217 8216
f 8103 8104 8217
f 8104 8218 8217
f 8104 8105 8218
f 8105 8219 8218
f 8105 8106 8219
f 8106 8220 8219
f 8106 8107 8220
f 8108 8222 8221
f 8108 8109 8222
f 8109 8223 8222
f 8110 8227 8226
f 8116 8117 8234
f 8117 8235 8234
f 8117 8118 8235
f 8118 8236 8235
f 8118 8119 8236
f 8119 8237 8236
f 8119 8120 8237
f 8120 8238 8237
f 8120 8121 8238
f 8121 8239 8238
f 8121 8122 8239
f 8122 8240 8239
f 8122 8123 8240
f 8123 8241 8240
f 8123 8124 8241
f 8124 8242 8241
f 8124 8125 8242
f 8125 8243 8242
f 8125 8126 8243
f 8126 8244 8243
f 8126 8127 8244
f 8127 8245 8244
f 8127 8128 8245
f 8128 8246 8245
f 8128 8129 8246
f 8129 8247 8246
f 8129 8130 8247
f 8130 8248 8247
f 8130 8131 8248
f 8131 8249 8248
f 8131 8132 8249
f 8132 8250 8249
f 8132 8133 8250
f 8133 8251 8250
f 8133 8134 8251
f 8134 8252 8251
f 8134 8135 8252
f 8135 8253 8252
f 8135 8136 8253
f 8136 8254 8253
f 8136 8137 8254
f 8137 8255 8254
f 8137 8138 8255
f 8138 8256 8255
f 8138 8139 8256
f 8139 8257 8256
f 8139 8140 8257
f 8140 8258 8257
f 8140 8141 8258
f 8141 8259 8258
f 8141 8142 8259
f 8142 8260 8259
f 8142 8143 8260
f 8143 8261 8260
f 8143 8144 8261
f 8144 8262 8261
f 8144 8145 8262
f 8145 8263 8262
f 8145 8146 8263
f 8146 8264 8263
f 8146 8147 8264
f 8147 8265 8264
f 8147 8148 8265
f 8148 8266 8265
f 8148 8149 8266
f 8149 8267 8266
f 8149 8150 8267
f 8150 8268 8267
f 8150 8151 8268
f 8151 8269 8268
f 8151 8152 8269
f 8152 8270 8269
f 8152 8153 8270
f 8153 8271 8270
f 8153 8154 8271
f 8154 8272 8271
f 8154 8155 8272
f 8155 8273 8272
f 8155 8156 8273
f 8156 8274 8273
f 8156 8157 8274
f 8157 8275 8274
f 8157 8158 8275
f 8158 8276 8275
f 8158 8159 8276
f 8159 8277 8276
f 8159 8160 8277
f 8160 8278 8277
f 8160 8161 8278
f 8161 8279 8278
f 8161 8162 8279
f 8162 8280 8279
f 8162 8163 8280
f 8163 8281 8280
f 8163 8164 8281
f 8164 8282 8281
f 8164 8165 8282
f 8165 8283 8282
f 8165 8166 8283
f 8166 8284 8283
f 8166 8167 8284
f 8167 8285 8284
f 8167 8168 8285
f 8168 8286 8285
f 8168 8169 8286
f 8169 8287 8286
f 8169 8170 8287
f 8170 8288 8287
f 8170 8171 8288
f 8171 8289 8288
f 8171 8172 8289
f 8172 8290 8289
f 8172 8173 8290
f 8173 8291 8290
f 8173 8174 8291
f 8174 8292 8291
f 8174 8175 8292
f 8175 8293 8292
f 8175 8176 8293
f 8176 8294 8293
f 8176 8177 8294
f 8177 8295 8294
f 8177 8178 8295
f 8178 8296 8295
f 8178 8179 8296
f 8179 8297 8296
f 8179 8180 8297
f 8180 8298 8297
f 8180 8181 8298
f 8181 8299 8298
f 8181 8182 8299
f 8182 8300 8299
f 8182 8183 8300
f 8183 8301 8300
f 8183 8184 8301
f 8184 8302 8301
f 8184 8185 8302
f 8185 8303 8302
f 8185 8186 8303
f 8186 8304 8303
f 8186 8187 8304
f 8187 8305 8304
f 8187 8188 8305
f 8188 8306 8305
f 8188 8189 8306
f 8189 8307 8306
f 8189 8190 8307
f 8190 8308 8307
f 8190 8191 8308
f 8191 8309 8308
f 8191 8192 8309
f 8192 8310 8309
f 8192 8193 8310
f 8193 8311 8310
f 8193 8194 8311
f 8194 8312 8311
f 8194 8195 8312
f 8195 8313 8312
f 8195 8196 8313
f 8196 8314 8313
f 8196 8197 8314
f 8197 8315 8314
f 8197 8198 8315
f 8198 8316 8315
f 8198 8199 8316
f 8199 8317 8316
f 8199 8200 8317
f 8200 8318 8317
f 8200 8201 8318
f 8201 8319 8318
f 8201 8202 8319
f 8202 8320 8319
f 8202 8203 8320
f 8203 8321 8320
f 8203 8204 8321
f 8204 8322 8321
f 8204 8205 8322
f 8205 8323 8322
f 8205 8206 8323
f 8206 8324 8323
f 8206 8207 8324
f 8207 8325 8324
f 8207 8208 8325
f 8208 8326 8325
f 8208 8209 8326
f 8209 8327 8326
f 8209 8210 8327
f 8210 8328 8327
f 8210 8211 8328
f 8211 8329 8328
f 8211 8212 8329
f 8212 8330 8329
f 8212 8213 8330
f 8213 8331 8330
f 8213 8214 8331
f 8214 8332 8331
f 8214 8215 8332
f 8215 8333 8332
f 8215 8216 8333
f 8216 8334 8333
f 8216 8217 8334
f 8217 8335 8334
f 8217 8218 8335
f 8218 8336 8335
f 8218 8219 8336
f 8221 8338 8337
f 8221 8222 8338
f 8222 8339 8338
f 8222 8223 8339
f 8223 8340 8339
f 8223 8224 8340
f 8224 8341 8340
f 8224 8225 8341
f 8225 8342 8341
f 8225 8226 8342
f 8226 8343 8342
f 8226 8227 8343
f 8227 8344 8343
f 8227 8228 8344
f 8228 8345 8344
f 8228 8229 8345
f 8229 8346 8345
f 8229 8230 8346
f 8230 8347 8346
f 8230 8231 8347
f 8231 8348 8347
f 8231 8232 8348
f 8232 8349 8348
f 8233 8351 8350
f 8234 8354 8353
f 8234 8235 8354
f 8235 8355 8354
f 8235 8236 8355
f 8236 8356 8355
f 8236 8237 8356
f 8237 8357 8356
f 8237 8238 8357
f 8238 8358 8357
f 8238 8239 8358
f 8239 8359 8358
f 8239 8240 8359
f 8240 8360 8359
f 8240 8241 8360
f 8241 8361 8360
f 8241 8242 8361
f 8242 8362 8361
f 8242 8243 8362
f 8243 8363 8362
f 8243 8244 8363
f 8244 8364 8363
f 8244 8245 8364
f 8245 8365 8364
f 8245 8246 8365
f 8246 8366 8365
f 8246 8247 8366
f 8247 8367 8366
f 8247 8248 8367
f 8248 8368 8367
f 8248 8249 8368
f 8249 8369 8368
f 8249 8250 8369
f 8250 8370 8369
f 8250 8251 8370
f 8251 8371 8370
f 8251 8252 8371
f 8252 8372 8371
f 8252 8253 8372
f 8253 8373 8372
f 8253 8254 8373
f 8254 8374 8373
f 8254 8255 8374
f 8255 8375 8374
f 8255 8256 8375
f 8256 8376 8375
f 8256 8257 8376
f 8257 8377 8376
f 8257 8258 8377
f 8258 8378 8377
f 8258 8259 8378
f 8259 8379 8378
f 8259 8260 8379
f 8260 8380 8379
f 8260 8261 8380
f 8261 8381 8380
f 8261 8262 8381
f 8262 8382 8381
f 8262 8263 8382
f 8263 8383 8382
f 8263 8264 8383
f 8264 8384 8383
f 8264 8265 8384
f 8265 8385 8384
f 8265 8266 8385
f 8266 8386 8385
f 8266 8267 8386
f 8267 8387 8386
f 8267 8268 8387
f 8268 8388 8387
f 8268 8269 8388
f 8269 8389 8388
f 8269 8270 8389
f 8270 8390 8389
f 8270 8271 8390
f 8271 8391 8390
f 8271 8272 8391
f 8272 8392 8391
f 8272 8273 8392
f 8273 8393 8392
f 8273 8274 8393
f 8274 8394 8393
f 8274 8275 8394
f 8275 8395 8394
f 8275 8276 8395
f 8276 8396 8395
f 8276 8277 8396
f 8277 8397 8396
f 8277 8278 8397
f 8278 8398 8397
f 8278 8279 8398
f 8279 8399 8398
f 8279 8280 8399
f 8280 8400 8399
f 8280 8281 8400
f 8281 8401 8400
f 8281 8282 8401
f 8282 8402 8401
f 8282 8283 8402
f 8283 8403 8402
f 8283 8284 8403
f 8284 8404 8403
f 8284 8285 8404
f 8285 8405 8404
f 8285 8286 8405
f 8286 8406 8405
f 8286 8287 8406
f 8287 8407 8406
f 8287 8288 8407
f 8288 8408 8407
f 8288 8289 8408
f 8289 8409 8408
f 8289 8290 8409
f 8290 8410 8409
f 8290 8291 8410
f 8291 8411 8410
f 8291 8292 8411
f 8292 8412 8411
f 8292 8293 8412
f 8293 8413 8412
f 8293 8294 8413
f 8294 8414 8413
f 8294 8295 8414
f 8295 8415 8414
f 8295 8296 8415
f 8296 8416 8415
f 8296 8297 8416
f 8298 8299 8417
f 8299 8418 8417
f 8299 8300 8418
f 8300 8419 8418
f 8300 8301 8419
f 8301 8420 8419
f 8301 8302 8420
f 8302 8421 8420
f 8302 8303 8421
f 8303 8422 8421
f 8303 8304 8422
f 8304 8423 8422
f 8304 8305 8423
f 8305 8424 8423
f 8305 8306 8424
f 8306 8425 8424
f 8306 8307 8425
f 8307 8426 8425
f 8307 8308 8426
f 8308 8427 8426
f 8308 8309 8427
f 8309 8428 8427
f 8309 8310 8428
f 8310 8429 8428
f 8310 8311 8429
f 8311 8430 8429
f 8311 8312 8430
f 8312 8431 8430
f 8312 8313 8431
f 8313 8432 8431
f 8313 8314 8432
f 8314 8433 8432
f 8314 8315 8433
f 8315 8434 8433
f 8315 8316 8434
f 8316 8435 8434
f 8316 8317 8435
f 8317 8436 8435
f 8317 8318 8436
f 8318 8437 8436
f 8318 8319 8437
f 8319 8438 8437
f 8319 8320 8438
f 8320 8439 8438
f 8320 8321 8439
f 8321 8440 8439
f 8321 8322 8440
f 8322 8441 8440
f 8322 8323 8441
f 8323 8442 8441
f 8323 8324 8442
f 8324 8443 8442
f 8324 8325 8443
f 8325 8444 8443
f 8325 8326 8444
f 8326 8445 8444
f 8326 8327 8445
f 8327 8446 8445
f 8327 8328 8446
f 8328 8447 8446
f 8328 8329 8447
f 8329 8448 8447
f 8329 8330 8448
f 8330 8449 8448
f 8330 8331 8449
f 8331 8450 8449
f 8331 8332 8450
f 8332 8451 8450
f 8332 8333 8451
f 8333 8452 8451
f 8333 8334 8452
f 8337 8455 8454
f 8337 8338 8455
f 8338 8456 8455
f 8338 8339 8456
f 8339 8457 8456
f 8339 8340 8457
f 8340 8458 8457
f 8340 8341 8458
f 8341 8459 8458
f 8341 8342 8459
f 8342 8460 8459
f 8342 8343 8460
f 8343 8461 8460
f 8343 8344 8461
f 8344 8462 8461
f 8344 8345 8462
f 8345 8463 8462
f 8345 8346 8463
f 8346 8464 8463
f 8346 8347 8464
f 8347 8465 8464
f 8347 8348 8465
f 8352 8353 8466
f 8353 8467 8466
f 8353 8354 8467
f 8354 8468 8467
f 8354 8355 8468
f 8355 8469 8468
f 8355 8356 8469
f 8356 8470 8469
f 8356 8357 8470
f 8357 8471 8470
f 8357 8358 8471
f 8358 8472 8471
f 8358 8359 8472
f 8359 8473 8472
f 8359 8360 8473
f 8360 8474 8473
f 8360 8361 8474
f 8361 8475 8474
f 8361 8362 8475
f 8362 8476 8475
f 8362 8363 8476
f 8363 8477 8476
f 8363 8364 8477
f 8364 8478 8477
f 8364 8365 8478
f 8365 8479 8478
f 8365 8366 8479
f 8366 8480 8479
f 8366 8367 8480
f 8367 8481 8480
f 8367 8368 8481
f 8368 8482 8481
f 8368 8369 8482
f 8369 8483 8482
f 8369 8370 8483
f 8370 8484 8483
f 8370 8371 8484
f 8371 8485 8484
f 8371 8372 8485
f 8372 8486 8485
f 8372 8373 8486
f 8373 8487 8486
f 8373 8374 8487
f 8374 8488 8487
f 8374 8375 8488
f 8375 8489 8488
f 8375 8376 8489
f 8376 8490 8489
f 8376 8377 8490
f 8377 8491 8490
f 8377 8378 8491
f 8378 8492 8491
f 8378 8379 8492
f 8379 8493 8492
f 8379 8380 8493
f 8380 8494 8493
f 8380 8381 8494
f 8381 8495 8494
f 8381 8382 8495
f 8382 8496 8495
f 8382 8383 8496
f 8383 8497 8496
f 8383 8384 8497
f 8384 8498 8497
f 8384 8385 8498
f 8385 8499 8498
f 8385 8386 8499
f 8386 8500 8499
f 8386 8387 8500
f 8387 8501 8500
f 8387 8388 8501
f 8388 8502 8501
f 8388 8389 8502
f 8389 8503 8502
f 8389 8390 8503
f 8390 8504 8503
f 8390 8391 8504
f 8391 8505 8504
f 8391 8392 8505
f 8392 8506 8505
f 8392 8393 8506
f 8393 8507 8506
f 8393 8394 8507
f 8394 8508 8507
f 8394 8395 8508
f 8395 8509 8508
f 8395 8396 8509
f 8396 8510 8509
f 8396 8397 8510
f 8397 8511 8510
f 8397 8398 8511
f 8398 8512 8511
f 8398 8399 8512
f 8399 8513 8512
f 8399 8400 8513
f 8400 8514 8513
f 8400 8401 8514
f 8401 8515 8514
f 8401 8402 8515
f 8402 8516 8515
f 8402 8403 8516
f 8403 8517 8516
f 8403 8404 8517
f 8404 8518 8517
f 8404 8405 8518
f 8405 8519 8518
f 8405 8406 8519
f 8406 8520 8519
f 8406 8407 8520
f 8407 8521 8520
f 8407 8408 8521
f 8408 8522 8521
f 8408 8409 8522
f 8409 8523 8522
f 8409 8410 8523
f 8410 8524 8523
f 8410 8411 8524
f 8411 8525 8524
f 8411 8412 8525
f 8412 8526 8525
f 8412 8413 8526
f 8413 8527 8526
f 8413 8414 8527
f 8414 8528 8527
f 8414 8415 8528
f 8415 8529 8528
f 8415 8416 8529
f 8417 8418 8530
f 8418 8531 8530
f 8418 8419 8531
f 8419 8532 8531
f 8419 8420 8532
f 8420 8533 8532
f 8420 8421 8533
f 8421 8534 8533
f 8421 8422 8534
f 8422 8535 8534
f 8422 8423 8535
f 8432 8433 8536
f 8433 8537 8536
f 8433 8434 8537
f 8434 8538 8537
f 8434 8435 8538
f 8435 8539 8538
f 8435 8436 8539
f 8436 8540 8539
f 8436 8437 8540
f 8437 8541 8540
f 8437 8438 8541
f 8438 8542 8541
f 8438 8439 8542
f 8439 8543 8542
f 8439 8440 8543
f 8440 8544 8543
f 8440 8441 8544
f 8441 8545 8544
f 8441 8442 8545
f 8442 8546 8545
f 8442 8443 8546
f 8443 8547 8546
f 8443 8444 8547
f 8444 8548 8547
f 8444 8445 8548
f 8445 8549 8548
f 8445 8446 8549
f 8446 8550 8549
f 8446 8447 8550
f 8447 8551 8550
f 8447 8448 8551
f 8448 8552 8551
f 8448 8449 8552
f 8449 8553 8552
f 8449 8450 8553
f 8453 8454 8555
f 8454 8556 8555
f 8454 8455 8556
f 8455 8557 8556
f 8455 8456 8557
f 8456 8558 8557
f 8456 8457 8558
f 8457 8559 8558
f 8457 8458 8559
f 8458 8560 8559
f 8458 8459 8560
f 8459 8561 8560
f 8459 8460 8561
f 8460 8562 8561
f 8460 8461 8562
f 8461 8563 8562
f 8461 8462 8563
f 8462 8564 8563
f 8462 8463 8564
f 8463 8565 8564
f 8463 8464 8565
f 8464 8566 8565
f 8464 8465 8566
f 8467 8468 8567
f 8468 8568 8567
f 8468 8469 8568
f 8471 8472 8569
f 8472 8570 8569
f 8472 8473 8570
f 8473 8571 8570
f 8473 8474 8571
f 8474 8572 8571
f 8474 8475 8572
f 8475 8573 8572
f 8475 8476 8573
f 8476 8574 8573
f 8476 8477 8574
f 8477 8575 8574
f 8477 8478 8575
f 8478 8576 8575
f 8478 8479 8576
f 8479 8577 8576
f 8479 8480 8577
f 8480 8578 8577
f 8480 8481 8578
f 8481 8579 8578
f 8481 8482 8579
f 8482 8580 8579
f 8482 8483 8580
f 8483 8581 8580
f 8483 8484 8581
f 8484 8582 8581
f 8484 8485 8582
f 8485 8583 8582
f 8485 8486 8583
f 8486 8584 8583
f 8486 8487 8584
f 8487 8585 8584
f 8487 8488 8585
f 8488 8586 8585
f 8488 8489 8586
f 8489 8587 8586
f 8489 8490 8587
f 8490 8588 8587
f 8490 8491 8588
f 8491 8589 8588
f 8491 8492 8589
f 8492 8590 8589
f 8492 8493 8590
f 8493 8591 8590
f 8493 8494 8591
f 8494 8592 8591
f 8494 8495 8592
f 8495 8593 8592
f 8495 8496 8593
f 8496 8594 8593
f 8496 8497 8594
f 8497 8595 8594
f 8497 8498 8595
f 8498 8596 8595
f 8498 8499 8596
f 8499 8597 8596
f 8499 8500 8597
f 8500 8598 8597
f 8500 8501 8598
f 8501 8599 8598
f 8501 8502 8599
f 8502 8600 8599
f 8502 8503 8600
f 8503 8601 8600
f 8503 8504 8601
f 8504 8602 8601
f 8504 8505 8602
f 8505 8603 8602
f 8505 8506 8603
f 8506 8604 8603
f 8506 8507 8604
f 8507 8605 8604
f 8507 8508 8605
f 8508 8606 8605
f 8508 8509 8606
f 8509 8607 8606
f 8509 8510 8607
f 8510 8608 8607
f 8510 8511 8608
f 8511 8609 8608
f 8511 8512 8609
f 8512 8610 8609
f 8512 8513 8610
f 8513 8611 8610
f 8513 8514 8611
f 8514 8612 8611
f 8514 8515 8612
f 8515 8613 8612
f 8515 8516 8613
f 8516 8614 8613
f 8516 8517 8614
f 8517 8615 8614
f 8517 8518 8615
f 8518 8616 8615
f 8518 8519 8616
f 8519 8617 8616
f 8519 8520 8617
f 8520 8618 8617
f 8520 8521 8618
f 8521 8619 8618
f 8521 8522 8619
f 8522 8620 8619
f 8522 8523 8620
f 8523 8621 8620
f 8523 8524 8621
f 8524 8622 8621
f 8524 8525 8622
f 8525 8623 8622
f 8525 8526 8623
f 8530 8626 8625
f 8530 8531 8626
f 8531 8627 8626
f 8531 8532 8627
f 8532 8628 8627
f 8532 8533 8628
f 8536 8634 8633
f 8536 8537 8634
f 8537 8635 8634
f 8537 8538 8635
f 8538 8636 8635
f 8538 8539 8636
f 8539 8637 8636
f 8539 8540 8637
f 8541 8542 8638
f 8542 8639 8638
f 8542 8543 8639
f 8543 8640 8639
f 8543 8544 8640
f 8544 8641 8640
f 8544 8545 8641
f 8545 8642 8641
f 8545 8546 8642
f 8546 8643 8642
f 8546 8547 8643
f 8547 8644 8643
f 8547 8548 8644
f 8548 8645 8644
f 8548 8549 8645
f 8549 8646 8645
f 8549 8550 8646
f 8555 8651 8650
f 8555 8556 8651
f 8556 8652 8651
f 8556 8557 8652
f 8557 8653 8652
f 8557 8558 8653
f 8558 8654 8653
f 8558 8559 8654
f 8559 8655 8654
f 8559 8560 8655
f 8560 8656 8655
f 8560 8561 8656
f 8561 8657 8656
f 8561 8562 8657
f 8562 8658 8657
f 8562 8563 8658
f 8574 8575 8659
f 8575 8660 8659
f 8575 8576 8660
f 8576 8661 8660
f 8576 8577 8661
f 8577 8662 8661
f 8577 8578 8662
f 8578 8663 8662
f 8578 8579 8663
f 8579 8664 8663
f 8579 8580 8664
f 8582 8583 8665
f 8583 8666 8665
f 8583 8584 8666
f 8584 8667 8666
f 8584 8585 8667
f 8585 8668 8667
f 8585 8586 8668
f 8586 8669 8668
f 8586 8587 8669
f 8587 8670 8669
f 8587 8588 8670
f 8588 8671 8670
f 8588 8589 8671
f 8589 8672 8671
f 8589 8590 8672
f 8590 8673 8672
f 8590 8591 8673
f 8591 8674 8673
f 8591 8592 8674
f 8592 8675 8674
f 8592 8593 8675
f 8593 8676 8675
f 8593 8594 8676
f 8594 8677 8676
f 8594 8595 8677
f 8595 8678 8677
f 8595 8596 8678
f 8596 8679 8678
f 8596 8597 8679
f 8597 8680 8679
f 8597 8598 8680
f 8598 8681 8680
f 8598 8599 8681
f 8599 8682 8681
f 8599 8600 8682
f 8600 8683 8682
f 8600 8601 8683
f 8601 8684 8683
f 8601 8602 8684
f 8602 8685 8684
f 8602 8603 8685
f 8603 8686 8685
f 8603 8604 8686
f 8604 8687 8686
f 8604 8605 8687
f 8605 8688 8687
f 8605 8606 8688
f 8606 8689 8688
f 8606 8607 8689
f 8607 8690 8689
f 8607 8608 8690
f 8608 8691 8690
f 8608 8609 8691
f 8609 8692 8691
f 8609 8610 8692
f 8610 8693 8692
f 8610 8611 8693
f 8611 8694 8693
f 8611 8612 8694
f 8612 8695 8694
f 8612 8613 8695
f 8613 8696 8695
f 8613 8614 8696
f 8614 8697 8696
f 8614 8615 8697
f 8615 8698 8697
f 8615 8616 8698
f 8616 8699 8698
f 8616 8617 8699
f 8617 8700 8699
f 8617 8618 8700
f 8618 8701 8700
f 8618 8619 8701
f 8619 8702 8701
f 8619 8620 8702
f 8620 8703 8702
f 8620 8621 8703
f 8621 8704 8703
f 8621 8622 8704
f 8622 8705 8704
f 8622 8623 8705
f 8623 8706 8705
f 8625 8626 8707
f 8626 8708 8707
f 8626 8627 8708
f 8629 8713 8712
f 8629 8630 8713
f 8630 8714 8713
f 8630 8631 8714
f 8631 8715 8714
f 8631 8632 8715
f 8632 8716 8715
f 8632 8633 8716
f 8633 8717 8716
f 8633 8634 8717
f 8634 8718 8717
f 8634 8635 8718
f 8635 8719 8718
f 8635 8636 8719
f 8636 8720 8719
f 8636 8637 8720
f 8637 8721 8720
f 8638 8723 8722
f 8638 8639 8723
f 8639 8724 8723
f 8639 8640 8724
f 8640 8725 8724
f 8640 8641 8725
f 8641 8726 8725
f 8641 8642 8726
f 8642 8727 8726
f 8642 8643 8727
f 8643 8728 8727
f 8643 8644 8728
f 8644 8729 8728
f 8644 8645 8729
f 8645 8730 8729
f 8645 8646 8730
f 8647 8733 8732
f 8647 8648 8733
f 8648 8734 8733
f 8648 8649 8734
f 8649 8735 8734
f 8649 8650 8735
f 8650 8736 8735
f 8650 8651 8736
f 8651 8737 8736
f 8651 8652 8737
f 8652 8738 8737
f 8652 8653 8738
f 8654 8655 8739
f 8655 8740 8739
f 8655 8656 8740
f 8656 8741 8740
f 8656 8657 8741
f 8662 8663 8743
f 8663 8744 8743
f 8663 8664 8744
f 8664 8745 8744
f 8666 8667 8748
f 8667 8749 8748
f 8667 8668 8749
f 8668 8750 8749
f 8668 8669 8750
f 8669 8751 8750
f 8669 8670 8751
f 8670 8752 8751
f 8670 8671 8752
f 8671 8753 8752
f 8671 8672 8753
f 8672 8754 8753
f 8672 8673 8754
f 8673 8755 8754
f 8673 8674 8755
f 8674 8756 8755
f 8674 8675 8756
f 8675 8757 8756
f 8675 8676 8757
f 8677 8678 8758
f 8678 8759 8758
f 8678 8679 8759
f 8679 8760 8759
f 8679 8680 8760
f 8680 8761 8760
f 8680 8681 8761
f 8681 8762 8761
f 8681 8682 8762
f 8682 8763 8762
f 8682 8683 8763
f 8683 8764 8763
f 8683 8684 8764
f 8684 8765 8764
f 8684 8685 8765
f 8685 8766 8765
f 8685 8686 8766
f 8687 8688 8767
f 8688 8768 8767
f 8688 8689 8768
f 8689 8769 8768
f 8689 8690 8769
f 8690 8770 8769
f 8690 8691 8770
f 8691 8771 8770
f 8691 8692 8771
f 8692 8772 8771
f 8692 8693 8772
f 8693 8773 8772
f 8693 8694 8773
f 8694 8774 8773
f 8694 8695 8774
f 8695 8775 8774
f 8695 8696 8775
f 8696 8776 8775
f 8696 8697 8776
f 8697 8777 8776
f 8697 8698 8777
f 8698 8778 8777
f 8698 8699 8778
f 8699 8779 8778
f 8699 8700 8779
f 8700 8780 8779
f 8700 8701 8780
f 8701 8781 8780
f 8701 8702 8781
f 8702 8782 8781
f 8702 8703 8782
f 8703 8783 8782
f 8703 8704 8783
f 8709 8786 8785
f 8709 8710 8786
f 8710 8787 8786
f 8710 8711 8787
f 8711 8788 8787
f 8711 8712 8788
f 8712 8789 8788
f 8712 8713 8789
f 8713 8790 8789
f 8713 8714 8790
f 8714 8791 8790
f 8714 8715 8791
f 8715 8792 8791
f 8715 8716 8792
f 8716 8793 8792
f 8716 8717 8793
f 8717 8794 8793
f 8717 8718 8794
f 8718 8795 8794
f 8718 8719 8795
f 8719 8796 8795
f 8719 8720 8796
f 8720 8797 8796
f 8720 8721 8797
f 8721 8798 8797
f 8721 8722 8798
f 8722 8799 8798
f 8722 8723 8799
f 8723 8800 8799
f 8723 8724 8800
f 8724 8801 8800
f 8724 8725 8801
f 8725 8802 8801
f 8725 8726 8802
f 8731 8806 8805
f 8731 8732 8806
f 8732 8807 8806
f 8732 8733 8807
f 8733 8808 8807
f 8733 8734 8808
f 8734 8809 8808
f 8734 8735 8809
f 8735 8810 8809
f 8735 8736 8810
f 8736 8811 8810
f 8736 8737 8811
f 8737 8812 8811
f 8737 8738 8812
f 8748 8817 8816
f 8748 8749 8817
f 8749 8818 8817
f 8749 8750 8818
f 8753 8754 8819
f 8754 8820 8819
f 8754 8755 8820
f 8755 8821 8820
f 8755 8756 8821
f 8756 8822 8821
f 8756 8757 8822
f 8757 8823 8822
f 8758 8825 8824
f 8758 8759 8825
f 8759 8826 8825
f 8759 8760 8826
f 8760 8827 8826
f 8760 8761 8827
f 8761 8828 8827
f 8761 8762 8828
f 8762 8829 8828
f 8762 8763 8829
f 8763 8830 8829
f 8763 8764 8830
f 8767 8832 8831
f 8767 8768 8832
f 8768 8833 8832
f 8768 8769 8833
f 8769 8834 8833
f 8769 8770 8834
f 8770 8835 8834
f 8770 8771 8835
f 8771 8836 8835
f 8771 8772 8836
f 8772 8837 8836
f 8772 8773 8837
f 8773 8838 8837
f 8773 8774 8838
f 8774 8839 8838
f 8774 8775 8839
f 8775 8840 8839
f 8775 8776 8840
f 8776 8841 8840
f 8776 8777 8841
f 8777 8842 8841
f 8777 8778 8842
f 8778 8843 8842
f 8778 8779 8843
f 8779 8844 8843
f 8779 8780 8844
f 8780 8845 8844
f 8780 8781 8845
f 8781 8846 8845
f 8781 8782 8846
f 8782 8847 8846
f 8782 8783 8847
f 8784 8785 8848
f 8785 8849 8848
f 8785 8786 8849
f 8786 8850 8849
f 8786 8787 8850
f 8787 8851 8850
f 8787 8788 8851
f 8788 8852 8851
f 8788 8789 8852
f 8789 8853 8852
f 8789 8790 8853
f 8790 8854 8853
f 8790 8791 8854
f 8791 8855 8854
f 8791 8792 8855
f 8792 8856 8855
f 8792 8793 8856
f 8793 8857 8856
f 8793 8794 8857
f 8794 8858 8857
f 8794 8795 8858
f 8795 8859 8858
f 8795 8796 8859
f 8796 8860 8859
f 8796 8797 8860
f 8797 8861 8860
f 8797 8798 8861
f 8798 8862 8861
f 8798 8799 8862
f 8799 8863 8862
f 8799 8800 8863
f 8800 8864 8863
f 8800 8801 8864
f 8801 8865 8864
f 8801 8802 8865
f 8802 8866 8865
f 8803 8876 8875
f 8803 8804 8876
f 8804 8877 8876
f 8804 8805 8877
f 8805 8878 8877
f 8805 8806 8878
f 8806 8879 8878
f 8806 8807 8879
f 8807 8880 8879
f 8807 8808 8880
f 8808 8881 8880
f 8808 8809 8881
f 8809 8882 8881
f 8809 8810 8882
f 8810 8883 8882
f 8810 8811 8883
f 8811 8884 8883
f 8811 8812 8884
f 8813 8886 8885
f 8813 8814 8886
f 8814 8887 8886
f 8815 8898 8897
f 8815 8816 8898
f 8816 8899 8898
f 8816 8817 8899
f 8817 8900 8899
f 8817 8818 8900
f 8818 8901 8900
f 8820 8821 8903
f 8831 8832 8904
f 8832 8905 8904
f 8832 8833 8905
f 8833 8906 8905
f 8833 8834 8906
f 8834 8907 8906
f 8834 8835 8907
f 8835 8908 8907
f 8835 8836 8908
f 8836 8909 8908
f 8836 8837 8909
f 8837 8910 8909
f 8837 8838 8910
f 8838 8911 8910
f 8838 8839 8911
f 8839 8912 8911
f 8839 8840 8912
f 8840 8913 8912
f 8840 8841 8913
f 8841 8914 8913
f 8841 8842 8914
f 8842 8915 8914
f 8842 8843 8915
f 8843 8916 8915
f 8843 8844 8916
f 8844 8917 8916
f 8844 8845 8917
f 8845 8918 8917
f 8845 8846 8918
f 8846 8919 8918
f 8846 8847 8919
f 8848 8922 8921
f 8848 8849 8922
f 8849 8923 8922
f 8849 8850 8923
f 8850 8924 8923
f 8850 8851 8924
f 8851 8925 8924
f 8851 8852 8925
f 8852 8926 8925
f 8852 8853 8926
f 8853 8927 8926
f 8853 8854 8927
f 8855 8856 8928
f 8856 8929 8928
f 8856 8857 8929
f 8857 8930 8929
f 8857 8858 8930
f 8858 8931 8930
f 8858 8859 8931
f 8859 8932 8931
f 8859 8860 8932
f 8860 8933 8932
f 8860 8861 8933
f 8863 8864 8934
f 8864 8935 8934
f 8864 8865 8935
f 8865 8936 8935
f 8865 8866 8936
f 8866 8937 8936
f 8866 8867 8937
f 8867 8938 8937
f 8867 8868 8938
f 8868 8939 8938
f 8868 8869 8939
f 8869 8940 8939
f 8869 8870 8940
f 8870 8941 8940
f 8870 8871 8941
f 8871 8942 8941
f 8871 8872 8942
f 8872 8943 8942
f 8872 8873 8943
f 8873 8944 8943
f 8873 8874 8944
f 8874 8945 8944
f 8874 8875 8945
f 8875 8946 8945
f 8875 8876 8946
f 8876 8947 8946
f 8876 8877 8947
f 8877 8948 8947
f 8877 8878 8948
f 8878 8949 8948
f 8878 8879 8949
f 8879 8950 8949
f 8879 8880 8950
f 8880 8951 8950
f 8880 8881 8951
f 8881 8952 8951
f 8881 8882 8952
f 8882 8953 8952
f 8882 8883 8953
f 8883 8954 8953
f 8883 8884 8954
f 8885 8886 8955
f 8886 8956 8955
f 8886 8887 8956
f 8887 8957 8956
f 8887 8888 8957
f 8888 8958 8957
f 8888 8889 8958
f 8889 8959 8958
f 8889 8890 8959
f 8890 8960 8959
f 8890 8891 8960
f 8891 8961 8960
f 8892 8963 8962
f 8898 8899 8973
f 8904 8976 8975
f 8904 8905 8976
f 8905 8977 8976
f 8905 8906 8977
f 8906 8978 8977
f 8906 8907 8978
f 8907 8979 8978
f 8907 8908 8979
f 8908 8980 8979
f 8908 8909 8980
f 8909 8981 8980
f 8909 8910 8981
f 8910 8982 8981
f 8910 8911 8982
f 8911 8983 8982
f 8911 8912 8983
f 8912 8984 8983
f 8912 8913 8984
f 8913 8985 8984
f 8913 8914 8985
f 8914 8986 8985
f 8914 8915 8986
f 8915 8987 8986
f 8915 8916 8987
f 8916 8988 8987
f 8916 8917 8988
f 8917 8989 8988
f 8917 8918 8989
f 8918 8990 8989
f 8918 8919 8990
f 8919 8991 8990
f 8920 8921 8992
f 8921 8993 8992
f 8921 8922 8993
f 8922 8994 8993
f 8922 8923 8994
f 8923 8995 8994
f 8923 8924 8995
f 8924 8996 8995
f 8924 8925 8996
f 8928 8998 8997
f 8928 8929 8998
f 8929 8999 8998
f 8929 8930 8999
f 8930 9000 8999
f 8930 8931 9000
f 8931 9001 9000
f 8931 8932 9001
f 8932 9002 9001
f 8932 8933 9002
f 8933 9003 9002
f 8934 9006 9005
f 8934 8935 9006
f 8935 9007 9006
f 8935 8936 9007
f 8936 9008 9007
f 8936 8937 9008
f 8937 9009 9008
f 8937 8938 9009
f 8938 9010 9009
f 8938 8939 9010
f 8939 9011 9010
f 8939 8940 9011
f 8940 9012 9011
f 8940 8941 9012
f 8941 9013 9012
f 8941 8942 9013
f 8942 9014 9013
f 8942 8943 9014
f 8943 9015 9014
f 8943 8944 9015
f 8944 9016 9015
f 8944 8945 9016
f 8945 9017 9016
f 8945 8946 9017
f 8946 9018 9017
f 8946 8947 9018
f 8947 9019 9018
f 8947 8948 9019
f 8948 9020 9019
f 8948 8949 9020
f 8949 9021 9020
f 8949 8950 9021
f 8950 9022 9021
f 8950 8951 9022
f 8951 9023 9022
f 8951 8952 9023
f 8952 9024 9023
f 8952 8953 9024
f 8953 9025 9024
f 8953 8954 9025
f 8954 9026 9025
f 8958 8959 9027
f 8959 9028 9027
f 8959 8960 9028
f 8960 9029 9028
f 8960 8961 9029
f 8961 9030 9029
f 8961 8962 9030
f 8962 9031 9030
f 8962 8963 9031
f 8963 9032 9031
f 8963 8964 9032
f 8964 9033 9032
f 8964 8965 9033
f 8965 9034 9033
f 8965 8966 9034
f 8966 9035 9034
f 8966 8967 9035
f 8967 9036 9035
f 8967 8968 9036
f 8968 9037 9036
f 8968 8969 9037
f 8969 9038 9037
f 8970 9044 9043
f 8970 8971 9044
f 8971 9045 9044
f 8971 8972 9045
f 8972 9046 9045
f 8976 8977 9052
f 8977 9053 9052
f 8977 8978 9053
f 8978 9054 9053
f 8978 8979 9054
f 8979 9055 9054
f 8979 8980 9055
f 8980 9056 9055
f 8980 8981 9056
f 8981 9057 9056
f 8981 8982 9057
f 8982 9058 9057
f 8982 8983 9058
f 8983 9059 9058
f 8983 8984 9059
f 8984 9060 9059
f 8984 8985 9060
f 8985 9061 9060
f 8985 8986 9061
f 8986 9062 9061
f 8986 8987 9062
f 8987 9063 9062
f 8987 8988 9063
f 8988 9064 9063
f 8988 8989 9064
f 8989 9065 9064
f 8989 8990 9065
f 8990 9066 9065
f 8990 8991 9066
f 8992 9068 9067
f 8992 8993 9068
f 8993 9069 9068
f 8993 8994 9069
f 8994 9070 9069
f 8994 8995 9070
f 8997 9072 9071
f 8997 8998 9072
f 8998 9073 9072
f 8998 8999 9073
f 8999 9074 9073
f 8999 9000 9074
f 9000 9075 9074
f 9000 9001 9075
f 9001 9076 9075
f 9001 9002 9076
f 9002 9077 9076
f 9002 9003 9077
f 9003 9078 9077
f 9003 9004 9078
f 9004 9079 9078
f 9004 9005 9079
f 9005 9080 9079
f 9005 9006 9080
f 9006 9081 9080
f 9006 9007 9081
f 9007 9082 9081
f 9007 9008 9082
f 9008 9083 9082
f 9008 9009 9083
f 9009 9084 9083
f 9009 9010 9084
f 9010 9085 9084
f 9010 9011 9085
f 9011 9086 9085
f 9011 9012 9086
f 9012 9087 9086
f 9012 9013 9087
f 9013 9088 9087
f 9013 9014 9088
f 9014 9089 9088
f 9014 9015 9089
f 9015 9090 9089
f 9015 9016 9090
f 9016 9091 9090
f 9016 9017 9091
f 9017 9092 9091
f 9017 9018 9092
f 9018 9093 9092
f 9018 9019 9093
f 9019 9094 9093
f 9019 9020 9094
f 9020 9095 9094
f 9020 9021 9095
f 9021 9096 9095
f 9021 9022 9096
f 9022 9097 9096
f 9022 9023 9097
f 9023 9098 9097
f 9023 9024 9098
f 9024 9099 9098
f 9024 9025 9099
f 9025 9100 9099
f 9025 9026 9100
f 9029 9030 9101
f 9030 9102 9101
f 9030 9031 9102
f 9033 9034 9103
f 9034 9104 9103
f 9034 9035 9104
f 9035 9105 9104
f 9035 9036 9105
f 9036 9106 9105
f 9036 9037 9106
f 9037 9107 9106
f 9037 9038 9107
f 9038 9108 9107
f 9038 9039 9108
f 9039 9109 9108
f 9039 9040 9109
f 9040 9110 9109
f 9040 9041 9110
f 9041 9111 9110
f 9041 9042 9111
f 9042 9112 9111
f 9042 9043 9112
f 9043 9113 9112
f 9043 9044 9113
f 9044 9114 9113
f 9044 9045 9114
f 9045 9115 9114
f 9045 9046 9115
f 9046 9116 9115
f 9046 9047 9116
f 9047 9117 9116
f 9047 9048 9117
f 9048 9118 9117
f 9048 9049 9118
f 9049 9119 9118
f 9049 9050 9119
f 9050 9120 9119
f 9050 9051 9120
f 9051 9121 9120
f 9052 9140 9139
f 9052 9053 9140
f 9053 9141 9140
f 9053 9054 9141
f 9054 9142 9141
f 9054 9055 9142
f 9055 9143 9142
f 9055 9056 9143
f 9056 9144 9143
f 9056 9057 9144
f 9057 9145 9144
f 9057 9058 9145
f 9058 9146 9145
f 9058 9059 9146
f 9059 9147 9146
f 9059 9060 9147
f 9060 9148 9147
f 9060 9061 9148
f 9061 9149 9148
f 9061 9062 9149
f 9062 9150 9149
f 9062 9063 9150
f 9063 9151 9150
f 9063 9064 9151
f 9064 9152 9151
f 9064 9065 9152
f 9065 9153 9152
f 9065 9066 9153
f 9067 9068 9154
f 9068 9155 9154
f 9068 9069 9155
f 9069 9156 9155
f 9069 9070 9156
f 9070 9157 9156
f 9071 9072 9158
f 9072 9159 9158
f 9072 9073 9159
f 9073 9160 9159
f 9073 9074 9160
f 9074 9161 9160
f 9074 9075 9161
f 9075 9162 9161
f 9075 9076 9162
f 9076 9163 9162
f 9076 9077 9163
f 9077 9164 9163
f 9077 9078 9164
f 9078 9165 9164
f 9078 9079 9165
f 9079 9166 9165
f 9079 9080 9166
f 9080 9167 9166
f 9080 9081 9167
f 9081 9168 9167
f 9081 9082 9168
f 9082 9169 9168
f 9082 9083 9169
f 9083 9170 9169
f 9083 9084 9170
f 9084 9171 9170
f 9084 9085 9171
f 9085 9172 9171
f 9085 9086 9172
f 9087 9088 9173
f 9088 9174 9173
f 9088 9089 9174
f 9089 9175 9174
f 9089 9090 9175
f 9090 9176 9175
f 9090 9091 9176
f 9091 9177 9176
f 9091 9092 9177
f 9092 9178 9177
f 9092 9093 9178
f 9093 9179 9178
f 9093 9094 9179
f 9094 9180 9179
f 9094 9095 9180
f 9095 9181 9180
f 9095 9096 9181
f 9096 9182 9181
f 9096 9097 9182
f 9097 9183 9182
f 9097 9098 9183
f 9098 9184 9183
f 9098 9099 9184
f 9099 9185 9184
f 9099 9100 9185
f 9100 9186 9185
f 9103 9189 9188
f 9103 9104 9189
f 9104 9190 9189
f 9104 9105 9190
f 9105 9191 9190
f 9105 9106 9191
f 9106 9192 9191
f 9106 9107 9192
f 9107 9193 9192
f 9107 9108 9193
f 9108 9194 9193
f 9108 9109 9194
f 9109 9195 9194
f 9109 9110 9195
f 9110 9196 9195
f 9110 9111 9196
f 9111 9197 9196
f 9111 9112 9197
f 9112 9198 9197
f 9112 9113 9198
f 9113 9199 9198
f 9113 9114 9199
f 9114 9200 9199
f 9114 9115 9200
f 9115 9201 9200
f 9115 9116 9201
f 9116 9202 9201
f 9116 9117 9202
f 9117 9203 9202
f 9117 9118 9203
f 9118 9204 9203
f 9118 9119 9204
f 9119 9205 9204
f 9119 9120 9205
f 9120 9206 9205
f 9120 9121 9206
f 9121 9207 9206
f 9121 9122 9207
f 9122 9208 9207
f 9122 9123 9208
f 9124 9210 9209
f 9124 9125 9210
f 9125 9211 9210
f 9125 9126 9211
f 9126 9212 9211
f 9126 9127 9212
f 9127 9213 9212
f 9127 9128 9213
f 9128 9214 9213
f 9128 9129 9214
f 9129 9215 9214
f 9129 9130 9215
f 9130 9216 9215
f 9132 9224 9223
f 9132 9133 9224
f 9133 9225 9224
f 9133 9134 9225
f 9134 9226 9225
f 9134 9135 9226
f 9135 9227 9226
f 9135 9136 9227
f 9136 9228 9227
f 9136 9137 9228
f 9137 9229 9228
f 9137 9138 9229
f 9138 9230 9229
f 9138 9139 9230
f 9139 9231 9230
f 9139 9140 9231
f 9140 9232 9231
f 9140 9141 9232
f 9141 9233 9232
f 9141 9142 9233
f 9142 9234 9233
f 9142 9143 9234
f 9143 9235 9234
f 9143 9144 9235
f 9144 9236 9235
f 9144 9145 9236
f 9145 9237 9236
f 9145 9146 9237
f 9146 9238 9237
f 9146 9147 9238
f 9147 9239 9238
f 9147 9148 9239
f 9148 9240 9239
f 9148 9149 9240
f 9154 9155 9241
f 9158 9244 9243
f 9158 9159 9244
f 9159 9245 9244
f 9159 9160 9245
f 9160 9246 9245
f 9160 9161 9246
f 9161 9247 9246
f 9161 9162 9247
f 9162 9248 9247
f 9162 9163 9248
f 9163 9249 9248
f 9163 9164 9249
f 9164 9250 9249
f 9164 9165 9250
f 9165 9251 9250
f 9165 9166 9251
f 9166 9252 9251
f 9166 9167 9252
f 9167 9253 9252
f 9167 9168 9253
f 9168 9254 9253
f 9168 9169 9254
f 9169 9255 9254
f 9169 9170 9255
f 9170 9256 9255
f 9170 9171 9256
f 9171 9257 9256
f 9171 9172 9257
f 9172 9258 9257
f 9173 9260 9259
f 9173 9174 9260
f 9174 9261 9260
f 9174 9175 9261
f 9175 9262 9261
f 9175 9176 9262
f 9176 9263 9262
f 9176 9177 9263
f 9177 9264 9263
f 9177 9178 9264
f 9178 9265 9264
f 9178 9179 9265
f 9179 9266 9265
f 9179 9180 9266
f 9180 9267 9266
f 9180 9181 9267
f 9181 9268 9267
f 9181 9182 9268
f 9182 9269 9268
f 9182 9183 9269
f 9183 9270 9269
f 9183 9184 9270
f 9184 9271 9270
f 9184 9185 9271
f 9185 9272 9271
f 9185 9186 9272
f 9186 9273 9272
f 9186 9187 9273
f 9197 9198 9274
f 9198 9275 9274
f 9198 9199 9275
f 9199 9276 9275
f 9199 9200 9276
f 9200 9277 9276
f 9200 9201 9277
f 9201 9278 9277
f 9201 9202 9278
f 9202 9279 9278
f 9202 9203 9279
f 9206 9207 9280
f 9207 9281 9280
f 9207 9208 9281
f 9208 9282 9281
f 9210 9211 9283
f 9211 9284 9283
f 9211 9212 9284
f 9212 9285 9284
f 9212 9213 9285
f 9213 9286 9285
f 9213 9214 9286
f 9214 9287 9286
f 9214 9215 9287
f 9215 9288 9287
f 9215 9216 9288
f 9216 9289 9288
f 9216 9217 9289
f 9217 9290 9289
f 9217 9218 9290
f 9218 9291 9290
f 9222 9223 9298
f 9223 9299 9298
f 9223 9224 9299
f 9224 9300 9299
f 9224 9225 9300
f 9225 9301 9300
f 9225 9226 9301
f 9226 9302 9301
f 9226 9227 9302
f 9227 9303 9302
f 9227 9228 9303
f 9228 9304 9303
f 9228 9229 9304
f 9229 9305 9304
f 9229 9230 9305
f 9230 9306 9305
f 9230 9231 9306
f 9232 9233 9307
f 9233 9308 9307
f 9233 9234 9308
f 9234 9309 9308
f 9234 9235 9309
f 9235 9310 9309
f 9235 9236 9310
f 9236 9311 9310
f 9236 9237 9311
f 9237 9312 9311
f 9237 9238 9312
f 9238 9313 9312
f 9238 9239 9313
f 9239 9314 9313
f 9239 9240 9314
f 9240 9315 9314
f 9242 9317 9316
f 9242 9243 9317
f 9243 9318 9317
f 9243 9244 9318
f 9244 9319 9318
f 9244 9245 9319
f 9245 9320 9319
f 9245 9246 9320
f 9246 9321 9320
f 9246 9247 9321
f 9247 9322 9321
f 9247 9248 9322
f 9248 9323 9322
f 9248 9249 9323
f 9249 9324 9323
f 9249 9250 9324
f 9250 9325 9324
f 9250 9251 9325
f 9251 9326 9325
f 9251 9252 9326
f 9252 9327 9326
f 9252 9253 9327
f 9253 9328 9327
f 9253 9254 9328
f 9254 9329 9328
f 9254 9255 9329
f 9255 9330 9329
f 9255 9256 9330
f 9256 9331 9330
f 9256 9257 9331
f 9257 9332 9331
f 9257 9258 9332
f 9258 9333 9332
f 9258 9259 9333
f 9259 9334 9333
f 9259 9260 9334
f 9260 9335 9334
f 9260 9261 9335
f 9261 9336 9335
f 9261 9262 9336
f 9262 9337 9336
f 9262 9263 9337
f 9263 9338 9337
f 9263 9264 9338
f 9264 9339 9338
f 9264 9265 9339
f 9265 9340 9339
f 9265 9266 9340
f 9266 9341 9340
f 9266 9267 9341
f 9267 9342 9341
f 9267 9268 9342
f 9268 9343 9342
f 9268 9269 9343
f 9269 9344 9343
f 9269 9270 9344
f 9270 9345 9344
f 9270 9271 9345
f 9271 9346 9345
f 9271 9272 9346
f 9272 9347 9346
f 9272 9273 9347
f 9273 9348 9347
f 9284 9285 9351
f 9285 9352 9351
f 9285 9286 9352
f 9286 9353 9352
f 9286 9287 9353
f 9287 9354 9353
f 9287 9288 9354
f 9288 9355 9354
f 9288 9289 9355
f 9289 9356 9355
f 9289 9290 9356
f 9290 9357 9356
f 9290 9291 9357
f 9291 9358 9357
f 9291 9292 9358
f 9292 9359 9358
f 9292 9293 9359
f 9293 9360 9359
f 9293 9294 9360
f 9294 9361 9360
f 9294 9295 9361
f 9295 9362 9361
f 9295 9296 9362
f 9296 9363 9362
f 9296 9297 9363
f 9297 9364 9363
f 9298 9367 9366
f 9298 9299 9367
f 9299 9368 9367
f 9299 9300 9368
f 9300 9369 9368
f 9300 9301 9369
f 9303 9304 9370
f 9304 9371 9370
f 9304 9305 9371
f 9305 9372 9371
f 9305 9306 9372
f 9306 9373 9372
f 9307 9375 9374
f 9307 9308 9375
f 9308 9376 9375
f 9308 9309 9376
f 9309 9377 9376
f 9309 9310 9377
f 9310 9378 9377
f 9310 9311 9378
f 9311 9379 9378
f 9311 9312 9379
f 9312 9380 9379
f 9312 9313 9380
f 9313 9381 9380
f 9313 9314 9381
f 9316 9384 9383
f 9316 9317 9384
f 9317 9385 9384
f 9317 9318 9385
f 9318 9386 9385
f 9318 9319 9386
f 9319 9387 9386
f 9319 9320 9387
f 9320 9388 9387
f 9320 9321 9388
f 9321 9389 9388
f 9321 9322 9389
f 9322 9390 9389
f 9322 9323 9390
f 9323 9391 9390
f 9323 9324 9391
f 9324 9392 9391
f 9324 9325 9392
f 9325 9393 9392
f 9325 9326 9393
f 9326 9394 9393
f 9326 9327 9394
f 9327 9395 9394
f 9327 9328 9395
f 9328 9396 9395
f 9328 9329 9396
f 9329 9397 9396
f 9329 9330 9397
f 9330 9398 9397
f 9330 9331 9398
f 9331 9399 9398
f 9331 9332 9399
f 9332 9400 9399
f 9332 9333 9400
f 9333 9401 9400
f 9333 9334 9401
f 9334 9402 9401
f 9334 9335 9402
f 9335 9403 9402
f 9335 9336 9403
f 9336 9404 9403
f 9336 9337 9404
f 9337 9405 9404
f 9337 9338 9405
f 9338 9406 9405
f 9338 9339 9406
f 9339 9407 9406
f 9339 9340 9407
f 9340 9408 9407
f 9340 9341 9408
f 9341 9409 9408
f 9341 9342 9409
f 9342 9410 9409
f 9342 9343 9410
f 9343 9411 9410
f 9343 9344 9411
f 9344 9412 9411
f 9344 9345 9412
f 9345 9413 9412
f 9345 9346 9413
f 9346 9414 9413
f 9346 9347 9414
f 9347 9415 9414
f 9347 9348 9415
f 9352 9353 9419
f 9353 9420 9419
f 9353 9354 9420
f 9354 9421 9420
f 9354 9355 9421
f 9355 9422 9421
f 9355 9356 9422
f 9356 9423 9422
f 9356 9357 9423
f 9357 9424 9423
f 9357 9358 9424
f 9358 9425 9424
f 9358 9359 9425
f 9359 9426 9425
f 9359 9360 9426
f 9360 9427 9426
f 9360 9361 9427
f 9361 9428 9427
f 9361 9362 9428
f 9362 9429 9428
f 9362 9363 9429
f 9363 9430 9429
f 9363 9364 9430
f 9364 9431 9430
f 9366 9367 9434
f 9367 9435 9434
f 9367 9368 9435
f 9368 9436 9435
f 9368 9369 9436
f 9369 9437 9436
f 9370 9440 9439
f 9370 9371 9440
f 9372 9373 9441
f 9373 9442 9441
f 9373 9374 9442
f 9374 9443 9442
f 9374 9375 9443
f 9375 9444 9443
f 9375 9376 9444
f 9376 9445 9444
f 9376 9377 9445
f 9377 9446 9445
f 9377 9378 9446
f 9378 9447 9446
f 9378 9379 9447
f 9379 9448 9447
f 9379 9380 9448
f 9382 9383 9449
f 9383 9450 9449
f 9383 9384 9450
f 9384 9451 9450
f 9384 9385 9451
f 9385 9452 9451
f 9385 9386 9452
f 9386 9453 9452
f 9386 9387 9453
f 9387 9454 9453
f 9387 9388 9454
f 9388 9455 9454
f 9388 9389 9455
f 9389 9456 9455
f 9389 9390 9456
f 9390 9457 9456
f 9390 9391 9457
f 9391 9458 9457
f 9391 9392 9458
f 9392 9459 9458
f 9392 9393 9459
f 9393 9460 9459
f 9393 9394 9460
f 9394 9461 9460
f 9394 9395 9461
f 9395 9462 9461
f 9395 9396 9462
f 9396 9463 9462
f 9396 9397 9463
f 9397 9464 9463
f 9397 9398 9464
f 9398 9465 9464
f 9398 9399 9465
f 9399 9466 9465
f 9399 9400 9466
f 9400 9467 9466
f 9400 9401 9467
f 9401 9468 9467
f 9401 9402 9468
f 9402 9469 9468
f 9402 9403 9469
f 9403 9470 9469
f 9403 9404 9470
f 9404 9471 9470
f 9404 9405 9471
f 9405 9472 9471
f 9405 9406 9472
f 9406 9473 9472
f 9406 9407 9473
f 9407 9474 9473
f 9407 9408 9474
f 9408 9475 9474
f 9408 9409 9475
f 9409 9476 9475
f 9409 9410 9476
f 9410 9477 9476
f 9410 9411 9477
f 9411 9478 9477
f 9411 9412 9478
f 9412 9479 9478
f 9412 9413 9479
f 9413 9480 9479
f 9413 9414 9480
f 9414 9481 9480
f 9414 9415 9481
f 9416 9417 9482
f 9417 9483 9482
f 9417 9418 9483
f 9419 9420 9484
f 9420 9485 9484
f 9420 9421 9485
f 9421 9486 9485
f 9421 9422 9486
f 9422 9487 9486
f 9422 9423 9487
f 9423 9488 9487
f 9423 9424 9488
f 9424 9489 9488
f 9424 9425 9489
f 9425 9490 9489
f 9425 9426 9490
f 9426 9491 9490
f 9426 9427 9491
f 9427 9492 9491
f 9427 9428 9492
f 9428 9493 9492
f 9428 9429 9493
f 9429 9494 9493
f 9429 9430 9494
f 9430 9495 9494
f 9430 9431 9495
f 9431 9496 9495
f 9431 9432 9496
f 9432 9497 9496
f 9432 9433 9497
f 9433 9498 9497
f 9435 9436 9501
f 9436 9502 9501
f 9436 9437 9502
f 9437 9503 9502
f 9437 9438 9503
f 9438 9504 9503
f 9438 9439 9504
f 9439 9505 9504
f 9439 9440 9505
f 9440 9506 9505
f 9441 9508 9507
f 9441 9442 9508
f 9442 9509 9508
f 9442 9443 9509
f 9443 9510 9509
f 9443 9444 9510
f 9444 9511 9510
f 9444 9445 9511
f 9445 9512 9511
f 9445 9446 9512
f 9446 9513 9512
f 9446 9447 9513
f 9447 9514 9513
f 9447 9448 9514
f 9449 9517 9516
f 9449 9450 9517
f 9450 9518 9517
f 9450 9451 9518
f 9451 9519 9518
f 9451 9452 9519
f 9452 9520 9519
f 9452 9453 9520
f 9453 9521 9520
f 9453 9454 9521
f 9454 9522 9521
f 9454 9455 9522
f 9455 9523 9522
f 9455 9456 9523
f 9456 9524 9523
f 9456 9457 9524
f 9457 9525 9524
f 9457 9458 9525
f 9458 9526 9525
f 9458 9459 9526
f 9459 9527 9526
f 9459 9460 9527
f 9460 9528 9527
f 9460 9461 9528
f 9461 9529 9528
f 9461 9462 9529
f 9462 9530 9529
f 9462 9463 9530
f 9463 9531 9530
f 9463 9464 9531
f 9464 9532 9531
f 9464 9465 9532
f 9465 9533 9532
f 9465 9466 9533
f 9466 9534 9533
f 9466 9467 9534
f 9467 9535 9534
f 9467 9468 9535
f 9468 9536 9535
f 9468 9469 9536
f 9469 9537 9536
f 9469 9470 9537
f 9470 9538 9537
f 9470 9471 9538
f 9471 9539 9538
f 9471 9472 9539
f 9472 9540 9539
f 9472 9473 9540
f 9473 9541 9540
f 9473 9474 9541
f 9474 9542 9541
f 9474 9475 9542
f 9475 9543 9542
f 9475 9476 9543
f 9476 9544 9543
f 9476 9477 9544
f 9477 9545 9544
f 9477 9478 9545
f 9478 9546 9545
f 9478 9479 9546
f 9479 9547 9546
f 9479 9480 9547
f 9480 9548 9547
f 9480 9481 9548
f 9485 9486 9550
f 9486 9551 9550
f 9486 9487 9551
f 9487 9552 9551
f 9487 9488 9552
f 9488 9553 9552
f 9488 9489 9553
f 9489 9554 9553
f 9489 9490 9554
f 9490 9555 9554
f 9490 9491 9555
f 9491 9556 9555
f 9491 9492 9556
f 9492 9557 9556
f 9492 9493 9557
f 9493 9558 9557
f 9493 9494 9558
f 9494 9559 9558
f 9494 9495 9559
f 9495 9560 9559
f 9495 9496 9560
f 9496 9561 9560
f 9496 9497 9561
f 9497 9562 9561
f 9497 9498 9562
f 9498 9563 9562
f 9498 9499 9563
f 9499 9564 9563
f 9501 9571 9570
f 9501 9502 9571
f 9504 9505 9572
f 9505 9573 9572
f 9505 9506 9573
f 9506 9574 9573
f 9506 9507 9574
f 9507 9575 9574
f 9507 9508 9575
f 9508 9576 9575
f 9508 9509 9576
f 9509 9577 9576
f 9509 9510 9577
f 9510 9578 9577
f 9510 9511 9578
f 9511 9579 9578
f 9511 9512 9579
f 9512 9580 9579
f 9512 9513 9580
f 9513 9581 9580
f 9513 9514 9581
f 9517 9518 9584
f 9518 9585 9584
f 9518 9519 9585
f 9519 9586 9585
f 9519 9520 9586
f 9520 9587 9586
f 9520 9521 9587
f 9521 9588 9587
f 9521 9522 9588
f 9522 9589 9588
f 9522 9523 9589
f 9523 9590 9589
f 9523 9524 9590
f 9524 9591 9590
f 9524 9525 9591
f 9525 9592 9591
f 9525 9526 9592
f 9526 9593 9592
f 9526 9527 9593
f 9527 9594 9593
f 9527 9528 9594
f 9528 9595 9594
f 9528 9529 9595
f 9529 9596 9595
f 9529 9530 9596
f 9530 9597 9596
f 9530 9531 9597
f 9531 9598 9597
f 9531 9532 9598
f 9532 9599 9598
f 9532 9533 9599
f 9533 9600 9599
f 9533 9534 9600
f 9534 9601 9600
f 9534 9535 9601
f 9535 9602 9601
f 9535 9536 9602
f 9536 9603 9602
f 9536 9537 9603
f 9537 9604 9603
f 9537 9538 9604
f 9538 9605 9604
f 9538 9539 9605
f 9539 9606 9605
f 9539 9540 9606
f 9540 9607 9606
f 9540 9541 9607
f 9541 9608 9607
f 9541 9542 9608
f 9542 9609 9608
f 9542 9543 9609
f 9543 9610 9609
f 9543 9544 9610
f 9544 9611 9610
f 9544 9545 9611
f 9545 9612 9611
f 9545 9546 9612
f 9546 9613 9612
f 9546 9547 9613
f 9547 9614 9613
f 9547 9548 9614
f 9548 9615 9614
f 9551 9552 9619
f 9552 9620 9619
f 9552 9553 9620
f 9553 9621 9620
f 9553 9554 9621
f 9554 9622 9621
f 9554 9555 9622
f 9555 9623 9622
f 9555 9556 9623
f 9556 9624 9623
f 9556 9557 9624
f 9557 9625 9624
f 9557 9558 9625
f 9558 9626 9625
f 9558 9559 9626
f 9559 9627 9626
f 9559 9560 9627
f 9560 9628 9627
f 9560 9561 9628
f 9561 9629 9628
f 9561 9562 9629
f 9562 9630 9629
f 9562 9563 9630
f 9563 9631 9630
f 9563 9564 9631
f 9564 9632 9631
f 9564 9565 9632
f 9565 9633 9632
f 9565 9566 9633
f 9566 9634 9633
f 9567 9568 9636
f 9568 9637 9636
f 9568 9569 9637
f 9569 9638 9637
f 9569 9570 9638
f 9570 9639 9638
f 9570 9571 9639
f 9571 9640 9639
f 9573 9574 9643
f 9574 9644 9643
f 9574 9575 9644
f 9575 9645 9644
f 9575 9576 9645
f 9576 9646 9645
f 9576 9577 9646
f 9577 9647 9646
f 9577 9578 9647
f 9578 9648 9647
f 9578 9579 9648
f 9579 9649 9648
f 9579 9580 9649
f 9582 9653 9652
f 9582 9583 9653
f 9583 9654 9653
f 9584 9585 9655
f 9585 9656 9655
f 9585 9586 9656
f 9586 9657 9656
f 9586 9587 9657
f 9587 9658 9657
f 9587 9588 9658
f 9588 9659 9658
f 9588 9589 9659
f 9589 9660 9659
f 9589 9590 9660
f 9590 9661 9660
f 9590 9591 9661
f 9591 9662 9661
f 9591 9592 9662
f 9592 9663 9662
f 9592 9593 9663
f 9593 9664 9663
f 9593 9594 9664
f 9594 9665 9664
f 9594 9595 9665
f 9595 9666 9665
f 9595 9596 9666
f 9596 9667 9666
f 9596 9597 9667
f 9597 9668 9667
f 9597 9598 9668
f 9598 9669 9668
f 9598 9599 9669
f 9599 9670 9669
f 9599 9600 9670
f 9600 9671 9670
f 9600 9601 9671
f 9601 9672 9671
f 9601 9602 9672
f 9602 9673 9672
f 9602 9603 9673
f 9603 9674 9673
f 9603 9604 9674
f 9604 9675 9674
f 9604 9605 9675
f 9605 9676 9675
f 9605 9606 9676
f 9606 9677 9676
f 9606 9607 9677
f 9607 9678 9677
f 9607 9608 9678
f 9608 9679 9678
f 9608 9609 9679
f 9609 9680 9679
f 9609 9610 9680
f 9610 9681 9680
f 9610 9611 9681
f 9611 9682 9681
f 9611 9612 9682
f 9612 9683 9682
f 9612 9613 9683
f 9613 9684 9683
f 9613 9614 9684
f 9614 9685 9684
f 9614 9615 9685
f 9620 9621 9689
f 9621 9690 9689
f 9621 9622 9690
f 9622 9691 9690
f 9622 9623 9691
f 9623 9692 9691
f 9623 9624 9692
f 9624 9693 9692
f 9624 9625 9693
f 9625 9694 9693
f 9625 9626 9694
f 9626 9695 9694
f 9626 9627 9695
f 9627 9696 9695
f 9627 9628 9696
f 9628 9697 9696
f 9628 9629 9697
f 9629 9698 9697
f 9629 9630 9698
f 9630 9699 9698
f 9630 9631 9699
f 9631 9700 9699
f 9631 9632 9700
f 9632 9701 9700
f 9632 9633 9701
f 9633 9702 9701
f 9633 9634 9702
f 9634 9703 9702
f 9634 9635 9703
f 9635 9704 9703
f 9639 9640 9710
f 9640 9711 9710
f 9640 9641 9711
f 9641 9712 9711
f 9641 9642 9712
f 9642 9713 9712
f 9643 9715 9714
f 9643 9644 9715
f 9644 9716 9715
f 9644 9645 9716
f 9645 9717 9716
f 9645 9646 9717
f 9646 9718 9717
f 9646 9647 9718
f 9647 9719 9718
f 9647 9648 9719
f 9648 9720 9719
f 9648 9649 9720
f 9649 9721 9720
f 9650 9723 9722
f 9650 9651 9723
f 9651 9724 9723
f 9651 9652 9724
f 9652 9725 9724
f 9652 9653 9725
f 9653 9726 9725
f 9653 9654 9726
f 9654 9727 9726
f 9657 9658 9729
f 9658 9730 9729
f 9658 9659 9730
f 9659 9731 9730
f 9659 9660 9731
f 9660 9732 9731
f 9660 9661 9732
f 9661 9733 9732
f 9661 9662 9733
f 9662 9734 9733
f 9662 9663 9734
f 9663 9735 9734
f 9663 9664 9735
f 9664 9736 9735
f 9664 9665 9736
f 9665 9737 9736
f 9665 9666 9737
f 9666 9738 9737
f 9666 9667 9738
f 9667 9739 9738
f 9667 9668 9739
f 9668 9740 9739
f 9668 9669 9740
f 9669 9741 9740
f 9669 9670 9741
f 9670 9742 9741
f 9670 9671 9742
f 9671 9743 9742
f 9671 9672 9743
f 9672 9744 9743
f 9672 9673 9744
f 9673 9745 9744
f 9673 9674 9745
f 9674 9746 9745
f 9674 9675 9746
f 9675 9747 9746
f 9675 9676 9747
f 9676 9748 9747
f 9676 9677 9748
f 9677 9749 9748
f 9677 9678 9749
f 9678 9750 9749
f 9678 9679 9750
f 9679 9751 9750
f 9679 9680 9751
f 9680 9752 9751
f 9680 9681 9752
f 9681 9753 9752
f 9681 9682 9753
f 9682 9754 9753
f 9682 9683 9754
f 9683 9755 9754
f 9683 9684 9755
f 9684 9756 9755
f 9684 9685 9756
f 9685 9757 9756
f 9686 9687 9758
f 9687 9759 9758
f 9687 9688 9759
f 9688 9760 9759
f 9690 9691 9761
f 9691 9762 9761
f 9691 9692 9762
f 9692 9763 9762
f 9692 9693 9763
f 9693 9764 9763
f 9693 9694 9764
f 9694 9765 9764
f 9694 9695 9765
f 9695 9766 9765
f 9695 9696 9766
f 9696 9767 9766
f 9696 9697 9767
f 9697 9768 9767
f 9697 9698 9768
f 9698 9769 9768
f 9698 9699 9769
f 9699 9770 9769
f 9699 9700 9770
f 9700 9771 9770
f 9700 9701 9771
f 9701 9772 9771
f 9701 9702 9772
f 9702 9773 9772
f 9702 9703 9773
f 9703 9774 9773
f 9703 9704 9774
f 9704 9775 9774
f 9704 9705 9775
f 9705 9776 9775
f 9705 9706 9776
f 9706 9777 9776
f 9707 9708 9778
f 9708 9779 9778
f 9708 9709 9779
f 9709 9780 9779
f 9712 9713 9782
f 9713 9783 9782
f 9713 9714 9783
f 9714 9784 9783
f 9714 9715 9784
f 9715 9785 9784
f 9715 9716 9785
f 9716 9786 9785
f 9716 9717 9786
f 9717 9787 9786
f 9717 9718 9787
f 9722 9789 9788
f 9722 9723 9789
f 9723 9790 9789
f 9723 9724 9790
f 9724 9791 9790
f 9724 9725 9791
f 9725 9792 9791
f 9725 9726 9792
f 9726 9793 9792
f 9726 9727 9793
f 9727 9794 9793
f 9727 9728 9794
f 9728 9795 9794
f 9729 9730 9796
f 9730 9797 9796
f 9730 9731 9797
f 9731 9798 9797
f 9731 9732 9798
f 9732 9799 9798
f 9732 9733 9799
f 9733 9800 9799
f 9733 9734 9800
f 9734 9801 9800
f 9734 9735 9801
f 9735 9802 9801
f 9735 9736 9802
f 9736 9803 9802
f 9736 9737 9803
f 9737 9804 9803
f 9737 9738 9804
f 9738 9805 9804
f 9738 9739 9805
f 9739 9806 9805
f 9739 9740 9806
f 9740 9807 9806
f 9740 9741 9807
f 9741 9808 9807
f 9741 9742 9808
f 9742 9809 9808
f 9742 9743 9809
f 9743 9810 9809
f 9743 9744 9810
f 9744 9811 9810
f 9744 9745 9811
f 9745 9812 9811
f 9745 9746 9812
f 9746 9813 9812
f 9746 9747 9813
f 9747 9814 9813
f 9747 9748 9814
f 9748 9815 9814
f 9748 9749 9815
f 9749 9816 9815
f 9749 9750 9816
f 9750 9817 9816
f 9750 9751 9817
f 9751 9818 9817
f 9751 9752 9818
f 9752 9819 9818
f 9752 9753 9819
f 9753 9820 9819
f 9753 9754 9820
f 9754 9821 9820
f 9754 9755 9821
f 9755 9822 9821
f 9755 9756 9822
f 9756 9823 9822
f 9756 9757 9823
f 9758 9826 9825
f 9758 9759 9826
f 9759 9827 9826
f 9759 9760 9827
f 9760 9828 9827
f 9762 9763 9831
f 9763 9832 9831
f 9763 9764 9832
f 9764 9833 9832
f 9764 9765 9833
f 9765 9834 9833
f 9765 9766 9834
f 9766 9835 9834
f 9766 9767 9835
f 9767 9836 9835
f 9767 9768 9836
f 9768 9837 9836
f 9768 9769 9837
f 9769 9838 9837
f 9769 9770 9838
f 9770 9839 9838
f 9770 9771 9839
f 9771 9840 9839
f 9771 9772 9840
f 9772 9841 9840
f 9772 9773 9841
f 9773 9842 9841
f 9773 9774 9842
f 9774 9843 9842
f 9774 9775 9843
f 9775 9844 9843
f 9775 9776 9844
f 9776 9845 9844
f 9776 9777 9845
f 9777 9846 9845
f 9779 9780 9849
f 9780 9850 9849
f 9780 9781 9850
f 9781 9851 9850
f 9785 9786 9855
f 9786 9856 9855
f 9786 9787 9856
f 9787 9857 9856
f 9789 9790 9858
f 9790 9859 9858
f 9790 9791 9859
f 9791 9860 9859
f 9791 9792 9860
f 9792 9861 9860
f 9792 9793 9861
f 9793 9862 9861
f 9793 9794 9862
f 9794 9863 9862
f 9794 9795 9863
f 9795 9864 9863
f 9797 9798 9866
f 9798 9867 9866
f 9798 9799 9867
f 9799 9868 9867
f 9799 9800 9868
f 9800 9869 9868
f 9800 9801 9869
f 9801 9870 9869
f 9801 9802 9870
f 9802 9871 9870
f 9802 9803 9871
f 9803 9872 9871
f 9803 9804 9872
f 9804 9873 9872
f 9804 9805 9873
f 9805 9874 9873
f 9805 9806 9874
f 9806 9875 9874
f 9806 9807 9875
f 9807 9876 9875
f 9807 9808 9876
f 9808 9877 9876
f 9808 9809 9877
f 9809 9878 9877
f 9809 9810 9878
f 9810 9879 9878
f 9810 9811 9879
f 9811 9880 9879
f 9811 9812 9880
f 9812 9881 9880
f 9812 9813 9881
f 9813 9882 9881
f 9813 9814 9882
f 9814 9883 9882
f 9814 9815 9883
f 9815 9884 9883
f 9815 9816 9884
f 9816 9885 9884
f 9816 9817 9885
f 9817 9886 9885
f 9817 9818 9886
f 9818 9887 9886
f 9818 9819 9887
f 9819 9888 9887
f 9819 9820 9888
f 9820 9889 9888
f 9820 9821 9889
f 9821 9890 9889
f 9821 9822 9890
f 9822 9891 9890
f 9822 9823 9891
f 9823 9892 9891
f 9824 9894 9893
f 9825 9896 9895
f 9825 9826 9896
f 9826 9897 9896
f 9826 9827 9897
f 9827 9898 9897
f 9827 9828 9898
f 9828 9899 9898
f 9828 9829 9899
f 9829 9900 9899
f 9829 9830 9900
f 9830 9901 9900
f 9832 9833 9903
f 9833 9904 9903
f 9833 9834 9904
f 9834 9905 9904
f 9834 9835 9905
f 9835 9906 9905
f 9835 9836 9906
f 9836 9907 9906
f 9836 9837 9907
f 9837 9908 9907
f 9837 9838 9908
f 9838 9909 9908
f 9838 9839 9909
f 9839 9910 9909
f 9839 9840 9910
f 9840 9911 9910
f 9840 9841 9911
f 9841 9912 9911
f 9841 9842 9912
f 9842 9913 9912
f 9842 9843 9913
f 9843 9914 9913
f 9843 9844 9914
f 9844 9915 9914
f 9844 9845 9915
f 9845 9916 9915
f 9845 9846 9916
f 9846 9917 9916
f 9846 9847 9917
f 9847 9918 9917
f 9847 9848 9918
f 9848 9919 9918
f 9850 9851 9921
f 9851 9922 9921
f 9851 9852 9922
f 9852 9923 9922
f 9852 9853 9923
f 9853 9924 9923
f 9853 9854 9924
f 9854 9925 9924
f 9858 9930 9929
f 9858 9859 9930
f 9859 9931 9930
f 9859 9860 9931
f 9860 9932 9931
f 9860 9861 9932
f 9861 9933 9932
f 9861 9862 9933
f 9862 9934 9933
f 9862 9863 9934
f 9863 9935 9934
f 9863 9864 9935
f 9864 9936 9935
f 9864 9865 9936
f 9865 9937 9936
f 9866 9867 9938
f 9867 9939 9938
f 9867 9868 9939
f 9868 9940 9939
f 9868 9869 9940
f 9869 9941 9940
f 9869 9870 9941
f 9870 9942 9941
f 9870 9871 9942
f 9871 9943 9942
f 9871 9872 9943
f 9872 9944 9943
f 9872 9873 9944
f 9873 9945 9944
f 9873 9874 9945
f 9874 9946 9945
f 9874 9875 9946
f 9875 9947 9946
f 9875 9876 9947
f 9876 9948 9947
f 9876 9877 9948
f 9877 9949 9948
f 9877 9878 9949
f 9878 9950 9949
f 9878 9879 9950
f 9879 9951 9950
f 9879 9880 9951
f 9880 9952 9951
f 9880 9881 9952
f 9881 9953 9952
f 9881 9882 9953
f 9882 9954 9953
f 9882 9883 9954
f 9883 9955 9954
f 9883 9884 9955
f 9884 9956 9955
f 9884 9885 9956
f 9885 9957 9956
f 9885 9886 9957
f 9886 9958 9957
f 9886 9887 9958
f 9887 9959 9958
f 9887 9888 9959
f 9888 9960 9959
f 9888 9889 9960
f 9889 9961 9960
f 9889 9890 9961
f 9890 9962 9961
f 9890 9891 9962
f 9891 9963 9962
f 9891 9892 9963
f 9892 9964 9963
f 9892 9893 9964
f 9893 9965 9964
f 9893 9894 9965
f 9896 9897 9966
f 9897 9967 9966
f 9897 9898 9967
f 9899 9900 9968
f 9900 9969 9968
f 9900 9901 9969
f 9901 9970 9969
f 9901 9902 9970
f 9902 9971 9970
f 9905 9906 9973
f 9906 9974 9973
f 9906 9907 9974
f 9907 9975 9974
f 9907 9908 9975
f 9908 9976 9975
f 9908 9909 9976
f 9909 9977 9976
f 9909 9910 9977
f 9910 9978 9977
f 9910 9911 9978
f 9911 9979 9978
f 9911 9912 9979
f 9912 9980 9979
f 9912 9913 9980
f 9913 9981 9980
f 9913 9914 9981
f 9914 9982 9981
f 9914 9915 9982
f 9915 9983 9982
f 9915 9916 9983
f 9916 9984 9983
f 9916 9917 9984
f 9917 9985 9984
f 9917 9918 9985
f 9918 9986 9985
f 9918 9919 9986
f 9919 9987 9986
f 9919 9920 9987
f 9920 9988 9987
f 9923 9924 9990
f 9924 9991 9990
f 9924 9925 9991
f 9925 9992 9991
f 9925 9926 9992
f 9926 9993 9992
f 9928 9997 9996
f 9928 9929 9997
f 9929 9998 9997
f 9929 9930 9998
f 9930 9999 9998
f 9930 9931 9999
f 9931 10000 9999
f 9931 9932 10000
f 9932 10001 10000
f 9932 9933 10001
f 9933 10002 10001
f 9933 9934 10002
f 9934 10003 10002
f 9934 9935 10003
f 9935 10004 10003
f 9935 9936 10004
f 9936 10005 10004
f 9936 9937 10005
f 9937 10006 10005
f 9938 9939 10008
f 9939 10009 10008
f 9939 9940 10009
f 9940 10010 10009
f 9940 9941 10010
f 9941 10011 10010
f 9941 9942 10011
f 9942 10012 10011
f 9942 9943 10012
f 9943 10013 10012
f 9943 9944 10013
f 9944 10014 10013
f 9944 9945 10014
f 9945 10015 10014
f 9945 9946 10015
f 9946 10016 10015
f 9946 9947 10016
f 9947 10017 10016
f 9947 9948 10017
f 9948 10018 10017
f 9948 9949 10018
f 9949 10019 10018
f 9949 9950 10019
f 9950 10020 10019
f 9950 9951 10020
f 9951 10021 10020
f 9951 9952 10021
f 9952 10022 10021
f 9952 9953 10022
f 9953 10023 10022
f 9953 9954 10023
f 9954 10024 10023
f 9954 9955 10024
f 9955 10025 10024
f 9955 9956 10025
f 9956 10026 10025
f 9956 9957 10026
f 9957 10027 10026
f 9957 9958 10027
f 9958 10028 10027
f 9958 9959 10028
f 9959 10029 10028
f 9959 9960 10029
f 9960 10030 10029
f 9960 9961 10030
f 9961 10031 10030
f 9961 9962 10031
f 9962 10032 10031
f 9962 9963 10032
f 9963 10033 10032
f 9963 9964 10033
f 9964 10034 10033
f 9964 9965 10034
f 9965 10035 10034
f 9966 10038 10037
f 9966 9967 10038
f 9967 10039 10038
f 9968 10041 10040
f 9968 9969 10041
f 9969 10042 10041
f 9969 9970 10042
f 9970 10043 10042
f 9970 9971 10043
f 9971 10044 10043
f 9971 9972 10044
f 9972 10045 10044
f 9974 9975 10047
f 9975 10048 10047
f 9975 9976 10048
f 9976 10049 10048
f 9976 9977 10049
f 9977 10050 10049
f 9977 9978 10050
f 9978 10051 10050
f 9978 9979 10051
f 9979 10052 10051
f 9979 9980 10052
f 9980 10053 10052
f 9980 9981 10053
f 9981 10054 10053
f 9981 9982 10054
f 9982 10055 10054
f 9982 9983 10055
f 9983 10056 10055
f 9983 9984 10056
f 9984 10057 10056
f 9984 9985 10057
f 9985 10058 10057
f 9985 9986 10058
f 9986 10059 10058
f 9986 9987 10059
f 9987 10060 10059
f 9987 9988 10060
f 9988 10061 10060
f 9988 9989 10061
f 9989 10062 10061
f 9990 9991 10064
f 9991 10065 10064
f 9991 9992 10065
f 9992 10066 10065
f 9992 9993 10066
f 9993 10067 10066
f 9994 10071 10070
f 9994 9995 10071
f 9995 10072 10071
f 9995 9996 10072
f 9996 10073 10072
f 9996 9997 10073
f 9997 10074 10073
f 9997 9998 10074
f 9998 10075 10074
f 9998 9999 10075
f 9999 10076 10075
f 9999 10000 10076
f 10000 10077 10076
f 10000 10001 10077
f 10001 10078 10077
f 10001 10002 10078
f 10002 10079 10078
f 10002 10003 10079
f 10003 10080 10079
f 10003 10004 10080
f 10004 10081 10080
f 10004 10005 10081
f 10005 10082 10081
f 10005 10006 10082
f 10006 10083 10082
f 10006 10007 10083
f 10007 10084 10083
f 10008 10009 10085
f 10009 10086 10085
f 10009 10010 10086
f 10010 10087 10086
f 10010 10011 10087
f 10011 10088 10087
f 10011 10012 10088
f 10012 10089 10088
f 10012 10013 10089
f 10013 10090 10089
f 10013 10014 10090
f 10014 10091 10090
f 10014 10015 10091
f 10015 10092 10091
f 10015 10016 10092
f 10016 10093 10092
f 10016 10017 10093
f 10017 10094 10093
f 10017 10018 10094
f 10018 10095 10094
f 10018 10019 10095
f 10019 10096 10095
f 10019 10020 10096
f 10020 10097 10096
f 10020 10021 10097
f 10021 10098 10097
f 10021 10022 10098
f 10022 10099 10098
f 10022 10023 10099
f 10023 10100 10099
f 10023 10024 10100
f 10024 10101 10100
f 10024 10025 10101
f 10025 10102 10101
f 10025 10026 10102
f 10026 10103 10102
f 10026 10027 10103
f 10027 10104 10103
f 10027 10028 10104
f 10028 10105 10104
f 10028 10029 10105
f 10029 10106 10105
f 10029 10030 10106
f 10030 10107 10106
f 10030 10031 10107
f 10031 10108 10107
f 10031 10032 10108
f 10032 10109 10108
f 10032 10033 10109
f 10033 10110 10109
f 10033 10034 10110
f 10034 10111 10110
f 10034 10035 10111
f 10037 10038 10112
f 10038 10113 10112
f 10038 10039 10113
f 10039 10114 10113
f 10039 10040 10114
f 10040 10115 10114
f 10040 10041 10115
f 10041 10116 10115
f 10041 10042 10116
f 10042 10117 10116
f 10042 10043 10117
f 10043 10118 10117
f 10043 10044 10118
f 10044 10119 10118
f 10044 10045 10119
f 10045 10120 10119
f 10045 10046 10120
f 10046 10121 10120
f 10049 10050 10123
f 10050 10124 10123
f 10050 10051 10124
f 10051 10125 10124
f 10051 10052 10125
f 10052 10126 10125
f 10052 10053 10126
f 10053 10127 10126
f 10053 10054 10127
f 10054 10128 10127
f 10054 10055 10128
f 10055 10129 10128
f 10055 10056 10129
f 10056 10130 10129
f 10056 10057 10130
f 10057 10131 10130
f 10057 10058 10131
f 10058 10132 10131
f 10058 10059 10132
f 10059 10133 10132
f 10059 10060 10133
f 10060 10134 10133
f 10060 10061 10134
f 10061 10135 10134
f 10061 10062 10135
f 10062 10136 10135
f 10062 10063 10136
f 10063 10137 10136
f 10066 10067 10140
f 10068 10143 10142
f 10068 10069 10143
f 10069 10144 10143
f 10069 10070 10144
f 10070 10145 10144
f 10070 10071 10145
f 10071 10146 10145
f 10071 10072 10146
f 10072 10147 10146
f 10072 10073 10147
f 10073 10148 10147
f 10073 10074 10148
f 10074 10149 10148
f 10074 10075 10149
f 10075 10150 10149
f 10075 10076 10150
f 10076 10151 10150
f 10076 10077 10151
f 10077 10152 10151
f 10077 10078 10152
f 10078 10153 10152
f 10078 10079 10153
f 10079 10154 10153
f 10079 10080 10154
f 10082 10083 10155
f 10083 10156 10155
f 10083 10084 10156
f 10084 10157 10156
f 10086 10087 10158
f 10087 10159 10158
f 10087 10088 10159
f 10088 10160 10159
f 10088 10089 10160
f 10089 10161 10160
f 10089 10090 10161
f 10090 10162 10161
f 10090 10091 10162
f 10091 10163 10162
f 10091 10092 10163
f 10092 10164 10163
f 10092 10093 10164
f 10093 10165 10164
f 10093 10094 10165
f 10094 10166 10165
f 10094 10095 10166
f 10095 10167 10166
f 10095 10096 10167
f 10096 10168 10167
f 10096 10097 10168
f 10097 10169 10168
f 10097 10098 10169
f 10098 10170 10169
f 10098 10099 10170
f 10099 10171 10170
f 10099 10100 10171
f 10100 10172 10171
f 10100 10101 10172
f 10101 10173 10172
f 10101 10102 10173
f 10102 10174 10173
f 10102 10103 10174
f 10103 10175 10174
f 10103 10104 10175
f 10104 10176 10175
f 10104 10105 10176
f 10105 10177 10176
f 10105 10106 10177
f 10106 10178 10177
f 10106 10107 10178
f 10108 10109 10179
f 10109 10180 10179
f 10109 10110 10180
f 10110 10181 10180
f 10110 10111 10181
f 10111 10182 10181
f 10112 10186 10185
f 10112 10113 10186
f 10113 10187 10186
f 10113 10114 10187
f 10114 10188 10187
f 10114 10115 10188
f 10115 10189 10188
f 10115 10116 10189
f 10116 10190 10189
f 10116 10117 10190
f 10117 10191 10190
f 10117 10118 10191
f 10118 10192 10191
f 10118 10119 10192
f 10119 10193 10192
f 10119 10120 10193
f 10120 10194 10193
f 10120 10121 10194
f 10121 10195 10194
f 10121 10122 10195
f 10122 10196 10195
f 10124 10125 10197
f 10125 10198 10197
f 10125 10126 10198
f 10126 10199 10198
f 10126 10127 10199
f 10127 10200 10199
f 10127 10128 10200
f 10128 10201 10200
f 10128 10129 10201
f 10129 10202 10201
f 10129 10130 10202
f 10130 10203 10202
f 10130 10131 10203
f 10131 10204 10203
f 10131 10132 10204
f 10132 10205 10204
f 10132 10133 10205
f 10133 10206 10205
f 10133 10134 10206
f 10134 10207 10206
f 10134 10135 10207
f 10135 10208 10207
f 10135 10136 10208
f 10136 10209 10208
f 10136 10137 10209
f 10137 10210 10209
f 10137 10138 10210
f 10138 10211 10210
f 10138 10139 10211
f 10139 10212 10211
f 10141 10215 10214
f 10141 10142 10215
f 10142 10216 10215
f 10142 10143 10216
f 10143 10217 10216
f 10143 10144 10217
f 10144 10218 10217
f 10144 10145 10218
f 10145 10219 10218
f 10145 10146 10219
f 10146 10220 10219
f 10146 10147 10220
f 10147 10221 10220
f 10147 10148 10221
f 10148 10222 10221
f 10148 10149 10222
f 10149 10223 10222
f 10149 10150 10223
f 10150 10224 10223
f 10150 10151 10224
f 10151 10225 10224
f 10151 10152 10225
f 10152 10226 10225
f 10152 10153 10226
f 10158 10159 10227
f 10159 10228 10227
f 10159 10160 10228
f 10160 10229 10228
f 10160 10161 10229
f 10161 10230 10229
f 10161 10162 10230
f 10162 10231 10230
f 10162 10163 10231
f 10163 10232 10231
f 10163 10164 10232
f 10164 10233 10232
f 10164 10165 10233
f 10165 10234 10233
f 10165 10166 10234
f 10166 10235 10234
f 10166 10167 10235
f 10167 10236 10235
f 10167 10168 10236
f 10168 10237 10236
f 10168 10169 10237
f 10169 10238 10237
f 10169 10170 10238
f 10170 10239 10238
f 10170 10171 10239
f 10171 10240 10239
f 10171 10172 10240
f 10172 10241 10240
f 10172 10173 10241
f 10173 10242 10241
f 10173 10174 10242
f 10174 10243 10242
f 10174 10175 10243
f 10175 10244 10243
f 10175 10176 10244
f 10176 10245 10244
f 10176 10177 10245
f 10179 10180 10247
f 10180 10248 10247
f 10180 10181 10248
f 10182 10183 10249
f 10183 10250 10249
f 10183 10184 10250
f 10185 10186 10251
f 10186 10252 10251
f 10186 10187 10252
f 10187 10253 10252
f 10187 10188 10253
f 10188 10254 10253
f 10188 10189 10254
f 10189 10255 10254
f 10189 10190 10255
f 10190 10256 10255
f 10190 10191 10256
f 10191 10257 10256
f 10191 10192 10257
f 10192 10258 10257
f 10192 10193 10258
f 10193 10259 10258
f 10193 10194 10259
f 10194 10260 10259
f 10194 10195 10260
f 10195 10261 10260
f 10195 10196 10261
f 10196 10262 10261
f 10199 10200 10265
f 10200 10266 10265
f 10200 10201 10266
f 10201 10267 10266
f 10201 10202 10267
f 10202 10268 10267
f 10202 10203 10268
f 10203 10269 10268
f 10203 10204 10269
f 10204 10270 10269
f 10204 10205 10270
f 10205 10271 10270
f 10205 10206 10271
f 10206 10272 10271
f 10206 10207 10272
f 10207 10273 10272
f 10207 10208 10273
f 10208 10274 10273
f 10208 10209 10274
f 10209 10275 10274
f 10209 10210 10275
f 10210 10276 10275
f 10210 10211 10276
f 10211 10277 10276
f 10211 10212 10277
f 10212 10278 10277
f 10213 10281 10280
f 10213 10214 10281
f 10214 10282 10281
f 10214 10215 10282
f 10215 10283 10282
f 10215 10216 10283
f 10216 10284 10283
f 10216 10217 10284
f 10217 10285 10284
f 10217 10218 10285
f 10218 10286 10285
f 10218 10219 10286
f 10219 10287 10286
f 10219 10220 10287
f 10220 10288 10287
f 10220 10221 10288
f 10221 10289 10288
f 10221 10222 10289
f 10222 10290 10289
f 10222 10223 10290
f 10223 10291 10290
f 10223 10224 10291
f 10224 10292 10291
f 10224 10225 10292
f 10225 10293 10292
f 10225 10226 10293
f 10226 10294 10293
f 10229 10230 10298
f 10230 10299 10298
f 10230 10231 10299
f 10231 10300 10299
f 10231 10232 10300
f 10232 10301 10300
f 10232 10233 10301
f 10233 10302 10301
f 10233 10234 10302
f 10234 10303 10302
f 10234 10235 10303
f 10235 10304 10303
f 10235 10236 10304
f 10236 10305 10304
f 10236 10237 10305
f 10237 10306 10305
f 10237 10238 10306
f 10238 10307 10306
f 10238 10239 10307
f 10239 10308 10307
f 10239 10240 10308
f 10240 10309 10308
f 10240 10241 10309
f 10241 10310 10309
f 10241 10242 10310
f 10242 10311 10310
f 10242 10243 10311
f 10243 10312 10311
f 10243 10244 10312
f 10244 10313 10312
f 10244 10245 10313
f 10245 10314 10313
f 10246 10316 10315
f 10251 10252 10318
f 10252 10319 10318
f 10252 10253 10319
f 10253 10320 10319
f 10253 10254 10320
f 10255 10256 10321
f 10256 10322 10321
f 10256 10257 10322
f 10258 10259 10323
f 10259 10324 10323
f 10259 10260 10324
f 10260 10325 10324
f 10260 10261 10325
f 10261 10326 10325
f 10261 10262 10326
f 10263 10329 10328
f 10263 10264 10329
f 10264 10330 10329
f 10266 10267 10332
f 10267 10333 10332
f 10267 10268 10333
f 10268 10334 10333
f 10268 10269 10334
f 10269 10335 10334
f 10269 10270 10335
f 10270 10336 10335
f 10270 10271 10336
f 10271 10337 10336
f 10271 10272 10337
f 10272 10338 10337
f 10272 10273 10338
f 10273 10339 10338
f 10273 10274 10339
f 10274 10340 10339
f 10274 10275 10340
f 10275 10341 10340
f 10275 10276 10341
f 10276 10342 10341
f 10276 10277 10342
f 10277 10343 10342
f 10277 10278 10343
f 10278 10344 10343
f 10279 10347 10346
f 10279 10280 10347
f 10280 10348 10347
f 10280 10281 10348
f 10281 10349 10348
f 10281 10282 10349
f 10282 10350 10349
f 10282 10283 10350
f 10283 10351 10350
f 10283 10284 10351
f 10284 10352 10351
f 10284 10285 10352
f 10285 10353 10352
f 10285 10286 10353
f 10286 10354 10353
f 10286 10287 10354
f 10287 10355 10354
f 10287 10288 10355
f 10288 10356 10355
f 10288 10289 10356
f 10289 10357 10356
f 10289 10290 10357
f 10290 10358 10357
f 10290 10291 10358
f 10291 10359 10358
f 10291 10292 10359
f 10292 10360 10359
f 10292 10293 10360
f 10293 10361 10360
f 10293 10294 10361
f 10294 10362 10361
f 10294 10295 10362
f 10295 10363 10362
f 10295 10296 10363
f 10296 10364 10363
f 10296 10297 10364
f 10297 10365 10364
f 10298 10299 10368
f 10299 10369 10368
f 10299 10300 10369
f 10300 10370 10369
f 10300 10301 10370
f 10301 10371 10370
f 10301 10302 10371
f 10302 10372 10371
f 10302 10303 10372
f 10303 10373 10372
f 10303 10304 10373
f 10304 10374 10373
f 10304 10305 10374
f 10305 10375 10374
f 10305 10306 10375
f 10306 10376 10375
f 10306 10307 10376
f 10307 10377 10376
f 10307 10308 10377
f 10308 10378 10377
f 10308 10309 10378
f 10309 10379 10378
f 10309 10310 10379
f 10310 10380 10379
f 10310 10311 10380
f 10311 10381 10380
f 10311 10312 10381
f 10312 10382 10381
f 10312 10313 10382
f 10313 10383 10382
f 10313 10314 10383
f 10314 10384 10383
f 10314 10315 10384
f 10315 10385 10384
f 10315 10316 10385
f 10316 10386 10385
f 10316 10317 10386
f 10318 10319 10389
f 10319 10390 10389
f 10319 10320 10390
f 10320 10391 10390
f 10321 10393 10392
f 10321 10322 10393
f 10322 10394 10393
f 10323 10396 10395
f 10323 10324 10396
f 10324 10397 10396
f 10324 10325 10397
f 10325 10398 10397
f 10325 10326 10398
f 10327 10400 10399
f 10327 10328 10400
f 10328 10401 10400
f 10328 10329 10401
f 10329 10402 10401
f 10329 10330 10402
f 10330 10403 10402
f 10330 10331 10403
f 10331 10404 10403
f 10334 10335 10407
f 10335 10408 10407
f 10335 10336 10408
f 10336 10409 10408
f 10336 10337 10409
f 10337 10410 10409
f 10337 10338 10410
f 10338 10411 10410
f 10338 10339 10411
f 10339 10412 10411
f 10339 10340 10412
f 10340 10413 10412
f 10340 10341 10413
f 10341 10414 10413
f 10341 10342 10414
f 10342 10415 10414
f 10342 10343 10415
f 10343 10416 10415
f 10343 10344 10416
f 10344 10417 10416
f 10345 10346 10419
f 10346 10420 10419
f 10346 10347 10420
f 10347 10421 10420
f 10347 10348 10421
f 10348 10422 10421
f 10348 10349 10422
f 10349 10423 10422
f 10349 10350 10423
f 10350 10424 10423
f 10350 10351 10424
f 10351 10425 10424
f 10351 10352 10425
f 10352 10426 10425
f 10352 10353 10426
f 10353 10427 10426
f 10353 10354 10427
f 10354 10428 10427
f 10354 10355 10428
f 10355 10429 10428
f 10355 10356 10429
f 10356 10430 10429
f 10356 10357 10430
f 10358 10359 10431
f 10359 10432 10431
f 10359 10360 10432
f 10360 10433 10432
f 10360 10361 10433
f 10361 10434 10433
f 10361 10362 10434
f 10362 10435 10434
f 10362 10363 10435
f 10363 10436 10435
f 10363 10364 10436
f 10364 10437 10436
f 10364 10365 10437
f 10365 10438 10437
f 10365 10366 10438
f 10366 10439 10438
f 10366 10367 10439
f 10367 10440 10439
f 10368 10369 10446
f 10369 10447 10446
f 10369 10370 10447
f 10370 10448 10447
f 10370 10371 10448
f 10371 10449 10448
f 10371 10372 10449
f 10372 10450 10449
f 10372 10373 10450
f 10373 10451 10450
f 10373 10374 10451
f 10374 10452 10451
f 10374 10375 10452
f 10375 10453 10452
f 10375 10376 10453
f 10376 10454 10453
f 10376 10377 10454
f 10377 10455 10454
f 10377 10378 10455
f 10378 10456 10455
f 10378 10379 10456
f 10379 10457 10456
f 10379 10380 10457
f 10380 10458 10457
f 10380 10381 10458
f 10381 10459 10458
f 10381 10382 10459
f 10382 10460 10459
f 10382 10383 10460
f 10383 10461 10460
f 10383 10384 10461
f 10384 10462 10461
f 10384 10385 10462
f 10385 10463 10462
f 10385 10386 10463
f 10386 10464 10463
f 10387 10388 10465
f 10388 10466 10465
f 10389 10390 10468
f 10390 10469 10468
f 10390 10391 10469
f 10391 10470 10469
f 10391 10392 10470
f 10392 10471 10470
f 10392 10393 10471
f 10393 10472 10471
f 10393 10394 10472
f 10394 10473 10472
f 10394 10395 10473
f 10395 10474 10473
f 10395 10396 10474
f 10396 10475 10474
f 10396 10397 10475
f 10399 10477 10476
f 10399 10400 10477
f 10400 10478 10477
f 10400 10401 10478
f 10401 10479 10478
f 10401 10402 10479
f 10402 10480 10479
f 10402 10403 10480
f 10403 10481 10480
f 10403 10404 10481
f 10404 10482 10481
f 10404 10405 10482
f 10405 10483 10482
f 10405 10406 10483
f 10406 10484 10483
f 10407 10408 10486
f 10408 10487 10486
f 10408 10409 10487
f 10409 10488 10487
f 10409 10410 10488
f 10410 10489 10488
f 10410 10411 10489
f 10411 10490 10489
f 10411 10412 10490
f 10412 10491 10490
f 10412 10413 10491
f 10413 10492 10491
f 10413 10414 10492
f 10414 10493 10492
f 10414 10415 10493
f 10415 10494 10493
f 10415 10416 10494
f 10416 10495 10494
f 10416 10417 10495
f 10417 10496 10495
f 10417 10418 10496
f 10419 10498 10497
f 10419 10420 10498
f 10420 10499 10498
f 10420 10421 10499
f 10421 10500 10499
f 10421 10422 10500
f 10422 10501 10500
f 10422 10423 10501
f 10423 10502 10501
f 10423 10424 10502
f 10424 10503 10502
f 10424 10425 10503
f 10425 10504 10503
f 10425 10426 10504
f 10426 10505 10504
f 10426 10427 10505
f 10427 10506 10505
f 10427 10428 10506
f 10428 10507 10506
f 10428 10429 10507
f 10429 10508 10507
f 10429 10430 10508
f 10430 10509 10508
f 10431 10511 10510
f 10431 10432 10511
f 10432 10512 10511
f 10432 10433 10512
f 10433 10513 10512
f 10433 10434 10513
f 10434 10514 10513
f 10434 10435 10514
f 10435 10515 10514
f 10435 10436 10515
f 10436 10516 10515
f 10436 10437 10516
f 10437 10517 10516
f 10437 10438 10517
f 10438 10518 10517
f 10438 10439 10518
f 10439 10519 10518
f 10439 10440 10519
f 10440 10520 10519
f 10440 10441 10520
f 10441 10521 10520
f 10441 10442 10521
f 10442 10522 10521
f 10442 10443 10522
f 10443 10523 10522
f 10443 10444 10523
f 10444 10524 10523
f 10444 10445 10524
f 10445 10525 10524
f 10446 10447 10526
f 10447 10527 10526
f 10447 10448 10527
f 10448 10528 10527
f 10448 10449 10528
f 10449 10529 10528
f 10449 10450 10529
f 10450 10530 10529
f 10450 10451 10530
f 10451 10531 10530
f 10451 10452 10531
f 10452 10532 10531
f 10452 10453 10532
f 10453 10533 10532
f 10453 10454 10533
f 10454 10534 10533
f 10454 10455 10534
f 10455 10535 10534
f 10455 10456 10535
f 10456 10536 10535
f 10456 10457 10536
f 10457 10537 10536
f 10457 10458 10537
f 10458 10538 10537
f 10458 10459 10538
f 10459 10539 10538
f 10459 10460 10539
f 10460 10540 10539
f 10460 10461 10540
f 10461 10541 10540
f 10461 10462 10541
f 10462 10542 10541
f 10462 10463 10542
f 10463 10543 10542
f 10463 10464 10543
f 10470 10471 10546
f 10471 10547 10546
f 10471 10472 10547
f 10472 10548 10547
f 10472 10473 10548
f 10473 10549 10548
f 10473 10474 10549
f 10474 10550 10549
f 10474 10475 10550
f 10476 10477 10551
f 10477 10552 10551
f 10477 10478 10552
f 10478 10553 10552
f 10478 10479 10553
f 10479 10554 10553
f 10479 10480 10554
f 10480 10555 10554
f 10480 10481 10555
f 10481 10556 10555
f 10481 10482 10556
f 10482 10557 10556
f 10482 10483 10557
f 10483 10558 10557
f 10483 10484 10558
f 10484 10559 10558
f 10484 10485 10559
f 10485 10560 10559
f 10489 10490 10563
f 10490 10564 10563
f 10490 10491 10564
f 10491 10565 10564
f 10491 10492 10565
f 10492 10566 10565
f 10492 10493 10566
f 10493 10567 10566
f 10493 10494 10567
f 10494 10568 10567
f 10494 10495 10568
f 10495 10569 10568
f 10495 10496 10569
f 10496 10570 10569
f 10497 10498 10574
f 10498 10575 10574
f 10498 10499 10575
f 10499 10576 10575
f 10499 10500 10576
f 10500 10577 10576
f 10500 10501 10577
f 10501 10578 10577
f 10501 10502 10578
f 10502 10579 10578
f 10502 10503 10579
f 10503 10580 10579
f 10503 10504 10580
f 10504 10581 10580
f 10504 10505 10581
f 10505 10582 10581
f 10505 10506 10582
f 10506 10583 10582
f 10506 10507 10583
f 10507 10584 10583
f 10507 10508 10584
f 10508 10585 10584
f 10508 10509 10585
f 10509 10586 10585
f 10509 10510 10586
f 10510 10587 10586
f 10510 10511 10587
f 10511 10588 10587
f 10511 10512 10588
f 10512 10589 10588
f 10512 10513 10589
f 10513 10590 10589
f 10513 10514 10590
f 10514 10591 10590
f 10514 10515 10591
f 10515 10592 10591
f 10515 10516 10592
f 10516 10593 10592
f 10516 10517 10593
f 10517 10594 10593
f 10517 10518 10594
f 10518 10595 10594
f 10518 10519 10595
f 10519 10596 10595
f 10519 10520 10596
f 10520 10597 10596
f 10520 10521 10597
f 10521 10598 10597
f 10521 10522 10598
f 10522 10599 10598
f 10522 10523 10599
f 10523 10600 10599
f 10523 10524 10600
f 10524 10601 10600
f 10524 10525 10601
f 10525 10602 10601
f 10526 10604 10603
f 10526 10527 10604
f 10527 10605 10604
f 10527 10528 10605
f 10528 10606 10605
f 10528 10529 10606
f 10529 10607 10606
f 10529 10530 10607
f 10530 10608 10607
f 10530 10531 10608
f 10531 10609 10608
f 10531 10532 10609
f 10532 10610 10609
f 10532 10533 10610
f 10533 10611 10610
f 10533 10534 10611
f 10534 10612 10611
f 10534 10535 10612
f 10535 10613 10612
f 10535 10536 10613
f 10536 10614 10613
f 10536 10537 10614
f 10537 10615 10614
f 10537 10538 10615
f 10538 10616 10615
f 10538 10539 10616
f 10539 10617 10616
f 10539 10540 10617
f 10540 10618 10617
f 10540 10541 10618
f 10541 10619 10618
f 10541 10542 10619
f 10542 10620 10619
f 10542 10543 10620
f 10543 10621 10620
f 10544 10545 10623
f 10545 10624 10623
f 10548 10549 10627
f 10553 10554 10628
f 10554 10629 10628
f 10554 10555 10629
f 10555 10630 10629
f 10555 10556 10630
f 10556 10631 10630
f 10556 10557 10631
f 10557 10632 10631
f 10557 10558 10632
f 10558 10633 10632
f 10558 10559 10633
f 10559 10634 10633
f 10559 10560 10634
f 10560 10635 10634
f 10560 10561 10635
f 10561 10636 10635
f 10561 10562 10636
f 10562 10637 10636
f 10564 10565 10639
f 10565 10640 10639
f 10565 10566 10640
f 10566 10641 10640
f 10566 10567 10641
f 10567 10642 10641
f 10567 10568 10642
f 10568 10643 10642
f 10568 10569 10643
f 10569 10644 10643
f 10569 10570 10644
f 10571 10646 10645
f 10571 10572 10646
f 10572 10647 10646
f 10572 10573 10647
f 10573 10648 10647
f 10574 10652 10651
f 10574 10575 10652
f 10575 10653 10652
f 10575 10576 10653
f 10576 10654 10653
f 10576 10577 10654
f 10577 10655 10654
f 10577 10578 10655
f 10578 10656 10655
f 10578 10579 10656
f 10581 10582 10657
f 10582 10658 10657
f 10582 10583 10658
f 10583 10659 10658
f 10583 10584 10659
f 10584 10660 10659
f 10584 10585 10660
f 10585 10661 10660
f 10585 10586 10661
f 10586 10662 10661
f 10586 10587 10662
f 10587 10663 10662
f 10587 10588 10663
f 10588 10664 10663
f 10588 10589 10664
f 10589 10665 10664
f 10589 10590 10665
f 10590 10666 10665
f 10590 10591 10666
f 10591 10667 10666
f 10591 10592 10667
f 10592 10668 10667
f 10592 10593 10668
f 10593 10669 10668
f 10593 10594 10669
f 10594 10670 10669
f 10594 10595 10670
f 10595 10671 10670
f 10595 10596 10671
f 10596 10672 10671
f 10596 10597 10672
f 10597 10673 10672
f 10597 10598 10673
f 10598 10674 10673
f 10598 10599 10674
f 10599 10675 10674
f 10599 10600 10675
f 10600 10676 10675
f 10600 10601 10676
f 10601 10677 10676
f 10601 10602 10677
f 10602 10678 10677
f 10602 10603 10678
f 10603 10679 10678
f 10603 10604 10679
f 10604 10680 10679
f 10604 10605 10680
f 10605 10681 10680
f 10605 10606 10681
f 10606 10682 10681
f 10606 10607 10682
f 10607 10683 10682
f 10607 10608 10683
f 10608 10684 10683
f 10608 10609 10684
f 10609 10685 10684
f 10609 10610 10685
f 10610 10686 10685
f 10610 10611 10686
f 10611 10687 10686
f 10611 10612 10687
f 10612 10688 10687
f 10612 10613 10688
f 10613 10689 10688
f 10613 10614 10689
f 10614 10690 10689
f 10614 10615 10690
f 10615 10691 10690
f 10615 10616 10691
f 10616 10692 10691
f 10616 10617 10692
f 10617 10693 10692
f 10617 10618 10693
f 10618 10694 10693
f 10618 10619 10694
f 10619 10695 10694
f 10619 10620 10695
f 10620 10696 10695
f 10620 10621 10696
f 10621 10697 10696
f 10621 10622 10697
f 10625 10626 10698
f 10626 10699 10698
f 10630 10631 10704
f 10631 10705 10704
f 10631 10632 10705
f 10634 10635 10706
f 10635 10707 10706
f 10635 10636 10707
f 10636 10708 10707
f 10636 10637 10708
f 10637 10709 10708
f 10637 10638 10709
f 10638 10710 10709
f 10640 10641 10714
f 10641 10715 10714
f 10641 10642 10715
f 10642 10716 10715
f 10642 10643 10716
f 10643 10717 10716
f 10643 10644 10717
f 10644 10718 10717
f 10645 10646 10719
f 10646 10720 10719
f 10646 10647 10720
f 10647 10721 10720
f 10647 10648 10721
f 10648 10722 10721
f 10648 10649 10722
f 10649 10723 10722
f 10649 10650 10723
f 10650 10724 10723
f 10650 10651 10724
f 10651 10725 10724
f 10651 10652 10725
f 10652 10726 10725
f 10652 10653 10726
f 10653 10727 10726
f 10653 10654 10727
f 10654 10728 10727
f 10654 10655 10728
f 10655 10729 10728
f 10655 10656 10729
f 10656 10730 10729
f 10657 10733 10732
f 10657 10658 10733
f 10658 10734 10733
f 10658 10659 10734
f 10659 10735 10734
f 10659 10660 10735
f 10660 10736 10735
f 10660 10661 10736
f 10661 10737 10736
f 10661 10662 10737
f 10662 10738 10737
f 10662 10663 10738
f 10663 10739 10738
f 10663 10664 10739
f 10664 10740 10739
f 10664 10665 10740
f 10665 10741 10740
f 10665 10666 10741
f 10666 10742 10741
f 10666 10667 10742
f 10667 10743 10742
f 10667 10668 10743
f 10668 10744 10743
f 10668 10669 10744
f 10669 10745 10744
f 10669 10670 10745
f 10670 10746 10745
f 10670 10671 10746
f 10671 10747 10746
f 10671 10672 10747
f 10672 10748 10747
f 10672 10673 10748
f 10673 10749 10748
f 10673 10674 10749
f 10674 10750 10749
f 10674 10675 10750
f 10675 10751 10750
f 10675 10676 10751
f 10676 10752 10751
f 10676 10677 10752
f 10677 10753 10752
f 10677 10678 10753
f 10678 10754 10753
f 10678 10679 10754
f 10679 10755 10754
f 10679 10680 10755
f 10681 10682 10756
f 10682 10757 10756
f 10682 10683 10757
f 10683 10758 10757
f 10683 10684 10758
f 10684 10759 10758
f 10684 10685 10759
f 10685 10760 10759
f 10685 10686 10760
f 10686 10761 10760
f 10686 10687 10761
f 10687 10762 10761
f 10687 10688 10762
f 10688 10763 10762
f 10688 10689 10763
f 10689 10764 10763
f 10689 10690 10764
f 10690 10765 10764
f 10690 10691 10765
f 10691 10766 10765
f 10691 10692 10766
f 10692 10767 10766
f 10692 10693 10767
f 10693 10768 10767
f 10693 10694 10768
f 10694 10769 10768
f 10694 10695 10769
f 10695 10770 10769
f 10695 10696 10770
f 10696 10771 10770
f 10696 10697 10771
f 10697 10772 10771
f 10699 10700 10773
f 10700 10774 10773
f 10700 10701 10774
f 10701 10775 10774
f 10702 10703 10777
f 10704 10780 10779
f 10704 10705 10780
f 10705 10781 10780
f 10707 10708 10784
f 10708 10785 10784
f 10708 10709 10785
f 10709 10786 10785
f 10709 10710 10786
f 10710 10787 10786
f 10710 10711 10787
f 10711 10788 10787
f 10711 10712 10788
f 10712 10789 10788
f 10712 10713 10789
f 10713 10790 10789
f 10715 10716 10791
f 10716 10792 10791
f 10716 10717 10792
f 10719 10794 10793
f 10719 10720 10794
f 10720 10795 10794
f 10720 10721 10795
f 10721 10796 10795
f 10721 10722 10796
f 10722 10797 10796
f 10722 10723 10797
f 10723 10798 10797
f 10723 10724 10798
f 10724 10799 10798
f 10724 10725 10799
f 10725 10800 10799
f 10725 10726 10800
f 10726 10801 10800
f 10726 10727 10801
f 10727 10802 10801
f 10727 10728 10802
f 10728 10803 10802
f 10728 10729 10803
f 10729 10804 10803
f 10729 10730 10804
f 10730 10805 10804
f 10730 10731 10805
f 10731 10806 10805
f 10731 10732 10806
f 10732 10807 10806
f 10732 10733 10807
f 10733 10808 10807
f 10733 10734 10808
f 10734 10809 10808
f 10734 10735 10809
f 10735 10810 10809
f 10735 10736 10810
f 10736 10811 10810
f 10736 10737 10811
f 10737 10812 10811
f 10737 10738 10812
f 10738 10813 10812
f 10738 10739 10813
f 10739 10814 10813
f 10739 10740 10814
f 10740 10815 10814
f 10740 10741 10815
f 10741 10816 10815
f 10741 10742 10816
f 10742 10817 10816
f 10742 10743 10817
f 10743 10818 10817
f 10743 10744 10818
f 10744 10819 10818
f 10744 10745 10819
f 10745 10820 10819
f 10745 10746 10820
f 10746 10821 10820
f 10746 10747 10821
f 10747 10822 10821
f 10747 10748 10822
f 10748 10823 10822
f 10748 10749 10823
f 10749 10824 10823
f 10749 10750 10824
f 10750 10825 10824
f 10750 10751 10825
f 10751 10826 10825
f 10751 10752 10826
f 10752 10827 10826
f 10752 10753 10827
f 10753 10828 10827
f 10753 10754 10828
f 10754 10829 10828
f 10754 10755 10829
f 10755 10830 10829
f 10757 10758 10831
f 10758 10832 10831
f 10758 10759 10832
f 10759 10833 10832
f 10759 10760 10833
f 10760 10834 10833
f 10760 10761 10834
f 10761 10835 10834
f 10761 10762 10835
f 10762 10836 10835
f 10762 10763 10836
f 10763 10837 10836
f 10763 10764 10837
f 10764 10838 10837
f 10764 10765 10838
f 10765 10839 10838
f 10765 10766 10839
f 10766 10840 10839
f 10766 10767 10840
f 10767 10841 10840
f 10767 10768 10841
f 10768 10842 10841
f 10768 10769 10842
f 10769 10843 10842
f 10769 10770 10843
f 10770 10844 10843
f 10770 10771 10844
f 10771 10845 10844
f 10771 10772 10845
f 10772 10846 10845
f 10774 10775 10847
f 10777 10849 10848
f 10780 10781 10851
f 10782 10783 10852
f 10783 10853 10852
f 10785 10786 10854
f 10786 10855 10854
f 10786 10787 10855
f 10787 10856 10855
f 10787 10788 10856
f 10789 10790 10857
f 10790 10858 10857
f 10793 10860 10859
f 10793 10794 10860
f 10794 10861 10860
f 10794 10795 10861
f 10795 10862 10861
f 10795 10796 10862
f 10796 10863 10862
f 10796 10797 10863
f 10797 10864 10863
f 10797 10798 10864
f 10798 10865 10864
f 10798 10799 10865
f 10799 10866 10865
f 10799 10800 10866
f 10800 10867 10866
f 10800 10801 10867
f 10801 10868 10867
f 10801 10802 10868
f 10802 10869 10868
f 10802 10803 10869
f 10803 10870 10869
f 10803 10804 10870
f 10804 10871 10870
f 10804 10805 10871
f 10805 10872 10871
f 10805 10806 10872
f 10806 10873 10872
f 10806 10807 10873
f 10807 10874 10873
f 10807 10808 10874
f 10808 10875 10874
f 10808 10809 10875
f 10809 10876 10875
f 10809 10810 10876
f 10810 10877 10876
f 10810 10811 10877
f 10811 10878 10877
f 10811 10812 10878
f 10812 10879 10878
f 10812 10813 10879
f 10813 10880 10879
f 10813 10814 10880
f 10814 10881 10880
f 10814 10815 10881
f 10815 10882 10881
f 10815 10816 10882
f 10816 10883 10882
f 10816 10817 10883
f 10817 10884 10883
f 10817 10818 10884
f 10818 10885 10884
f 10818 10819 10885
f 10819 10886 10885
f 10819 10820 10886
f 10820 10887 10886
f 10820 10821 10887
f 10821 10888 10887
f 10821 10822 10888
f 10822 10889 10888
f 10822 10823 10889
f 10823 10890 10889
f 10823 10824 10890
f 10824 10891 10890
f 10824 10825 10891
f 10825 10892 10891
f 10825 10826 10892
f 10826 10893 10892
f 10826 10827 10893
f 10827 10894 10893
f 10827 10828 10894
f 10828 10895 10894
f 10828 10829 10895
f 10829 10896 10895
f 10829 10830 10896
f 10830 10897 10896
f 10832 10833 10899
f 10833 10900 10899
f 10833 10834 10900
f 10834 10901 10900
f 10834 10835 10901
f 10835 10902 10901
f 10835 10836 10902
f 10836 10903 10902
f 10836 10837 10903
f 10837 10904 10903
f 10837 10838 10904
f 10838 10905 10904
f 10838 10839 10905
f 10839 10906 10905
f 10839 10840 10906
f 10840 10907 10906
f 10840 10841 10907
f 10841 10908 10907
f 10841 10842 10908
f 10842 10909 10908
f 10842 10843 10909
f 10843 10910 10909
f 10843 10844 10910
f 10844 10911 10910
f 10844 10845 10911
f 10845 10912 10911
f 10845 10846 10912
f 10846 10913 10912
f 10852 10919 10918
f 10852 10853 10919
f 10854 10922 10921
f 10854 10855 10922
f 10855 10923 10922
f 10855 10856 10923
f 10859 10926 10925
f 10859 10860 10926
f 10860 10927 10926
f 10860 10861 10927
f 10861 10928 10927
f 10861 10862 10928
f 10862 10929 10928
f 10862 10863 10929
f 10863 10930 10929
f 10863 10864 10930
f 10864 10931 10930
f 10864 10865 10931
f 10865 10932 10931
f 10865 10866 10932
f 10866 10933 10932
f 10866 10867 10933
f 10867 10934 10933
f 10867 10868 10934
f 10868 10935 10934
f 10868 10869 10935
f 10869 10936 10935
f 10869 10870 10936
f 10870 10937 10936
f 10870 10871 10937
f 10871 10938 10937
f 10871 10872 10938
f 10872 10939 10938
f 10872 10873 10939
f 10873 10940 10939
f 10873 10874 10940
f 10874 10941 10940
f 10874 10875 10941
f 10875 10942 10941
f 10875 10876 10942
f 10876 10943 10942
f 10876 10877 10943
f 10879 10880 10944
f 10880 10945 10944
f 10880 10881 10945
f 10881 10946 10945
f 10881 10882 10946
f 10882 10947 10946
f 10882 10883 10947
f 10883 10948 10947
f 10883 10884 10948
f 10884 10949 10948
f 10884 10885 10949
f 10885 10950 10949
f 10885 10886 10950
f 10886 10951 10950
f 10886 10887 10951
f 10887 10952 10951
f 10887 10888 10952
f 10888 10953 10952
f 10888 10889 10953
f 10889 10954 10953
f 10889 10890 10954
f 10890 10955 10954
f 10890 10891 10955
f 10891 10956 10955
f 10891 10892 10956
f 10892 10957 10956
f 10892 10893 10957
f 10893 10958 10957
f 10893 10894 10958
f 10894 10959 10958
f 10894 10895 10959
f 10895 10960 10959
f 10895 10896 10960
f 10896 10961 10960
f 10896 10897 10961
f 10897 10962 10961
f 10897 10898 10962
f 10899 10900 10963
f 10900 10964 10963
f 10900 10901 10964
f 10901 10965 10964
f 10901 10902 10965
f 10902 10966 10965
f 10902 10903 10966
f 10905 10906 10967
f 10906 10968 10967
f 10906 10907 10968
f 10907 10969 10968
f 10907 10908 10969
f 10908 10970 10969
f 10908 10909 10970
f 10909 10971 10970
f 10909 10910 10971
f 10910 10972 10971
f 10910 10911 10972
f 10911 10973 10972
f 10911 10912 10973
f 10912 10974 10973
f 10912 10913 10974
f 10913 10975 10974
f 10913 10914 10975
f 10915 10916 10979
f 10916 10980 10979
f 10916 10917 10980
f 10917 10981 10980
f 10921 10922 10984
f 10922 10985 10984
f 10922 10923 10985
f 10923 10986 10985
f 10924 10925 10987
f 10925 10988 10987
f 10925 10926 10988
f 10926 10989 10988
f 10926 10927 10989
f 10927 10990 10989
f 10927 10928 10990
f 10928 10991 10990
f 10928 10929 10991
f 10929 10992 10991
f 10929 10930 10992
f 10930 10993 10992
f 10930 10931 10993
f 10931 10994 10993
f 10931 10932 10994
f 10932 10995 10994
f 10932 10933 10995
f 10933 10996 10995
f 10933 10934 10996
f 10934 10997 10996
f 10934 10935 10997
f 10935 10998 10997
f 10935 10936 10998
f 10936 10999 10998
f 10936 10937 10999
f 10937 11000 10999
f 10937 10938 11000
f 10938 11001 11000
f 10938 10939 11001
f 10939 11002 11001
f 10939 10940 11002
f 10940 11003 11002
f 10940 10941 11003
f 10941 11004 11003
f 10941 10942 11004
f 10942 11005 11004
f 10942 10943 11005
f 10944 11007 11006
f 10944 10945 11007
f 10945 11008 11007
f 10945 10946 11008
f 10947 10948 11009
f 10948 11010 11009
f 10948 10949 11010
f 10949 11011 11010
f 10949 10950 11011
f 10950 11012 11011
f 10950 10951 11012
f 10951 11013 11012
f 10951 10952 11013
f 10952 11014 11013
f 10952 10953 11014
f 10953 11015 11014
f 10953 10954 11015
f 10954 11016 11015
f 10954 10955 11016
f 10955 11017 11016
f 10955 10956 11017
f 10956 11018 11017
f 10956 10957 11018
f 10957 11019 11018
f 10957 10958 11019
f 10958 11020 11019
f 10958 10959 11020
f 10959 11021 11020
f 10959 10960 11021
f 10960 11022 11021
f 10960 10961 11022
f 10961 11023 11022
f 10961 10962 11023
f 10962 11024 11023
f 10967 11028 11027
f 10967 10968 11028
f 10968 11029 11028
f 10968 10969 11029
f 10969 11030 11029
f 10969 10970 11030
f 10970 11031 11030
f 10970 10971 11031
f 10971 11032 11031
f 10971 10972 11032
f 10972 11033 11032
f 10972 10973 11033
f 10973 11034 11033
f 10973 10974 11034
f 10976 11037 11036
f 10976 10977 11037
f 10977 11038 11037
f 10977 10978 11038
f 10978 11039 11038
f 10987 11044 11043
f 10987 10988 11044
f 10988 11045 11044
f 10988 10989 11045
f 10989 11046 11045
f 10989 10990 11046
f 10990 11047 11046
f 10990 10991 11047
f 10991 11048 11047
f 10991 10992 11048
f 10992 11049 11048
f 10992 10993 11049
f 10993 11050 11049
f 10993 10994 11050
f 10994 11051 11050
f 10994 10995 11051
f 10995 11052 11051
f 10995 10996 11052
f 10996 11053 11052
f 10996 10997 11053
f 10997 11054 11053
f 10997 10998 11054
f 10998 11055 11054
f 10998 10999 11055
f 10999 11056 11055
f 10999 11000 11056
f 11000 11057 11056
f 11000 11001 11057
f 11001 11058 11057
f 11001 11002 11058
f 11002 11059 11058
f 11002 11003 11059
f 11003 11060 11059
f 11003 11004 11060
f 11004 11061 11060
f 11004 11005 11061
f 11007 11008 11064
f 11009 11066 11065
f 11009 11010 11066
f 11010 11067 11066
f 11010 11011 11067
f 11011 11068 11067
f 11011 11012 11068
f 11012 11069 11068
f 11012 11013 11069
f 11013 11070 11069
f 11013 11014 11070
f 11014 11071 11070
f 11014 11015 11071
f 11015 11072 11071
f 11015 11016 11072
f 11016 11073 11072
f 11016 11017 11073
f 11017 11074 11073
f 11017 11018 11074
f 11018 11075 11074
f 11018 11019 11075
f 11019 11076 11075
f 11019 11020 11076
f 11020 11077 11076
f 11020 11021 11077
f 11021 11078 11077
f 11021 11022 11078
f 11022 11079 11078
f 11022 11023 11079
f 11023 11080 11079
f 11023 11024 11080
f 11024 11081 11080
f 11024 11025 11081
f 11025 11082 11081
f 11026 11084 11083
f 11026 11027 11084
f 11027 11085 11084
f 11027 11028 11085
f 11028 11086 11085
f 11028 11029 11086
f 11029 11087 11086
f 11029 11030 11087
f 11030 11088 11087
f 11030 11031 11088
f 11031 11089 11088
f 11031 11032 11089
f 11032 11090 11089
f 11032 11033 11090
f 11033 11091 11090
f 11033 11034 11091
f 11034 11092 11091
f 11035 11094 11093
f 11038 11039 11096
f 11039 11097 11096
f 11039 11040 11097
f 11040 11098 11097
f 11042 11043 11102
f 11043 11103 11102
f 11043 11044 11103
f 11044 11104 11103
f 11044 11045 11104
f 11045 11105 11104
f 11045 11046 11105
f 11046 11106 11105
f 11046 11047 11106
f 11047 11107 11106
f 11047 11048 11107
f 11048 11108 11107
f 11048 11049 11108
f 11049 11109 11108
f 11049 11050 11109
f 11050 11110 11109
f 11050 11051 11110
f 11051 11111 11110
f 11051 11052 11111
f 11052 11112 11111
f 11052 11053 11112
f 11053 11113 11112
f 11053 11054 11113
f 11054 11114 11113
f 11054 11055 11114
f 11055 11115 11114
f 11055 11056 11115
f 11056 11116 11115
f 11056 11057 11116
f 11057 11117 11116
f 11057 11058 11117
f 11058 11118 11117
f 11058 11059 11118
f 11059 11119 11118
f 11059 11060 11119
f 11060 11120 11119
f 11060 11061 11120
f 11061 11121 11120
f 11062 11123 11122
f 11062 11063 11123
f 11063 11124 11123
f 11064 11126 11125
f 11065 11128 11127
f 11065 11066 11128
f 11066 11129 11128
f 11066 11067 11129
f 11067 11130 11129
f 11067 11068 11130
f 11068 11131 11130
f 11068 11069 11131
f 11069 11132 11131
f 11069 11070 11132
f 11070 11133 11132
f 11070 11071 11133
f 11071 11134 11133
f 11071 11072 11134
f 11072 11135 11134
f 11072 11073 11135
f 11073 11136 11135
f 11073 11074 11136
f 11074 11137 11136
f 11074 11075 11137
f 11075 11138 11137
f 11075 11076 11138
f 11076 11139 11138
f 11076 11077 11139
f 11077 11140 11139
f 11077 11078 11140
f 11078 11141 11140
f 11078 11079 11141
f 11079 11142 11141
f 11079 11080 11142
f 11080 11143 11142
f 11080 11081 11143
f 11081 11144 11143
f 11081 11082 11144
f 11082 11145 11144
f 11083 11084 11146
f 11084 11147 11146
f 11084 11085 11147
f 11085 11148 11147
f 11085 11086 11148
f 11087 11088 11149
f 11088 11150 11149
f 11088 11089 11150
f 11089 11151 11150
f 11089 11090 11151
f 11090 11152 11151
f 11090 11091 11152
f 11091 11153 11152
f 11091 11092 11153
f 11092 11154 11153
f 11092 11093 11154
f 11093 11155 11154
f 11093 11094 11155
f 11094 11156 11155
f 11094 11095 11156
f 11095 11157 11156
f 11097 11098 11158
f 11098 11159 11158
f 11098 11099 11159
f 11099 11160 11159
f 11099 11100 11160
f 11102 11103 11162
f 11103 11163 11162
f 11103 11104 11163
f 11104 11164 11163
f 11104 11105 11164
f 11105 11165 11164
f 11105 11106 11165
f 11106 11166 11165
f 11106 11107 11166
f 11107 11167 11166
f 11107 11108 11167
f 11108 11168 11167
f 11108 11109 11168
f 11109 11169 11168
f 11109 11110 11169
f 11110 11170 11169
f 11110 11111 11170
f 11111 11171 11170
f 11111 11112 11171
f 11112 11172 11171
f 11112 11113 11172
f 11113 11173 11172
f 11113 11114 11173
f 11114 11174 11173
f 11114 11115 11174
f 11115 11175 11174
f 11115 11116 11175
f 11116 11176 11175
f 11116 11117 11176
f 11117 11177 11176
f 11117 11118 11177
f 11118 11178 11177
f 11118 11119 11178
f 11119 11179 11178
f 11119 11120 11179
f 11120 11180 11179
f 11120 11121 11180
f 11121 11181 11180
f 11121 11122 11181
f 11122 11182 11181
f 11122 11123 11182
f 11123 11183 11182
f 11123 11124 11183
f 11124 11184 11183
f 11124 11125 11184
f 11125 11185 11184
f 11125 11126 11185
f 11126 11186 11185
f 11126 11127 11186
f 11127 11187 11186
f 11127 11128 11187
f 11128 11188 11187
f 11128 11129 11188
f 11129 11189 11188
f 11129 11130 11189
f 11130 11190 11189
f 11130 11131 11190
f 11131 11191 11190
f 11131 11132 11191
f 11132 11192 11191
f 11132 11133 11192
f 11133 11193 11192
f 11133 11134 11193
f 11134 11194 11193
f 11134 11135 11194
f 11135 11195 11194
f 11135 11136 11195
f 11136 11196 11195
f 11136 11137 11196
f 11137 11197 11196
f 11137 11138 11197
f 11138 11198 11197
f 11138 11139 11198
f 11139 11199 11198
f 11139 11140 11199
f 11140 11200 11199
f 11140 11141 11200
f 11141 11201 11200
f 11141 11142 11201
f 11142 11202 11201
f 11142 11143 11202
f 11149 11205 11204
f 11149 11150 11205
f 11150 11206 11205
f 11150 11151 11206
f 11151 11207 11206
f 11151 11152 11207
f 11152 11208 11207
f 11152 11153 11208
f 11153 11209 11208
f 11153 11154 11209
f 11154 11210 11209
f 11154 11155 11210
f 11155 11211 11210
f 11155 11156 11211
f 11156 11212 11211
f 11156 11157 11212
f 11161 11215 11214
f 11162 11218 11217
f 11162 11163 11218
f 11163 11219 11218
f 11163 11164 11219
f 11164 11220 11219
f 11164 11165 11220
f 11165 11221 11220
f 11165 11166 11221
f 11166 11222 11221
f 11166 11167 11222
f 11167 11223 11222
f 11167 11168 11223
f 11168 11224 11223
f 11168 11169 11224
f 11169 11225 11224
f 11169 11170 11225
f 11170 11226 11225
f 11170 11171 11226
f 11171 11227 11226
f 11171 11172 11227
f 11172 11228 11227
f 11172 11173 11228
f 11173 11229 11228
f 11173 11174 11229
f 11174 11230 11229
f 11174 11175 11230
f 11175 11231 11230
f 11175 11176 11231
f 11176 11232 11231
f 11176 11177 11232
f 11177 11233 11232
f 11177 11178 11233
f 11178 11234 11233
f 11178 11179 11234
f 11179 11235 11234
f 11179 11180 11235
f 11180 11236 11235
f 11180 11181 11236
f 11181 11237 11236
f 11181 11182 11237
f 11182 11238 11237
f 11182 11183 11238
f 11183 11239 11238
f 11183 11184 11239
f 11184 11240 11239
f 11184 11185 11240
f 11185 11241 11240
f 11185 11186 11241
f 11186 11242 11241
f 11186 11187 11242
f 11187 11243 11242
f 11187 11188 11243
f 11188 11244 11243
f 11188 11189 11244
f 11189 11245 11244
f 11189 11190 11245
f 11190 11246 11245
f 11190 11191 11246
f 11191 11247 11246
f 11191 11192 11247
f 11192 11248 11247
f 11192 11193 11248
f 11193 11249 11248
f 11193 11194 11249
f 11194 11250 11249
f 11194 11195 11250
f 11195 11251 11250
f 11195 11196 11251
f 11196 11252 11251
f 11196 11197 11252
f 11197 11253 11252
f 11197 11198 11253
f 11198 11254 11253
f 11198 11199 11254
f 11199 11255 11254
f 11199 11200 11255
f 11200 11256 11255
f 11200 11201 11256
f 11201 11257 11256
f 11201 11202 11257
f 11202 11258 11257
f 11203 11262 11261
f 11203 11204 11262
f 11204 11263 11262
f 11204 11205 11263
f 11205 11264 11263
f 11205 11206 11264
f 11206 11265 11264
f 11206 11207 11265
f 11207 11266 11265
f 11207 11208 11266
f 11208 11267 11266
f 11208 11209 11267
f 11209 11268 11267
f 11209 11210 11268
f 11210 11269 11268
f 11210 11211 11269
f 11211 11270 11269
f 11211 11212 11270
f 11212 11271 11270
f 11213 11275 11274
f 11213 11214 11275
f 11214 11276 11275
f 11214 11215 11276
f 11215 11277 11276
f 11215 11216 11277
f 11216 11278 11277
f 11216 11217 11278
f 11217 11279 11278
f 11217 11218 11279
f 11218 11280 11279
f 11218 11219 11280
f 11219 11281 11280
f 11219 11220 11281
f 11220 11282 11281
f 11220 11221 11282
f 11221 11283 11282
f 11221 11222 11283
f 11222 11284 11283
f 11222 11223 11284
f 11223 11285 11284
f 11223 11224 11285
f 11224 11286 11285
f 11224 11225 11286
f 11225 11287 11286
f 11225 11226 11287
f 11227 11228 11288
f 11228 11289 11288
f 11228 11229 11289
f 11229 11290 11289
f 11229 11230 11290
f 11230 11291 11290
f 11230 11231 11291
f 11231 11292 11291
f 11231 11232 11292
f 11232 11293 11292
f 11232 11233 11293
f 11233 11294 11293
f 11233 11234 11294
f 11234 11295 11294
f 11234 11235 11295
f 11235 11296 11295
f 11235 11236 11296
f 11236 11297 11296
f 11236 11237 11297
f 11237 11298 11297
f 11237 11238 11298
f 11238 11299 11298
f 11238 11239 11299
f 11239 11300 11299
f 11239 11240 11300
f 11240 11301 11300
f 11240 11241 11301
f 11241 11302 11301
f 11241 11242 11302
f 11242 11303 11302
f 11242 11243 11303
f 11243 11304 11303
f 11243 11244 11304
f 11244 11305 11304
f 11244 11245 11305
f 11245 11306 11305
f 11245 11246 11306
f 11246 11307 11306
f 11246 11247 11307
f 11247 11308 11307
f 11247 11248 11308
f 11248 11309 11308
f 11248 11249 11309
f 11249 11310 11309
f 11249 11250 11310
f 11250 11311 11310
f 11250 11251 11311
f 11251 11312 11311
f 11251 11252 11312
f 11252 11313 11312
f 11252 11253 11313
f 11253 11314 11313
f 11253 11254 11314
f 11254 11315 11314
f 11254 11255 11315
f 11255 11316 11315
f 11255 11256 11316
f 11258 11259 11317
f 11259 11318 11317
f 11259 11260 11318
f 11260 11319 11318
f 11261 11262 11321
f 11262 11322 11321
f 11262 11263 11322
f 11263 11323 11322
f 11263 11264 11323
f 11264 11324 11323
f 11264 11265 11324
f 11265 11325 11324
f 11265 11266 11325
f 11266 11326 11325
f 11266 11267 11326
f 11267 11327 11326
f 11267 11268 11327
f 11268 11328 11327
f 11268 11269 11328
f 11269 11329 11328
f 11269 11270 11329
f 11273 11332 11331
f 11273 11274 11332
f 11274 11333 11332
f 11274 11275 11333
f 11275 11334 11333
f 11275 11276 11334
f 11279 11280 11335
f 11280 11336 11335
f 11280 11281 11336
f 11281 11337 11336
f 11281 11282 11337
f 11282 11338 11337
f 11282 11283 11338
f 11283 11339 11338
f 11283 11284 11339
f 11284 11340 11339
f 11284 11285 11340
f 11285 11341 11340
f 11285 11286 11341
f 11286 11342 11341
f 11286 11287 11342
f 11287 11343 11342
f 11288 11345 11344
f 11288 11289 11345
f 11291 11292 11346
f 11292 11347 11346
f 11292 11293 11347
f 11293 11348 11347
f 11293 11294 11348
f 11294 11349 11348
f 11294 11295 11349
f 11295 11350 11349
f 11295 11296 11350
f 11296 11351 11350
f 11296 11297 11351
f 11297 11352 11351
f 11297 11298 11352
f 11298 11353 11352
f 11298 11299 11353
f 11299 11354 11353
f 11299 11300 11354
f 11300 11355 11354
f 11300 11301 11355
f 11301 11356 11355
f 11301 11302 11356
f 11302 11357 11356
f 11302 11303 11357
f 11303 11358 11357
f 11303 11304 11358
f 11304 11359 11358
f 11304 11305 11359
f 11305 11360 11359
f 11305 11306 11360
f 11306 11361 11360
f 11306 11307 11361
f 11307 11362 11361
f 11307 11308 11362
f 11308 11363 11362
f 11308 11309 11363
f 11309 11364 11363
f 11309 11310 11364
f 11310 11365 11364
f 11310 11311 11365
f 11311 11366 11365
f 11311 11312 11366
f 11312 11367 11366
f 11312 11313 11367
f 11313 11368 11367
f 11313 11314 11368
f 11314 11369 11368
f 11314 11315 11369
f 11315 11370 11369
f 11315 11316 11370
f 11316 11371 11370
f 11317 11374 11373
f 11317 11318 11374
f 11318 11375 11374
f 11318 11319 11375
f 11319 11376 11375
f 11319 11320 11376
f 11320 11377 11376
f 11325 11326 11378
f 11326 11379 11378
f 11326 11327 11379
f 11327 11380 11379
f 11327 11328 11380
f 11328 11381 11380
f 11328 11329 11381
f 11329 11382 11381
f 11330 11389 11388
f 11330 11331 11389
f 11331 11390 11389
f 11331 11332 11390
f 11332 11391 11390
f 11332 11333 11391
f 11333 11392 11391
f 11333 11334 11392
f 11335 11336 11393
f 11336 11394 11393
f 11336 11337 11394
f 11340 11341 11395
f 11341 11396 11395
f 11341 11342 11396
f 11342 11397 11396
f 11342 11343 11397
f 11343 11398 11397
f 11343 11344 11398
f 11344 11399 11398
f 11344 11345 11399
f 11345 11400 11399
f 11348 11349 11402
f 11349 11403 11402
f 11349 11350 11403
f 11350 11404 11403
f 11350 11351 11404
f 11351 11405 11404
f 11351 11352 11405
f 11352 11406 11405
f 11352 11353 11406
f 11353 11407 11406
f 11353 11354 11407
f 11354 11408 11407
f 11354 11355 11408
f 11355 11409 11408
f 11355 11356 11409
f 11356 11410 11409
f 11356 11357 11410
f 11357 11411 11410
f 11357 11358 11411
f 11358 11412 11411
f 11358 11359 11412
f 11359 11413 11412
f 11359 11360 11413
f 11360 11414 11413
f 11360 11361 11414
f 11361 11415 11414
f 11361 11362 11415
f 11362 11416 11415
f 11362 11363 11416
f 11363 11417 11416
f 11363 11364 11417
f 11364 11418 11417
f 11364 11365 11418
f 11365 11419 11418
f 11365 11366 11419
f 11366 11420 11419
f 11366 11367 11420
f 11367 11421 11420
f 11367 11368 11421
f 11368 11422 11421
f 11368 11369 11422
f 11370 11371 11423
f 11371 11424 11423
f 11371 11372 11424
f 11372 11425 11424
f 11372 11373 11425
f 11373 11426 11425
f 11373 11374 11426
f 11374 11427 11426
f 11374 11375 11427
f 11379 11380 11428
f 11380 11429 11428
f 11380 11381 11429
f 11384 11431 11430
f 11384 11385 11431
f 11385 11432 11431
f 11385 11386 11432
f 11386 11433 11432
f 11386 11387 11433
f 11387 11434 11433
f 11387 11388 11434
f 11388 11435 11434
f 11388 11389 11435
f 11389 11436 11435
f 11389 11390 11436
f 11390 11437 11436
f 11390 11391 11437
f 11391 11438 11437
f 11391 11392 11438
f 11392 11439 11438
f 11398 11399 11442
f 11399 11443 11442
f 11399 11400 11443
f 11400 11444 11443
f 11400 11401 11444
f 11401 11445 11444
f 11402 11449 11448
f 11402 11403 11449
f 11406 11407 11450
f 11407 11451 11450
f 11407 11408 11451
f 11408 11452 11451
f 11408 11409 11452
f 11409 11453 11452
f 11409 11410 11453
f 11410 11454 11453
f 11410 11411 11454
f 11411 11455 11454
f 11411 11412 11455
f 11412 11456 11455
f 11412 11413 11456
f 11413 11457 11456
f 11413 11414 11457
f 11414 11458 11457
f 11414 11415 11458
f 11415 11459 11458
f 11415 11416 11459
f 11416 11460 11459
f 11416 11417 11460
f 11417 11461 11460
f 11417 11418 11461
f 11418 11462 11461
f 11418 11419 11462
f 11419 11463 11462
f 11419 11420 11463
f 11420 11464 11463
f 11420 11421 11464
f 11423 11424 11465
f 11424 11466 11465
f 11424 11425 11466
f 11426 11427 11467
f 11434 11435 11471
f 11435 11472 11471
f 11435 11436 11472
f 11436 11473 11472
f 11436 11437 11473
f 11438 11439 11474
f 11444 11445 11477
f 11446 11447 11478
f 11447 11479 11478
f 11447 11448 11479
f 11448 11480 11479
f 11448 11449 11480
f 11449 11481 11480
f 11450 11485 11484
f 11450 11451 11485
f 11453 11454 11486
f 11455 11456 11487
f 11456 11488 11487
f 11456 11457 11488
f 11457 11489 11488
f 11457 11458 11489
f 11458 11490 11489
f 11458 11459 11490
f 11459 11491 11490
f 11459 11460 11491
f 11460 11492 11491
f 11460 11461 11492
f 11461 11493 11492
f 11461 11462 11493
f 11462 11494 11493
f 11462 11463 11494
f 11480 11481 11501
f 11481 11502 11501
f 11481 11482 11502
f 11482 11503 11502
f 11482 11483 11503
f 11483 11504 11503
f 11483 11484 11504
f 11484 11505 11504
f 11484 11485 11505
f 11485 11506 11505
f 11489 11490 11509
f 11490 11510 11509
f 11490 11491 11510
f 11491 11511 11510
f 11491 11492 11511
f 11495 11496 11512
f 11508 11517 11516
f 11516 11517 11519
f 11521 11522 11531
f 11522 11532 11531
f 11522 11523 11532
f 11523 11533 11532
f 11523 11524 11533
f 11529 11537 11536
f 11529 11530 11537
f 11530 11538 11537
