# IPC-compatible surface mesh — generated by stanford2ipc.py
# vertices 12150  faces 22346

v -0.03299999982 0.03503997996 0.1905343682
v 0.08000000566 0.01746794023 -0.05845310539
v -0.02975000069 0.04043393582 0.07056979835
v -0.02925000153 0.04043393582 0.07056979835
v -0.02875000052 0.04042090103 0.0704497546
v -0.02825000137 0.04040786996 0.07032969594
v 0.02125000022 0.03727413714 0.04136896133
v 0.02325000055 0.03742371127 0.04276446998
v 0.02375000156 0.0374645032 0.04314506054
v 0.02425000072 0.03747810051 0.04327192903
v -0.03000000119 0.04111561552 0.07044787705
v -0.02950000204 0.0411545448 0.07080803812
v -0.02900000103 0.04116751999 0.07092809677
v -0.02850000188 0.0411545448 0.07080803812
v -0.02800000086 0.04116751999 0.07092809677
v -0.02750000171 0.0411545448 0.07080803812
v -0.0270000007 0.0411804989 0.07104815543
v -0.02650000155 0.04121942446 0.07140831649
v -0.02600000054 0.04120644927 0.07128824294
v -0.02550000139 0.0411545448 0.07080803812
v -0.02500000037 0.0411545448 0.07080803812
v -0.02400000021 0.04112859443 0.07056793571
v -0.02350000106 0.04116751999 0.07092809677
v 0.02000000142 0.03784829006 0.04009869695
v 0.02050000057 0.03796995431 0.04124037921
v 0.02100000158 0.03801050782 0.04162096977
v 0.02150000073 0.03803754225 0.04187467694
v 0.02200000174 0.03809161484 0.04238209128
v 0.02250000089 0.03815920651 0.04301638901
v 0.02300000191 0.03818624094 0.04327008128
v 0.02350000106 0.0382132791 0.04352378845
v 0.02400000021 0.0382132791 0.04352378845
v 0.02450000122 0.0382132791 0.04352378845
v 0.02500000037 0.03814568743 0.04288952053
v -0.02725000121 0.04182325304 0.07056605816
v -0.02675000206 0.0419007726 0.07128639519
v -0.02625000104 0.04193953425 0.07164655626
v -0.02575000189 0.04191369563 0.07140645385
v -0.02325000055 0.04336078838 0.08485272527
v -0.0227500014 0.04345123097 0.08569312096
v -0.02225000039 0.04347707331 0.08593322337
v -0.02175000124 0.04350291193 0.08617335558
v -0.02125000022 0.04352875426 0.08641344309
v -0.02025000006 0.04346415028 0.08581316471
v 0.01725000143 0.0381821394 0.03654535115
v 0.01975000091 0.03857186064 0.0402239114
v 0.02025000006 0.03866592795 0.0411118418
v 0.02075000107 0.03871968389 0.04161922634
v 0.02125000022 0.03874656186 0.04187291861
v 0.02225000039 0.03885407001 0.04288770258
v 0.0227500014 0.03890782222 0.04339508712
v 0.02325000055 0.03893470019 0.04364877939
v 0.02375000156 0.03896157816 0.04390247166
v 0.02425000072 0.03894814104 0.04377563298
v 0.02475000173 0.03890782222 0.04339508712
v 0.02525000088 0.0388943851 0.04326823354
v -0.02800000086 0.04420322925 0.08629176021
v -0.02650000155 0.04425469041 0.08677197993
v -0.02600000054 0.04426755756 0.08689205348
v -0.02450000122 0.04424182326 0.08665193617
v -0.02400000021 0.04430615157 0.08725222945
v -0.02350000106 0.04430615157 0.08725222945
v -0.02300000191 0.044319015 0.08737228811
v -0.02250000089 0.04422895983 0.08653189242
v -0.02200000174 0.04425469041 0.08677197993
v -0.02150000073 0.04426755756 0.08689205348
v -0.02100000158 0.04425469041 0.08677197993
v -0.02050000057 0.0442160964 0.08641181886
v -0.02000000142 0.04424182326 0.08665193617
v -0.0195000004 0.04422895983 0.08653189242
v -0.01900000125 0.04419036582 0.08617171645
v 0.01649999991 0.03888113052 0.03641711175
v 0.01700000092 0.0389479287 0.03705131263
v 0.01750000007 0.03900136426 0.03755866736
v 0.02000000142 0.03934869915 0.0408564508
v 0.02050000057 0.03940213472 0.04136380553
v 0.02100000158 0.03945557028 0.04187117517
v 0.02150000073 0.03946892917 0.04199801385
v 0.02200000174 0.03948228806 0.04212485254
v 0.02250000089 0.03958915919 0.04313954711
v 0.02300000191 0.03962923586 0.04352006316
v 0.02350000106 0.03965595737 0.04377375543
v 0.02400000021 0.03966931626 0.04390059412
v 0.02450000122 0.03964259848 0.04364690185
v 0.02500000037 0.03957580402 0.04301272333
v 0.02550000139 0.03949564695 0.04225167632
v -0.037750002 0.04471129179 0.084609285
v -0.03625000268 0.04480095953 0.08544971049
v -0.03475000337 0.04472410306 0.08472935855
v -0.03225000203 0.04489062726 0.08629013598
v -0.03175000101 0.04490343854 0.08641017973
v -0.03125 0.04491624609 0.08653025329
v -0.03075000085 0.04492905736 0.08665029705
v -0.02925000153 0.04489062726 0.08629013598
v -0.02875000052 0.04494186491 0.0867703557
v -0.02825000137 0.044980295 0.08713054657
v -0.02775000222 0.044980295 0.08713054657
v -0.02725000121 0.0450187251 0.08749073744
v -0.02675000206 0.04503153265 0.08761078119
v -0.02625000104 0.04504434392 0.08773085475
v -0.02575000189 0.04505715519 0.08785091341
v -0.02525000088 0.04505715519 0.08785091341
v -0.02475000173 0.04504434392 0.08773085475
v -0.02425000072 0.04505715519 0.08785091341
v -0.02375000156 0.04504434392 0.08773085475
v -0.02325000055 0.04506996274 0.08797095716
v -0.0227500014 0.04506996274 0.08797095716
v -0.02225000039 0.04503153265 0.08761078119
v -0.02175000124 0.04504434392 0.08773085475
v -0.02125000022 0.04503153265 0.08761078119
v -0.02075000107 0.04503153265 0.08761078119
v -0.02025000006 0.04499310628 0.08725060523
v -0.01975000091 0.04499310628 0.08725060523
v -0.01925000176 0.04495467618 0.08689042926
v -0.01875000075 0.04496748745 0.08701048791
v -0.01825000159 0.0446472466 0.08400900662
v -0.01775000058 0.04476252943 0.08508953452
v 0.01625000127 0.03962012753 0.03666937351
v 0.01675000042 0.03967324272 0.037176691
v 0.01725000143 0.0397130847 0.0375571996
v 0.01775000058 0.03975292295 0.03793768585
v 0.01975000091 0.04000523314 0.04034744203
v 0.02025000006 0.04007162899 0.04098160565
v 0.02075000107 0.0401247479 0.04148893058
v 0.02125000022 0.04013802856 0.04161576927
v 0.02175000124 0.04013802856 0.04161576927
v 0.0227500014 0.04028410465 0.04301090539
v 0.02325000055 0.0403239429 0.04339137673
v 0.02375000156 0.04033721983 0.04351820052
v 0.02425000072 0.0403239429 0.04339137673
v 0.02475000173 0.04016458616 0.04186941683
v 0.02525000088 0.04016458616 0.04186941683
v -0.04700000212 0.04545048252 0.08508788049
v -0.0465000011 0.04550150037 0.08556813002
v -0.04600000381 0.04552700743 0.08580824733
v -0.0455000028 0.04555251822 0.08604837954
v -0.04500000179 0.04556526989 0.0861684531
v -0.04450000077 0.04557802528 0.08628849685
v -0.04400000349 0.04559078068 0.08640855551
v -0.04350000247 0.04559078068 0.08640855551
v -0.04250000045 0.04556526989 0.0861684531
v -0.04200000316 0.04559078068 0.08640855551
v -0.04150000215 0.04557802528 0.08628849685
v -0.04100000113 0.04559078068 0.08640855551
v -0.04050000012 0.04559078068 0.08640855551
v -0.04000000283 0.04557802528 0.08628849685
v -0.03950000182 0.04559078068 0.08640855551
v -0.0390000008 0.04560353234 0.08652862906
v -0.03850000352 0.04556526989 0.0861684531
v -0.0380000025 0.04551425576 0.08568820357
v -0.03750000149 0.04555251822 0.08604837954
v -0.03650000319 0.04556526989 0.0861684531
v -0.03600000218 0.04560353234 0.08652862906
v -0.03550000116 0.04561628774 0.08664867282
v -0.03500000015 0.04561628774 0.08664867282
v -0.03450000286 0.04553976282 0.08592832088
v -0.03400000185 0.04556526989 0.0861684531
v -0.03350000083 0.04559078068 0.08640855551
v -0.03299999982 0.04562904313 0.08676873147
v -0.03250000253 0.04562904313 0.08676873147
v -0.03200000152 0.04565455019 0.08700886369
v -0.03150000051 0.04565455019 0.08700886369
v -0.03100000136 0.04566730186 0.08712892234
v -0.03050000221 0.04568005726 0.0872489959
v -0.03000000119 0.04569281265 0.08736905456
v -0.02950000204 0.04570556805 0.08748911321
v -0.02900000103 0.04571831971 0.08760917187
v -0.02850000188 0.04571831971 0.08760917187
v -0.02800000086 0.0457438305 0.08784930408
v -0.02750000171 0.04575658217 0.08796934783
v -0.0270000007 0.04575658217 0.08796934783
v -0.02650000155 0.04576933756 0.08808942139
v -0.02600000054 0.04576933756 0.08808942139
v -0.02550000139 0.04578209296 0.08820948005
v -0.02500000037 0.04578209296 0.08820948005
v -0.02450000122 0.04578209296 0.08820948005
v -0.02400000021 0.04578209296 0.08820948005
v -0.02350000106 0.04576933756 0.08808942139
v -0.02300000191 0.04578209296 0.08820948005
v -0.02250000089 0.04578209296 0.08820948005
v -0.02200000174 0.04576933756 0.08808942139
v -0.02150000073 0.04576933756 0.08808942139
v -0.02100000158 0.04575658217 0.08796934783
v -0.02050000057 0.04575658217 0.08796934783
v -0.02000000142 0.0457438305 0.08784930408
v -0.0195000004 0.04571831971 0.08760917187
v -0.01900000125 0.04569281265 0.08736905456
v -0.01850000024 0.04568005726 0.0872489959
v -0.01800000109 0.04559078068 0.08640855551
v -0.01750000007 0.04556526989 0.0861684531
v 0.01550000068 0.04026640207 0.03603386879
v 0.01600000076 0.04034560174 0.03679478914
v 0.01649999991 0.040398404 0.03730208427
v 0.01700000092 0.04043800384 0.03768254071
v 0.01750000007 0.04046440497 0.03793619573
v 0.01800000109 0.04049080238 0.0381898284
v 0.01850000024 0.04047760367 0.03806299716
v 0.0195000004 0.04062280431 0.03945803642
v 0.02000000142 0.04071520269 0.040345788
v 0.02050000057 0.04076800495 0.04085308313
v 0.02100000158 0.04080760479 0.04123353958
v 0.02150000073 0.04082080349 0.04136036336
v 0.02200000174 0.04082080349 0.04136036336
v 0.02250000089 0.04079440609 0.0411067307
v 0.02300000191 0.04076800495 0.04085308313
v 0.02350000106 0.04079440609 0.0411067307
v 0.02400000021 0.04079440609 0.0411067307
v 0.02450000122 0.04084720463 0.04161402583
v 0.02500000037 0.04078120366 0.04097990692
v 0.02550000139 0.04074160382 0.04059945047
v -0.04825000092 0.04612573609 0.08496616781
v -0.04725000262 0.0461384356 0.08508624136
v -0.04675000161 0.04622732475 0.08592668176
v -0.0462500006 0.04626541957 0.08628685772
v -0.04575000331 0.04627811909 0.08640693128
v -0.04525000229 0.0462908186 0.08652700484
v -0.04475000128 0.04630351812 0.08664704859
v -0.04425000027 0.04630351812 0.08664704859
v -0.04375000298 0.04631621763 0.08676710725
v -0.04325000197 0.04632891715 0.08688718081
v -0.04275000095 0.04631621763 0.08676710725
v -0.04225000367 0.04631621763 0.08676710725
v -0.04175000265 0.04631621763 0.08676710725
v -0.04125000164 0.04632891715 0.08688718081
v -0.04075000063 0.04632891715 0.08688718081
v -0.04025000334 0.04634161666 0.08700725436
v -0.03975000232 0.04634161666 0.08700725436
v -0.03925000131 0.04634161666 0.08700725436
v -0.0387500003 0.04632891715 0.08688718081
v -0.03825000301 0.04634161666 0.08700725436
v -0.037750002 0.04634161666 0.08700725436
v -0.03725000098 0.04634161666 0.08700725436
v -0.03674999997 0.04634161666 0.08700725436
v -0.03625000268 0.04634161666 0.08700725436
v -0.03575000167 0.04634161666 0.08700725436
v -0.03525000066 0.04635431245 0.08712731302
v -0.03475000337 0.04636701196 0.08724737167
v -0.03425000235 0.04636701196 0.08724737167
v -0.03375000134 0.04635431245 0.08712731302
v -0.03325000033 0.04635431245 0.08712731302
v -0.03275000304 0.04637971148 0.08736744523
v -0.03225000203 0.04637971148 0.08736744523
v -0.03175000101 0.04637971148 0.08736744523
v -0.03125 0.04639241099 0.08748750389
v -0.03075000085 0.04640510678 0.08760756254
v -0.0302500017 0.0464178063 0.0877276212
v -0.02975000069 0.0464178063 0.0877276212
v -0.02925000153 0.04643050581 0.08784769475
v -0.02875000052 0.04644320533 0.08796773851
v -0.02825000137 0.04644320533 0.08796773851
v -0.02775000222 0.04645590484 0.08808781207
v -0.02725000121 0.04646860436 0.08820787072
v -0.02675000206 0.04646860436 0.08820787072
v -0.02625000104 0.04646860436 0.08820787072
v -0.02575000189 0.04646860436 0.08820787072
v -0.02525000088 0.04648130387 0.08832795918
v -0.02475000173 0.04648130387 0.08832795918
v -0.02425000072 0.04648130387 0.08832795918
v -0.02375000156 0.04648130387 0.08832795918
v -0.02325000055 0.04648130387 0.08832795918
v -0.0227500014 0.04648130387 0.08832795918
v -0.02225000039 0.04648130387 0.08832795918
v -0.02175000124 0.04646860436 0.08820787072
v -0.02125000022 0.04646860436 0.08820787072
v -0.02075000107 0.04646860436 0.08820787072
v -0.02025000006 0.04645590484 0.08808781207
v -0.01975000091 0.04644320533 0.08796773851
v -0.01925000176 0.0464178063 0.0877276212
v -0.01875000075 0.04640510678 0.08760756254
v -0.01825000159 0.04639241099 0.08748750389
v -0.01775000058 0.04631621763 0.08676710725
v -0.01725000143 0.0462908186 0.08652700484
v -0.01675000042 0.04604954273 0.08424578607
v 0.01325000077 0.04072978348 0.03362304717
v 0.01375000086 0.04080850631 0.03438392282
v 0.01425000094 0.0408609882 0.03489117324
v 0.01475000102 0.04090034962 0.03527162969
v 0.0152500011 0.04096595198 0.03590568155
v 0.01575000025 0.04104467481 0.03666655719
v 0.01625000127 0.0410971567 0.03717380762
v 0.01675000042 0.04113651812 0.03755426407
v 0.01725000143 0.04117587954 0.03793470562
v 0.01775000058 0.04118900001 0.0380614996
v 0.01825000159 0.04121524096 0.03831513971
v 0.01875000075 0.04122836143 0.03844196349
v 0.02025000006 0.0413858071 0.03996369243
v 0.02075000107 0.04142516851 0.04034414887
v 0.02125000022 0.0414776504 0.0408513993
v 0.02175000124 0.04149077088 0.04097820818
v 0.02225000039 0.04149077088 0.04097820818
v 0.0227500014 0.04150389135 0.04110503197
v 0.02325000055 0.04146452993 0.04072459042
v 0.02375000156 0.04145140946 0.04059778154
v 0.02425000072 0.04146452993 0.04072459042
v 0.02475000173 0.04142516851 0.04034414887
v -0.05150000378 0.04669995233 0.08388394117
v -0.05050000176 0.04669995233 0.08388394117
v -0.04900000244 0.04680110142 0.08484445512
v -0.04850000143 0.04685167223 0.08532471955
v -0.04800000042 0.04688960314 0.08568491042
v -0.04750000313 0.04692753404 0.08604510128
v -0.04700000212 0.04694017768 0.08616518974
v -0.0465000011 0.04697810486 0.08652536571
v -0.04600000381 0.04699074849 0.08664542437
v -0.0455000028 0.04700339213 0.08676548302
v -0.04500000179 0.04701603577 0.08688555658
v -0.04450000077 0.0470286794 0.08700563014
v -0.04400000349 0.0470286794 0.08700563014
v -0.04350000247 0.0470286794 0.08700563014
v -0.04300000146 0.04704132304 0.08712568879
v -0.04250000045 0.04704132304 0.08712568879
v -0.04200000316 0.04704132304 0.08712568879
v -0.04150000215 0.04704132304 0.08712568879
v -0.04100000113 0.04704132304 0.08712568879
v -0.04050000012 0.04704132304 0.08712568879
v -0.04000000283 0.04705396667 0.08724574745
v -0.03950000182 0.04705396667 0.08724574745
v -0.0390000008 0.04705396667 0.08724574745
v -0.03850000352 0.04705396667 0.08724574745
v -0.0380000025 0.04706661031 0.087365821
v -0.03750000149 0.04706661031 0.087365821
v -0.03700000048 0.04706661031 0.087365821
v -0.03650000319 0.04706661031 0.087365821
v -0.03600000218 0.04706661031 0.087365821
v -0.03550000116 0.04707925394 0.08748589456
v -0.03500000015 0.04706661031 0.087365821
v -0.03450000286 0.04707925394 0.08748589456
v -0.03400000185 0.04707925394 0.08748589456
v -0.03350000083 0.04707925394 0.08748589456
v -0.03299999982 0.04709189758 0.08760593832
v -0.03250000253 0.04710454121 0.08772601187
v -0.03200000152 0.04709189758 0.08760593832
v -0.03150000051 0.04710454121 0.08772601187
v -0.03100000136 0.04711718485 0.08784608543
v -0.03050000221 0.04710454121 0.08772601187
v -0.03000000119 0.04712982476 0.08796612918
v -0.02950000204 0.04711718485 0.08784608543
v -0.02900000103 0.04712982476 0.08796612918
v -0.02850000188 0.04714246839 0.08808620274
v -0.02800000086 0.04714246839 0.08808620274
v -0.02750000171 0.04715511203 0.0882062763
v -0.0270000007 0.04714246839 0.08808620274
v -0.02650000155 0.04714246839 0.08808620274
v -0.02600000054 0.04715511203 0.0882062763
v -0.02550000139 0.04716775566 0.08832634985
v -0.02500000037 0.04716775566 0.08832634985
v -0.02450000122 0.04716775566 0.08832634985
v -0.02400000021 0.04716775566 0.08832634985
v -0.02350000106 0.04716775566 0.08832634985
v -0.02300000191 0.0471803993 0.08844640851
v -0.02250000089 0.0471803993 0.08844640851
v -0.02200000174 0.0471803993 0.08844640851
v -0.02150000073 0.04716775566 0.08832634985
v -0.02100000158 0.0471803993 0.08844640851
v -0.02050000057 0.04716775566 0.08832634985
v -0.02000000142 0.04715511203 0.0882062763
v -0.0195000004 0.04712982476 0.08796612918
v -0.01900000125 0.04712982476 0.08796612918
v -0.01850000024 0.04711718485 0.08784608543
v -0.01800000109 0.04707925394 0.08748589456
v -0.01750000007 0.04701603577 0.08688555658
v -0.01700000092 0.04700339213 0.08676548302
v -0.01649999991 0.04680110142 0.08484445512
v -0.01600000076 0.04681374133 0.08496451378
v 0.01250000019 0.04145700857 0.03374864906
v 0.01300000027 0.04152221233 0.03438266367
v 0.01350000035 0.04154829681 0.03463628143
v 0.01400000043 0.04158741981 0.03501669317
v 0.01450000051 0.04162654281 0.03539710492
v 0.0150000006 0.04166566208 0.03577751666
v 0.01550000068 0.04173086956 0.03641154617
v 0.01600000076 0.0417830348 0.0369187668
v 0.01649999991 0.04183519632 0.03742599487
v 0.01700000092 0.04187431931 0.03780639917
v 0.01750000007 0.04188736156 0.0379332155
v 0.01800000109 0.04191344231 0.03818681091
v 0.01850000024 0.04192648456 0.03831361979
v 0.01900000125 0.04191344231 0.03818681091
v 0.0195000004 0.04191344231 0.03818681091
v 0.02100000158 0.04205689207 0.03958165646
v 0.02150000073 0.04210905731 0.04008889198
v 0.02200000174 0.04213513806 0.04034249485
v 0.02250000089 0.04217426479 0.04072292149
v 0.02300000191 0.04210905731 0.04008889198
v 0.02350000106 0.04213513806 0.04034249485
v 0.02400000021 0.04212209955 0.04021570086
v 0.02450000122 0.04209601507 0.0399620682
v -0.05475000292 0.04743881524 0.08436253667
v -0.05425000191 0.0474765785 0.08472274244
v -0.05375000089 0.04746398702 0.08460265398
v -0.05325000361 0.04746398702 0.08460265398
v -0.05275000259 0.04748916626 0.08484280109
v -0.05225000158 0.04746398702 0.08460265398
v -0.05175000429 0.0474765785 0.08472274244
v -0.05125000328 0.04750175029 0.08496285975
v -0.05075000226 0.04748916626 0.08484280109
v -0.05025000125 0.04750175029 0.08496285975
v -0.04975000396 0.04751434177 0.08508293331
v -0.04925000295 0.04753951728 0.08532308042
v -0.04875000194 0.0475646928 0.08556319773
v -0.04825000092 0.04760245606 0.0859234035
v -0.04775000364 0.04764021933 0.08628359437
v -0.04725000262 0.04764021933 0.08628359437
v -0.04675000161 0.0476779826 0.08664380014
v -0.0462500006 0.04769057035 0.0867638588
v -0.04575000331 0.04769057035 0.0867638588
v -0.04525000229 0.04770316184 0.08688393235
v -0.04475000128 0.04771574959 0.08700400591
v -0.04425000027 0.04771574959 0.08700400591
v -0.04375000298 0.04771574959 0.08700400591
v -0.04325000197 0.04771574959 0.08700400591
v -0.04275000095 0.04771574959 0.08700400591
v -0.04225000367 0.04771574959 0.08700400591
v -0.04175000265 0.04772833362 0.08712406456
v -0.04125000164 0.04772833362 0.08712406456
v -0.04075000063 0.04772833362 0.08712406456
v -0.04025000334 0.04772833362 0.08712406456
v -0.03975000232 0.0477409251 0.08724413812
v -0.03925000131 0.0477409251 0.08724413812
v -0.0387500003 0.0477409251 0.08724413812
v -0.03825000301 0.04775351286 0.08736421168
v -0.037750002 0.0477409251 0.08724413812
v -0.03725000098 0.0477409251 0.08724413812
v -0.03674999997 0.04775351286 0.08736421168
v -0.03625000268 0.04775351286 0.08736421168
v -0.03575000167 0.04776610062 0.08748427033
v -0.03525000066 0.04775351286 0.08736421168
v -0.03475000337 0.04776610062 0.08748427033
v -0.03425000235 0.04776610062 0.08748427033
v -0.03375000134 0.04777868837 0.08760432899
v -0.03325000033 0.04776610062 0.08748427033
v -0.03275000304 0.04777868837 0.08760432899
v -0.03225000203 0.04779127613 0.08772440255
v -0.03175000101 0.04777868837 0.08760432899
v -0.03125 0.04779127613 0.08772440255
v -0.03075000085 0.04779127613 0.08772440255
v -0.0302500017 0.04780386388 0.0878444761
v -0.02975000069 0.04780386388 0.0878444761
v -0.02925000153 0.04780386388 0.0878444761
v -0.02875000052 0.04781645164 0.08796451986
v -0.02825000137 0.04781645164 0.08796451986
v -0.02775000222 0.04781645164 0.08796451986
v -0.02725000121 0.04781645164 0.08796451986
v -0.02675000206 0.04781645164 0.08796451986
v -0.02625000104 0.04781645164 0.08796451986
v -0.02575000189 0.04782903939 0.08808460832
v -0.02525000088 0.04782903939 0.08808460832
v -0.02475000173 0.04782903939 0.08808460832
v -0.02425000072 0.04784162715 0.08820466697
v -0.02375000156 0.04784162715 0.08820466697
v -0.02325000055 0.04784162715 0.08820466697
v -0.0227500014 0.04785421491 0.08832474053
v -0.02225000039 0.04786680266 0.08844481409
v -0.02175000124 0.04786680266 0.08844481409
v -0.02125000022 0.04786680266 0.08844481409
v -0.02075000107 0.04786680266 0.08844481409
v -0.02025000006 0.04785421491 0.08832474053
v -0.01975000091 0.04784162715 0.08820466697
v -0.01925000176 0.04782903939 0.08808460832
v -0.01875000075 0.04782903939 0.08808460832
v -0.01825000159 0.04780386388 0.0878444761
v -0.01775000058 0.04777868837 0.08760432899
v -0.01725000143 0.04771574959 0.08700400591
v -0.01675000042 0.04771574959 0.08700400591
v -0.01625000127 0.04750175029 0.08496285975
v -0.01575000025 0.04751434177 0.08508293331
v 0.01225000061 0.04224888235 0.03450820595
v 0.01275000069 0.04227480665 0.03476181626
v 0.01325000077 0.04230072722 0.03501539677
v 0.01375000086 0.04231369123 0.0351421982
v 0.01425000094 0.04235257581 0.0355225876
v 0.01475000102 0.04236553609 0.03564938903
v 0.0152500011 0.04240442067 0.03602977097
v 0.01575000025 0.04245626554 0.03653696179
v 0.01625000127 0.04250811413 0.03704415262
v 0.01675000042 0.04254699498 0.03742453456
v 0.01725000143 0.04257291928 0.03767811507
v 0.01775000058 0.04258587956 0.0378049165
v 0.01825000159 0.04261180386 0.03805849701
v 0.01875000075 0.04261180386 0.03805849701
v 0.01925000176 0.04261180386 0.03805849701
v 0.01975000091 0.04259884357 0.03793172538
v 0.02025000006 0.04255995899 0.03755133599
v 0.02075000107 0.0425340347 0.03729773313
v 0.02325000055 0.04278030246 0.03970687091
v -0.05700000376 0.0481521599 0.08460099995
v -0.05650000274 0.04818975925 0.08496120572
v -0.05600000173 0.04817722738 0.08484114707
v -0.05550000444 0.04818975925 0.08496120572
v -0.05500000343 0.04820229113 0.08508127928
v -0.05450000241 0.04821482301 0.08520135283
v -0.0540000014 0.04822735861 0.08532142639
v -0.05350000411 0.04822735861 0.08532142639
v -0.0530000031 0.04822735861 0.08532142639
v -0.05250000209 0.04823989049 0.08544148505
v -0.05200000107 0.04823989049 0.08544148505
v -0.05150000378 0.04823989049 0.08544148505
v -0.05100000277 0.04825242236 0.0855615586
v -0.05050000176 0.04825242236 0.0855615586
v -0.05000000075 0.04825242236 0.0855615586
v -0.04950000346 0.05656826496 0.1912244111
v -0.04900000244 0.04827748612 0.08580167592
v -0.04850000143 0.04830255359 0.08604183793
v -0.04800000042 0.04832761735 0.08628197014
v -0.04750000313 0.04834014922 0.0864020288
v -0.04700000212 0.0483526811 0.08652211726
v -0.0465000011 0.04837774858 0.08676223457
v -0.04600000381 0.04839028046 0.08688232303
v -0.0455000028 0.04839028046 0.08688232303
v -0.04500000179 0.04839028046 0.08688232303
v -0.04450000077 0.04837774858 0.08676223457
v -0.04400000349 0.04839028046 0.08688232303
v -0.04350000247 0.04839028046 0.08688232303
v -0.04300000146 0.04839028046 0.08688232303
v -0.04250000045 0.04837774858 0.08676223457
v -0.04200000316 0.04837774858 0.08676223457
v -0.04150000215 0.04839028046 0.08688232303
v -0.04100000113 0.04839028046 0.08688232303
v -0.04050000012 0.04840281233 0.08700238168
v -0.04000000283 0.04839028046 0.08688232303
v -0.03950000182 0.04840281233 0.08700238168
v -0.0390000008 0.04840281233 0.08700238168
v -0.03850000352 0.04840281233 0.08700238168
v -0.0380000025 0.04841534421 0.08712244034
v -0.03750000149 0.04841534421 0.08712244034
v -0.03700000048 0.04841534421 0.08712244034
v -0.03650000319 0.04841534421 0.08712244034
v -0.03600000218 0.04842787609 0.0872425139
v -0.03550000116 0.04841534421 0.08712244034
v -0.03500000015 0.04842787609 0.0872425139
v -0.03450000286 0.04842787609 0.0872425139
v -0.03400000185 0.04842787609 0.0872425139
v -0.03350000083 0.04844041169 0.08736260235
v -0.03299999982 0.04844041169 0.08736260235
v -0.03250000253 0.04845294356 0.08748266101
v -0.03200000152 0.04844041169 0.08736260235
v -0.03150000051 0.04845294356 0.08748266101
v -0.03100000136 0.04846547544 0.08760271966
v -0.03050000221 0.04845294356 0.08748266101
v -0.03000000119 0.04846547544 0.08760271966
v -0.02950000204 0.04846547544 0.08760271966
v -0.02900000103 0.04846547544 0.08760271966
v -0.02850000188 0.04847800732 0.08772279322
v -0.02800000086 0.04847800732 0.08772279322
v -0.02750000171 0.04847800732 0.08772279322
v -0.0270000007 0.04846547544 0.08760271966
v -0.02650000155 0.04846547544 0.08760271966
v -0.02600000054 0.04846547544 0.08760271966
v -0.02550000139 0.04847800732 0.08772279322
v -0.02500000037 0.04847800732 0.08772279322
v -0.02450000122 0.04849053919 0.08784286678
v -0.02400000021 0.04850307107 0.08796292543
v -0.02350000106 0.04850307107 0.08796292543
v -0.02300000191 0.04851560667 0.08808299899
v -0.02250000089 0.04852813855 0.08820305765
v -0.02200000174 0.04854067042 0.0883231461
v -0.02150000073 0.04854067042 0.0883231461
v -0.02100000158 0.0485532023 0.08844320476
v -0.02050000057 0.04854067042 0.0883231461
v -0.02000000142 0.04854067042 0.0883231461
v -0.0195000004 0.04852813855 0.08820305765
v -0.01900000125 0.04852813855 0.08820305765
v -0.01850000024 0.04851560667 0.08808299899
v -0.01800000109 0.04849053919 0.08784286678
v -0.01750000007 0.04846547544 0.08760271966
v -0.01700000092 0.04841534421 0.08712244034
v -0.01649999991 0.04839028046 0.08688232303
v -0.01600000076 0.04832761735 0.08628197014
v 0.01100000087 0.04289809614 0.0338730216
v 0.01150000095 0.04294962436 0.03438015282
v 0.0120000001 0.04300115258 0.03488729894
v 0.01250000019 0.04303979874 0.03526768833
v 0.01300000027 0.04306556284 0.03552125394
v 0.01350000035 0.04309132323 0.03577481955
v 0.01400000043 0.04309132323 0.03577481955
v 0.01450000051 0.04309132323 0.03577481955
v 0.0150000006 0.04311709106 0.03602840751
v 0.01550000068 0.04314285144 0.03628197312
v 0.01600000076 0.0431814976 0.03666234016
v 0.01649999991 0.04322014377 0.03704271466
v 0.01700000092 0.04324590787 0.03729628026
v 0.01750000007 0.04325878993 0.03742307425
v 0.01800000109 0.04327167198 0.03754986823
v 0.01850000024 0.04328455403 0.03767663985
v 0.01900000125 0.04328455403 0.03767663985
v 0.0195000004 0.04328455403 0.03767663985
v 0.02000000142 0.04325878993 0.03742307425
v 0.02050000057 0.04324590787 0.03729628026
v 0.02100000158 0.04323302582 0.03716948628
v 0.02150000073 0.0431814976 0.03666234016
v 0.02200000174 0.04316861928 0.03653556108
v -0.05825000256 0.0488528125 0.08471943438
v -0.05775000155 0.04889024422 0.08507964015
v -0.05725000426 0.04890272021 0.08519969881
v -0.05675000325 0.04891519994 0.08531978726
v -0.05625000224 0.04892767593 0.08543984592
v -0.05575000122 0.04891519994 0.08531978726
v -0.05525000393 0.04892767593 0.08543984592
v -0.05475000292 0.04894015193 0.08555990458
v -0.05425000191 0.04892767593 0.08543984592
v -0.05375000089 0.04895262793 0.08567999303
v -0.05325000361 0.04896510392 0.08580003679
v -0.05275000259 0.04896510392 0.08580003679
v -0.05225000158 0.04897758365 0.08592012525
v -0.05175000429 0.04897758365 0.08592012525
v -0.05125000328 0.04897758365 0.08592012525
v -0.05075000226 0.04900253937 0.08616027236
v -0.05025000125 0.04899005964 0.0860401988
v -0.04975000396 0.04899005964 0.0860401988
v -0.04925000295 0.04900253937 0.08616027236
v -0.04875000194 0.04901501536 0.08628033102
v -0.04825000092 0.04902749136 0.08640040457
v -0.04775000364 0.04903997108 0.08652049303
v -0.04725000262 0.04903997108 0.08652049303
v -0.04675000161 0.04905244336 0.08664053679
v -0.0462500006 0.04906492308 0.08676061034
v -0.04575000331 0.04906492308 0.08676061034
v -0.04525000229 0.04906492308 0.08676061034
v -0.04475000128 0.04903997108 0.08652049303
v -0.04425000027 0.04903997108 0.08652049303
v -0.04375000298 0.04905244336 0.08664053679
v -0.04325000197 0.04903997108 0.08652049303
v -0.04275000095 0.04903997108 0.08652049303
v -0.04225000367 0.04903997108 0.08652049303
v -0.04175000265 0.04903997108 0.08652049303
v -0.04125000164 0.04905244336 0.08664053679
v -0.04075000063 0.04905244336 0.08664053679
v -0.04025000334 0.04905244336 0.08664053679
v -0.03975000232 0.04906492308 0.08676061034
v -0.03925000131 0.04906492308 0.08676061034
v -0.0387500003 0.04905244336 0.08664053679
v -0.03825000301 0.04905244336 0.08664053679
v -0.037750002 0.04906492308 0.08676061034
v -0.03725000098 0.04907739908 0.0868806988
v -0.03674999997 0.04907739908 0.0868806988
v -0.03625000268 0.04907739908 0.0868806988
v -0.03575000167 0.0490898788 0.08700075746
v -0.03525000066 0.04907739908 0.0868806988
v -0.03475000337 0.0490898788 0.08700075746
v -0.03425000235 0.0490898788 0.08700075746
v -0.03375000134 0.04910235479 0.08712083101
v -0.03325000033 0.0490898788 0.08700075746
v -0.03275000304 0.04910235479 0.08712083101
v -0.03225000203 0.04910235479 0.08712083101
v -0.03175000101 0.04911483079 0.08724090457
v -0.03125 0.04911483079 0.08724090457
v -0.03075000085 0.04911483079 0.08724090457
v -0.0302500017 0.04912731051 0.08736097813
v -0.02975000069 0.04912731051 0.08736097813
v -0.02925000153 0.04912731051 0.08736097813
v -0.02875000052 0.04912731051 0.08736097813
v -0.02825000137 0.04912731051 0.08736097813
v -0.02775000222 0.04912731051 0.08736097813
v -0.02725000121 0.04912731051 0.08736097813
v -0.02675000206 0.04913978651 0.08748105168
v -0.02625000104 0.04913978651 0.08748105168
v -0.02575000189 0.04912731051 0.08736097813
v -0.02525000088 0.04913978651 0.08748105168
v -0.02475000173 0.04915226251 0.08760111034
v -0.02425000072 0.04915226251 0.08760111034
v -0.02375000156 0.04916473851 0.0877211839
v -0.02325000055 0.04917721823 0.08784125745
v -0.0227500014 0.04918969423 0.08796131611
v -0.02225000039 0.04921464995 0.08820146322
v -0.02175000124 0.04922712594 0.08832155168
v -0.02125000022 0.04922712594 0.08832155168
v -0.02075000107 0.04922712594 0.08832155168
v -0.02025000006 0.04922712594 0.08832155168
v -0.01975000091 0.04921464995 0.08820146322
v -0.01925000176 0.04922712594 0.08832155168
v -0.01875000075 0.04921464995 0.08820146322
v -0.01825000159 0.04918969423 0.08796131611
v -0.01775000058 0.04917721823 0.08784125745
v -0.01725000143 0.04913978651 0.08748105168
v -0.01675000042 0.04910235479 0.08712083101
v -0.01625000127 0.04905244336 0.08664053679
v -0.01575000025 0.04901501536 0.08628033102
v 0.01025000028 0.04357371479 0.03349144012
v 0.01075000037 0.04363772646 0.03412535042
v 0.01125000045 0.0436761342 0.0345056802
v 0.01175000053 0.04372734204 0.03501280397
v 0.01225000061 0.04377855361 0.03551992029
v 0.01275000069 0.04381696135 0.03590025753
v 0.01325000077 0.04382976517 0.03602703661
v 0.01375000086 0.04384256527 0.03615383059
v 0.01425000094 0.04384256527 0.03615383059
v 0.01475000102 0.04384256527 0.03615383059
v 0.0152500011 0.04384256527 0.03615383059
v 0.01575000025 0.04385536909 0.03628058732
v 0.01625000127 0.04389377311 0.036660932
v 0.01675000042 0.04390657693 0.03678771108
v 0.01725000143 0.04393218458 0.03704128414
v 0.01775000058 0.04394498467 0.03716804832
v 0.01825000159 0.04394498467 0.03716804832
v 0.01875000075 0.04394498467 0.03716804832
v 0.01925000176 0.0439577885 0.03729483485
v 0.01975000091 0.04394498467 0.03716804832
v 0.02025000006 0.04393218458 0.03704128414
v 0.02075000107 0.04393218458 0.03704128414
v 0.02125000022 0.04389377311 0.036660932
v 0.02175000124 0.04388097301 0.03653416038
v 0.02225000039 0.04376574978 0.03539313376
v 0.0227500014 0.0436761342 0.0345056802
v -0.05950000137 0.04956577346 0.08495789766
v -0.05900000408 0.04960303754 0.08531813323
v -0.05850000307 0.04961545765 0.08543819189
v -0.05800000206 0.04961545765 0.08543819189
v -0.05750000104 0.04961545765 0.08543819189
v -0.05700000376 0.0496278815 0.08555826545
v -0.05650000274 0.04964030534 0.08567835391
v -0.05600000173 0.04965272546 0.08579839766
v -0.05550000444 0.04964030534 0.08567835391
v -0.05500000343 0.04965272546 0.08579839766
v -0.05450000241 0.04965272546 0.08579839766
v -0.0540000014 0.04965272546 0.08579839766
v -0.05350000411 0.04966514558 0.08591848612
v -0.0530000031 0.04966514558 0.08591848612
v -0.05250000209 0.04968998954 0.08615864813
v -0.05200000107 0.04968998954 0.08615864813
v -0.05150000378 0.04970240965 0.08627870679
v -0.05100000277 0.0497148335 0.08639876544
v -0.05050000176 0.0497148335 0.08639876544
v -0.05000000075 0.0497148335 0.08639876544
v -0.04950000346 0.04972725734 0.0865188539
v -0.04900000244 0.04972725734 0.0865188539
v -0.04850000143 0.04973967746 0.08663891256
v -0.04800000042 0.04973967746 0.08663891256
v -0.04750000313 0.04975209758 0.08675898612
v -0.04700000212 0.04973967746 0.08663891256
v -0.0465000011 0.04973967746 0.08663891256
v -0.04600000381 0.04973967746 0.08663891256
v -0.0455000028 0.04972725734 0.0865188539
v -0.04500000179 0.04972725734 0.0865188539
v -0.04450000077 0.04970240965 0.08627870679
v -0.04400000349 0.0497148335 0.08639876544
v -0.04350000247 0.0497148335 0.08639876544
v -0.04300000146 0.04970240965 0.08627870679
v -0.04250000045 0.0497148335 0.08639876544
v -0.04200000316 0.0497148335 0.08639876544
v -0.04150000215 0.0497148335 0.08639876544
v -0.04100000113 0.0497148335 0.08639876544
v -0.04050000012 0.0497148335 0.08639876544
v -0.04000000283 0.0497148335 0.08639876544
v -0.03950000182 0.04972725734 0.0865188539
v -0.0390000008 0.04973967746 0.08663891256
v -0.03850000352 0.04973967746 0.08663891256
v -0.0380000025 0.04973967746 0.08663891256
v -0.03750000149 0.04973967746 0.08663891256
v -0.03700000048 0.04973967746 0.08663891256
v -0.03650000319 0.04973967746 0.08663891256
v -0.03600000218 0.04975209758 0.08675898612
v -0.03550000116 0.04975209758 0.08675898612
v -0.03500000015 0.04975209758 0.08675898612
v -0.03450000286 0.04975209758 0.08675898612
v -0.03400000185 0.04976452142 0.08687907457
v -0.03350000083 0.04976452142 0.08687907457
v -0.03299999982 0.04976452142 0.08687907457
v -0.03250000253 0.04977694154 0.08699913323
v -0.03200000152 0.04978936166 0.08711920679
v -0.03150000051 0.04977694154 0.08699913323
v -0.03100000136 0.04977694154 0.08699913323
v -0.03050000221 0.0498017855 0.08723928034
v -0.03000000119 0.04978936166 0.08711920679
v -0.02950000204 0.0498017855 0.08723928034
v -0.02900000103 0.04978936166 0.08711920679
v -0.02850000188 0.0498017855 0.08723928034
v -0.02800000086 0.0498017855 0.08723928034
v -0.02750000171 0.0498017855 0.08723928034
v -0.0270000007 0.0498017855 0.08723928034
v -0.02650000155 0.04981420562 0.0873593688
v -0.02600000054 0.04981420562 0.0873593688
v -0.02550000139 0.04981420562 0.0873593688
v -0.02500000037 0.04983904958 0.08759948611
v -0.02450000122 0.04982662946 0.08747942746
v -0.02400000021 0.04982662946 0.08747942746
v -0.02350000106 0.04983904958 0.08759948611
v -0.02300000191 0.04985147342 0.08771957457
v -0.02250000089 0.04987631366 0.08795970678
v -0.02200000174 0.0498887375 0.08807978034
v -0.02150000073 0.0498887375 0.08807978034
v -0.02100000158 0.04991358146 0.08831994236
v -0.02050000057 0.04991358146 0.08831994236
v -0.02000000142 0.04990115762 0.0881998539
v -0.0195000004 0.04990115762 0.0881998539
v -0.01900000125 0.04991358146 0.08831994236
v -0.01850000024 0.04990115762 0.0881998539
v -0.01800000109 0.04986389354 0.08783964813
v -0.01750000007 0.04985147342 0.08771957457
v -0.01700000092 0.04981420562 0.0873593688
v -0.01649999991 0.04977694154 0.08699913323
v -0.01600000076 0.04970240965 0.08627870679
v -0.01550000068 0.04957819358 0.08507798612
v 0.008500000462 0.04416074604 0.03222253919
v 0.009000000544 0.04421164095 0.0327296257
v 0.009500000626 0.04424980655 0.03310993314
v 0.01000000071 0.04428797588 0.03349024802
v 0.01050000079 0.04433886707 0.03399732709
v 0.01100000087 0.04438975826 0.0345044136
v 0.01150000095 0.04444065318 0.03501150757
v 0.0120000001 0.04447881877 0.03539181501
v 0.01250000019 0.0445169881 0.03577212244
v 0.01300000027 0.04455515742 0.03615245223
v 0.01350000035 0.04456787929 0.03627920896
v 0.01400000043 0.04458060488 0.03640598804
v 0.01450000051 0.04458060488 0.03640598804
v 0.0150000006 0.04458060488 0.03640598804
v 0.01550000068 0.04454243556 0.03602567315
v 0.01600000076 0.04455515742 0.03615245223
v 0.01649999991 0.04455515742 0.03615245223
v 0.01700000092 0.04458060488 0.03640598804
v 0.01750000007 0.04459332675 0.03653275967
v 0.01800000109 0.04458060488 0.03640598804
v 0.01850000024 0.04459332675 0.03653275967
v 0.01900000125 0.04458060488 0.03640598804
v 0.0195000004 0.04458060488 0.03640598804
v 0.02000000142 0.04459332675 0.03653275967
v 0.02050000057 0.04458060488 0.03640598804
v 0.02100000158 0.04452970996 0.03589890152
v 0.02150000073 0.04454243556 0.03602567315
v 0.02200000174 0.0443261452 0.03387057781
v 0.02250000089 0.04436431453 0.03425088525
v -0.05975000188 0.05026615039 0.08507633209
v -0.05925000459 0.05031561479 0.08555662632
v -0.05875000358 0.05034034699 0.08579675853
v -0.05825000256 0.05034034699 0.08579675853
v -0.05775000155 0.05032798275 0.08567669988
v -0.05725000426 0.05032798275 0.08567669988
v -0.05675000325 0.05034034699 0.08579675853
v -0.05625000224 0.05034034699 0.08579675853
v -0.05575000122 0.05035271496 0.08591684699
v -0.05525000393 0.05035271496 0.08591684699
v -0.05475000292 0.05035271496 0.08591684699
v -0.05425000191 0.05035271496 0.08591684699
v -0.05375000089 0.05036507919 0.08603692055
v -0.05325000361 0.05037744716 0.08615700901
v -0.05275000259 0.05037744716 0.08615700901
v -0.05225000158 0.0503898114 0.08627706766
v -0.05175000429 0.05041454732 0.08651722968
v -0.05125000328 0.05041454732 0.08651722968
v -0.05075000226 0.05041454732 0.08651722968
v -0.05025000125 0.05042691156 0.08663728833
v -0.04975000396 0.05041454732 0.08651722968
v -0.04925000295 0.05041454732 0.08651722968
v -0.04875000194 0.05042691156 0.08663728833
v -0.04825000092 0.05042691156 0.08663728833
v -0.04775000364 0.05042691156 0.08663728833
v -0.04725000262 0.05042691156 0.08663728833
v -0.04675000161 0.05041454732 0.08651722968
v -0.0462500006 0.05040217936 0.08639714122
v -0.04575000331 0.0503898114 0.08627706766
v -0.04525000229 0.0503898114 0.08627706766
v -0.04475000128 0.0503898114 0.08627706766
v -0.04425000027 0.0503898114 0.08627706766
v -0.04375000298 0.0503898114 0.08627706766
v -0.04325000197 0.0503898114 0.08627706766
v -0.04275000095 0.0503898114 0.08627706766
v -0.04225000367 0.05040217936 0.08639714122
v -0.04175000265 0.0503898114 0.08627706766
v -0.04125000164 0.0503898114 0.08627706766
v -0.04075000063 0.0503898114 0.08627706766
v -0.04025000334 0.0503898114 0.08627706766
v -0.03975000232 0.05040217936 0.08639714122
v -0.03925000131 0.05040217936 0.08639714122
v -0.0387500003 0.05041454732 0.08651722968
v -0.03825000301 0.05040217936 0.08639714122
v -0.037750002 0.05041454732 0.08651722968
v -0.03725000098 0.05041454732 0.08651722968
v -0.03674999997 0.05041454732 0.08651722968
v -0.03625000268 0.05041454732 0.08651722968
v -0.03575000167 0.05042691156 0.08663728833
v -0.03525000066 0.05042691156 0.08663728833
v -0.03475000337 0.05042691156 0.08663728833
v -0.03425000235 0.0504392758 0.08675736189
v -0.03375000134 0.0504392758 0.08675736189
v -0.03325000033 0.05045164376 0.08687745035
v -0.03275000304 0.0504392758 0.08675736189
v -0.03225000203 0.05045164376 0.08687745035
v -0.03175000101 0.05045164376 0.08687745035
v -0.03125 0.05045164376 0.08687745035
v -0.03075000085 0.05046401173 0.0869975239
v -0.0302500017 0.05047637597 0.08711758256
v -0.02975000069 0.05046401173 0.0869975239
v -0.02925000153 0.05047637597 0.08711758256
v -0.02875000052 0.05047637597 0.08711758256
v -0.02825000137 0.05047637597 0.08711758256
v -0.02775000222 0.05047637597 0.08711758256
v -0.02725000121 0.05047637597 0.08711758256
v -0.02675000206 0.05048874393 0.08723765612
v -0.02625000104 0.05050110817 0.08735774457
v -0.02575000189 0.05050110817 0.08735774457
v -0.02525000088 0.05050110817 0.08735774457
v -0.02475000173 0.05050110817 0.08735774457
v -0.02425000072 0.05050110817 0.08735774457
v -0.02375000156 0.05051347613 0.08747781813
v -0.02325000055 0.05052584037 0.08759787679
v -0.0227500014 0.05053820834 0.08771796525
v -0.02225000039 0.0505505763 0.0878380388
v -0.02175000124 0.05056294054 0.08795809746
v -0.02125000022 0.05057530478 0.08807818592
v -0.02075000107 0.0506000407 0.08831833303
v -0.02025000006 0.05058767274 0.08819825947
v -0.01975000091 0.05058767274 0.08819825947
v -0.01925000176 0.0506000407 0.08831833303
v -0.01875000075 0.05058767274 0.08819825947
v -0.01825000159 0.05057530478 0.08807818592
v -0.01775000058 0.05053820834 0.08771796525
v -0.01725000143 0.05051347613 0.08747781813
v -0.01675000042 0.05047637597 0.08711758256
v -0.01625000127 0.05042691156 0.08663728833
v -0.01575000025 0.05037744716 0.08615700901
v -0.0152500011 0.05010538921 0.08351537585
v 0.007750000339 0.04487580433 0.0322214216
v 0.008249999955 0.04491373524 0.03260171413
v 0.008750000037 0.04495166615 0.03298201412
v 0.009250000119 0.04498959705 0.0333622992
v 0.009750000201 0.0450148806 0.03361581266
v 0.01025000028 0.0450528115 0.03399609774
v 0.01075000037 0.04509074241 0.03437638283
v 0.01125000045 0.04515396059 0.03501020372
v 0.01175000053 0.04519188777 0.0353904888
v 0.01225000061 0.04522981867 0.03577077389
v 0.01275000069 0.04524246231 0.03589754552
v 0.01325000077 0.04526774958 0.03615108132
v 0.01375000086 0.04528039321 0.03627782315
v 0.01425000094 0.04529303685 0.03640459478
v 0.01475000102 0.04529303685 0.03640459478
v 0.0152500011 0.04530568048 0.03653136641
v 0.01575000025 0.04526774958 0.03615108132
v 0.01625000127 0.04525510594 0.03602430969
v 0.01675000042 0.04522981867 0.03577077389
v 0.01725000143 0.0452045314 0.03551726043
v 0.01775000058 0.04517924786 0.03526374698
v 0.01825000159 0.0452045314 0.03551726043
v 0.01875000075 0.0452045314 0.03551726043
v 0.01925000176 0.0452045314 0.03551726043
v 0.01975000091 0.04519188777 0.0353904888
v 0.02025000006 0.04519188777 0.0353904888
v 0.02075000107 0.04517924786 0.03526374698
v 0.02125000022 0.04515396059 0.03501020372
v 0.02175000124 0.04498959705 0.0333622992
v -0.06000000238 0.05094179139 0.08495458961
v -0.05950000137 0.05100334436 0.08555497229
v -0.05900000408 0.0510279648 0.0857951194
v -0.05850000307 0.0510279648 0.0857951194
v -0.05800000206 0.05101565644 0.08567506075
v -0.05750000104 0.05101565644 0.08567506075
v -0.05700000376 0.0510279648 0.0857951194
v -0.05650000274 0.05104027689 0.08591520786
v -0.05600000173 0.0510279648 0.0857951194
v -0.05550000444 0.05104027689 0.08591520786
v -0.05500000343 0.05105258897 0.08603528142
v -0.05450000241 0.05105258897 0.08603528142
v -0.0540000014 0.05105258897 0.08603528142
v -0.05350000411 0.05106490105 0.08615536988
v -0.0530000031 0.05107720941 0.08627542853
v -0.05250000209 0.05107720941 0.08627542853
v -0.05200000107 0.0510895215 0.08639551699
v -0.05150000378 0.05110183358 0.08651560545
v -0.05100000277 0.05111414194 0.08663566411
v -0.05050000176 0.05110183358 0.08651560545
v -0.05000000075 0.05111414194 0.08663566411
v -0.04950000346 0.05111414194 0.08663566411
v -0.04900000244 0.05111414194 0.08663566411
v -0.04850000143 0.05111414194 0.08663566411
v -0.04800000042 0.05110183358 0.08651560545
v -0.04750000313 0.05111414194 0.08663566411
v -0.04700000212 0.05110183358 0.08651560545
v -0.0465000011 0.05107720941 0.08627542853
v -0.04600000381 0.05107720941 0.08627542853
v -0.0455000028 0.05106490105 0.08615536988
v -0.04500000179 0.05107720941 0.08627542853
v -0.04450000077 0.05107720941 0.08627542853
v -0.04400000349 0.05107720941 0.08627542853
v -0.04350000247 0.05106490105 0.08615536988
v -0.04300000146 0.05106490105 0.08615536988
v -0.04250000045 0.05107720941 0.08627542853
v -0.04200000316 0.05107720941 0.08627542853
v -0.04150000215 0.05106490105 0.08615536988
v -0.04100000113 0.05106490105 0.08615536988
v -0.04050000012 0.05107720941 0.08627542853
v -0.04000000283 0.05107720941 0.08627542853
v -0.03950000182 0.05107720941 0.08627542853
v -0.0390000008 0.05107720941 0.08627542853
v -0.03850000352 0.05107720941 0.08627542853
v -0.0380000025 0.0510895215 0.08639551699
v -0.03750000149 0.0510895215 0.08639551699
v -0.03700000048 0.0510895215 0.08639551699
v -0.03650000319 0.05110183358 0.08651560545
v -0.03600000218 0.05110183358 0.08651560545
v -0.03550000116 0.05110183358 0.08651560545
v -0.03500000015 0.05111414194 0.08663566411
v -0.03450000286 0.05111414194 0.08663566411
v -0.03400000185 0.05112645403 0.08675573766
v -0.03350000083 0.05111414194 0.08663566411
v -0.03299999982 0.05112645403 0.08675573766
v -0.03250000253 0.05112645403 0.08675573766
v -0.03200000152 0.05112645403 0.08675573766
v -0.03150000051 0.05112645403 0.08675573766
v -0.03100000136 0.05113876611 0.08687582612
v -0.03050000221 0.05113876611 0.08687582612
v -0.03000000119 0.05115107447 0.08699589968
v -0.02950000204 0.05115107447 0.08699589968
v -0.02900000103 0.05115107447 0.08699589968
v -0.02850000188 0.05115107447 0.08699589968
v -0.02800000086 0.05115107447 0.08699589968
v -0.02750000171 0.05116338655 0.08711597323
v -0.0270000007 0.05116338655 0.08711597323
v -0.02650000155 0.05116338655 0.08711597323
v -0.02600000054 0.05117569491 0.08723604679
v -0.02550000139 0.05116338655 0.08711597323
v -0.02500000037 0.05116338655 0.08711597323
v -0.02450000122 0.05117569491 0.08723604679
v -0.02400000021 0.05117569491 0.08723604679
v -0.02350000106 0.05120031908 0.08747620881
v -0.02300000191 0.05120031908 0.08747620881
v -0.02250000089 0.05121262744 0.08759626746
v -0.02200000174 0.05123725161 0.08783642948
v -0.02150000073 0.05124955997 0.08795648813
v -0.02100000158 0.05126187205 0.08807657659
v -0.02050000057 0.05127418414 0.08819665015
v -0.02000000142 0.05127418414 0.08819665015
v -0.0195000004 0.05127418414 0.08819665015
v -0.01900000125 0.05126187205 0.08807657659
v -0.01850000024 0.05127418414 0.08819665015
v -0.01800000109 0.05124955997 0.08795648813
v -0.01750000007 0.051188007 0.08735613525
v -0.01700000092 0.05117569491 0.08723604679
v -0.01649999991 0.05112645403 0.08675573766
v -0.01600000076 0.05107720941 0.08627542853
v -0.01550000068 0.05104027689 0.08591520786
v -0.0150000006 0.0508309938 0.08387392759
v 0.007500000298 0.04564112052 0.03272733092
v 0.00800000038 0.04569137469 0.03323435038
v 0.008500000462 0.04570394009 0.03336111456
v 0.009000000544 0.04571650177 0.03348785639
v 0.009500000626 0.04576675966 0.0339948684
v 0.01000000071 0.04576675966 0.0339948684
v 0.01050000079 0.04580444843 0.03437513113
v 0.01100000087 0.04585470632 0.03488214314
v 0.01150000095 0.0458923988 0.03526242822
v 0.0120000001 0.04591752589 0.03551592678
v 0.01250000019 0.04594265297 0.03576943278
v 0.01300000027 0.04596778005 0.03602294624
v 0.01350000035 0.04598034546 0.03614971042
v 0.01400000043 0.04598034546 0.03614971042
v 0.01450000051 0.04599290714 0.03627644479
v 0.0150000006 0.04600547254 0.03640320897
v 0.01550000068 0.04599290714 0.03627644479
v 0.01600000076 0.04596778005 0.03602294624
v 0.01649999991 0.04591752589 0.03551592678
v 0.01700000092 0.04584214091 0.03475540876
v 0.01750000007 0.04584214091 0.03475540876
v 0.01800000109 0.04584214091 0.03475540876
v 0.01850000024 0.04584214091 0.03475540876
v 0.01900000125 0.04584214091 0.03475540876
v 0.0195000004 0.04584214091 0.03475540876
v 0.02000000142 0.04585470632 0.03488214314
v 0.02050000057 0.04577932134 0.03412163258
v 0.02100000158 0.04570394009 0.03336111456
v -0.06025000289 0.0515807718 0.08447264135
v -0.05975000188 0.05165430531 0.08519311249
v -0.05925000459 0.0516910702 0.08555333316
v -0.05875000358 0.0516910702 0.08555333316
v -0.05825000256 0.0516910702 0.08555333316
v -0.05775000155 0.0516910702 0.08555333316
v -0.05725000426 0.0517033264 0.08567342162
v -0.05675000325 0.0517033264 0.08567342162
v -0.05625000224 0.0517033264 0.08567342162
v -0.05575000122 0.05171558261 0.08579348028
v -0.05525000393 0.05172783881 0.08591356874
v -0.05475000292 0.05171558261 0.08579348028
v -0.05425000191 0.05172783881 0.08591356874
v -0.05375000089 0.05174009129 0.08603365719
v -0.05325000361 0.05174009129 0.08603365719
v -0.05275000259 0.0517523475 0.08615374565
v -0.05225000158 0.0517523475 0.08615374565
v -0.05175000429 0.0517646037 0.08627380431
v -0.05125000328 0.05177685991 0.08639387786
v -0.05075000226 0.05178911611 0.08651396632
v -0.05025000125 0.05178911611 0.08651396632
v -0.04975000396 0.05178911611 0.08651396632
v -0.04925000295 0.05180136859 0.08663402498
v -0.04875000194 0.0518136248 0.08675411344
v -0.04825000092 0.05178911611 0.08651396632
v -0.04775000364 0.05178911611 0.08651396632
v -0.04725000262 0.05178911611 0.08651396632
v -0.04675000161 0.0517646037 0.08627380431
v -0.0462500006 0.0517523475 0.08615374565
v -0.04575000331 0.0517523475 0.08615374565
v -0.04525000229 0.05174009129 0.08603365719
v -0.04475000128 0.0517523475 0.08615374565
v -0.04425000027 0.0517523475 0.08615374565
v -0.04375000298 0.05174009129 0.08603365719
v -0.04325000197 0.0517523475 0.08615374565
v -0.04275000095 0.0517523475 0.08615374565
v -0.04225000367 0.0517523475 0.08615374565
v -0.04175000265 0.05174009129 0.08603365719
v -0.04125000164 0.0517523475 0.08615374565
v -0.04075000063 0.0517523475 0.08615374565
v -0.04025000334 0.0517523475 0.08615374565
v -0.03975000232 0.0517523475 0.08615374565
v -0.03925000131 0.0517523475 0.08615374565
v -0.0387500003 0.0517523475 0.08615374565
v -0.03825000301 0.0517646037 0.08627380431
v -0.037750002 0.05177685991 0.08639387786
v -0.03725000098 0.05177685991 0.08639387786
v -0.03674999997 0.05177685991 0.08639387786
v -0.03625000268 0.05177685991 0.08639387786
v -0.03575000167 0.05178911611 0.08651396632
v -0.03525000066 0.05178911611 0.08651396632
v -0.03475000337 0.05178911611 0.08651396632
v -0.03425000235 0.05180136859 0.08663402498
v -0.03375000134 0.05178911611 0.08651396632
v -0.03325000033 0.05180136859 0.08663402498
v -0.03275000304 0.0518136248 0.08675411344
v -0.03225000203 0.05180136859 0.08663402498
v -0.03175000101 0.0518136248 0.08675411344
v -0.03125 0.051825881 0.08687420189
v -0.03075000085 0.051825881 0.08687420189
v -0.0302500017 0.051825881 0.08687420189
v -0.02975000069 0.051825881 0.08687420189
v -0.02925000153 0.051825881 0.08687420189
v -0.02875000052 0.051825881 0.08687420189
v -0.02825000137 0.05183813721 0.08699427545
v -0.02775000222 0.051825881 0.08687420189
v -0.02725000121 0.05183813721 0.08699427545
v -0.02675000206 0.05183813721 0.08699427545
v -0.02625000104 0.05183813721 0.08699427545
v -0.02575000189 0.05183813721 0.08699427545
v -0.02525000088 0.05183813721 0.08699427545
v -0.02475000173 0.05185038969 0.08711434901
v -0.02425000072 0.05185038969 0.08711434901
v -0.02375000156 0.05186264589 0.08723442256
v -0.02325000055 0.0518749021 0.08735451102
v -0.0227500014 0.0518871583 0.08747458458
v -0.02225000039 0.05189941451 0.08759465814
v -0.02175000124 0.05192392319 0.08783482015
v -0.02125000022 0.0519361794 0.08795487881
v -0.02075000107 0.0519361794 0.08795487881
v -0.02025000006 0.05196069181 0.08819504082
v -0.01975000091 0.0519484356 0.08807496727
v -0.01925000176 0.0519484356 0.08807496727
v -0.01875000075 0.0519361794 0.08795487881
v -0.01825000159 0.05192392319 0.08783482015
v -0.01775000058 0.0518749021 0.08735451102
v -0.01725000143 0.05186264589 0.08723442256
v -0.01675000042 0.051825881 0.08687420189
v -0.01625000127 0.05177685991 0.08639387786
v -0.01575000025 0.05171558261 0.08579348028
v -0.0152500011 0.0515072383 0.08375217021
v 0.007250000257 0.04640579596 0.03323317319
v 0.007750000339 0.04646822065 0.03386691213
v 0.008249999955 0.04650567099 0.03424714506
v 0.008750000037 0.04651815444 0.03437387943
v 0.009250000119 0.04651815444 0.03437387943
v 0.009750000201 0.04651815444 0.03437387943
v 0.01025000028 0.04653063789 0.03450062126
v 0.01075000037 0.04655560851 0.03475412726
v 0.01125000045 0.04658057541 0.03500761092
v 0.01175000053 0.04660554603 0.03526111692
v 0.01225000061 0.04663051292 0.03551460057
v 0.01275000069 0.04665548354 0.03576808423
v 0.01325000077 0.04666796699 0.03589483351
v 0.01375000086 0.04666796699 0.03589483351
v 0.01425000094 0.04669293761 0.03614833206
v 0.01475000102 0.04670542106 0.03627505898
v 0.0152500011 0.04669293761 0.03614833206
v 0.01575000025 0.04666796699 0.03589483351
v 0.01625000127 0.0466430001 0.03564134985
v 0.01675000042 0.04656809196 0.03488085419
v 0.01725000143 0.04651815444 0.03437387943
v 0.01775000058 0.04649318755 0.03412039578
v 0.01825000159 0.04648070037 0.03399363905
v 0.01875000075 0.04650567099 0.03424714506
v 0.01925000176 0.04648070037 0.03399363905
v 0.01975000091 0.04646822065 0.03386691213
v -0.05950000137 0.05231780186 0.08495128155
v -0.05900000408 0.05234220624 0.08519145846
v -0.05850000307 0.05234220624 0.08519145846
v -0.05800000206 0.05234220624 0.08519145846
v -0.05750000104 0.05234220624 0.08519145846
v -0.05700000376 0.05233000219 0.08507138491
v -0.05650000274 0.05234220624 0.08519145846
v -0.05600000173 0.05236660317 0.08543162048
v -0.05550000444 0.05237880349 0.08555169404
v -0.05500000343 0.05237880349 0.08555169404
v -0.05450000241 0.05239100382 0.08567178249
v -0.0540000014 0.05240320414 0.08579184115
v -0.05350000411 0.05240320414 0.08579184115
v -0.0530000031 0.05241540447 0.08591194451
v -0.05250000209 0.05241540447 0.08591194451
v -0.05200000107 0.05242760479 0.08603201807
v -0.05150000378 0.05245200545 0.08627216518
v -0.05100000277 0.05246420577 0.08639225364
v -0.05050000176 0.05246420577 0.08639225364
v -0.05000000075 0.05246420577 0.08639225364
v -0.04950000346 0.0524764061 0.0865123421
v -0.04900000244 0.0524886027 0.08663240075
v -0.04850000143 0.0524886027 0.08663240075
v -0.04800000042 0.05245200545 0.08627216518
v -0.04750000313 0.05245200545 0.08627216518
v -0.04700000212 0.05246420577 0.08639225364
v -0.0465000011 0.05243980512 0.08615210652
v -0.04600000381 0.05243980512 0.08615210652
v -0.0455000028 0.05242760479 0.08603201807
v -0.04500000179 0.05242760479 0.08603201807
v -0.04450000077 0.05243980512 0.08615210652
v -0.04400000349 0.05242760479 0.08603201807
v -0.04350000247 0.05242760479 0.08603201807
v -0.04300000146 0.05242760479 0.08603201807
v -0.04250000045 0.05242760479 0.08603201807
v -0.04200000316 0.05242760479 0.08603201807
v -0.04150000215 0.05242760479 0.08603201807
v -0.04100000113 0.05243980512 0.08615210652
v -0.04050000012 0.05243980512 0.08615210652
v -0.04000000283 0.05243980512 0.08615210652
v -0.03950000182 0.05242760479 0.08603201807
v -0.0390000008 0.05243980512 0.08615210652
v -0.03850000352 0.05243980512 0.08615210652
v -0.0380000025 0.05245200545 0.08627216518
v -0.03750000149 0.05246420577 0.08639225364
v -0.03700000048 0.05245200545 0.08627216518
v -0.03650000319 0.05246420577 0.08639225364
v -0.03600000218 0.05246420577 0.08639225364
v -0.03550000116 0.0524764061 0.0865123421
v -0.03500000015 0.0524764061 0.0865123421
v -0.03450000286 0.0524764061 0.0865123421
v -0.03400000185 0.0524764061 0.0865123421
v -0.03350000083 0.0524764061 0.0865123421
v -0.03299999982 0.0524886027 0.08663240075
v -0.03250000253 0.0524886027 0.08663240075
v -0.03200000152 0.0524886027 0.08663240075
v -0.03150000051 0.05250080302 0.08675247431
v -0.03100000136 0.05250080302 0.08675247431
v -0.03050000221 0.05251300335 0.08687257767
v -0.03000000119 0.05250080302 0.08675247431
v -0.02950000204 0.05250080302 0.08675247431
v -0.02900000103 0.05251300335 0.08687257767
v -0.02850000188 0.05250080302 0.08675247431
v -0.02800000086 0.05250080302 0.08675247431
v -0.02750000171 0.05250080302 0.08675247431
v -0.0270000007 0.05251300335 0.08687257767
v -0.02650000155 0.05251300335 0.08687257767
v -0.02600000054 0.05251300335 0.08687257767
v -0.02550000139 0.05252520368 0.08699265122
v -0.02500000037 0.05252520368 0.08699265122
v -0.02450000122 0.05252520368 0.08699265122
v -0.02400000021 0.05252520368 0.08699265122
v -0.02350000106 0.05254960433 0.08723281324
v -0.02300000191 0.05256180465 0.0873529017
v -0.02250000089 0.05257400498 0.08747297525
v -0.02200000174 0.05259840563 0.08771313727
v -0.02150000073 0.05261060596 0.08783321083
v -0.02100000158 0.05262280256 0.08795326948
v -0.02050000057 0.05262280256 0.08795326948
v -0.02000000142 0.05263500288 0.08807335794
v -0.0195000004 0.05262280256 0.08795326948
v -0.01900000125 0.05262280256 0.08795326948
v -0.01850000024 0.05261060596 0.08783321083
v -0.01800000109 0.0525862053 0.08759303391
v -0.01750000007 0.05256180465 0.0873529017
v -0.01700000092 0.05251300335 0.08687257767
v -0.01649999991 0.05245200545 0.08627216518
v -0.01600000076 0.05239100382 0.08567178249
v -0.01550000068 0.05214700475 0.08327017725
v 0.006000000052 0.04704578966 0.03247157484
v 0.006500000134 0.04712021723 0.033231996
v 0.007000000216 0.0471698381 0.03373894095
v 0.007500000298 0.04720705003 0.03411915153
v 0.00800000038 0.04724426568 0.03449936211
v 0.008500000462 0.04726907611 0.03475284576
v 0.009000000544 0.04729388282 0.03500631452
v 0.009500000626 0.04729388282 0.03500631452
v 0.01000000071 0.0472814776 0.03487956524
v 0.01050000079 0.0472814776 0.03487956524
v 0.01100000087 0.0472814776 0.03487956524
v 0.01150000095 0.04730629176 0.03513305634
v 0.0120000001 0.04731869698 0.03525980562
v 0.01250000019 0.04733109847 0.03538651764
v 0.01300000027 0.0473559089 0.03564000875
v 0.01350000035 0.0473559089 0.03564000875
v 0.01400000043 0.04736831412 0.03576673567
v 0.01450000051 0.04738071933 0.03589347005
v 0.0150000006 0.0473559089 0.03564000875
v 0.01550000068 0.04734350368 0.03551326692
v 0.01600000076 0.04731869698 0.03525980562
v 0.01649999991 0.0472814776 0.03487956524
v 0.01700000092 0.04725667089 0.03462610394
v 0.01750000007 0.04720705003 0.03411915153
v 0.01800000109 0.04715743288 0.03361219913
v 0.01850000024 0.04715743288 0.03361219913
v 0.01900000125 0.04715743288 0.03361219913
v 0.0195000004 0.0470954068 0.03297852725
v -0.05825000256 0.05290865526 0.08398899436
v -0.05775000155 0.0529207997 0.08410906792
v -0.05725000426 0.05293294415 0.08422915637
v -0.05675000325 0.05298152193 0.08470949531
v -0.05625000224 0.05299366638 0.08482956886
v -0.05575000122 0.05300581083 0.08494962752
v -0.05525000393 0.05300581083 0.08494962752
v -0.05475000292 0.05300581083 0.08494962752
v -0.05425000191 0.05304224417 0.08530990779
v -0.05375000089 0.05303009972 0.08518980443
v -0.05325000361 0.05305438861 0.08542996645
v -0.05275000259 0.05306653306 0.08555005491
v -0.05225000158 0.05307867751 0.08567014337
v -0.05175000429 0.0531029664 0.08591030538
v -0.05125000328 0.05311511457 0.08603037894
v -0.05075000226 0.05313939974 0.08627054095
v -0.05025000125 0.05313939974 0.08627054095
v -0.04975000396 0.05313939974 0.08627054095
v -0.04925000295 0.05315154791 0.08639061451
v -0.04875000194 0.05316369236 0.08651071787
v -0.04825000092 0.05315154791 0.08639061451
v -0.04775000364 0.05312725902 0.0861504674
v -0.04725000262 0.05313939974 0.08627054095
v -0.04675000161 0.05312725902 0.0861504674
v -0.0462500006 0.05311511457 0.08603037894
v -0.04575000331 0.05311511457 0.08603037894
v -0.04525000229 0.0531029664 0.08591030538
v -0.04475000128 0.05311511457 0.08603037894
v -0.04425000027 0.05311511457 0.08603037894
v -0.04375000298 0.0531029664 0.08591030538
v -0.04325000197 0.0531029664 0.08591030538
v -0.04275000095 0.05311511457 0.08603037894
v -0.04225000367 0.05311511457 0.08603037894
v -0.04175000265 0.05311511457 0.08603037894
v -0.04125000164 0.05311511457 0.08603037894
v -0.04075000063 0.05311511457 0.08603037894
v -0.04025000334 0.05311511457 0.08603037894
v -0.03975000232 0.05311511457 0.08603037894
v -0.03925000131 0.05311511457 0.08603037894
v -0.0387500003 0.05312725902 0.0861504674
v -0.03825000301 0.05312725902 0.0861504674
v -0.037750002 0.05312725902 0.0861504674
v -0.03725000098 0.05312725902 0.0861504674
v -0.03674999997 0.05313939974 0.08627054095
v -0.03625000268 0.05313939974 0.08627054095
v -0.03575000167 0.05315154791 0.08639061451
v -0.03525000066 0.05315154791 0.08639061451
v -0.03475000337 0.05315154791 0.08639061451
v -0.03425000235 0.05315154791 0.08639061451
v -0.03375000134 0.05315154791 0.08639061451
v -0.03325000033 0.05315154791 0.08639061451
v -0.03275000304 0.05316369236 0.08651071787
v -0.03225000203 0.05317583308 0.08663077652
v -0.03175000101 0.05317583308 0.08663077652
v -0.03125 0.05317583308 0.08663077652
v -0.03075000085 0.05317583308 0.08663077652
v -0.0302500017 0.05317583308 0.08663077652
v -0.02975000069 0.05317583308 0.08663077652
v -0.02925000153 0.05317583308 0.08663077652
v -0.02875000052 0.05317583308 0.08663077652
v -0.02825000137 0.05317583308 0.08663077652
v -0.02775000222 0.05317583308 0.08663077652
v -0.02725000121 0.05318798125 0.08675085008
v -0.02675000206 0.05318798125 0.08675085008
v -0.02625000104 0.05318798125 0.08675085008
v -0.02575000189 0.05321227014 0.086991027
v -0.02525000088 0.05321227014 0.086991027
v -0.02475000173 0.05321227014 0.086991027
v -0.02425000072 0.05321227014 0.086991027
v -0.02375000156 0.05322441459 0.08711110055
v -0.02325000055 0.05323655903 0.08723118901
v -0.0227500014 0.05324870348 0.08735127747
v -0.02225000039 0.05326084793 0.08747136593
v -0.02175000124 0.05328513682 0.08771152794
v -0.02125000022 0.05329728127 0.0878316015
v -0.02075000107 0.05329728127 0.0878316015
v -0.02025000006 0.05329728127 0.0878316015
v -0.01975000091 0.05330942571 0.08795166016
v -0.01925000176 0.05329728127 0.0878316015
v -0.01875000075 0.05330942571 0.08795166016
v -0.01825000159 0.05327299237 0.08759142458
v -0.01775000058 0.05327299237 0.08759142458
v -0.01725000143 0.05316369236 0.08651071787
v -0.01675000042 0.05312725902 0.0861504674
v -0.01625000127 0.05307867751 0.08567014337
v -0.01575000025 0.05305438861 0.08542996645
v 0.004250000231 0.04756348208 0.0304427743
v 0.005750000477 0.04776068777 0.03247044981
v 0.006250000093 0.04783464223 0.03323081136
v 0.006750000175 0.04788394272 0.03373772651
v 0.007250000257 0.04794556648 0.03437136114
v 0.007750000339 0.04797022045 0.03462482989
v 0.008249999955 0.04799486697 0.03487827629
v 0.008750000037 0.04801952094 0.03513175249
v 0.009250000119 0.04803184792 0.03525848687
v 0.009750000201 0.04804417118 0.03538519889
v 0.01025000028 0.04804417118 0.03538519889
v 0.01075000037 0.04803184792 0.03525848687
v 0.01125000045 0.04801952094 0.03513175249
v 0.01175000053 0.04801952094 0.03513175249
v 0.01225000061 0.04801952094 0.03513175249
v 0.01275000069 0.04801952094 0.03513175249
v 0.01325000077 0.04803184792 0.03525848687
v 0.01375000086 0.04803184792 0.03525848687
v 0.01425000094 0.04803184792 0.03525848687
v 0.01475000102 0.04801952094 0.03513175249
v 0.0152500011 0.04800719395 0.03500501812
v 0.01575000025 0.04797022045 0.03462482989
v 0.01625000127 0.04795789346 0.03449809551
v 0.01675000042 0.04794556648 0.03437136114
v 0.01725000143 0.04789626598 0.03386446834
v 0.01775000058 0.04784696549 0.03335754573
v 0.01825000159 0.04780999199 0.03297736496
v 0.01875000075 0.04774836451 0.03234371543
v -0.05550000444 0.05358501524 0.08386725187
v -0.05500000343 0.05362128094 0.08422748744
v -0.05450000241 0.05362128094 0.08422748744
v -0.0540000014 0.0536454618 0.08446766436
v -0.05350000411 0.05366963893 0.08470784128
v -0.0530000031 0.05369381607 0.08494798839
v -0.05250000209 0.05370590836 0.08506807685
v -0.05200000107 0.05373008549 0.08530825377
v -0.05150000378 0.05376635492 0.08566850424
v -0.05100000277 0.05379053205 0.08590866625
v -0.05050000176 0.05379053205 0.08590866625
v -0.05000000075 0.05380262062 0.08602873981
v -0.04950000346 0.05382679775 0.08626890182
v -0.04900000244 0.05383888632 0.08638899028
v -0.04850000143 0.05385097861 0.08650907874
v -0.04800000042 0.05382679775 0.08626890182
v -0.04750000313 0.05380262062 0.08602873981
v -0.04700000212 0.05381470919 0.08614884317
v -0.0465000011 0.05380262062 0.08602873981
v -0.04600000381 0.05380262062 0.08602873981
v -0.0455000028 0.05379053205 0.08590866625
v -0.04500000179 0.05379053205 0.08590866625
v -0.04450000077 0.05379053205 0.08590866625
v -0.04400000349 0.05379053205 0.08590866625
v -0.04350000247 0.05379053205 0.08590866625
v -0.04300000146 0.05379053205 0.08590866625
v -0.04250000045 0.05380262062 0.08602873981
v -0.04200000316 0.05379053205 0.08590866625
v -0.04150000215 0.05379053205 0.08590866625
v -0.04100000113 0.05379053205 0.08590866625
v -0.04050000012 0.05380262062 0.08602873981
v -0.04000000283 0.05380262062 0.08602873981
v -0.03950000182 0.05380262062 0.08602873981
v -0.0390000008 0.05380262062 0.08602873981
v -0.03850000352 0.05380262062 0.08602873981
v -0.0380000025 0.05381470919 0.08614884317
v -0.03750000149 0.05381470919 0.08614884317
v -0.03700000048 0.05381470919 0.08614884317
v -0.03650000319 0.05381470919 0.08614884317
v -0.03600000218 0.05382679775 0.08626890182
v -0.03550000116 0.05383888632 0.08638899028
v -0.03500000015 0.05382679775 0.08626890182
v -0.03450000286 0.05383888632 0.08638899028
v -0.03400000185 0.05383888632 0.08638899028
v -0.03350000083 0.05382679775 0.08626890182
v -0.03299999982 0.05383888632 0.08638899028
v -0.03250000253 0.05383888632 0.08638899028
v -0.03200000152 0.05383888632 0.08638899028
v -0.03150000051 0.05385097861 0.08650907874
v -0.03100000136 0.05386306345 0.0866291523
v -0.03050000221 0.05386306345 0.0866291523
v -0.03000000119 0.05385097861 0.08650907874
v -0.02950000204 0.05387515575 0.08674922585
v -0.02900000103 0.05386306345 0.0866291523
v -0.02850000188 0.05386306345 0.0866291523
v -0.02800000086 0.05386306345 0.0866291523
v -0.02750000171 0.05387515575 0.08674922585
v -0.0270000007 0.05388724431 0.08686932921
v -0.02650000155 0.05387515575 0.08674922585
v -0.02600000054 0.05388724431 0.08686932921
v -0.02550000139 0.05388724431 0.08686932921
v -0.02500000037 0.05388724431 0.08686932921
v -0.02450000122 0.05389933288 0.08698940277
v -0.02400000021 0.05391142145 0.08710949123
v -0.02350000106 0.05392351002 0.08722956479
v -0.02300000191 0.05393560231 0.08734966815
v -0.02250000089 0.05393560231 0.08734966815
v -0.02200000174 0.05397186801 0.08770990372
v -0.02150000073 0.0539839603 0.08782999218
v -0.02100000158 0.0539839603 0.08782999218
v -0.02050000057 0.0539839603 0.08782999218
v -0.02000000142 0.0539839603 0.08782999218
v -0.0195000004 0.0539839603 0.08782999218
v -0.01900000125 0.0539839603 0.08782999218
v -0.01850000024 0.05397186801 0.08770990372
v -0.01800000109 0.05393560231 0.08734966815
v -0.01750000007 0.05379053205 0.08590866625
v -0.01700000092 0.05376635492 0.08566850424
v -0.01649999991 0.05374217406 0.08542832732
v -0.01600000076 0.0536817275 0.08482791483
v -0.01000000071 0.04288007319 -0.0212090835
v -0.009500000626 0.04286502302 -0.02134419233
v -0.009000000544 0.04289512336 -0.02107395232
v -0.008500000462 0.04288007319 -0.0212090835
v -0.00800000038 0.04284997284 -0.02147932351
v -0.007500000298 0.04286502302 -0.02134419233
v -0.007000000216 0.04291017354 -0.02093881369
v -0.006500000134 0.04283492267 -0.02161445469
v -0.006000000052 0.04284997284 -0.02147932351
v 0.003500000108 0.04827965051 0.03044178337
v 0.00400000019 0.04831638932 0.03082193434
v 0.004500000272 0.04835312441 0.03120210022
v 0.005000000354 0.04840210825 0.03170897812
v 0.005500000436 0.04845109209 0.03221586347
v 0.006000000052 0.04851232097 0.03284947574
v 0.006500000134 0.04858579487 0.03360979259
v 0.007000000216 0.04863477871 0.03411667794
v 0.007500000298 0.04868376255 0.03462355584
v 0.00800000038 0.04870825261 0.03487698734
v 0.008500000462 0.04873274639 0.03513044119
v 0.009000000544 0.04874499142 0.03525717556
v 0.009500000626 0.04875723645 0.03538387269
v 0.01000000071 0.04876948148 0.03551060706
v 0.01050000079 0.04876948148 0.03551060706
v 0.01100000087 0.04876948148 0.03551060706
v 0.01150000095 0.04874499142 0.03525717556
v 0.0120000001 0.04873274639 0.03513044119
v 0.01250000019 0.04869600758 0.03475029022
v 0.01300000027 0.04872050136 0.03500372171
v 0.01350000035 0.04869600758 0.03475029022
v 0.01400000043 0.04867151752 0.03449683636
v 0.01450000051 0.04865926877 0.03437010944
v 0.0150000006 0.04864702746 0.03424340487
v 0.01550000068 0.04862253368 0.03398994356
v 0.01600000076 0.04862253368 0.03398994356
v 0.01649999991 0.04862253368 0.03398994356
v 0.01700000092 0.04848783091 0.03259602934
v 0.01750000007 0.04848783091 0.03259602934
v 0.01800000109 0.04847558588 0.03246931732
v -0.05275000259 0.05427351967 0.08386558294
v -0.05225000158 0.05434572324 0.08458608389
v -0.05175000429 0.05436979234 0.08482626081
v -0.05125000328 0.05439385772 0.08506642282
v -0.05075000226 0.05441792682 0.08530661464
v -0.05025000125 0.05446606129 0.08578692377
v -0.04975000396 0.05450216308 0.08614720404
v -0.04925000295 0.05451419577 0.0862672776
v -0.04875000194 0.05451419577 0.0862672776
v -0.04825000092 0.05451419577 0.0862672776
v -0.04775000364 0.05450216308 0.08614720404
v -0.04725000262 0.05450216308 0.08614720404
v -0.04675000161 0.05449013039 0.08602710068
v -0.0462500006 0.05447809398 0.08590702713
v -0.04575000331 0.05447809398 0.08590702713
v -0.04525000229 0.05447809398 0.08590702713
v -0.04475000128 0.05446606129 0.08578692377
v -0.04425000027 0.05447809398 0.08590702713
v -0.04375000298 0.05447809398 0.08590702713
v -0.04325000197 0.05447809398 0.08590702713
v -0.04275000095 0.05447809398 0.08590702713
v -0.04225000367 0.05447809398 0.08590702713
v -0.04175000265 0.05446606129 0.08578692377
v -0.04125000164 0.05447809398 0.08590702713
v -0.04075000063 0.05447809398 0.08590702713
v -0.04025000334 0.05447809398 0.08590702713
v -0.03975000232 0.05447809398 0.08590702713
v -0.03925000131 0.05447809398 0.08590702713
v -0.0387500003 0.05449013039 0.08602710068
v -0.03825000301 0.05449013039 0.08602710068
v -0.037750002 0.05449013039 0.08602710068
v -0.03725000098 0.05449013039 0.08602710068
v -0.03674999997 0.05449013039 0.08602710068
v -0.03625000268 0.05450216308 0.08614720404
v -0.03575000167 0.05450216308 0.08614720404
v -0.03525000066 0.05450216308 0.08614720404
v -0.03475000337 0.05450216308 0.08614720404
v -0.03425000235 0.05450216308 0.08614720404
v -0.03375000134 0.05450216308 0.08614720404
v -0.03325000033 0.05450216308 0.08614720404
v -0.03275000304 0.05452622846 0.08638735116
v -0.03225000203 0.05451419577 0.0862672776
v -0.03175000101 0.05451419577 0.0862672776
v -0.03125 0.05453826487 0.08650745451
v -0.03075000085 0.05455029756 0.08662752807
v -0.0302500017 0.05453826487 0.08650745451
v -0.02975000069 0.05455029756 0.08662752807
v -0.02925000153 0.05455029756 0.08662752807
v -0.02875000052 0.05456233025 0.08674760163
v -0.02825000137 0.05455029756 0.08662752807
v -0.02775000222 0.05456233025 0.08674760163
v -0.02725000121 0.05456233025 0.08674760163
v -0.02675000206 0.05456233025 0.08674760163
v -0.02625000104 0.05457436666 0.08686770499
v -0.02575000189 0.05458639935 0.08698779345
v -0.02525000088 0.05457436666 0.08686770499
v -0.02475000173 0.05458639935 0.08698779345
v -0.02425000072 0.05458639935 0.08698779345
v -0.02375000156 0.05459843203 0.087107867
v -0.02325000055 0.05462250113 0.08734804392
v -0.0227500014 0.05463453382 0.08746813238
v -0.02225000039 0.05463453382 0.08746813238
v -0.02175000124 0.0546585992 0.08770829439
v -0.02125000022 0.0546585992 0.08770829439
v -0.02075000107 0.05467063561 0.08782838285
v -0.02025000006 0.0546585992 0.08770829439
v -0.01975000091 0.0546585992 0.08770829439
v -0.01925000176 0.0546585992 0.08770829439
v -0.01875000075 0.05462250113 0.08734804392
v -0.01825000159 0.05459843203 0.087107867
v -0.01775000058 0.05452622846 0.08638735116
v -0.01725000143 0.05440589413 0.08518651128
v -0.01675000042 0.05440589413 0.08518651128
v -0.01025000028 0.04363652319 -0.02107310295
v -0.009750000201 0.04366652295 -0.02080287039
v -0.009250000119 0.04366652295 -0.02080287039
v -0.008750000037 0.04360652715 -0.02134335041
v -0.008249999955 0.04366652295 -0.02080287039
v -0.007750000339 0.04365152493 -0.02093797177
v -0.007250000257 0.04366652295 -0.02080287039
v -0.006750000175 0.04368152097 -0.02066773176
v -0.006250000093 0.04363652319 -0.02107310295
v -0.005750000477 0.04365152493 -0.02093797177
v -0.005250000395 0.04362152517 -0.02120823413
v -0.004750000313 0.04357652739 -0.02161359787
v 0.002750000218 0.048959326 0.03006065637
v 0.003250000067 0.04903232306 0.03082091361
v 0.003750000149 0.04905665666 0.03107435256
v 0.004250000231 0.04909315333 0.03145448118
v 0.004750000313 0.04914182052 0.03196133673
v 0.005250000395 0.04917831719 0.0323414728
v 0.005750000477 0.04921481758 0.03272160143
v 0.006250000093 0.04926348105 0.03322845697
v 0.006750000175 0.04933647811 0.03398871422
v 0.007250000257 0.04937297851 0.03436885774
v 0.007750000339 0.0494094789 0.03474900872
v 0.008249999955 0.04943380877 0.03500241786
v 0.008750000037 0.04945814237 0.03525585681
v 0.009250000119 0.04947030917 0.03538255394
v 0.009750000201 0.04948247597 0.03550927341
v 0.01025000028 0.04948247597 0.03550927341
v 0.01075000037 0.04948247597 0.03550927341
v 0.01125000045 0.04948247597 0.03550927341
v 0.01175000053 0.04947030917 0.03538255394
v 0.01225000061 0.04942164198 0.03487569839
v 0.01275000069 0.0493973121 0.03462228179
v 0.01325000077 0.04933647811 0.03398871422
v 0.01375000086 0.04931214824 0.03373530507
v 0.01425000094 0.04929998145 0.0336085856
v 0.01475000102 0.04928781465 0.03348187357
v 0.0152500011 0.04928781465 0.03348187357
v 0.01575000025 0.04927564785 0.033355169
v 0.01625000127 0.04923915118 0.03297504038
v 0.01675000042 0.04920265079 0.0325948894
v 0.01725000143 0.04915398359 0.03208803385
v 0.01775000058 0.04916615039 0.03221475333
v -0.05250000209 0.05487817898 0.08302330971
v -0.05200000107 0.05493807048 0.0836237222
v -0.05150000378 0.05496202782 0.08386391401
v -0.05100000277 0.05503389612 0.08458442986
v -0.05050000176 0.05510576814 0.08530496061
v -0.05000000075 0.0551536791 0.08578528464
v -0.04950000346 0.05517763644 0.08602547646
v -0.04900000244 0.05518961698 0.08614556491
v -0.04850000143 0.05518961698 0.08614556491
v -0.04800000042 0.05518961698 0.08614556491
v -0.04750000313 0.05518961698 0.08614556491
v -0.04700000212 0.05517763644 0.08602547646
v -0.0465000011 0.05516565964 0.085905388
v -0.04600000381 0.05516565964 0.085905388
v -0.0455000028 0.05516565964 0.085905388
v -0.04500000179 0.0551536791 0.08578528464
v -0.04450000077 0.0551536791 0.08578528464
v -0.04400000349 0.05516565964 0.085905388
v -0.04350000247 0.0551536791 0.08578528464
v -0.04300000146 0.05514170229 0.08566521108
v -0.04250000045 0.05516565964 0.085905388
v -0.04200000316 0.0551536791 0.08578528464
v -0.04150000215 0.0551536791 0.08578528464
v -0.04100000113 0.05516565964 0.085905388
v -0.04050000012 0.0551536791 0.08578528464
v -0.04000000283 0.0551536791 0.08578528464
v -0.03950000182 0.0551536791 0.08578528464
v -0.0390000008 0.05516565964 0.085905388
v -0.03850000352 0.05516565964 0.085905388
v -0.0380000025 0.0551536791 0.08578528464
v -0.03750000149 0.0551536791 0.08578528464
v -0.03700000048 0.05517763644 0.08602547646
v -0.03650000319 0.05516565964 0.085905388
v -0.03600000218 0.05517763644 0.08602547646
v -0.03550000116 0.05517763644 0.08602547646
v -0.03500000015 0.05518961698 0.08614556491
v -0.03450000286 0.05517763644 0.08602547646
v -0.03400000185 0.05518961698 0.08614556491
v -0.03350000083 0.05518961698 0.08614556491
v -0.03299999982 0.05520159379 0.08626563847
v -0.03250000253 0.05520159379 0.08626563847
v -0.03200000152 0.05520159379 0.08626563847
v -0.03150000051 0.05521357059 0.08638572693
v -0.03100000136 0.05522555113 0.08650583029
v -0.03050000221 0.05521357059 0.08638572693
v -0.03000000119 0.05522555113 0.08650583029
v -0.02950000204 0.05523752794 0.08662588894
v -0.02900000103 0.05524950475 0.0867459774
v -0.02850000188 0.05523752794 0.08662588894
v -0.02800000086 0.05523752794 0.08662588894
v -0.02750000171 0.05523752794 0.08662588894
v -0.0270000007 0.05524950475 0.0867459774
v -0.02650000155 0.05526148528 0.08686608076
v -0.02600000054 0.05526148528 0.08686608076
v -0.02550000139 0.05526148528 0.08686608076
v -0.02500000037 0.05527346581 0.08698616922
v -0.02450000122 0.05528544262 0.08710624278
v -0.02400000021 0.05528544262 0.08710624278
v -0.02350000106 0.05529741943 0.08722633123
v -0.02300000191 0.05532137677 0.08746652305
v -0.02250000089 0.05532137677 0.08746652305
v -0.02200000174 0.05533335358 0.08758658171
v -0.02150000073 0.05534533411 0.08770668507
v -0.02100000158 0.05534533411 0.08770668507
v -0.02050000057 0.05534533411 0.08770668507
v -0.02000000142 0.05533335358 0.08758658171
v -0.0195000004 0.05530939996 0.08734643459
v -0.01900000125 0.05528544262 0.08710624278
v -0.01850000024 0.05526148528 0.08686608076
v -0.01800000109 0.05517763644 0.08602547646
v -0.01750000007 0.05518961698 0.08614556491
v -0.01700000092 0.05504587665 0.08470451832
v -0.007000000216 0.04442277178 -0.02066688985
v 0.003000000026 0.04976034537 0.03094661236
v 0.003500000108 0.04980869219 0.0314534232
v 0.00400000019 0.0498328656 0.03170681745
v 0.004500000272 0.04986912385 0.03208693117
v 0.005000000354 0.04990538582 0.03246705979
v 0.005500000436 0.04994164407 0.03284716606
v 0.006000000052 0.04996581748 0.03310056031
v 0.006500000134 0.0500141643 0.0336073786
v 0.007000000216 0.05006251484 0.0341141969
v 0.007500000298 0.05009877309 0.03449430317
v 0.00800000038 0.0501229465 0.03474772722
v 0.008500000462 0.05014711991 0.03500112146
v 0.009000000544 0.05015920848 0.03512783349
v 0.009500000626 0.05018338189 0.03538122773
v 0.01000000071 0.05018338189 0.03538122773
v 0.01050000079 0.05018338189 0.03538122773
v 0.01100000087 0.05018338189 0.03538122773
v 0.01150000095 0.05017129332 0.03525454551
v 0.0120000001 0.05014711991 0.03500112146
v 0.01250000019 0.0501229465 0.03474772722
v 0.01300000027 0.05008668453 0.03436759859
v 0.01350000035 0.04997790605 0.03322727978
v 0.01400000043 0.04995373264 0.03297387809
v 0.01450000051 0.04992955923 0.03272046149
v 0.0150000006 0.04994164407 0.03284716606
v 0.01550000068 0.04991747066 0.03259374946
v 0.01600000076 0.04986912385 0.03208693117
v 0.01649999991 0.04988121241 0.03221364319
v 0.01700000092 0.04980869219 0.0314534232
v -0.05375000089 0.05559091642 0.08326180279
v -0.05325000361 0.0555789955 0.08314171433
v -0.05275000259 0.05561476573 0.08350197971
v -0.05225000158 0.05565053225 0.08386224508
v -0.05175000429 0.05569822341 0.08434259892
v -0.05125000328 0.05573399365 0.08470286429
v -0.05075000226 0.05575783923 0.0849430263
v -0.05025000125 0.0558055304 0.08542338014
v -0.04975000396 0.05584129691 0.08578364551
v -0.04925000295 0.05585322157 0.08590374887
v -0.04875000194 0.05587706715 0.08614394069
v -0.04825000092 0.05586514622 0.08602383733
v -0.04775000364 0.05585322157 0.08590374887
v -0.04725000262 0.05587706715 0.08614394069
v -0.04675000161 0.05585322157 0.08590374887
v -0.0462500006 0.05584129691 0.08578364551
v -0.04575000331 0.05582937598 0.08566357195
v -0.04525000229 0.05584129691 0.08578364551
v -0.04475000128 0.05582937598 0.08566357195
v -0.04425000027 0.05582937598 0.08566357195
v -0.04375000298 0.05585322157 0.08590374887
v -0.04325000197 0.05584129691 0.08578364551
v -0.04275000095 0.05584129691 0.08578364551
v -0.04225000367 0.05584129691 0.08578364551
v -0.04175000265 0.05584129691 0.08578364551
v -0.04125000164 0.05584129691 0.08578364551
v -0.04075000063 0.05582937598 0.08566357195
v -0.04025000334 0.05584129691 0.08578364551
v -0.03975000232 0.05582937598 0.08566357195
v -0.03925000131 0.05582937598 0.08566357195
v -0.0387500003 0.05584129691 0.08578364551
v -0.03825000301 0.05582937598 0.08566357195
v -0.037750002 0.05584129691 0.08578364551
v -0.03725000098 0.05584129691 0.08578364551
v -0.03674999997 0.05584129691 0.08578364551
v -0.03625000268 0.05585322157 0.08590374887
v -0.03575000167 0.05586514622 0.08602383733
v -0.03525000066 0.05586514622 0.08602383733
v -0.03475000337 0.05587706715 0.08614394069
v -0.03425000235 0.05586514622 0.08602383733
v -0.03375000134 0.05587706715 0.08614394069
v -0.03325000033 0.05586514622 0.08602383733
v -0.03275000304 0.05588898808 0.08626401424
v -0.03225000203 0.05590091273 0.0863840878
v -0.03175000101 0.05588898808 0.08626401424
v -0.03125 0.05591283739 0.08650419116
v -0.03075000085 0.05590091273 0.0863840878
v -0.0302500017 0.05590091273 0.0863840878
v -0.02975000069 0.05591283739 0.08650419116
v -0.02925000153 0.05591283739 0.08650419116
v -0.02875000052 0.05592475832 0.08662426472
v -0.02825000137 0.05592475832 0.08662426472
v -0.02775000222 0.05592475832 0.08662426472
v -0.02725000121 0.05593668297 0.08674435318
v -0.02675000206 0.0559486039 0.08686445653
v -0.02625000104 0.05593668297 0.08674435318
v -0.02575000189 0.0559486039 0.08686445653
v -0.02525000088 0.05596052855 0.08698454499
v -0.02475000173 0.05597244948 0.08710463345
v -0.02425000072 0.05597244948 0.08710463345
v -0.02375000156 0.05598437414 0.08722472191
v -0.02325000055 0.05599629506 0.08734481037
v -0.0227500014 0.05600821972 0.08746489882
v -0.02225000039 0.05602014065 0.08758497238
v -0.02175000124 0.05602014065 0.08758497238
v -0.02125000022 0.05600821972 0.08746489882
v -0.02075000107 0.05602014065 0.08758497238
v -0.02025000006 0.05602014065 0.08758497238
v -0.01975000091 0.0559486039 0.08686445653
v -0.01925000176 0.05592475832 0.08662426472
v -0.01875000075 0.05591283739 0.08650419116
v -0.01825000159 0.05582937598 0.08566357195
v -0.01775000058 0.0556624569 0.08398233354
v -0.01725000143 0.05567437783 0.0841024071
v -0.01675000042 0.04934751615 0.01903623343
v 0.002250000136 0.0504401736 0.03056550026
v 0.002750000218 0.05048820376 0.0310722813
v 0.003250000067 0.05056024343 0.03183244914
v 0.003750000149 0.05057225376 0.03195914626
v 0.004250000231 0.0506082736 0.03233923018
v 0.004750000313 0.05063228682 0.03259261698
v 0.005250000395 0.05065630376 0.03284601122
v 0.005750000477 0.05068031698 0.03309939057
v 0.006250000093 0.05071633682 0.03347948194
v 0.006750000175 0.05075236037 0.03385958076
v 0.007250000257 0.05077637359 0.0341129601
v 0.007750000339 0.05080038682 0.03436633945
v 0.008249999955 0.05082440376 0.03461974114
v 0.008750000037 0.05084841698 0.03487312049
v 0.009250000119 0.05086042359 0.03499982506
v 0.009750000201 0.05087243393 0.03512652218
v 0.01025000028 0.05088444054 0.03525322676
v 0.01075000037 0.05086042359 0.03499982506
v 0.01125000045 0.05086042359 0.03499982506
v 0.01175000053 0.05083641037 0.03474644572
v 0.01225000061 0.05082440376 0.03461974114
v 0.01275000069 0.05080038682 0.03436633945
v 0.01325000077 0.05070433021 0.03335279226
v 0.01375000086 0.05062028021 0.03246593475
v 0.01425000094 0.0506082736 0.03233923018
v 0.01475000102 0.05059626698 0.03221252561
v 0.0152500011 0.05058425665 0.03208582848
v 0.01575000025 0.05056024343 0.03183244914
v 0.01625000127 0.05054823682 0.03170574456
v -0.05550000444 0.05629156902 0.08338020742
v -0.05500000343 0.05632717162 0.08374047279
v -0.05450000241 0.0563390404 0.08386057615
v -0.0540000014 0.05635090545 0.08398066461
v -0.05350000411 0.05636277422 0.08410073817
v -0.0530000031 0.05637463927 0.08422084153
v -0.05250000209 0.05637463927 0.08422084153
v -0.05200000107 0.05641024187 0.0845811069
v -0.05150000378 0.05643397942 0.08482129872
v -0.05100000277 0.05645771325 0.08506147563
v -0.05050000176 0.05648144707 0.08530166745
v -0.05000000075 0.05650518462 0.08554182947
v -0.04950000346 0.05651704967 0.08566193283
v -0.04900000244 0.05654078349 0.08590210974
v -0.04850000143 0.05656452104 0.08614230156
v -0.04800000042 0.05652891845 0.08578200638
v -0.04750000313 0.05654078349 0.08590210974
v -0.04700000212 0.05654078349 0.08590210974
v -0.0465000011 0.05651704967 0.08566193283
v -0.04600000381 0.05651704967 0.08566193283
v -0.0455000028 0.05651704967 0.08566193283
v -0.04500000179 0.05651704967 0.08566193283
v -0.04450000077 0.05651704967 0.08566193283
v -0.04400000349 0.05652891845 0.08578200638
v -0.04350000247 0.05651704967 0.08566193283
v -0.04300000146 0.05651704967 0.08566193283
v -0.04250000045 0.05652891845 0.08578200638
v -0.04200000316 0.05651704967 0.08566193283
v -0.04150000215 0.05652891845 0.08578200638
v -0.04100000113 0.05651704967 0.08566193283
v -0.04050000012 0.05651704967 0.08566193283
v -0.04000000283 0.05651704967 0.08566193283
v -0.03950000182 0.05651704967 0.08566193283
v -0.0390000008 0.05651704967 0.08566193283
v -0.03850000352 0.05652891845 0.08578200638
v -0.0380000025 0.05651704967 0.08566193283
v -0.03750000149 0.05652891845 0.08578200638
v -0.03700000048 0.05652891845 0.08578200638
v -0.03650000319 0.05654078349 0.08590210974
v -0.03600000218 0.05654078349 0.08590210974
v -0.03550000116 0.05655265227 0.0860221982
v -0.03500000015 0.05655265227 0.0860221982
v -0.03450000286 0.05655265227 0.0860221982
v -0.03400000185 0.05655265227 0.0860221982
v -0.03350000083 0.05655265227 0.0860221982
v -0.03299999982 0.05656452104 0.08614230156
v -0.03250000253 0.05657638609 0.08626237512
v -0.03200000152 0.05657638609 0.08626237512
v -0.03150000051 0.05658825487 0.08638246357
v -0.03100000136 0.05658825487 0.08638246357
v -0.03050000221 0.05658825487 0.08638246357
v -0.03000000119 0.05660012364 0.08650256693
v -0.02950000204 0.05660012364 0.08650256693
v -0.02900000103 0.05660012364 0.08650256693
v -0.02850000188 0.05661198869 0.08662264049
v -0.02800000086 0.05660012364 0.08650256693
v -0.02750000171 0.05661198869 0.08662264049
v -0.0270000007 0.05662385747 0.08674272895
v -0.02650000155 0.05663572624 0.08686283231
v -0.02600000054 0.05663572624 0.08686283231
v -0.02550000139 0.05664759502 0.08698292077
v -0.02500000037 0.05665946007 0.08710300922
v -0.02450000122 0.05667132884 0.08722309768
v -0.02400000021 0.05667132884 0.08722309768
v -0.02350000106 0.05668319389 0.08734320104
v -0.02300000191 0.05669506267 0.0874632895
v -0.02250000089 0.05669506267 0.0874632895
v -0.02200000174 0.05669506267 0.0874632895
v -0.02150000073 0.05667132884 0.08722309768
v -0.02100000158 0.05667132884 0.08722309768
v -0.02050000057 0.05667132884 0.08722309768
v -0.02000000142 0.05651704967 0.08566193283
v -0.0195000004 0.05654078349 0.08590210974
v -0.01900000125 0.05654078349 0.08590210974
v -0.01850000024 0.05631530285 0.08362038434
v -0.01800000109 0.05635090545 0.08398066461
v -0.01700000092 0.05002313107 0.01852925122
v -0.01649999991 0.05003505945 0.01865594089
v -0.01550000068 0.04971301183 0.01523539424
v -0.0150000006 0.04974879324 0.01561544836
v -0.01450000051 0.04971301183 0.01523539424
v -0.002500000177 0.04681108519 -0.01242285967
v -0.002000000095 0.04681108519 -0.01242285967
v 0.002500000177 0.05122783035 0.03132461011
v 0.003000000026 0.05128747225 0.03195805103
v 0.003500000108 0.05132325366 0.03233811259
v 0.00400000019 0.0513471067 0.03259147704
v 0.004500000272 0.05137096345 0.03284485638
v 0.005000000354 0.05139482021 0.03309822083
v 0.005500000436 0.05140674859 0.03322491795
v 0.006000000052 0.05141867697 0.03335160762
v 0.006500000134 0.05144253001 0.03360497206
v 0.007000000216 0.05146638677 0.03385835886
v 0.007500000298 0.05147831142 0.03398502618
v 0.00800000038 0.0514902398 0.0341117233
v 0.008500000462 0.05151409656 0.03436508775
v 0.009000000544 0.05153795332 0.03461846709
v 0.009500000626 0.0515498817 0.03474516422
v 0.01000000071 0.05156180635 0.03487183154
v 0.01050000079 0.05156180635 0.03487183154
v 0.01100000087 0.05153795332 0.03461846709
v 0.01150000095 0.05152602494 0.03449177742
v 0.0120000001 0.05151409656 0.03436508775
v 0.01250000019 0.05146638677 0.03385835886
v 0.01300000027 0.05143060163 0.03347828239
v 0.01350000035 0.05138289183 0.0329715535
v 0.01400000043 0.0512993969 0.0320847258
v 0.01450000051 0.05128747225 0.03195805103
v 0.0150000006 0.05126361549 0.03170466423
v -0.05775000155 0.05694386736 0.08313970268
v -0.05725000426 0.05696743354 0.08337986469
v -0.05675000325 0.05700279027 0.08374011517
v -0.05625000224 0.05700279027 0.08374011517
v -0.05575000122 0.0570499301 0.0842204541
v -0.05525000393 0.05707350001 0.08446061611
v -0.05475000292 0.05707350001 0.08446061611
v -0.05425000191 0.0570852831 0.08458070457
v -0.05375000089 0.05709706992 0.08470079303
v -0.05325000361 0.05709706992 0.08470079303
v -0.05275000259 0.05710885301 0.08482088149
v -0.05225000158 0.05710885301 0.08482088149
v -0.05175000429 0.05713242292 0.0850610435
v -0.05125000328 0.05715599284 0.08530122042
v -0.05075000226 0.05716777965 0.08542129397
v -0.05025000125 0.05717956275 0.08554136753
v -0.04975000396 0.05719134957 0.08566147089
v -0.04925000295 0.05720313266 0.08578154445
v -0.04875000194 0.05722670257 0.08602172136
v -0.04825000092 0.05722670257 0.08602172136
v -0.04775000364 0.05721491948 0.08590163291
v -0.04725000262 0.05719134957 0.08566147089
v -0.04675000161 0.05719134957 0.08566147089
v -0.0462500006 0.05719134957 0.08566147089
v -0.04575000331 0.05719134957 0.08566147089
v -0.04525000229 0.05717956275 0.08554136753
v -0.04475000128 0.05717956275 0.08554136753
v -0.04425000027 0.05719134957 0.08566147089
v -0.04375000298 0.05719134957 0.08566147089
v -0.04325000197 0.05717956275 0.08554136753
v -0.04275000095 0.05719134957 0.08566147089
v -0.04225000367 0.05719134957 0.08566147089
v -0.04175000265 0.05719134957 0.08566147089
v -0.04125000164 0.05717956275 0.08554136753
v -0.04075000063 0.05717956275 0.08554136753
v -0.04025000334 0.05717956275 0.08554136753
v -0.03975000232 0.05719134957 0.08566147089
v -0.03925000131 0.05717956275 0.08554136753
v -0.0387500003 0.05719134957 0.08566147089
v -0.03825000301 0.05719134957 0.08566147089
v -0.037750002 0.05720313266 0.08578154445
v -0.03725000098 0.05720313266 0.08578154445
v -0.03674999997 0.05720313266 0.08578154445
v -0.03625000268 0.05720313266 0.08578154445
v -0.03575000167 0.05721491948 0.08590163291
v -0.03525000066 0.05722670257 0.08602172136
v -0.03475000337 0.05722670257 0.08602172136
v -0.03425000235 0.05722670257 0.08602172136
v -0.03375000134 0.05723848939 0.08614180982
v -0.03325000033 0.05723848939 0.08614180982
v -0.03275000304 0.05723848939 0.08614180982
v -0.03225000203 0.05725027248 0.08626188338
v -0.03175000101 0.0572620593 0.08638197184
v -0.03125 0.0572620593 0.08638197184
v -0.03075000085 0.0572620593 0.08638197184
v -0.0302500017 0.05727384239 0.08650206029
v -0.02975000069 0.05727384239 0.08650206029
v -0.02925000153 0.05727384239 0.08650206029
v -0.02875000052 0.05728562549 0.08662213385
v -0.02825000137 0.05729741231 0.08674220741
v -0.02775000222 0.05728562549 0.08662213385
v -0.02725000121 0.05729741231 0.08674220741
v -0.02675000206 0.05730919912 0.08686231077
v -0.02625000104 0.05730919912 0.08686231077
v -0.02575000189 0.05732098222 0.08698239923
v -0.02525000088 0.05733276904 0.08710247278
v -0.02475000173 0.05733276904 0.08710247278
v -0.02425000072 0.05734455213 0.08722256124
v -0.02375000156 0.05735633895 0.0873426497
v -0.02325000055 0.05735633895 0.0873426497
v -0.0227500014 0.05736812204 0.08746273816
v -0.02225000039 0.05735633895 0.0873426497
v -0.02175000124 0.05732098222 0.08698239923
v -0.02125000022 0.05728562549 0.08662213385
v -0.02075000107 0.05728562549 0.08662213385
v -0.02025000006 0.05713242292 0.0850610435
v -0.01975000091 0.05715599284 0.08530122042
v -0.01925000176 0.05713242292 0.0850610435
v -0.01875000075 0.05133897439 0.02498943359
v -0.01825000159 0.05133897439 0.02498943359
v -0.01775000058 0.0511844568 0.02334235609
v -0.01725000143 0.0511844568 0.02334235609
v -0.01675000042 0.05104182288 0.02182196826
v -0.01625000127 0.05064957961 0.01764089614
v -0.01575000025 0.05067335069 0.01789431274
v -0.0152500011 0.0505069457 0.01612050831
v -0.01475000102 0.05056637526 0.01675401628
v -0.01425000094 0.05053071678 0.01637391746
v -0.01375000086 0.05043562874 0.01536032557
v 0.002250000136 0.05192139745 0.03119766712
v 0.002750000218 0.051980827 0.03183116764
v 0.003250000067 0.05202837288 0.03233797103
v 0.003750000149 0.05206403136 0.0327180624
v 0.004250000231 0.05208780617 0.03297147155
v 0.004750000313 0.05211157724 0.03322485834
v 0.005250000395 0.05213534832 0.03347824514
v 0.005750000477 0.05213534832 0.03347824514
v 0.006250000093 0.05213534832 0.03347824514
v 0.006750000175 0.05214723572 0.03360494971
v 0.007250000257 0.0521710068 0.03385835886
v 0.007750000339 0.0521710068 0.03385835886
v 0.008249999955 0.05219477788 0.03411175311
v 0.008750000037 0.05219477788 0.03411175311
v 0.009250000119 0.05220666528 0.03423845023
v 0.009750000201 0.05221854895 0.0343651399
v 0.01025000028 0.05219477788 0.03411175311
v 0.01075000037 0.05220666528 0.03423845023
v 0.01125000045 0.0521828942 0.03398504108
v 0.01175000053 0.0521591194 0.03373165429
v 0.01225000061 0.05212346464 0.03335156292
v 0.01275000069 0.05209968984 0.03309815377
v 0.01325000077 0.05205214396 0.03259135783
v 0.01375000086 0.05200459808 0.03208456188
v 0.01425000094 0.05195705593 0.03157778084
v 0.01475000102 0.05193328485 0.0313243717
v -0.05900000408 0.05767840892 0.08373974264
v -0.05850000307 0.05770181492 0.08397990465
v -0.05800000206 0.05771351606 0.08409997821
v -0.05750000104 0.05773692206 0.08434014022
v -0.05700000376 0.05776032433 0.08458028734
v -0.05650000274 0.05777202919 0.0847003907
v -0.05600000173 0.05776032433 0.08458028734
v -0.05550000444 0.05778373033 0.08482046425
v -0.05500000343 0.05778373033 0.08482046425
v -0.05450000241 0.05780713633 0.08506061137
v -0.0540000014 0.05779543146 0.08494052291
v -0.05350000411 0.05780713633 0.08506061137
v -0.0530000031 0.05780713633 0.08506061137
v -0.05250000209 0.05780713633 0.08506061137
v -0.05200000107 0.05781883746 0.08518068492
v -0.05150000378 0.0578305386 0.08530077338
v -0.05100000277 0.05784223974 0.08542084694
v -0.05050000176 0.0578539446 0.0855409205
v -0.05000000075 0.0578539446 0.0855409205
v -0.04950000346 0.05786564574 0.08566100895
v -0.04900000244 0.05788905174 0.08590115607
v -0.04850000143 0.05788905174 0.08590115607
v -0.04800000042 0.05788905174 0.08590115607
v -0.04750000313 0.05787734687 0.08578106761
v -0.04700000212 0.05786564574 0.08566100895
v -0.0465000011 0.05786564574 0.08566100895
v -0.04600000381 0.05786564574 0.08566100895
v -0.0455000028 0.0578539446 0.0855409205
v -0.04500000179 0.0578539446 0.0855409205
v -0.04450000077 0.05784223974 0.08542084694
v -0.04400000349 0.05786564574 0.08566100895
v -0.04350000247 0.0578539446 0.0855409205
v -0.04300000146 0.0578539446 0.0855409205
v -0.04250000045 0.05786564574 0.08566100895
v -0.04200000316 0.05786564574 0.08566100895
v -0.04150000215 0.0578539446 0.0855409205
v -0.04100000113 0.0578539446 0.0855409205
v -0.04050000012 0.05786564574 0.08566100895
v -0.04000000283 0.05786564574 0.08566100895
v -0.03950000182 0.05786564574 0.08566100895
v -0.0390000008 0.0578539446 0.0855409205
v -0.03850000352 0.05786564574 0.08566100895
v -0.0380000025 0.05786564574 0.08566100895
v -0.03750000149 0.05788905174 0.08590115607
v -0.03700000048 0.05787734687 0.08578106761
v -0.03650000319 0.05787734687 0.08578106761
v -0.03600000218 0.05788905174 0.08590115607
v -0.03550000116 0.05790075287 0.08602124453
v -0.03500000015 0.05790075287 0.08602124453
v -0.03450000286 0.05790075287 0.08602124453
v -0.03400000185 0.05791245773 0.08614133298
v -0.03350000083 0.05791245773 0.08614133298
v -0.03299999982 0.05792415887 0.08626139164
v -0.03250000253 0.05792415887 0.08626139164
v -0.03200000152 0.05792415887 0.08626139164
v -0.03150000051 0.05793586001 0.0863814652
v -0.03100000136 0.05793586001 0.0863814652
v -0.03050000221 0.05794756487 0.08650155365
v -0.03000000119 0.05795926601 0.08662162721
v -0.02950000204 0.05794756487 0.08650155365
v -0.02900000103 0.05795926601 0.08662162721
v -0.02850000188 0.05795926601 0.08662162721
v -0.02800000086 0.05797096714 0.08674170077
v -0.02750000171 0.05797096714 0.08674170077
v -0.0270000007 0.05798267201 0.08686178923
v -0.02650000155 0.05798267201 0.08686178923
v -0.02600000054 0.05799437314 0.08698186278
v -0.02550000139 0.05801777914 0.0872220248
v -0.02500000037 0.05800607428 0.08710193634
v -0.02450000122 0.05801777914 0.0872220248
v -0.02400000021 0.05801777914 0.0872220248
v -0.02350000106 0.05801777914 0.0872220248
v -0.02300000191 0.05801777914 0.0872220248
v -0.02250000089 0.05800607428 0.08710193634
v -0.02200000174 0.05797096714 0.08674170077
v -0.02150000073 0.05790075287 0.08602124453
v -0.02100000158 0.05791245773 0.08614133298
v -0.02050000057 0.05778373033 0.08482046425
v -0.02000000142 0.05780713633 0.08506061137
v -0.0195000004 0.05771351606 0.08409997821
v -0.01900000125 0.05220048875 0.02663582563
v -0.01850000024 0.05210573226 0.02562215179
v -0.01800000109 0.05188068375 0.02321464568
v -0.01750000007 0.05192806199 0.02372148633
v -0.01700000092 0.05190437287 0.02346805483
v -0.01649999991 0.05177408084 0.02207423747
v -0.01600000076 0.05157272518 0.01992016286
v -0.01550000068 0.05143059045 0.01839961857
v -0.0150000006 0.05131214485 0.01713252068
v -0.01450000051 0.05133583397 0.01738594472
v -0.01400000043 0.05131214485 0.01713252068
v -0.01350000035 0.0512766093 0.01675239205
v -0.01300000027 0.05121738464 0.01611882448
v 0.002000000095 0.05257951468 0.03069057316
v 0.002500000177 0.05266242847 0.03157756478
v 0.003000000026 0.05272164941 0.03221111
v 0.003500000108 0.05275718123 0.03259123862
v 0.00400000019 0.05278087407 0.03284467012
v 0.004500000272 0.05280455947 0.03309807926
v 0.005000000354 0.05284009501 0.03347821534
v 0.005500000436 0.05285193771 0.03360492736
v 0.006000000052 0.05285193771 0.03360492736
v 0.006500000134 0.05285193771 0.03360492736
v 0.007000000216 0.05285193771 0.03360492736
v 0.007500000298 0.05284009501 0.03347821534
v 0.00800000038 0.05284009501 0.03347821534
v 0.008500000462 0.05285193771 0.03360492736
v 0.009000000544 0.05285193771 0.03360492736
v 0.009500000626 0.05287563056 0.03385836631
v 0.01000000071 0.05285193771 0.03360492736
v 0.01050000079 0.05281640589 0.03322479874
v 0.01100000087 0.05281640589 0.03322479874
v 0.01150000095 0.05276902765 0.03271795809
v 0.0120000001 0.05275718123 0.03259123862
v 0.01250000019 0.05274533853 0.03246454149
v 0.01300000027 0.05272164941 0.03221111
v 0.01350000035 0.05266242847 0.03157756478
v 0.01400000043 0.0526032038 0.03094400465
v -0.0607500039 0.05835402757 0.08373938501
v -0.06025000289 0.05837726593 0.08397953212
v -0.05975000188 0.0584121272 0.08433975279
v -0.05925000459 0.0584121272 0.08433975279
v -0.05875000358 0.05843536556 0.08457988501
v -0.05825000256 0.05845860764 0.08482004702
v -0.05775000155 0.05844698474 0.08469997346
v -0.05725000426 0.0584702231 0.08494009078
v -0.05675000325 0.0584702231 0.08494009078
v -0.05625000224 0.058481846 0.08506017923
v -0.05575000122 0.058481846 0.08506017923
v -0.05525000393 0.058481846 0.08506017923
v -0.05475000292 0.058481846 0.08506017923
v -0.05425000191 0.05849346519 0.08518025279
v -0.05375000089 0.05849346519 0.08518025279
v -0.05325000361 0.05849346519 0.08518025279
v -0.05275000259 0.05850508437 0.08530034125
v -0.05225000158 0.05850508437 0.08530034125
v -0.05175000429 0.05851670355 0.0854203999
v -0.05125000328 0.05852832645 0.08554045856
v -0.05075000226 0.05852832645 0.08554045856
v -0.05025000125 0.05852832645 0.08554045856
v -0.04975000396 0.05853994563 0.08566054702
v -0.04925000295 0.05855156481 0.08578060567
v -0.04875000194 0.05856318399 0.08590069413
v -0.04825000092 0.05856318399 0.08590069413
v -0.04775000364 0.05855156481 0.08578060567
v -0.04725000262 0.05855156481 0.08578060567
v -0.04675000161 0.05851670355 0.0854203999
v -0.0462500006 0.05852832645 0.08554045856
v -0.04575000331 0.05852832645 0.08554045856
v -0.04525000229 0.05851670355 0.0854203999
v -0.04475000128 0.05851670355 0.0854203999
v -0.04425000027 0.05851670355 0.0854203999
v -0.04375000298 0.05852832645 0.08554045856
v -0.04325000197 0.05852832645 0.08554045856
v -0.04275000095 0.05852832645 0.08554045856
v -0.04225000367 0.05852832645 0.08554045856
v -0.04175000265 0.05852832645 0.08554045856
v -0.04125000164 0.05852832645 0.08554045856
v -0.04075000063 0.05853994563 0.08566054702
v -0.04025000334 0.05852832645 0.08554045856
v -0.03975000232 0.05853994563 0.08566054702
v -0.03925000131 0.05853994563 0.08566054702
v -0.0387500003 0.05853994563 0.08566054702
v -0.03825000301 0.05853994563 0.08566054702
v -0.037750002 0.05853994563 0.08566054702
v -0.03725000098 0.05856318399 0.08590069413
v -0.03674999997 0.05856318399 0.08590069413
v -0.03625000268 0.05855156481 0.08578060567
v -0.03575000167 0.05856318399 0.08590069413
v -0.03525000066 0.05857480317 0.08602075279
v -0.03475000337 0.05857480317 0.08602075279
v -0.03425000235 0.05857480317 0.08602075279
v -0.03375000134 0.05858642608 0.08614084125
v -0.03325000033 0.05859804526 0.0862608999
v -0.03275000304 0.05859804526 0.0862608999
v -0.03225000203 0.05860966444 0.08638097346
v -0.03175000101 0.05860966444 0.08638097346
v -0.03125 0.05862128362 0.08650106192
v -0.03075000085 0.05862128362 0.08650106192
v -0.0302500017 0.0586329028 0.08662110567
v -0.02975000069 0.0586329028 0.08662110567
v -0.02925000153 0.0586329028 0.08662110567
v -0.02875000052 0.05864452198 0.08674117923
v -0.02825000137 0.05864452198 0.08674117923
v -0.02775000222 0.05865614489 0.08686126769
v -0.02725000121 0.05866776407 0.08698134124
v -0.02675000206 0.05866776407 0.08698134124
v -0.02625000104 0.05866776407 0.08698134124
v -0.02575000189 0.05866776407 0.08698134124
v -0.02525000088 0.05866776407 0.08698134124
v -0.02475000173 0.05866776407 0.08698134124
v -0.02425000072 0.05867938325 0.0871014148
v -0.02375000156 0.05866776407 0.08698134124
v -0.02325000055 0.05864452198 0.08674117923
v -0.0227500014 0.0586329028 0.08662110567
v -0.02225000039 0.05844698474 0.08469997346
v -0.02175000124 0.05849346519 0.08518025279
v -0.02125000022 0.058481846 0.08506017923
v -0.02075000107 0.0584702231 0.08494009078
v -0.02025000006 0.05844698474 0.08469997346
v -0.01975000091 0.05625082552 0.06200629473
v -0.01925000176 0.05294288695 0.02701532841
v -0.01875000075 0.05290747806 0.02663514018
v -0.01825000159 0.0528366603 0.02587480843
v -0.01775000058 0.05262420326 0.02359379828
v -0.01725000143 0.05265961215 0.02397396415
v -0.01675000042 0.05254158378 0.0227067396
v -0.01625000127 0.05227011442 0.01979210228
v -0.01575000025 0.05230552331 0.0201722905
v -0.0152500011 0.05218749121 0.01890505105
v -0.01475000102 0.05216388777 0.0186516121
v -0.01425000094 0.05209307 0.01789128035
v -0.01375000086 0.05208126456 0.01776455343
v -0.01325000077 0.05205765739 0.01751109213
v -0.01275000069 0.05203405395 0.01725765318
v -0.01225000061 0.05199864507 0.01687749475
v -0.0007500000065 0.05295468867 0.02714204043
v -0.0002500000119 0.05301370472 0.02777566016
v 0.002250000136 0.05332058296 0.03107045591
v 0.002750000218 0.053379599 0.03170406073
v 0.003250000067 0.05343861505 0.03233768791
v 0.003750000149 0.05347402394 0.03271784633
v 0.004250000231 0.05348582566 0.03284457326
v 0.004750000313 0.05352123454 0.03322474658
v 0.005250000395 0.05353303626 0.03335147351
v 0.005750000477 0.05355664343 0.03360490501
v 0.006250000093 0.05355664343 0.03360490501
v 0.006750000175 0.05354483798 0.03347817808
v 0.007250000257 0.05353303626 0.03335147351
v 0.007750000339 0.0535094291 0.03309801221
v 0.008249999955 0.05349762738 0.03297130764
v 0.008750000037 0.0535094291 0.03309801221
v 0.009250000119 0.0535094291 0.03309801221
v 0.009750000201 0.05343861505 0.03233768791
v 0.01025000028 0.05340320617 0.03195751458
v 0.01075000037 0.05341500789 0.03208422661
v 0.01125000045 0.05341500789 0.03208422661
v 0.01175000053 0.05340320617 0.03195751458
v 0.01225000061 0.053379599 0.03170406073
v 0.01275000069 0.05336779729 0.03157735616
v 0.01325000077 0.05324976519 0.03031010926
v 0.01375000086 0.05326156691 0.03043683618
v -0.0615000017 0.05905271694 0.08397915959
v -0.06100000441 0.05908732861 0.08433935046
v -0.0605000034 0.05909886584 0.08445940912
v -0.06000000238 0.05912194028 0.08469955623
v -0.05950000137 0.05913347751 0.08481961489
v -0.05900000408 0.05913347751 0.08481961489
v -0.05850000307 0.05915655196 0.0850597471
v -0.05800000206 0.05915655196 0.0850597471
v -0.05750000104 0.05916808918 0.08517982066
v -0.05700000376 0.05916808918 0.08517982066
v -0.05650000274 0.05916808918 0.08517982066
v -0.05600000173 0.05917963013 0.08529989421
v -0.05550000444 0.05917963013 0.08529989421
v -0.05500000343 0.05917963013 0.08529989421
v -0.05450000241 0.05917963013 0.08529989421
v -0.0540000014 0.05917963013 0.08529989421
v -0.05350000411 0.05917963013 0.08529989421
v -0.0530000031 0.05917963013 0.08529989421
v -0.05250000209 0.05917963013 0.08529989421
v -0.05200000107 0.05919116363 0.08541993797
v -0.05150000378 0.05920270085 0.08554001153
v -0.05100000277 0.0592142418 0.08566008508
v -0.05050000176 0.0592142418 0.08566008508
v -0.05000000075 0.0592142418 0.08566008508
v -0.04950000346 0.0592142418 0.08566008508
v -0.04900000244 0.0592142418 0.08566008508
v -0.04850000143 0.0592142418 0.08566008508
v -0.04800000042 0.0592257753 0.08578014374
v -0.04750000313 0.0592142418 0.08566008508
v -0.04700000212 0.05920270085 0.08554001153
v -0.0465000011 0.05919116363 0.08541993797
v -0.04600000381 0.05920270085 0.08554001153
v -0.0455000028 0.05919116363 0.08541993797
v -0.04500000179 0.05919116363 0.08541993797
v -0.04450000077 0.05917963013 0.08529989421
v -0.04400000349 0.05920270085 0.08554001153
v -0.04350000247 0.05919116363 0.08541993797
v -0.04300000146 0.05920270085 0.08554001153
v -0.04250000045 0.05920270085 0.08554001153
v -0.04200000316 0.05919116363 0.08541993797
v -0.04150000215 0.05920270085 0.08554001153
v -0.04100000113 0.05920270085 0.08554001153
v -0.04050000012 0.0592142418 0.08566008508
v -0.04000000283 0.05920270085 0.08554001153
v -0.03950000182 0.05920270085 0.08554001153
v -0.0390000008 0.0592142418 0.08566008508
v -0.03850000352 0.0592257753 0.08578014374
v -0.0380000025 0.0592142418 0.08566008508
v -0.03750000149 0.0592257753 0.08578014374
v -0.03700000048 0.05923731253 0.08590021729
v -0.03650000319 0.05923731253 0.08590021729
v -0.03600000218 0.05923731253 0.08590021729
v -0.03550000116 0.05924885347 0.08602027595
v -0.03500000015 0.0592603907 0.08614036441
v -0.03450000286 0.0592603907 0.08614036441
v -0.03400000185 0.0592719242 0.08626040816
v -0.03350000083 0.0592603907 0.08614036441
v -0.03299999982 0.05928346515 0.08638046682
v -0.03250000253 0.05929500237 0.08650055528
v -0.03200000152 0.05929500237 0.08650055528
v -0.03150000051 0.05929500237 0.08650055528
v -0.03100000136 0.05929500237 0.08650055528
v -0.03050000221 0.05930653587 0.08662059903
v -0.03000000119 0.05931807682 0.08674067259
v -0.02950000204 0.05930653587 0.08662059903
v -0.02900000103 0.05930653587 0.08662059903
v -0.02850000188 0.05931807682 0.08674067259
v -0.02800000086 0.05931807682 0.08674067259
v -0.02750000171 0.05932961404 0.08686074615
v -0.0270000007 0.05932961404 0.08686074615
v -0.02650000155 0.05932961404 0.08686074615
v -0.02600000054 0.05932961404 0.08686074615
v -0.02550000139 0.05931807682 0.08674067259
v -0.02500000037 0.05930653587 0.08662059903
v -0.02450000122 0.05930653587 0.08662059903
v -0.02400000021 0.0592719242 0.08626040816
v -0.02350000106 0.05920270085 0.08554001153
v -0.02300000191 0.05917963013 0.08529989421
v -0.02250000089 0.05915655196 0.0850597471
v -0.02200000174 0.0589834936 0.08325874805
v -0.02150000073 0.05904117972 0.08385908604
v -0.02100000158 0.05909886584 0.08445940912
v -0.02050000057 0.05692984536 0.06188696623
v -0.02000000142 0.05689523369 0.06152676046
v -0.0195000004 0.05364975333 0.02701468021
v -0.01900000125 0.05364975333 0.02701468021
v -0.01850000024 0.05360270664 0.02650773525
v -0.01800000109 0.05353213474 0.0257473141
v -0.01750000007 0.05336747691 0.02397302538
v -0.01700000092 0.05337923765 0.02409976721
v -0.01649999991 0.05327338353 0.02295914292
v -0.01600000076 0.05301463231 0.0201709941
v -0.01550000068 0.05301463231 0.0201709941
v -0.0150000006 0.05292054266 0.01915711164
v -0.01450000051 0.05290877819 0.01903036237
v -0.01400000043 0.05283821002 0.01826997101
v -0.01350000035 0.05282644928 0.01814322174
v -0.01300000027 0.05281468853 0.01801648736
v -0.01250000019 0.05277940258 0.01763627678
v -0.0120000001 0.0527558811 0.01738281548
v -0.01150000095 0.05254417658 0.01510159671
v -0.01100000087 0.05255593359 0.01522831619
v -0.01050000079 0.05250889063 0.01472137123
v -0.01000000071 0.05243832245 0.01396097243
v -0.009500000626 0.05247360468 0.01434116811
v -0.001000000047 0.05366151035 0.02714139968
v -0.0005000000237 0.05372032151 0.02777508646
v 0 0.0537673682 0.02828202397
v 0.0005000000237 0.05374384299 0.02802854776
v 0.002000000095 0.05395554751 0.03030977398
v 0.002500000177 0.05402611941 0.03107019514
v 0.003000000026 0.05409668759 0.03183060139
v 0.003500000108 0.05413196981 0.03221079707
v 0.00400000019 0.05416725576 0.0325910002
v 0.004500000272 0.05419077724 0.03284448385
v 0.005000000354 0.05420254171 0.03297122568
v 0.005500000436 0.05421430245 0.0330979377
v 0.006000000052 0.05422606319 0.03322468698
v 0.006500000134 0.05423782393 0.03335142136
v 0.007000000216 0.05423782393 0.03335142136
v 0.007500000298 0.05419077724 0.03284448385
v 0.00800000038 0.0541790165 0.03271774203
v 0.008500000462 0.05415549502 0.03246428072
v 0.009000000544 0.05406140164 0.03145039082
v 0.009500000626 0.05404964089 0.03132365644
v 0.01000000071 0.05403788015 0.03119691461
v 0.01050000079 0.05403788015 0.03119691461
v 0.01100000087 0.05401435494 0.03094345331
v 0.01150000095 0.05402611941 0.03107019514
v 0.0120000001 0.05401435494 0.03094345331
v 0.01250000019 0.05393202603 0.03005631268
v 0.01300000027 0.05393202603 0.03005631268
v 0.01350000035 0.05388497934 0.02954936773
v -0.06225000322 0.05975108221 0.08421888947
v -0.06175000221 0.05978544801 0.08457906544
v -0.06125000119 0.05979690328 0.084699139
v -0.0607500039 0.05980835855 0.08481919765
v -0.06025000289 0.05981981009 0.08493924141
v -0.05975000188 0.05983126536 0.08505931497
v -0.05925000459 0.05983126536 0.08505931497
v -0.05875000358 0.05983126536 0.08505931497
v -0.05825000256 0.05985417962 0.08529944718
v -0.05775000155 0.05984272435 0.08517937362
v -0.05725000426 0.05984272435 0.08517937362
v -0.05675000325 0.05985417962 0.08529944718
v -0.05625000224 0.05985417962 0.08529944718
v -0.05575000122 0.05985417962 0.08529944718
v -0.05525000393 0.05986563116 0.08541949093
v -0.05475000292 0.05986563116 0.08541949093
v -0.05425000191 0.05986563116 0.08541949093
v -0.05375000089 0.05986563116 0.08541949093
v -0.05325000361 0.05986563116 0.08541949093
v -0.05275000259 0.05985417962 0.08529944718
v -0.05225000158 0.05985417962 0.08529944718
v -0.05175000429 0.05987708643 0.08553954959
v -0.05125000328 0.05987708643 0.08553954959
v -0.05075000226 0.0598885417 0.08565962315
v -0.05025000125 0.0598885417 0.08565962315
v -0.04975000396 0.05987708643 0.08553954959
v -0.04925000295 0.05987708643 0.08553954959
v -0.04875000194 0.05987708643 0.08553954959
v -0.04825000092 0.0598885417 0.08565962315
v -0.04775000364 0.0598885417 0.08565962315
v -0.04725000262 0.05987708643 0.08553954959
v -0.04675000161 0.05986563116 0.08541949093
v -0.0462500006 0.05987708643 0.08553954959
v -0.04575000331 0.05986563116 0.08541949093
v -0.04525000229 0.05986563116 0.08541949093
v -0.04475000128 0.05985417962 0.08529944718
v -0.04425000027 0.05986563116 0.08541949093
v -0.04375000298 0.05987708643 0.08553954959
v -0.04325000197 0.05986563116 0.08541949093
v -0.04275000095 0.05987708643 0.08553954959
v -0.04225000367 0.05986563116 0.08541949093
v -0.04175000265 0.05986563116 0.08541949093
v -0.04125000164 0.05987708643 0.08553954959
v -0.04075000063 0.05987708643 0.08553954959
v -0.04025000334 0.05987708643 0.08553954959
v -0.03975000232 0.0598885417 0.08565962315
v -0.03925000131 0.0598885417 0.08565962315
v -0.0387500003 0.0598885417 0.08565962315
v -0.03825000301 0.0598885417 0.08565962315
v -0.037750002 0.05989999697 0.0857796669
v -0.03725000098 0.05989999697 0.0857796669
v -0.03674999997 0.05991145223 0.08589974046
v -0.03625000268 0.05991145223 0.08589974046
v -0.03575000167 0.0599229075 0.08601979911
v -0.03525000066 0.05993436277 0.08613987267
v -0.03475000337 0.05993436277 0.08613987267
v -0.03425000235 0.05994581431 0.08625991642
v -0.03375000134 0.05994581431 0.08625991642
v -0.03325000033 0.05995726958 0.08637997508
v -0.03275000304 0.05996872485 0.08650004864
v -0.03225000203 0.05996872485 0.08650004864
v -0.03175000101 0.05996872485 0.08650004864
v -0.03125 0.05996872485 0.08650004864
v -0.03075000085 0.05998018011 0.08662009239
v -0.0302500017 0.05998018011 0.08662009239
v -0.02975000069 0.05998018011 0.08662009239
v -0.02925000153 0.05998018011 0.08662009239
v -0.02875000052 0.05998018011 0.08662009239
v -0.02825000137 0.05998018011 0.08662009239
v -0.02775000222 0.05996872485 0.08650004864
v -0.02725000121 0.05998018011 0.08662009239
v -0.02675000206 0.05996872485 0.08650004864
v -0.02625000104 0.0599229075 0.08601979911
v -0.02575000189 0.0599229075 0.08601979911
v -0.02525000088 0.05989999697 0.0857796669
v -0.02475000173 0.05987708643 0.08553954959
v -0.02425000072 0.0596938096 0.0836185813
v -0.02375000156 0.05975108221 0.08421888947
v -0.02325000055 0.05979690328 0.084699139
v -0.0227500014 0.05979690328 0.084699139
v -0.02225000039 0.0581703186 0.06765057147
v -0.02175000124 0.05787249282 0.06452903152
v -0.02125000022 0.05787249282 0.06452903152
v -0.02075000107 0.05757466704 0.06140746176
v -0.01975000091 0.05434490368 0.02688727528
v -0.01925000176 0.05435662344 0.02701403201
v -0.01875000075 0.05432146043 0.02663377672
v -0.01825000159 0.05427458137 0.02612677962
v -0.01775000058 0.05406362563 0.02384533733
v -0.01725000143 0.05409878492 0.02422559261
v -0.01675000042 0.05406362563 0.02384533733
v -0.01625000127 0.05396986753 0.02283138037
v -0.01575000025 0.05375890806 0.02054993063
v -0.0152500011 0.05371202901 0.02004294097
v -0.01475000102 0.05368858576 0.01978943497
v -0.01425000094 0.05361826718 0.01902896166
v -0.01375000086 0.05359483138 0.01877547055
v -0.01325000077 0.05357138813 0.018521972
v -0.01275000069 0.05355966836 0.01839521527
v -0.01225000061 0.05353622884 0.01814173162
v -0.01175000053 0.05351278931 0.01788824797
v -0.01125000045 0.05331355333 0.01573353261
v -0.01075000037 0.05327839404 0.01535329968
v -0.01025000028 0.05327839404 0.01535329968
v -0.009750000201 0.05320807546 0.01459282637
v -0.009250000119 0.05323151127 0.01484631002
v -0.0007500000065 0.05441522226 0.02764774859
v -0.0002500000119 0.05447382107 0.02828149498
v 0.0002500000119 0.0544972606 0.02853497863
v 0.0007500000065 0.05453241989 0.02891521901
v 0.001750000054 0.05460273847 0.02967571467
v 0.002250000136 0.05468478054 0.03056293726
v 0.002750000218 0.05473165959 0.03106993437
v 0.003250000067 0.05479025841 0.03170365095
v 0.003750000149 0.0548254177 0.03208389133
v 0.004250000231 0.05484885722 0.03233739734
v 0.004750000313 0.05487229675 0.03259088844
v 0.005250000395 0.05488401651 0.03271763772
v 0.005750000477 0.05488401651 0.03271763772
v 0.006250000093 0.05490745604 0.03297114372
v 0.006750000175 0.05489573628 0.03284438699
v 0.007250000257 0.05487229675 0.03259088844
v 0.007750000339 0.05486057699 0.03246415406
v 0.008249999955 0.05486057699 0.03246415406
v 0.008750000037 0.05475509912 0.03132341802
v 0.009250000119 0.05473165959 0.03106993437
v 0.009750000201 0.05469649658 0.03068967164
v 0.01025000028 0.05468478054 0.03056293726
v 0.01075000037 0.05464962125 0.03018270433
v 0.01125000045 0.05466133729 0.03030943871
v 0.01175000053 0.05466133729 0.03030943871
v 0.01225000061 0.05461445823 0.02980244905
v 0.01275000069 0.05460273847 0.02967571467
v -0.06300000101 0.06042637303 0.08421850204
v -0.0625 0.06047186255 0.08469873667
v -0.06200000271 0.06049460545 0.08493882418
v -0.0615000017 0.06050597876 0.08505888283
v -0.06100000441 0.06050597876 0.08505888283
v -0.0605000034 0.06051735207 0.08517894149
v -0.06000000238 0.06051735207 0.08517894149
v -0.05950000137 0.06051735207 0.08517894149
v -0.05900000408 0.06051735207 0.08517894149
v -0.05850000307 0.06051735207 0.08517894149
v -0.05800000206 0.06051735207 0.08517894149
v -0.05750000104 0.06051735207 0.08517894149
v -0.05700000376 0.06051735207 0.08517894149
v -0.05650000274 0.06052872539 0.08529900014
v -0.05600000173 0.06054009497 0.0854190439
v -0.05550000444 0.06054009497 0.0854190439
v -0.05500000343 0.06052872539 0.08529900014
v -0.05450000241 0.06052872539 0.08529900014
v -0.0540000014 0.06052872539 0.08529900014
v -0.05350000411 0.06052872539 0.08529900014
v -0.0530000031 0.06051735207 0.08517894149
v -0.05250000209 0.06052872539 0.08529900014
v -0.05200000107 0.06054009497 0.0854190439
v -0.05150000378 0.06055146828 0.08553910255
v -0.05100000277 0.06055146828 0.08553910255
v -0.05050000176 0.06055146828 0.08553910255
v -0.05000000075 0.06055146828 0.08553910255
v -0.04950000346 0.06054009497 0.0854190439
v -0.04900000244 0.06054009497 0.0854190439
v -0.04850000143 0.06055146828 0.08553910255
v -0.04800000042 0.06055146828 0.08553910255
v -0.04750000313 0.06054009497 0.0854190439
v -0.04700000212 0.06054009497 0.0854190439
v -0.0465000011 0.06054009497 0.0854190439
v -0.04600000381 0.06052872539 0.08529900014
v -0.0455000028 0.06051735207 0.08517894149
v -0.04500000179 0.06054009497 0.0854190439
v -0.04450000077 0.06052872539 0.08529900014
v -0.04400000349 0.06054009497 0.0854190439
v -0.04350000247 0.06052872539 0.08529900014
v -0.04300000146 0.06052872539 0.08529900014
v -0.04250000045 0.06054009497 0.0854190439
v -0.04200000316 0.06054009497 0.0854190439
v -0.04150000215 0.06054009497 0.0854190439
v -0.04100000113 0.06055146828 0.08553910255
v -0.04050000012 0.06054009497 0.0854190439
v -0.04000000283 0.06056284159 0.08565916121
v -0.03950000182 0.06057421118 0.08577920496
v -0.0390000008 0.06057421118 0.08577920496
v -0.03850000352 0.06057421118 0.08577920496
v -0.0380000025 0.06058558449 0.08589926362
v -0.03750000149 0.06058558449 0.08589926362
v -0.03700000048 0.06058558449 0.08589926362
v -0.03650000319 0.0605969578 0.08601932228
v -0.03600000218 0.06060833111 0.08613939583
v -0.03550000116 0.06060833111 0.08613939583
v -0.03500000015 0.0606197007 0.08625942469
v -0.03450000286 0.0606197007 0.08625942469
v -0.03400000185 0.06063107401 0.08637948334
v -0.03350000083 0.06063107401 0.08637948334
v -0.03299999982 0.06064244732 0.086499542
v -0.03250000253 0.06065381691 0.08661958575
v -0.03200000152 0.06065381691 0.08661958575
v -0.03150000051 0.06065381691 0.08661958575
v -0.03100000136 0.06065381691 0.08661958575
v -0.03050000221 0.06065381691 0.08661958575
v -0.03000000119 0.06064244732 0.086499542
v -0.02950000204 0.06064244732 0.086499542
v -0.02900000103 0.06063107401 0.08637948334
v -0.02850000188 0.0606197007 0.08625942469
v -0.02800000086 0.0606197007 0.08625942469
v -0.02750000171 0.06060833111 0.08613939583
v -0.0270000007 0.06058558449 0.08589926362
v -0.02650000155 0.06046048924 0.08457866311
v -0.02600000054 0.06049460545 0.08493882418
v -0.02550000139 0.06049460545 0.08493882418
v -0.02500000037 0.06047186255 0.08469873667
v -0.02450000122 0.06032402068 0.08313801885
v -0.02400000021 0.0603695102 0.08361822367
v -0.02350000106 0.05890248343 0.06813123822
v -0.02300000191 0.05891385674 0.06825129688
v -0.02250000089 0.05856131762 0.06452962756
v -0.02200000174 0.05859543383 0.06488978863
v -0.02150000073 0.05857268721 0.06464967132
v -0.02050000057 0.05523866042 0.02891474962
v -0.02000000142 0.05523866042 0.02891474962
v -0.0195000004 0.05521530658 0.02866124362
v -0.01900000125 0.0550634861 0.02701338381
v -0.01850000024 0.05501677468 0.02650634199
v -0.01800000109 0.05494670197 0.02574577928
v -0.01750000007 0.054806564 0.02422468364
v -0.01700000092 0.054806564 0.02422468364
v -0.01649999991 0.05473649502 0.02346411347
v -0.01600000076 0.0544795692 0.02067541331
v -0.01550000068 0.0544795692 0.02067541331
v -0.0150000006 0.05444453657 0.02029514313
v -0.01450000051 0.05444453657 0.02029514313
v -0.01400000043 0.05435110629 0.0192810595
v -0.01350000035 0.05432775244 0.0190275535
v -0.01300000027 0.05431607366 0.01890078932
v -0.01250000019 0.05429271609 0.01864728332
v -0.0120000001 0.0542810373 0.01852051914
v -0.01150000095 0.05425768346 0.01826701313
v -0.01100000087 0.05411754176 0.01674589515
v -0.01050000079 0.05405915156 0.01611208916
v -0.01000000071 0.0540241152 0.01573181152
v -0.009500000626 0.05395404622 0.01497127116
v -0.009000000544 0.05397740379 0.01522478461
v -0.008500000462 0.05397740379 0.01522478461
v -0.001000000047 0.05509852245 0.02739365399
v -0.0005000000237 0.05516859144 0.02815420181
v 0 0.05520362779 0.02853447199
v 0.0005000000237 0.05523866042 0.02891474962
v 0.001000000047 0.05525033921 0.0290415138
v 0.001500000013 0.05527369678 0.02929504961
v 0.002000000095 0.0553204082 0.02980206162
v 0.002500000177 0.05537880212 0.03043586761
v 0.003000000026 0.05542551354 0.03094290942
v 0.003500000108 0.05547222868 0.03144994378
v 0.00400000019 0.05549558252 0.03170344979
v 0.004500000272 0.05553061888 0.03208372742
v 0.005000000354 0.05555397645 0.03233725578
v 0.005500000436 0.05555397645 0.03233725578
v 0.006000000052 0.05556565523 0.03246401995
v 0.006500000134 0.05555397645 0.03233725578
v 0.007000000216 0.05555397645 0.03233725578
v 0.007500000298 0.05554229766 0.0322104916
v 0.00800000038 0.05554229766 0.0322104916
v 0.008500000462 0.05549558252 0.03170344979
v 0.009000000544 0.05542551354 0.03094290942
v 0.009500000626 0.05539048091 0.03056263179
v 0.01000000071 0.05535544455 0.0301823616
v 0.01050000079 0.05533208698 0.0299288258
v 0.01100000087 0.05530873314 0.02967531979
v 0.01150000095 0.0553204082 0.02980206162
v 0.0120000001 0.0553204082 0.02980206162
v -0.06325000525 0.06111295149 0.08433817327
v -0.06275000423 0.06116939709 0.08493839204
v -0.06225000322 0.06118068844 0.0850584507
v -0.06175000221 0.0611919798 0.08517850935
v -0.06125000119 0.0611919798 0.08517850935
v -0.0607500039 0.0611919798 0.08517850935
v -0.06025000289 0.06118068844 0.0850584507
v -0.05975000188 0.0611919798 0.08517850935
v -0.05925000459 0.0611919798 0.08517850935
v -0.05875000358 0.0611919798 0.08517850935
v -0.05825000256 0.0611919798 0.08517850935
v -0.05775000155 0.06118068844 0.0850584507
v -0.05725000426 0.06118068844 0.0850584507
v -0.05675000325 0.06118068844 0.0850584507
v -0.05625000224 0.0611919798 0.08517850935
v -0.05575000122 0.0611919798 0.08517850935
v -0.05525000393 0.06118068844 0.0850584507
v -0.05475000292 0.0611919798 0.08517850935
v -0.05425000191 0.06118068844 0.0850584507
v -0.05375000089 0.06118068844 0.0850584507
v -0.05325000361 0.06118068844 0.0850584507
v -0.05275000259 0.06118068844 0.0850584507
v -0.05225000158 0.06120327115 0.08529856801
v -0.05175000429 0.06120327115 0.08529856801
v -0.05125000328 0.06120327115 0.08529856801
v -0.05075000226 0.0611919798 0.08517850935
v -0.05025000125 0.0611919798 0.08517850935
v -0.04975000396 0.06121455878 0.08541859686
v -0.04925000295 0.06120327115 0.08529856801
v -0.04875000194 0.06120327115 0.08529856801
v -0.04825000092 0.06121455878 0.08541859686
v -0.04775000364 0.06121455878 0.08541859686
v -0.04725000262 0.06120327115 0.08529856801
v -0.04675000161 0.06121455878 0.08541859686
v -0.0462500006 0.06120327115 0.08529856801
v -0.04575000331 0.06120327115 0.08529856801
v -0.04525000229 0.06121455878 0.08541859686
v -0.04475000128 0.06120327115 0.08529856801
v -0.04425000027 0.06120327115 0.08529856801
v -0.04375000298 0.06120327115 0.08529856801
v -0.04325000197 0.06120327115 0.08529856801
v -0.04275000095 0.06121455878 0.08541859686
v -0.04225000367 0.06121455878 0.08541859686
v -0.04175000265 0.06120327115 0.08529856801
v -0.04125000164 0.06121455878 0.08541859686
v -0.04075000063 0.06122584641 0.08553864062
v -0.04025000334 0.06123713776 0.08565869927
v -0.03975000232 0.06123713776 0.08565869927
v -0.03925000131 0.06124842539 0.08577872813
v -0.0387500003 0.06125971675 0.08589880168
v -0.03825000301 0.06125971675 0.08589880168
v -0.037750002 0.0612710081 0.08601884544
v -0.03725000098 0.0612710081 0.08601884544
v -0.03674999997 0.0612710081 0.08601884544
v -0.03625000268 0.06128229573 0.08613890409
v -0.03575000167 0.06129358709 0.08625893295
v -0.03525000066 0.06129358709 0.08625893295
v -0.03475000337 0.06130487472 0.0863789767
v -0.03425000235 0.06130487472 0.0863789767
v -0.03375000134 0.06130487472 0.0863789767
v -0.03325000033 0.06130487472 0.0863789767
v -0.03275000304 0.06131616607 0.08649903536
v -0.03225000203 0.06130487472 0.0863789767
v -0.03175000101 0.06131616607 0.08649903536
v -0.03125 0.06130487472 0.0863789767
v -0.03075000085 0.06130487472 0.0863789767
v -0.0302500017 0.06128229573 0.08613890409
v -0.02975000069 0.0612710081 0.08601884544
v -0.02925000153 0.06125971675 0.08589880168
v -0.02875000052 0.06120327115 0.08529856801
v -0.02825000137 0.06120327115 0.08529856801
v -0.02775000222 0.06098876148 0.08301763237
v -0.02725000121 0.06102263182 0.08337777853
v -0.02675000206 0.06105650216 0.0837379247
v -0.02625000104 0.05971302092 0.06945218146
v -0.02575000189 0.05976947024 0.07005243003
v -0.02525000088 0.05970172957 0.0693321377
v -0.02475000173 0.05966785923 0.06897200644
v -0.02425000072 0.05969044194 0.06921210885
v -0.02375000156 0.05954367295 0.06765146554
v -0.02325000055 0.05930658802 0.06513045728
v -0.0227500014 0.05930658802 0.06513045728
v -0.02225000039 0.05928400904 0.06489036977
v -0.02175000124 0.05912595242 0.0632096976
v -0.02125000022 0.05865178257 0.0581676513
v -0.02075000107 0.05868565291 0.05852779746
v -0.02025000006 0.05599145219 0.0294213742
v -0.01975000091 0.0559681803 0.02916783839
v -0.01925000176 0.05577035621 0.02701273561
v -0.01875000075 0.0557936281 0.02726627141
v -0.01825000159 0.0557121709 0.02637887001
v -0.01775000058 0.05549107119 0.02397020906
v -0.01725000143 0.05552598089 0.02435052395
v -0.01675000042 0.05547943339 0.02384343743
v -0.01625000127 0.055409614 0.02308282256
v -0.01575000025 0.05522342771 0.0210544914
v -0.0152500011 0.0551652424 0.02042062581
v -0.01475000102 0.05517688021 0.02054740489
v -0.01425000094 0.05517688021 0.02054740489
v -0.01375000086 0.05510705709 0.01978676766
v -0.01325000077 0.05509542301 0.01966001093
v -0.01275000069 0.05506050959 0.01927968115
v -0.01225000061 0.0550255999 0.01889937371
v -0.01175000053 0.0550255999 0.01889937371
v -0.01125000045 0.0548975952 0.01750488579
v -0.01075000037 0.05482777581 0.01674427092
v -0.01025000028 0.054816138 0.01661749184
v -0.009750000201 0.0547812283 0.01623718441
v -0.009250000119 0.05472304672 0.01560331881
v -0.008750000037 0.0547346808 0.01573009789
v -0.008249999955 0.05474631861 0.01585686952
v -0.0007500000065 0.0558401756 0.02777335793
v -0.0002500000119 0.0558867231 0.02828043699
v 0.0002500000119 0.0559332706 0.02878752351
v 0.0007500000065 0.05595654249 0.02904105932
v 0.001250000088 0.05597981438 0.02929461747
v 0.001750000054 0.05599145219 0.0294213742
v 0.002250000136 0.05602636188 0.02980168164
v 0.002750000218 0.05607290938 0.03030876815
v 0.003250000067 0.05611945689 0.03081585467
v 0.003750000149 0.05613109469 0.03094263375
v 0.004250000231 0.05616600439 0.03132294118
v 0.004750000313 0.05617763847 0.03144971281
v 0.005250000395 0.05618927628 0.03157649189
v 0.005750000477 0.05621255189 0.0318300277
v 0.006250000093 0.05618927628 0.03157649189
v 0.006750000175 0.05618927628 0.03157649189
v 0.007250000257 0.05618927628 0.03157649189
v 0.007750000339 0.05617763847 0.03144971281
v 0.008249999955 0.05614272878 0.03106940538
v 0.008750000037 0.05610781908 0.03068907559
v 0.009250000119 0.05608454719 0.03043554723
v 0.009750000201 0.05603799969 0.02992845327
v 0.01025000028 0.0560147278 0.02967492491
v 0.01075000037 0.05597981438 0.02929461747
v 0.01125000045 0.05597981438 0.02929461747
v 0.01175000053 0.05599145219 0.0294213742
v -0.06350000203 0.06175453588 0.08397765458
v -0.06300000101 0.06182177737 0.0846979022
v -0.0625 0.06185539812 0.08505801857
v -0.06200000271 0.06186660752 0.08517806232
v -0.0615000017 0.06186660752 0.08517806232
v -0.06100000441 0.06187781319 0.08529812098
v -0.0605000034 0.06186660752 0.08517806232
v -0.06000000238 0.06186660752 0.08517806232
v -0.05950000137 0.06185539812 0.08505801857
v -0.05900000408 0.06185539812 0.08505801857
v -0.05850000307 0.06184419245 0.08493797481
v -0.05800000206 0.06184419245 0.08493797481
v -0.05750000104 0.06184419245 0.08493797481
v -0.05700000376 0.06183298677 0.08481794596
v -0.05650000274 0.06183298677 0.08481794596
v -0.05600000173 0.06184419245 0.08493797481
v -0.05550000444 0.06182177737 0.0846979022
v -0.05500000343 0.06183298677 0.08481794596
v -0.05450000241 0.06182177737 0.0846979022
v -0.0540000014 0.06183298677 0.08481794596
v -0.05350000411 0.06183298677 0.08481794596
v -0.0530000031 0.06183298677 0.08481794596
v -0.05250000209 0.06185539812 0.08505801857
v -0.05200000107 0.06184419245 0.08493797481
v -0.05150000378 0.06184419245 0.08493797481
v -0.05100000277 0.06183298677 0.08481794596
v -0.05050000176 0.06184419245 0.08493797481
v -0.05000000075 0.06186660752 0.08517806232
v -0.04950000346 0.06185539812 0.08505801857
v -0.04900000244 0.06186660752 0.08517806232
v -0.04850000143 0.06187781319 0.08529812098
v -0.04800000042 0.06187781319 0.08529812098
v -0.04750000313 0.06187781319 0.08529812098
v -0.04700000212 0.06187781319 0.08529812098
v -0.0465000011 0.06188902259 0.08541814983
v -0.04600000381 0.06188902259 0.08541814983
v -0.0455000028 0.06187781319 0.08529812098
v -0.04500000179 0.06187781319 0.08529812098
v -0.04450000077 0.06186660752 0.08517806232
v -0.04400000349 0.06186660752 0.08517806232
v -0.04350000247 0.06186660752 0.08517806232
v -0.04300000146 0.06188902259 0.08541814983
v -0.04250000045 0.06188902259 0.08541814983
v -0.04200000316 0.06187781319 0.08529812098
v -0.04150000215 0.06188902259 0.08541814983
v -0.04100000113 0.06190022826 0.08553819358
v -0.04050000012 0.06191143766 0.08565823734
v -0.04000000283 0.06191143766 0.08565823734
v -0.03950000182 0.06192264333 0.08577826619
v -0.0390000008 0.06194505841 0.0860183686
v -0.03850000352 0.06194505841 0.0860183686
v -0.0380000025 0.06194505841 0.0860183686
v -0.03750000149 0.06195626408 0.08613841236
v -0.03700000048 0.06195626408 0.08613841236
v -0.03650000319 0.06196746975 0.08625844121
v -0.03600000218 0.06196746975 0.08625844121
v -0.03550000116 0.06197867915 0.08637848496
v -0.03500000015 0.06196746975 0.08625844121
v -0.03450000286 0.06197867915 0.08637848496
v -0.03400000185 0.06196746975 0.08625844121
v -0.03350000083 0.06196746975 0.08625844121
v -0.03299999982 0.06197867915 0.08637848496
v -0.03250000253 0.06196746975 0.08625844121
v -0.03200000152 0.06195626408 0.08613841236
v -0.03150000051 0.06194505841 0.0860183686
v -0.03100000136 0.06192264333 0.08577826619
v -0.03050000221 0.06190022826 0.08553819358
v -0.03000000119 0.06182177737 0.0846979022
v -0.02950000204 0.0618105717 0.08457784355
v -0.02900000103 0.06175453588 0.08397765458
v -0.02800000086 0.06034242362 0.06885233521
v -0.02750000171 0.06036483869 0.06909242272
v -0.0270000007 0.06035362929 0.06897237897
v -0.02650000155 0.06036483869 0.06909242272
v -0.02600000054 0.06038725004 0.06933249533
v -0.02550000139 0.06018552184 0.06717173755
v -0.02500000037 0.06020793691 0.06741182506
v -0.02450000122 0.06016310677 0.06693166494
v -0.02400000021 0.06014069542 0.06669157743
v -0.02350000106 0.05997258425 0.06489095092
v -0.02300000191 0.05997258425 0.06489095092
v -0.02250000089 0.05992775783 0.0644107759
v -0.02200000174 0.05958032981 0.06068946421
v -0.02150000073 0.0595915392 0.06080950797
v -0.02100000158 0.05935618654 0.05828863382
v -0.02050000057 0.05676709861 0.03018166125
v -0.02000000142 0.05669752508 0.02942095697
v -0.0195000004 0.05667433888 0.02916739881
v -0.01900000125 0.0565004088 0.02726564556
v -0.01850000024 0.0565004088 0.02726564556
v -0.01800000109 0.05641924217 0.02637816221
v -0.01750000007 0.05624531582 0.02447640896
v -0.01700000092 0.05624531582 0.02447640896
v -0.01649999991 0.05617574602 0.02371571958
v -0.01600000076 0.05595543608 0.02130683511
v -0.01550000068 0.05590905249 0.02079969645
v -0.0150000006 0.05588586628 0.02054613829
v -0.01450000051 0.05590905249 0.02079969645
v -0.01400000043 0.05588586628 0.02054613829
v -0.01350000035 0.05587426946 0.02041935176
v -0.01300000027 0.05583948269 0.02003900707
v -0.01250000019 0.05579310283 0.01953187585
v -0.0120000001 0.0557699129 0.01927829534
v -0.01150000095 0.05575831607 0.01915153116
v -0.01100000087 0.05565395951 0.01801046729
v -0.01050000079 0.05556119978 0.01699620485
v -0.01000000071 0.05554960296 0.01686943322
v -0.009500000626 0.05554960296 0.01686943322
v -0.009000000544 0.05550322309 0.01636229455
v -0.008500000462 0.05548003316 0.01610872149
v -0.00800000038 0.05549162626 0.01623550802
v -0.0005000000237 0.05655838549 0.02789957076
v 0 0.05660476536 0.02840667963
v 0.0005000000237 0.05665114522 0.0289138183
v 0.001000000047 0.05666274205 0.02904060483
v 0.001500000013 0.05667433888 0.02916739881
v 0.002000000095 0.05669752508 0.02942095697
v 0.002500000177 0.05670912191 0.0295477435
v 0.003000000026 0.05672071874 0.02967453003
v 0.003500000108 0.05676709861 0.03018166125
v 0.00400000019 0.05677869171 0.03030843288
v 0.004500000272 0.05681347847 0.03068877757
v 0.005000000354 0.0568250753 0.0308155641
v 0.005500000436 0.0568366684 0.03094235808
v 0.006000000052 0.0568366684 0.03094235808
v 0.006500000134 0.0568250753 0.0308155641
v 0.007000000216 0.05679028854 0.03043521941
v 0.007500000298 0.05677869171 0.03030843288
v 0.00800000038 0.05676709861 0.03018166125
v 0.008500000462 0.05670912191 0.0295477435
v 0.009000000544 0.05670912191 0.0295477435
v 0.009500000626 0.05669752508 0.02942095697
v 0.01000000071 0.05666274205 0.02904060483
v 0.01050000079 0.05663955212 0.02878704667
v 0.01100000087 0.05662795529 0.02866026014
v 0.01300000027 0.05105228722 -0.02782657743
v 0.01400000043 0.05105228722 -0.02782657743
v -0.06325000525 0.06245223805 0.08421733975
v -0.06275000423 0.06249673665 0.08469748497
v -0.06225000322 0.06251898408 0.08493754268
v -0.06175000221 0.06251898408 0.08493754268
v -0.06125000119 0.0625301078 0.08505760133
v -0.0607500039 0.06251898408 0.08493754268
v -0.06025000289 0.06251898408 0.08493754268
v -0.05975000188 0.06250786036 0.08481752872
v -0.05925000459 0.06249673665 0.08469748497
v -0.05875000358 0.06248561293 0.08457744122
v -0.05825000256 0.06248561293 0.08457744122
v -0.05775000155 0.06247448549 0.08445741236
v -0.05725000426 0.06246336177 0.08433738351
v -0.05675000325 0.06246336177 0.08433738351
v -0.05625000224 0.06245223805 0.08421733975
v -0.05575000122 0.06244111061 0.084097296
v -0.05525000393 0.06246336177 0.08433738351
v -0.05475000292 0.06244111061 0.084097296
v -0.05425000191 0.06245223805 0.08421733975
v -0.05375000089 0.06246336177 0.08433738351
v -0.05325000361 0.06245223805 0.08421733975
v -0.05275000259 0.06247448549 0.08445741236
v -0.05225000158 0.06246336177 0.08433738351
v -0.05175000429 0.06245223805 0.08421733975
v -0.05125000328 0.06246336177 0.08433738351
v -0.05075000226 0.06248561293 0.08457744122
v -0.05025000125 0.06249673665 0.08469748497
v -0.04975000396 0.06248561293 0.08457744122
v -0.04925000295 0.06249673665 0.08469748497
v -0.04875000194 0.06251898408 0.08493754268
v -0.04825000092 0.0625301078 0.08505760133
v -0.04775000364 0.0625301078 0.08505760133
v -0.04725000262 0.06255236268 0.08529767394
v -0.04675000161 0.06254123896 0.08517763019
v -0.0462500006 0.0625634864 0.08541770279
v -0.04575000331 0.06255236268 0.08529767394
v -0.04525000229 0.06255236268 0.08529767394
v -0.04475000128 0.06255236268 0.08529767394
v -0.04425000027 0.06254123896 0.08517763019
v -0.04375000298 0.06255236268 0.08529767394
v -0.04325000197 0.06255236268 0.08529767394
v -0.04275000095 0.0625634864 0.08541770279
v -0.04225000367 0.0625634864 0.08541770279
v -0.04175000265 0.0625634864 0.08541770279
v -0.04125000164 0.06258573383 0.0856577754
v -0.04075000063 0.06258573383 0.0856577754
v -0.04025000334 0.06258573383 0.0856577754
v -0.03975000232 0.06259685755 0.08577780426
v -0.03925000131 0.06261910498 0.08601787686
v -0.0387500003 0.06263023615 0.08613793552
v -0.03825000301 0.06263023615 0.08613793552
v -0.037750002 0.06264135987 0.08625794947
v -0.03725000098 0.06264135987 0.08625794947
v -0.03674999997 0.06264135987 0.08625794947
v -0.03625000268 0.06265248358 0.08637799323
v -0.03575000167 0.06265248358 0.08637799323
v -0.03525000066 0.06264135987 0.08625794947
v -0.03475000337 0.06263023615 0.08613793552
v -0.03425000235 0.06263023615 0.08613793552
v -0.03375000134 0.06263023615 0.08613793552
v -0.03325000033 0.06261910498 0.08601787686
v -0.03275000304 0.06259685755 0.08577780426
v -0.03225000203 0.06257461011 0.08553773165
v -0.03175000101 0.0625634864 0.08541770279
v -0.03125 0.06254123896 0.08517763019
v -0.03075000085 0.06250786036 0.08481752872
v -0.0302500017 0.06097265333 0.06825253367
v -0.02975000069 0.06102827564 0.06885272264
v -0.02925000153 0.0610505268 0.06909278035
v -0.02875000052 0.0610505268 0.06909278035
v -0.02825000137 0.06097265333 0.06825253367
v -0.02775000222 0.06100602448 0.06861265004
v -0.02725000121 0.06101715192 0.06873267889
v -0.02675000206 0.06101715192 0.06873267889
v -0.02625000104 0.06078353152 0.06621193886
v -0.02575000189 0.06081690639 0.06657204032
v -0.02525000088 0.06086140499 0.06705217063
v -0.02475000173 0.06083915383 0.06681208313
v -0.02425000072 0.06061666086 0.06441137195
v -0.02375000156 0.0605944097 0.06417129934
v -0.02325000055 0.06023842096 0.06033015251
v -0.0227500014 0.06028291956 0.06081028283
v -0.02225000039 0.060294047 0.06093034148
v -0.02175000124 0.06027179584 0.06069025397
v -0.02125000022 0.05754224584 0.03094208241
v -0.02075000107 0.05753069371 0.03081528097
v -0.02025000006 0.05743826181 0.02980091423
v -0.01975000091 0.05738049746 0.02916695178
v -0.01925000176 0.0572071895 0.02726501971
v -0.01875000075 0.05721874535 0.02739182115
v -0.01825000159 0.05714942142 0.02663103491
v -0.01775000058 0.05694145709 0.02434872091
v -0.01725000143 0.05697612092 0.0247291252
v -0.01675000042 0.05694145709 0.02434872091
v -0.01625000127 0.05668727681 0.02155922353
v -0.01575000025 0.05672194064 0.02193962783
v -0.0152500011 0.05660640076 0.02067165822
v -0.01475000102 0.05662950873 0.02092526108
v -0.01425000094 0.05661795661 0.02079845965
v -0.01375000086 0.05660640076 0.02067165822
v -0.01325000077 0.05660640076 0.02067165822
v -0.01275000069 0.05657174066 0.02029128373
v -0.01225000061 0.05652552471 0.0197840929
v -0.01175000053 0.05650242046 0.01953051239
v -0.01125000045 0.0564215444 0.01864295453
v -0.01075000037 0.0563868843 0.01826257259
v -0.01025000028 0.05629445612 0.01724819839
v -0.009750000201 0.05629445612 0.01724819839
v -0.009250000119 0.05628290027 0.01712140441
v -0.008750000037 0.05624824017 0.01674102247
v -0.008249999955 0.05623668432 0.01661422104
v -0.007750000339 0.05624824017 0.01674102247
v -0.004250000231 0.05668727681 0.02155922353
v -0.0002500000119 0.05725340545 0.02777220309
v 0.0002500000119 0.05731117353 0.02840616554
v 0.0007500000065 0.05735738575 0.02891334891
v 0.001250000088 0.05736894161 0.02904015034
v 0.001750000054 0.05738049746 0.02916695178
v 0.002250000136 0.05739204958 0.02929375321
v 0.002750000218 0.05739204958 0.02929375321
v 0.003250000067 0.05738049746 0.02916695178
v 0.003750000149 0.05738049746 0.02916695178
v 0.004250000231 0.05741515756 0.02954733372
v 0.004750000313 0.05742670968 0.02967413515
v 0.005250000395 0.05740360171 0.02942053229
v 0.005750000477 0.05738049746 0.02916695178
v 0.006250000093 0.05736894161 0.02904015034
v 0.006750000175 0.05740360171 0.02942053229
v 0.007250000257 0.05734583363 0.02878656983
v 0.007750000339 0.05731117353 0.02840616554
v 0.008249999955 0.0573342815 0.0286597684
v 0.008750000037 0.05735738575 0.02891334891
v 0.009250000119 0.0572996214 0.02827937901
v 0.009750000201 0.05728806555 0.02815258503
v 0.01025000028 0.0572649613 0.02789900452
v 0.01425000094 0.05184944719 -0.02728645876
v -0.0625 0.06311648339 0.08409690857
v -0.06200000271 0.06316065043 0.08457703888
v -0.0615000017 0.06316065043 0.08457703888
v -0.06100000441 0.06314960867 0.08445701003
v -0.0605000034 0.06316065043 0.08457703888
v -0.06000000238 0.06313856691 0.08433698118
v -0.05950000137 0.06311648339 0.08409690857
v -0.05900000408 0.06311648339 0.08409690857
v -0.05850000307 0.06311648339 0.08409690857
v -0.05800000206 0.06309439987 0.08385686576
v -0.05750000104 0.06307231635 0.08361679316
v -0.05700000376 0.06307231635 0.08361679316
v -0.05650000274 0.06306127459 0.0834967792
v -0.05600000173 0.06305023283 0.08337673545
v -0.05550000444 0.06307231635 0.08361679316
v -0.05500000343 0.06303919107 0.0832567066
v -0.05450000241 0.06306127459 0.0834967792
v -0.0540000014 0.06306127459 0.0834967792
v -0.05350000411 0.06306127459 0.0834967792
v -0.0530000031 0.06306127459 0.0834967792
v -0.05250000209 0.06306127459 0.0834967792
v -0.05200000107 0.06305023283 0.08337673545
v -0.05150000378 0.06307231635 0.08361679316
v -0.05100000277 0.06306127459 0.0834967792
v -0.05050000176 0.06308335811 0.08373682201
v -0.05000000075 0.06308335811 0.08373682201
v -0.04950000346 0.06309439987 0.08385686576
v -0.04900000244 0.06312752515 0.08421695232
v -0.04850000143 0.06316065043 0.08457703888
v -0.04800000042 0.06318273395 0.08481711149
v -0.04750000313 0.06320481747 0.0850571692
v -0.04700000212 0.06322690845 0.08529722691
v -0.0465000011 0.06322690845 0.08529722691
v -0.04600000381 0.06323795021 0.08541724086
v -0.0455000028 0.06323795021 0.08541724086
v -0.04500000179 0.06322690845 0.08529722691
v -0.04450000077 0.06322690845 0.08529722691
v -0.04400000349 0.06322690845 0.08529722691
v -0.04350000247 0.06323795021 0.08541724086
v -0.04300000146 0.06323795021 0.08541724086
v -0.04250000045 0.06323795021 0.08541724086
v -0.04200000316 0.06323795021 0.08541724086
v -0.04150000215 0.06324899197 0.08553726971
v -0.04100000113 0.06326003373 0.08565731347
v -0.04050000012 0.06326003373 0.08565731347
v -0.04000000283 0.06328211725 0.08589737117
v -0.03950000182 0.06329315901 0.08601740003
v -0.0390000008 0.06330420077 0.08613744378
v -0.03850000352 0.06331524253 0.08625745773
v -0.0380000025 0.06332628429 0.08637748659
v -0.03750000149 0.06331524253 0.08625745773
v -0.03700000048 0.06330420077 0.08613744378
v -0.03650000319 0.06330420077 0.08613744378
v -0.03600000218 0.06331524253 0.08625745773
v -0.03550000116 0.06330420077 0.08613744378
v -0.03500000015 0.06329315901 0.08601740003
v -0.03450000286 0.06327107549 0.08577732742
v -0.03400000185 0.06326003373 0.08565731347
v -0.03350000083 0.06323795021 0.08541724086
v -0.03299999982 0.06310544163 0.08397689462
v -0.03250000253 0.06306127459 0.0834967792
v -0.03200000152 0.06309439987 0.08385686576
v -0.03150000051 0.06153745204 0.06693261862
v -0.03100000136 0.06158161908 0.06741273403
v -0.03050000221 0.06161474437 0.06777283549
v -0.03000000119 0.06159266084 0.06753277779
v -0.02950000204 0.06161474437 0.06777283549
v -0.02900000103 0.06159266084 0.06753277779
v -0.02850000188 0.06150432304 0.06657253206
v -0.02800000086 0.06149328128 0.0664524883
v -0.02750000171 0.06152640656 0.06681257486
v -0.0270000007 0.06150432304 0.06657253206
v -0.02650000155 0.06147119775 0.0662124455
v -0.02600000054 0.06129452214 0.06429195404
v -0.02550000139 0.0613386929 0.06477208436
v -0.02500000037 0.0613386929 0.06477208436
v -0.02450000122 0.0613055639 0.06441198289
v -0.02400000021 0.06104055047 0.06153126061
v -0.02350000106 0.06107367948 0.06189136207
v -0.02300000191 0.06086387858 0.05961078405
v -0.02250000089 0.06094117463 0.06045098603
v -0.02200000174 0.06060990691 0.05685007572
v -0.02150000073 0.05825933442 0.03106861562
v -0.02100000158 0.05825933442 0.03106861562
v -0.02050000057 0.05820177495 0.03043457866
v -0.02000000142 0.05810967833 0.02942011505
v -0.0195000004 0.05808665231 0.02916651219
v -0.01900000125 0.05792548507 0.0273912102
v -0.01850000024 0.05791397393 0.02726439387
v -0.01800000109 0.05785641074 0.02663034946
v -0.01750000007 0.05767222121 0.02460145205
v -0.01700000092 0.05767222121 0.02460145205
v -0.01649999991 0.05760314688 0.02384059131
v -0.01600000076 0.05744197965 0.02206528932
v -0.01550000068 0.05734988302 0.02105084807
v -0.0150000006 0.05734988302 0.02105084807
v -0.01450000051 0.05736139417 0.02117764205
v -0.01400000043 0.05734988302 0.02105084807
v -0.01350000035 0.05733837187 0.02092403919
v -0.01300000027 0.057326857 0.02079722285
v -0.01250000019 0.05728080869 0.02028999478
v -0.0120000001 0.05725778639 0.02003639191
v -0.01150000095 0.05718871206 0.01927553117
v -0.01100000087 0.05714266747 0.018768318
v -0.01050000079 0.05709661916 0.01826108992
v -0.01000000071 0.05702754483 0.01750022918
v -0.009500000626 0.05700452253 0.01724662632
v -0.009000000544 0.05701603368 0.0173734352
v -0.008500000462 0.05699300766 0.01711981744
v -0.00800000038 0.05699300766 0.01711981744
v -0.007500000298 0.05701603368 0.0173734352
v -0.004500000272 0.05739593133 0.02155806124
v -0.00400000019 0.05745349079 0.02219210565
v -0.003500000108 0.05747651681 0.02244573087
v -0.0005000000237 0.05784489959 0.02650355548
v 0 0.05794850737 0.02764481306
v 0.0005000000237 0.05799455568 0.02815204114
v 0.001000000047 0.058040604 0.02865927666
v 0.001500000013 0.05806363001 0.02891287953
v 0.002000000095 0.05807514116 0.02903969586
v 0.002500000177 0.05807514116 0.02903969586
v 0.003000000026 0.05806363001 0.02891287953
v 0.003500000108 0.05805211887 0.02878608555
v 0.00400000019 0.05802909285 0.02853246033
v 0.004500000272 0.05802909285 0.02853246033
v 0.005000000354 0.05798304453 0.02802523226
v 0.005500000436 0.05796002224 0.02777162939
v 0.006000000052 0.05789095163 0.027010791
v 0.006500000134 0.05789095163 0.027010791
v 0.007000000216 0.05791397393 0.02726439387
v 0.007500000298 0.05796002224 0.02777162939
v 0.00800000038 0.05790245906 0.02713758498
v 0.008500000462 0.05793699622 0.02751800418
v 0.009000000544 0.05787943676 0.02688397467
v 0.009500000626 0.05793699622 0.02751800418
v -0.05925000459 0.06370417774 0.08313634992
v -0.05875000358 0.06370417774 0.08313634992
v -0.05825000256 0.06364937872 0.08253622055
v -0.05775000155 0.06369321793 0.08301632106
v -0.05725000426 0.06366033852 0.08265626431
v -0.05675000325 0.06366033852 0.08265626431
v -0.05625000224 0.06364937872 0.08253622055
v -0.05575000122 0.06362745911 0.08229616284
v -0.05525000393 0.0636164993 0.08217614889
v -0.05475000292 0.06363841891 0.0824161917
v -0.05025000125 0.0635945797 0.08193609118
v -0.04975000396 0.06367129833 0.08277626336
v -0.04925000295 0.06375897676 0.08373646438
v -0.04875000194 0.06379185617 0.08409652114
v -0.04825000092 0.06383569539 0.08457662165
v -0.04775000364 0.06385761499 0.08481667936
v -0.04725000262 0.0638795346 0.08505673707
v -0.04675000161 0.06390145421 0.08529679477
v -0.0462500006 0.06391241401 0.08541679382
v -0.04575000331 0.06391241401 0.08541679382
v -0.04525000229 0.06391241401 0.08541679382
v -0.04475000128 0.06392337382 0.08553682268
v -0.04425000027 0.06392337382 0.08553682268
v -0.04375000298 0.06391241401 0.08541679382
v -0.04325000197 0.06392337382 0.08553682268
v -0.04275000095 0.06392337382 0.08553682268
v -0.04225000367 0.06392337382 0.08553682268
v -0.04175000265 0.06392337382 0.08553682268
v -0.04125000164 0.06394528598 0.08577686548
v -0.04075000063 0.06394528598 0.08577686548
v -0.04025000334 0.06395625323 0.08589689434
v -0.03975000232 0.06396721303 0.08601692319
v -0.03925000131 0.06396721303 0.08601692319
v -0.0387500003 0.06397817284 0.08613696694
v -0.03825000301 0.06397817284 0.08613696694
v -0.037750002 0.06397817284 0.08613696694
v -0.03725000098 0.06397817284 0.08613696694
v -0.03674999997 0.06396721303 0.08601692319
v -0.03625000268 0.06396721303 0.08601692319
v -0.03575000167 0.06395625323 0.08589689434
v -0.03525000066 0.06391241401 0.08541679382
v -0.03475000337 0.06390145421 0.08529679477
v -0.03425000235 0.0638795346 0.08505673707
v -0.03375000134 0.0638685748 0.08493669331
v -0.03325000033 0.06371513754 0.08325636387
v -0.03275000304 0.06207119301 0.06525275111
v -0.03225000203 0.06213695183 0.06597290933
v -0.03175000101 0.06219174713 0.0665730238
v -0.03125 0.06221366674 0.0668130666
v -0.03075000085 0.06225750595 0.06729316711
v -0.0302500017 0.06226846576 0.06741318107
v -0.02975000069 0.06224654615 0.06717313826
v -0.02925000153 0.06224654615 0.06717313826
v -0.02875000052 0.06224654615 0.06717313826
v -0.02825000137 0.06214791164 0.06609292328
v -0.02775000222 0.06215887144 0.06621296704
v -0.02725000121 0.06215887144 0.06621296704
v -0.02675000206 0.06213695183 0.06597290933
v -0.02625000104 0.06191775948 0.06357242167
v -0.02575000189 0.06197255477 0.06417253613
v -0.02525000088 0.06200543419 0.06453262269
v -0.02475000173 0.06176432222 0.06189209223
v -0.02425000072 0.06176432222 0.06189209223
v -0.02375000156 0.06173144281 0.06153200567
v -0.02325000055 0.06151225045 0.05913153291
v -0.0227500014 0.06154512987 0.05949160457
v -0.02225000039 0.06128209829 0.05661101639
v -0.02175000124 0.05903369933 0.03182926774
v -0.02125000022 0.0589648746 0.03106835485
v -0.02075000107 0.05893046409 0.0306878835
v -0.02025000006 0.05881575868 0.02941969782
v -0.01975000091 0.05879281834 0.02916606516
v -0.01925000176 0.05863223225 0.0273905918
v -0.01875000075 0.05864369869 0.02751740068
v -0.01825000159 0.05857487768 0.02675648779
v -0.01775000058 0.05839135125 0.02472739667
v -0.01725000143 0.05840282142 0.0248541981
v -0.01675000042 0.05832252651 0.02396646142
v -0.01625000127 0.05815047026 0.02206417173
v -0.01575000025 0.05815047026 0.02206417173
v -0.0152500011 0.05809311941 0.02143009007
v -0.01475000102 0.05809311941 0.02143009007
v -0.01425000094 0.05809311941 0.02143009007
v -0.01375000086 0.05808164552 0.02130326629
v -0.01325000077 0.05805870518 0.02104963362
v -0.01275000069 0.05804723501 0.02092280984
v -0.01225000061 0.05801282451 0.02054235339
v -0.01175000053 0.05795546994 0.01990825683
v -0.01125000045 0.05789811909 0.01927414536
v -0.01075000037 0.05785223842 0.01876688749
v -0.01025000028 0.05781782418 0.01838640869
v -0.009750000201 0.05776047334 0.01775232702
v -0.009250000119 0.057737533 0.01749867946
v -0.008750000037 0.05774900317 0.01762550324
v -0.008249999955 0.05772606283 0.01737187058
v -0.007750000339 0.05774900317 0.01762550324
v -0.004750000313 0.05809311941 0.02143009007
v -0.004250000231 0.05815047026 0.02206417173
v -0.003750000149 0.05818488076 0.02244465053
v -0.003250000067 0.0582078211 0.02269827574
v -0.002750000218 0.05823076144 0.02295190841
v 0.0002500000119 0.05859782174 0.0270101428
v 0.0007500000065 0.05866664276 0.02777104825
v 0.001250000088 0.05870105326 0.0281515047
v 0.001750000054 0.0587239936 0.02840513736
v 0.002250000136 0.05873546377 0.02853195369
v 0.002750000218 0.05873546377 0.02853195369
v 0.003250000067 0.05874693766 0.02865878493
v 0.003750000149 0.0587239936 0.02840513736
v 0.004250000231 0.05870105326 0.0281515047
v 0.004750000313 0.05867811292 0.02789787948
v 0.005250000395 0.05865517259 0.02764422446
v 0.005750000477 0.05862076208 0.02726376802
v 0.006250000093 0.05857487768 0.02675648779
v 0.006750000175 0.05857487768 0.02675648779
v 0.007250000257 0.05855193734 0.02650286257
v 0.007750000339 0.05854046717 0.02637603879
v 0.008249999955 0.05855193734 0.02650286257
v 0.008750000037 0.058528997 0.02624921501
v 0.01325000077 0.05359104648 -0.02472138405
v 0.01375000086 0.05363193527 -0.02431636676
v 0.0152500011 0.05348200351 -0.02580145374
v 0.01575000025 0.05348200351 -0.02580145374
v -0.05250000209 0.06081330404 0.04375122488
v -0.05100000277 0.06431494653 0.08241589367
v -0.05050000176 0.06432582438 0.08253592253
v -0.05000000075 0.06435845792 0.08289597929
v -0.04950000346 0.06442371756 0.0836160779
v -0.04900000244 0.0644563511 0.08397613466
v -0.04850000143 0.06448898464 0.08433619142
v -0.04800000042 0.06452161074 0.08469624817
v -0.04750000313 0.06453248858 0.08481626213
v -0.04700000212 0.06456512213 0.08517631888
v -0.0465000011 0.06457599998 0.08529634774
v -0.04600000381 0.06458687782 0.08541634679
v -0.0455000028 0.06458687782 0.08541634679
v -0.04500000179 0.06459774822 0.08553636074
v -0.04450000077 0.06460862607 0.08565638959
v -0.04400000349 0.06459774822 0.08553636074
v -0.04350000247 0.06459774822 0.08553636074
v -0.04300000146 0.06459774822 0.08553636074
v -0.04250000045 0.06460862607 0.08565638959
v -0.04200000316 0.06460862607 0.08565638959
v -0.04150000215 0.06461950392 0.08577640355
v -0.04100000113 0.06463038176 0.0858964324
v -0.04050000012 0.06463038176 0.0858964324
v -0.04000000283 0.06463038176 0.0858964324
v -0.03950000182 0.06464125961 0.08601644635
v -0.0390000008 0.06464125961 0.08601644635
v -0.03850000352 0.06464125961 0.08601644635
v -0.0380000025 0.06464125961 0.08601644635
v -0.03750000149 0.06464125961 0.08601644635
v -0.03700000048 0.06461950392 0.08577640355
v -0.03650000319 0.06459774822 0.08553636074
v -0.03600000218 0.06458687782 0.08541634679
v -0.03550000116 0.06454336643 0.08493627608
v -0.03500000015 0.06435845792 0.08289597929
v -0.03450000286 0.06431494653 0.08241589367
v -0.03400000185 0.06428231299 0.08205585182
v -0.03350000083 0.06273776293 0.06501327455
v -0.03299999982 0.06274864078 0.0651333034
v -0.03250000253 0.06277039647 0.06537334621
v -0.03200000152 0.06273776293 0.06501327455
v -0.03150000051 0.06267250329 0.06429317594
v -0.03100000136 0.06273776293 0.06501327455
v -0.03050000221 0.06274864078 0.0651333034
v -0.03000000119 0.06273776293 0.06501327455
v -0.02950000204 0.06272689253 0.0648932755
v -0.02900000103 0.06272689253 0.0648932755
v -0.02850000188 0.06275951862 0.06525331736
v -0.02800000086 0.06273776293 0.06501327455
v -0.02750000171 0.06274864078 0.0651333034
v -0.0270000007 0.06275951862 0.06525331736
v -0.02650000155 0.06255285442 0.06297296286
v -0.02600000054 0.06256373227 0.06309299171
v -0.02550000139 0.06235706806 0.06081265211
v -0.02500000037 0.06240057573 0.06129272282
v -0.02450000122 0.06244408339 0.06177280843
v -0.02400000021 0.06235706806 0.06081265211
v -0.02350000106 0.06216127798 0.05865232646
v -0.02300000191 0.06219391152 0.05901236832
v -0.02250000089 0.059727557 0.03170223534
v -0.02200000174 0.05975041538 0.03195591271
v -0.02150000073 0.05968184024 0.03119491041
v -0.02100000158 0.05961326882 0.03043393046
v -0.02050000057 0.05954469368 0.02967295051
v -0.02000000142 0.05951040611 0.02929245681
v -0.0195000004 0.05933897197 0.02738998085
v -0.01900000125 0.05936183035 0.02764363587
v -0.01850000024 0.05929325894 0.02688265592
v -0.01800000109 0.05907610804 0.02447285503
v -0.01750000007 0.05911039561 0.02485334873
v -0.01700000092 0.05907610804 0.02447285503
v -0.01649999991 0.05887038633 0.02218989283
v -0.01600000076 0.05887038633 0.02218989283
v -0.01550000068 0.05884753168 0.02193623781
v -0.0150000006 0.05883610249 0.02180939913
v -0.01450000051 0.05882466957 0.02168256789
v -0.01400000043 0.05882466957 0.02168256789
v -0.01350000035 0.05879038572 0.02130207419
v -0.01300000027 0.05875609815 0.02092158794
v -0.01250000019 0.05873323977 0.02066791058
v -0.0120000001 0.0586989522 0.02028741688
v -0.01150000095 0.05864180997 0.01965327561
v -0.01100000087 0.05863038078 0.01952643692
v -0.01050000079 0.05853894725 0.01851178706
v -0.01000000071 0.0585160926 0.01825813204
v -0.009500000626 0.05848180503 0.01787763834
v -0.009000000544 0.05847037584 0.01775079966
v -0.008500000462 0.05848180503 0.01787763834
v -0.00800000038 0.05849323422 0.01800445467
v -0.007500000298 0.05852751806 0.01838494092
v -0.007000000216 0.05855037645 0.01863861829
v -0.006500000134 0.05858466402 0.01901910454
v -0.005000000354 0.05876752734 0.02104841918
v -0.004500000272 0.05883610249 0.02180939913
v -0.00400000019 0.05888181552 0.02231673151
v -0.003500000108 0.0589046739 0.02257038653
v -0.003000000026 0.05892753229 0.02282405645
v -0.002500000177 0.05897324905 0.02333138138
v -0.002000000095 0.05895039067 0.02307771146
v 0.0005000000237 0.05925897136 0.02650216222
v 0.001000000047 0.05925897136 0.02650216222
v 0.001500000013 0.05933897197 0.02738998085
v 0.002000000095 0.05936183035 0.02764363587
v 0.002500000177 0.05938468874 0.02789731324
v 0.003000000026 0.05940754712 0.0281509608
v 0.003500000108 0.05940754712 0.0281509608
v 0.00400000019 0.05939611793 0.02802412957
v 0.004500000272 0.05937325954 0.02777047455
v 0.005000000354 0.05933897197 0.02738998085
v 0.005500000436 0.05932754278 0.02726314962
v 0.006000000052 0.05930468813 0.0270094946
v 0.006500000134 0.05927040055 0.026628986
v 0.007000000216 0.05923611298 0.0262484923
v 0.007500000298 0.05922468379 0.02612165362
v 0.00800000038 0.05923611298 0.0262484923
v 0.008500000462 0.05920182541 0.0258679986
v 0.01150000095 0.05456007645 -0.02242666483
v 0.01350000035 0.05439784378 -0.02404664457
v 0.01400000043 0.05442488194 -0.02377663925
v 0.01450000051 0.05437080562 -0.02431663126
v 0.0150000006 0.05434376746 -0.0245866403
v 0.01550000068 0.05433024839 -0.02472161874
v 0.01600000076 0.05430321023 -0.02499162778
v -0.05225000158 0.06492670625 0.08169554174
v -0.05175000429 0.06499147415 0.08241559565
v -0.05125000328 0.06502385437 0.08277563751
v -0.05075000226 0.06505624205 0.08313567936
v -0.05025000125 0.06508862227 0.08349572122
v -0.04975000396 0.06512100995 0.08385574818
v -0.04925000295 0.06514259428 0.08409576118
v -0.04875000194 0.06517498195 0.08445580304
v -0.04825000092 0.06519657373 0.08469583094
v -0.04775000364 0.06520736217 0.08481584489
v -0.04725000262 0.06521815807 0.08493584394
v -0.04675000161 0.06523974985 0.08517588675
v -0.0462500006 0.06525054574 0.0852959007
v -0.04575000331 0.06526133418 0.08541589975
v -0.04525000229 0.06526133418 0.08541589975
v -0.04475000128 0.06526133418 0.08541589975
v -0.04425000027 0.06527213007 0.08553591371
v -0.04375000298 0.06527213007 0.08553591371
v -0.04325000197 0.06527213007 0.08553591371
v -0.04275000095 0.06528292596 0.08565594256
v -0.04225000367 0.06529372185 0.08577592671
v -0.04175000265 0.06529372185 0.08577592671
v -0.04125000164 0.06530451775 0.08589595556
v -0.04075000063 0.06530451775 0.08589595556
v -0.04025000334 0.06529372185 0.08577592671
v -0.03975000232 0.06531531364 0.08601596951
v -0.03925000131 0.06529372185 0.08577592671
v -0.0387500003 0.06530451775 0.08589595556
v -0.03825000301 0.06529372185 0.08577592671
v -0.037750002 0.06528292596 0.08565594256
v -0.03725000098 0.06523974985 0.08517588675
v -0.03674999997 0.06522895396 0.0850558728
v -0.03625000268 0.06519657373 0.08469583094
v -0.03575000167 0.06502385437 0.08277563751
v -0.03525000066 0.06501306593 0.08265563846
v -0.03475000337 0.06499147415 0.08241559565
v -0.03375000134 0.06333990395 0.06405375898
v -0.03325000033 0.06338308007 0.06453381479
v -0.03275000304 0.06337228417 0.06441380084
v -0.03225000203 0.06328592449 0.06345370412
v -0.03175000101 0.06332910806 0.06393375993
v -0.03125 0.06336148828 0.06429378688
v -0.03075000085 0.0634046644 0.06477384269
v -0.0302500017 0.0634046644 0.06477384269
v -0.02975000069 0.0634046644 0.06477384269
v -0.02925000153 0.06339387596 0.06465381384
v -0.02875000052 0.06324274838 0.06297364831
v -0.02825000137 0.06324274838 0.06297364831
v -0.02775000222 0.0631563887 0.06201355159
v -0.02725000121 0.06316718459 0.06213356555
v -0.02675000206 0.06321036816 0.06261362135
v -0.02625000104 0.06316718459 0.06213356555
v -0.02575000189 0.06314560026 0.06189355254
v -0.02525000088 0.06295129657 0.0597333312
v -0.02475000173 0.06294050068 0.05961331725
v -0.02425000072 0.06276778877 0.05769312382
v -0.02375000156 0.06278938055 0.05793315172
v -0.02325000055 0.06249792129 0.05469280481
v -0.0227500014 0.06042149663 0.03157521039
v -0.02225000039 0.06045565754 0.0319557339
v -0.02175000124 0.06042149663 0.03157521039
v -0.02125000022 0.06033039466 0.03056045622
v -0.02075000107 0.06025068462 0.02967254817
v -0.02025000006 0.06021652371 0.02929202467
v -0.01975000091 0.0600457117 0.0273893699
v -0.01925000176 0.06005709618 0.02751620114
v -0.01875000075 0.06002293527 0.02713567764
v -0.01825000159 0.05977241322 0.02434512228
v -0.01775000058 0.05980657786 0.02472566068
v -0.01725000143 0.05980657786 0.02472566068
v -0.01675000042 0.05959021673 0.02231563628
v -0.01625000127 0.05960160494 0.02244248241
v -0.01575000025 0.05955605581 0.02193510532
v -0.0152500011 0.05955605581 0.02193510532
v -0.01475000102 0.05955605581 0.02193510532
v -0.01425000094 0.0595446676 0.02180825919
v -0.01375000086 0.05953327939 0.02168141305
v -0.01325000077 0.05947634578 0.02104720473
v -0.01275000069 0.05945356935 0.02079350501
v -0.01225000061 0.05940802023 0.02028613538
v -0.01175000053 0.05938524753 0.02003245801
v -0.01125000045 0.05933969468 0.01952508092
v -0.01075000037 0.05930553377 0.01914455742
v -0.01025000028 0.05923720822 0.01838348061
v -0.009750000201 0.05922582373 0.01825664937
v -0.009250000119 0.05921443552 0.01812980324
v -0.008750000037 0.05921443552 0.01812980324
v -0.008249999955 0.05923720822 0.01838348061
v -0.007750000339 0.05923720822 0.01838348061
v -0.007250000257 0.05927137285 0.01876402646
v -0.006750000175 0.05930553377 0.01914455742
v -0.006250000093 0.05935108289 0.0196519345
v -0.005750000477 0.05939663202 0.02015930414
v -0.005250000395 0.05945356935 0.02079350501
v -0.004750000313 0.05951050669 0.02142773569
v -0.004250000231 0.05955605581 0.02193510532
v -0.003750000149 0.05960160494 0.02244248241
v -0.003250000067 0.05962438136 0.02269615978
v -0.002750000218 0.05964715406 0.02294983715
v -0.002250000136 0.05966993049 0.02320353687
v -0.001750000054 0.0596813187 0.023330383
v -0.001250000088 0.05969270319 0.02345721424
v -0.0002500000119 0.05979518965 0.02459881455
v 0.0007500000065 0.05984073877 0.02510619164
v 0.001250000088 0.05994322523 0.02624777704
v 0.001750000054 0.05994322523 0.02624777704
v 0.002250000136 0.05995461345 0.02637462318
v 0.002750000218 0.06002293527 0.02713567764
v 0.003250000067 0.0600457117 0.0273893699
v 0.003750000149 0.06002293527 0.02713567764
v 0.004250000231 0.06001155078 0.0270088464
v 0.004750000313 0.06000016257 0.02688199282
v 0.005250000395 0.05998877436 0.02675514668
v 0.005750000477 0.05997738615 0.02662830055
v 0.006250000093 0.05993183702 0.02612092346
v 0.006750000175 0.0598862879 0.02561356872
v 0.007250000257 0.05985212699 0.02523302287
v 0.007750000339 0.0598862879 0.02561356872
v 0.008249999955 0.05655778944 -0.009738266468
v 0.008750000037 0.0565443784 -0.009873256087
v 0.009250000119 0.05646393076 -0.01068317145
v 0.009750000201 0.05641029403 -0.01122312993
v 0.01025000028 0.05637007207 -0.01162808388
v 0.01075000037 0.05622257665 -0.01311294734
v 0.01125000045 0.05528398603 -0.02256207168
v 0.01375000086 0.05523035303 -0.02310202271
v 0.01425000094 0.05524376035 -0.02296702564
v 0.01475000102 0.05523035303 -0.02310202271
v 0.0152500011 0.05513649434 -0.02404693142
v 0.01575000025 0.05508286133 -0.02458688244
v 0.01625000127 0.05506945401 -0.02472185344
v -0.05350000411 0.0656465739 0.08217529953
v -0.0530000031 0.06566800177 0.08241529763
v -0.05250000209 0.06570013613 0.08277530968
v -0.05200000107 0.06572156399 0.08301533759
v -0.05150000378 0.06574298441 0.08325535059
v -0.05100000277 0.06576441228 0.08349536359
v -0.05050000176 0.0657858327 0.0837353617
v -0.05000000075 0.06580726057 0.0839753896
v -0.04950000346 0.06582868099 0.0842153877
v -0.04900000244 0.06583939493 0.08433540165
v -0.04850000143 0.06586081535 0.08457541466
v -0.04800000042 0.06587152928 0.08469542861
v -0.04750000313 0.06588224322 0.08481542766
v -0.04700000212 0.0658929497 0.08493541181
v -0.0465000011 0.06591437757 0.08517543972
v -0.04600000381 0.06591437757 0.08517543972
v -0.0455000028 0.06592509151 0.08529545367
v -0.04500000179 0.06592509151 0.08529545367
v -0.04450000077 0.06593579799 0.08541545272
v -0.04400000349 0.06594651192 0.08553545177
v -0.04350000247 0.06594651192 0.08553545177
v -0.04300000146 0.06594651192 0.08553545177
v -0.04250000045 0.06595722586 0.08565548062
v -0.04200000316 0.06595722586 0.08565548062
v -0.04150000215 0.06595722586 0.08565548062
v -0.04100000113 0.06595722586 0.08565548062
v -0.04050000012 0.06596793979 0.08577546477
v -0.04000000283 0.06595722586 0.08565548062
v -0.03950000182 0.06595722586 0.08565548062
v -0.0390000008 0.06593579799 0.08541545272
v -0.03850000352 0.06592509151 0.08529545367
v -0.0380000025 0.0658929497 0.08493541181
v -0.03750000149 0.06587152928 0.08469542861
v -0.03700000048 0.06583939493 0.08433540165
v -0.03650000319 0.06581796706 0.08409537375
v -0.03550000116 0.06382552534 0.06177426875
v -0.03500000015 0.0638576597 0.0621342957
v -0.03450000286 0.0638576597 0.0621342957
v -0.03400000185 0.06379339099 0.06141425669
v -0.03350000083 0.06381481141 0.06165425479
v -0.03299999982 0.06386837363 0.06225429475
v -0.03250000253 0.06390051544 0.06261430681
v -0.03200000152 0.06392193586 0.06285431981
v -0.03150000051 0.06380410492 0.06153425574
v -0.03100000136 0.06380410492 0.06153425574
v -0.03050000221 0.06383623928 0.0618942827
v -0.03000000119 0.06383623928 0.0618942827
v -0.02950000204 0.06384695321 0.06201428175
v -0.02900000103 0.06387908757 0.0623742789
v -0.02850000188 0.06372911483 0.06069420278
v -0.02800000086 0.06377196312 0.06117422879
v -0.02750000171 0.06381481141 0.06165425479
v -0.0270000007 0.06383623928 0.0618942827
v -0.02650000155 0.06376125664 0.06105424464
v -0.02600000054 0.06358986348 0.05913414061
v -0.02550000139 0.06362199783 0.05949415267
v -0.02500000037 0.06362199783 0.05949415267
v -0.02450000122 0.06338633597 0.05685402453
v -0.02400000021 0.06317209452 0.0544539094
v -0.02350000106 0.06323636323 0.05517393351
v -0.02300000191 0.06113820896 0.03170183301
v -0.02250000089 0.06116090342 0.03195555508
v -0.02200000174 0.06112686545 0.03157499433
v -0.02150000073 0.06107013673 0.0309407115
v -0.02100000158 0.06095667928 0.02967215329
v -0.02050000057 0.06092264131 0.02929159254
v -0.02000000142 0.06075245515 0.02738875896
v -0.0195000004 0.06077514589 0.02764245868
v -0.01900000125 0.06072976068 0.02713503689
v -0.01850000024 0.06050284579 0.02459794283
v -0.01800000109 0.06052553654 0.02485164255
v -0.01750000007 0.06051419303 0.02472479641
v -0.01700000092 0.06029862165 0.02231454104
v -0.01649999991 0.06030996889 0.02244140208
v -0.01600000076 0.06026458368 0.02193397284
v -0.01550000068 0.06027593091 0.02206081897
v -0.0150000006 0.06027593091 0.02206081897
v -0.01450000051 0.06025324017 0.02180711925
v -0.01400000043 0.06025324017 0.02180711925
v -0.01350000035 0.0602305457 0.02155338973
v -0.01300000027 0.06016247347 0.02079226822
v -0.01250000019 0.06013978273 0.0205385685
v -0.0120000001 0.06010574475 0.02015800774
v -0.01150000095 0.06008305028 0.01990428567
v -0.01100000087 0.06004901603 0.01952371746
v -0.01050000079 0.05999228358 0.01888943464
v -0.01000000071 0.0599469021 0.01838201284
v -0.009500000626 0.05993555486 0.01825517416
v -0.009000000544 0.0599469021 0.01838201284
v -0.008500000462 0.0599469021 0.01838201284
v -0.00800000038 0.05996959284 0.01863573492
v -0.007500000298 0.05999228358 0.01888943464
v -0.007000000216 0.06001497805 0.01914315671
v -0.006500000134 0.06004901603 0.01952371746
v -0.006000000052 0.06010574475 0.02015800774
v -0.005500000436 0.06015112624 0.02066540718
v -0.005000000354 0.06019650772 0.02117283642
v -0.004500000272 0.06024189293 0.02168025821
v -0.00400000019 0.06027593091 0.02206081897
v -0.003500000108 0.06030996889 0.02244140208
v -0.003000000026 0.06033265963 0.0226951018
v -0.002500000177 0.06035535038 0.02294880897
v -0.002000000095 0.06037804112 0.02320253104
v -0.001500000013 0.06038938835 0.02332938462
v -0.001000000047 0.06040073186 0.02345623076
v -0.0005000000237 0.06040073186 0.02345623076
v 0.002000000095 0.06046880782 0.02421737462
v 0.002500000177 0.06054823101 0.02510535717
v 0.003500000108 0.06049149856 0.02447107434
v 0.00400000019 0.06059361249 0.02561278641
v 0.004500000272 0.06053688377 0.02497850358
v 0.005000000354 0.060604956 0.0257396251
v 0.005500000436 0.06054823101 0.02510535717
v 0.006000000052 0.06048015505 0.02434422076
v 0.006500000134 0.06048015505 0.02434422076
v 0.009000000544 0.05721819773 -0.01041452587
v 0.009500000626 0.05715171248 -0.01108939946
v 0.01000000071 0.05713841319 -0.01122438908
v 0.01050000079 0.05709852278 -0.01162931323
v 0.01100000087 0.05699213967 -0.01270913333
v 0.01150000095 0.05693894997 -0.0132490471
v 0.01300000027 0.055968225 -0.02310238034
v 0.01400000043 0.05603471398 -0.02242748439
v 0.01450000051 0.05602141842 -0.02256246656
v 0.0150000006 0.05598152429 -0.02296739072
v 0.01550000068 0.05595492944 -0.0232373625
v 0.01600000076 0.05586184561 -0.02418220043
v 0.01649999991 0.05582195148 -0.02458712831
v 0.01700000092 0.05580865592 -0.02472208813
v 0.01750000007 0.05551610887 -0.02769158781
v -0.05425000191 0.06634452194 0.0824149996
v -0.05375000089 0.06635515392 0.08253499866
v -0.05325000361 0.06637641042 0.08277499676
v -0.05275000259 0.06640830636 0.08313500881
v -0.05225000158 0.06641893089 0.08325500786
v -0.05175000429 0.06644019485 0.08349502087
v -0.05125000328 0.06645081937 0.08361500502
v -0.05075000226 0.06646145135 0.08373500407
v -0.05025000125 0.06648270786 0.08397501707
v -0.04975000396 0.06649333984 0.08409500122
v -0.04925000295 0.06650397182 0.08421500027
v -0.04875000194 0.06652522832 0.08445499837
v -0.04825000092 0.06652522832 0.08445499837
v -0.04775000364 0.0665358603 0.08457499743
v -0.04725000262 0.06654648483 0.08469501138
v -0.04675000161 0.06656774879 0.08493499458
v -0.0462500006 0.06656774879 0.08493499458
v -0.04575000331 0.06657837331 0.08505500853
v -0.04525000229 0.06658900529 0.08517500758
v -0.04475000128 0.06658900529 0.08517500758
v -0.04425000027 0.0666102618 0.08541500568
v -0.04375000298 0.0666102618 0.08541500568
v -0.04325000197 0.0666102618 0.08541500568
v -0.04275000095 0.06662089378 0.08553500473
v -0.04225000367 0.06663152575 0.08565501869
v -0.04175000265 0.06662089378 0.08553500473
v -0.04125000164 0.06662089378 0.08553500473
v -0.04075000063 0.06662089378 0.08553500473
v -0.04025000334 0.0666102618 0.08541500568
v -0.03975000232 0.06658900529 0.08517500758
v -0.03925000131 0.06655711681 0.08481501043
v -0.0387500003 0.06655711681 0.08481501043
v -0.03825000301 0.06650397182 0.08421500027
v -0.037750002 0.06647208333 0.08385501802
v -0.03725000098 0.06644019485 0.08349502087
v -0.03674999997 0.06434617192 0.05985499918
v -0.03625000268 0.06431428343 0.05949500203
v -0.03575000167 0.06432491541 0.05961500108
v -0.03525000066 0.06430365145 0.05937498808
v -0.03475000337 0.06433554739 0.05973501503
v -0.03425000235 0.06430365145 0.05937498808
v -0.03325000033 0.06449498981 0.0615350008
v -0.03275000304 0.0645268783 0.06189501286
v -0.03225000203 0.06443121284 0.06081500649
v -0.03175000101 0.06448435783 0.06141500175
v -0.03125 0.06450561434 0.06165499985
v -0.03075000085 0.06451624632 0.0617750138
v -0.0302500017 0.06450561434 0.06165499985
v -0.02975000069 0.06450561434 0.06165499985
v -0.02925000153 0.06451624632 0.0617750138
v -0.02875000052 0.06431428343 0.05949500203
v -0.02825000137 0.06436743587 0.06009501219
v -0.02775000222 0.06433554739 0.05973501503
v -0.02725000121 0.06409106404 0.05697500706
v -0.02675000206 0.064207986 0.05829501152
v -0.02625000104 0.06427176297 0.05901500583
v -0.02575000189 0.06427176297 0.05901500583
v -0.02525000088 0.06406980753 0.05673502386
v -0.02475000173 0.06404854357 0.05649501085
v -0.02425000072 0.06196788326 0.03309717029
v -0.02375000156 0.06199049205 0.03335092217
v -0.02325000055 0.06184353679 0.03170163184
v -0.0227500014 0.06186614558 0.03195537627
v -0.02225000039 0.06180962548 0.03132102638
v -0.02175000124 0.06175310165 0.03068668395
v -0.02125000022 0.06169658154 0.03005236387
v -0.02075000107 0.06164006144 0.02941802144
v -0.02025000006 0.06144788861 0.02726127207
v -0.01975000091 0.0614704974 0.0275150016
v -0.01925000176 0.06145919487 0.02738814801
v -0.01875000075 0.06140267104 0.02675379813
v -0.01825000159 0.06124441326 0.02497766167
v -0.01775000058 0.06125571951 0.02510453016
v -0.01725000143 0.0610409379 0.02269404382
v -0.01675000042 0.06101832911 0.02244032174
v -0.01625000127 0.06097311527 0.0219328478
v -0.01575000025 0.06097311527 0.0219328478
v -0.0152500011 0.0609844178 0.02205970138
v -0.01475000102 0.06096180901 0.02180597931
v -0.01425000094 0.06096180901 0.02180597931
v -0.01375000086 0.06095050275 0.02167910337
v -0.01325000077 0.06091659144 0.02129850537
v -0.01275000069 0.06086007133 0.02066415548
v -0.01225000061 0.06083746254 0.02041043341
v -0.01175000053 0.06080355123 0.0200298354
v -0.01125000045 0.06079224497 0.01990296692
v -0.01075000037 0.0607470274 0.01939549297
v -0.01025000028 0.06072442234 0.01914176345
v -0.009750000201 0.06066789851 0.01850742102
v -0.009250000119 0.06066789851 0.01850742102
v -0.008750000037 0.06066789851 0.01850742102
v -0.008249999955 0.06066789851 0.01850742102
v -0.007750000339 0.06069050729 0.01876116544
v -0.007250000257 0.06071311608 0.01901488751
v -0.006750000175 0.0607470274 0.01939549297
v -0.006250000093 0.06078094244 0.01977608353
v -0.005750000477 0.06082615629 0.02028355747
v -0.005250000395 0.06087137386 0.02079102397
v -0.004750000313 0.06090528518 0.02117162943
v -0.004250000231 0.06093920022 0.02155222744
v -0.003750000149 0.0609844178 0.02205970138
v -0.003250000067 0.06101832911 0.02244032174
v -0.002750000218 0.06105224416 0.02282091975
v -0.002250000136 0.06106354669 0.02294777334
v -0.001750000054 0.06108615547 0.02320151776
v -0.001250000088 0.06108615547 0.02320151776
v -0.0007500000065 0.061097458 0.0233283937
v -0.0002500000119 0.06108615547 0.02320151776
v 0.0002500000119 0.0610409379 0.02269404382
v 0.0007500000065 0.06106354669 0.02294777334
v 0.001250000088 0.0610409379 0.02269404382
v 0.002250000136 0.0609844178 0.02205970138
v 0.003250000067 0.06095050275 0.02167910337
v 0.003750000149 0.06095050275 0.02167910337
v 0.004250000231 0.06091659144 0.02129850537
v 0.006750000175 0.05930389091 0.003485746682
v 0.007250000257 0.05898740888 0.0002465322614
v 0.007750000339 0.05904015526 0.0007864013314
v 0.009750000201 0.0578137897 -0.01176550984
v 0.01025000028 0.05782697722 -0.01163054258
v 0.01075000037 0.05782697722 -0.01163054258
v 0.01125000045 0.05778741464 -0.01203545928
v 0.01175000053 0.05769510567 -0.0129802227
v 0.01325000077 0.05687753111 -0.02134815603
v 0.01375000086 0.05686434358 -0.02148313075
v 0.01425000094 0.05685115606 -0.02161809802
v 0.01475000102 0.0568115972 -0.02202299237
v 0.0152500011 0.05674566329 -0.02269783616
v 0.01575000025 0.0567061007 -0.02310273424
v 0.01625000127 0.05666654184 -0.02350763604
v 0.01675000042 0.05654786155 -0.02472232282
v 0.01725000143 0.0565742366 -0.02445239946
v 0.01825000159 0.05624456704 -0.02782656997
v -0.05550000444 0.06699995697 0.08217471838
v -0.05500000343 0.0670421496 0.08265469968
v -0.05450000241 0.0670632422 0.08289468288
v -0.0540000014 0.06707378477 0.08301468194
v -0.05350000411 0.06708433479 0.08313468099
v -0.0530000031 0.06709488481 0.08325466514
v -0.05250000209 0.06710542738 0.08337466419
v -0.05200000107 0.06711597741 0.08349466324
v -0.05150000378 0.06712651998 0.08361463249
v -0.05100000277 0.06713707 0.08373463154
v -0.05050000176 0.06714762002 0.08385464549
v -0.05000000075 0.06715816259 0.08397462964
v -0.04950000346 0.06716871262 0.08409461379
v -0.04900000244 0.06717925519 0.08421461284
v -0.04850000143 0.06717925519 0.08421461284
v -0.04800000042 0.06718980521 0.08433461189
v -0.04750000313 0.06720034778 0.08445459604
v -0.04700000212 0.0672108978 0.08457459509
v -0.0465000011 0.06722144783 0.08469459414
v -0.04600000381 0.06722144783 0.08469459414
v -0.0455000028 0.0672319904 0.0848145932
v -0.04500000179 0.06724254042 0.08493456244
v -0.04450000077 0.06726363301 0.08517457545
v -0.04400000349 0.06726363301 0.08517457545
v -0.04350000247 0.06727418303 0.0852945745
v -0.04300000146 0.06727418303 0.0852945745
v -0.04250000045 0.06729527563 0.0855345428
v -0.04200000316 0.06729527563 0.0855345428
v -0.04150000215 0.06727418303 0.0852945745
v -0.04100000113 0.06726363301 0.08517457545
v -0.04050000012 0.06724254042 0.08493456244
v -0.04000000283 0.0672319904 0.0848145932
v -0.03950000182 0.06715816259 0.08397462964
v -0.0390000008 0.06716871262 0.08409461379
v -0.03850000352 0.0669683218 0.08181475103
v -0.0380000025 0.06699995697 0.08217471838
v -0.03650000319 0.06495384127 0.05889590085
v -0.03600000218 0.06498548388 0.0592558682
v -0.03550000116 0.06499602646 0.05937585235
v -0.03500000015 0.06499602646 0.05937585235
v -0.03450000286 0.06500657648 0.0594958663
v -0.03400000185 0.06500657648 0.0594958663
v -0.03350000083 0.06502766907 0.0597358495
v -0.03299999982 0.06504876167 0.0599758327
v -0.03250000253 0.06503821909 0.05985583365
v -0.03200000152 0.06506986171 0.0602158159
v -0.03150000051 0.06495384127 0.05889590085
v -0.03050000221 0.06496439129 0.05901587009
v -0.03000000119 0.06498548388 0.0592558682
v -0.02950000204 0.06499602646 0.05937585235
v -0.02900000103 0.06499602646 0.05937585235
v -0.02850000188 0.06500657648 0.0594958663
v -0.02800000086 0.06499602646 0.05937585235
v -0.02750000171 0.06479563564 0.05709598958
v -0.0270000007 0.06483782828 0.05757595599
v -0.02650000155 0.06469016522 0.05589602888
v -0.02600000054 0.06474290043 0.05649600923
v -0.02550000139 0.06475345045 0.05661600828
v -0.02500000037 0.06465852261 0.05553604662
v -0.02450000122 0.06269527972 0.03335087001
v -0.02400000021 0.062706545 0.0334777385
v -0.02350000106 0.06253760308 0.03157456219
v -0.02300000191 0.06257139146 0.03195519745
v -0.02250000089 0.0625038147 0.03119390458
v -0.02200000174 0.06244750321 0.03055951744
v -0.02150000073 0.062391188 0.02992511541
v -0.02100000158 0.06234613806 0.02941759676
v -0.02050000057 0.06215467304 0.02726065367
v -0.02000000142 0.06217719615 0.0275143981
v -0.0195000004 0.06217719615 0.0275143981
v -0.01900000125 0.0621096231 0.02675312757
v -0.01850000024 0.06194068119 0.02484993637
v -0.01800000109 0.06197446957 0.02523057163
v -0.01750000007 0.06174921617 0.02269298583
v -0.01700000092 0.06178300455 0.02307362854
v -0.01649999991 0.06168164313 0.02193171531
v -0.01600000076 0.06167037785 0.02180483192
v -0.01550000068 0.06167037785 0.02180483192
v -0.0150000006 0.06167037785 0.02180483192
v -0.01450000051 0.0616591163 0.02167794853
v -0.01400000043 0.06167037785 0.02180483192
v -0.01350000035 0.06163658947 0.02142419666
v -0.01300000027 0.06160280481 0.0210435614
v -0.01250000019 0.06158027798 0.02078978717
v -0.0120000001 0.0615464896 0.02040915936
v -0.01150000095 0.06153522804 0.02028226852
v -0.01100000087 0.06149017438 0.01977474988
v -0.01050000079 0.06144512445 0.01926723123
v -0.01000000071 0.06140007451 0.01875972748
v -0.009500000626 0.06137754768 0.0185059607
v -0.009000000544 0.06138881296 0.01863284409
v -0.008500000462 0.06140007451 0.01875972748
v -0.00800000038 0.06140007451 0.01875972748
v -0.007500000298 0.06142260134 0.01901347935
v -0.007000000216 0.06144512445 0.01926723123
v -0.006500000134 0.06147891283 0.01964788884
v -0.006000000052 0.06150143966 0.01990164071
v -0.005500000436 0.0615464896 0.02040915936
v -0.005000000354 0.06158027798 0.02078978717
v -0.004500000272 0.06161406636 0.02117042989
v -0.00400000019 0.06163658947 0.02142419666
v -0.003500000108 0.06168164313 0.02193171531
v -0.003000000026 0.06171543151 0.02231235802
v -0.002500000177 0.06173795462 0.02256610245
v -0.002000000095 0.061771743 0.02294673771
v -0.001500000013 0.061771743 0.02294673771
v -0.001000000047 0.06178300455 0.02307362854
v -0.0005000000237 0.06178300455 0.02307362854
v 0 0.061771743 0.02294673771
v 0.0005000000237 0.06176048145 0.02281987667
v 0.001000000047 0.06176048145 0.02281987667
v 0.001500000013 0.06172669306 0.02243923396
v 0.002000000095 0.06170416623 0.02218546718
v 0.002500000177 0.06169290468 0.0220585838
v 0.003000000026 0.06167037785 0.02180483192
v 0.003500000108 0.06167037785 0.02180483192
v 0.00400000019 0.0616591163 0.02167794853
v 0.004500000272 0.06163658947 0.02142419666
v 0.005000000354 0.06161406636 0.02117042989
v 0.005500000436 0.06160280481 0.0210435614
v 0.006000000052 0.06042022258 0.007721208036
v 0.006500000134 0.06011145934 0.004428073764
v 0.007000000216 0.06012453511 0.004563011229
v 0.007500000298 0.06001992896 0.003483369946
v 0.00800000038 0.05973225832 0.0005143284798
v 0.008500000462 0.05975840986 0.0007842257619
v 0.009000000544 0.05974533409 0.000649265945
v 0.01050000079 0.05852927268 -0.01190169156
v 0.01100000087 0.05855542794 -0.01163176447
v 0.01150000095 0.05854234844 -0.01176673174
v 0.0120000001 0.05843774229 -0.01284638792
v 0.01350000035 0.05769241601 -0.02053891122
v 0.01400000043 0.05764011294 -0.02107874304
v 0.01450000051 0.05762703717 -0.02121370286
v 0.0150000006 0.05760088563 -0.02148360759
v 0.01550000068 0.05750935525 -0.02242829651
v 0.01600000076 0.05747012794 -0.02283316851
v 0.01649999991 0.05741782114 -0.02337299287
v 0.01700000092 0.05733936653 -0.02418274805
v 0.01750000007 0.05733936653 -0.02418274805
v 0.01800000109 0.05697324127 -0.02796152979
v 0.01850000024 0.05701246858 -0.02755666524
v -0.07625000179 0.07446910441 0.1887437254
v -0.05625000224 0.06769757718 0.08241440356
v -0.05575000122 0.06771850586 0.08265438676
v -0.05525000393 0.06774990261 0.08301435411
v -0.05475000292 0.06776036322 0.08313433826
v -0.05425000191 0.06777083129 0.08325432241
v -0.05375000089 0.06777083129 0.08325432241
v -0.05325000361 0.0677812919 0.08337430656
v -0.05275000259 0.0677812919 0.08337430656
v -0.05225000158 0.06779175997 0.08349430561
v -0.05175000429 0.06780222058 0.08361427486
v -0.05125000328 0.06780222058 0.08361427486
v -0.05075000226 0.06781268865 0.08373427391
v -0.05025000125 0.06782314926 0.08385427296
v -0.04975000396 0.06783361733 0.08397425711
v -0.04925000295 0.06783361733 0.08397425711
v -0.04875000194 0.06784407794 0.08409422636
v -0.04825000092 0.06784407794 0.08409422636
v -0.04775000364 0.06785454601 0.08421422541
v -0.04725000262 0.06784407794 0.08409422636
v -0.04675000161 0.06785454601 0.08421422541
v -0.0462500006 0.06786501408 0.08433422446
v -0.04575000331 0.06784407794 0.08409422636
v -0.04525000229 0.06786501408 0.08433422446
v -0.04475000128 0.06788593531 0.08457419276
v -0.04425000027 0.06790687144 0.08481417596
v -0.04375000298 0.06792780012 0.08505414426
v -0.04325000197 0.06793826073 0.08517412841
v -0.04275000095 0.06793826073 0.08517412841
v -0.04225000367 0.06793826073 0.08517412841
v -0.04175000265 0.06790687144 0.08481417596
v -0.04125000164 0.06789640337 0.08469417691
v -0.04075000063 0.06787547469 0.08445419371
v -0.04025000334 0.06787547469 0.08445419371
v -0.03975000232 0.06773943454 0.08289435506
v -0.03925000131 0.06779175997 0.08349430561
v -0.0387500003 0.06762433052 0.08157448471
v -0.03825000301 0.06529074907 0.05481718481
v -0.037750002 0.06530121714 0.05493718386
v -0.03674999997 0.06538493186 0.05589707196
v -0.03625000268 0.06540586054 0.05613704026
v -0.03575000167 0.06544771791 0.05661700666
v -0.03525000066 0.06552096456 0.05745691061
v -0.03475000337 0.06561514735 0.05853679776
v -0.03375000134 0.06563607603 0.05877679586
v -0.03325000033 0.06567793339 0.05925673246
v -0.03275000304 0.06568840146 0.05937671661
v -0.03225000203 0.06570933014 0.05961669981
v -0.03175000101 0.06565700471 0.05901674926
v -0.03125 0.06559421867 0.05829682946
v -0.03075000085 0.06561514735 0.05853679776
v -0.0302500017 0.0656465441 0.05889678001
v -0.02975000069 0.06566747278 0.05913674831
v -0.02925000153 0.0656465441 0.05889678001
v -0.02875000052 0.0656465441 0.05889678001
v -0.02825000137 0.06544771791 0.05661700666
v -0.02775000222 0.06546864659 0.05685697496
v -0.02725000121 0.06548957527 0.05709695816
v -0.02675000206 0.06530121714 0.05493718386
v -0.02625000104 0.0653430745 0.05541712046
v -0.02575000189 0.06531167775 0.05505715311
v -0.02525000088 0.06529074907 0.05481718481
v -0.02475000173 0.06336640567 0.03297016025
v -0.02425000072 0.06323175132 0.03144744784
v -0.02375000156 0.06323175132 0.03144744784
v -0.02325000055 0.0632429719 0.03157434613
v -0.0227500014 0.06318686157 0.03093988448
v -0.02225000039 0.0631307587 0.03030541539
v -0.02175000124 0.06308587641 0.02979785204
v -0.02125000022 0.06305221468 0.02941717952
v -0.02075000107 0.06286145002 0.02726002783
v -0.02025000006 0.06288389862 0.02751380205
v -0.01975000091 0.06288389862 0.02751380205
v -0.01925000176 0.06279412657 0.0264986828
v -0.01875000075 0.06265947223 0.02497597784
v -0.01825000159 0.0626706928 0.02510287613
v -0.01775000058 0.0626706928 0.02510287613
v -0.01725000143 0.06247993559 0.02294570208
v -0.01675000042 0.06239016727 0.02193058282
v -0.01625000127 0.06237894669 0.02180369198
v -0.01575000025 0.06237894669 0.02180369198
v -0.0152500011 0.06237894669 0.02180369198
v -0.01475000102 0.06236772612 0.02167679369
v -0.01425000094 0.06236772612 0.02167679369
v -0.01375000086 0.06234528497 0.02142301947
v -0.01325000077 0.06232284009 0.02116923034
v -0.01275000069 0.06230039895 0.02091544867
v -0.01225000061 0.06228917837 0.02078855038
v -0.01175000053 0.0622779578 0.02066165209
v -0.01125000045 0.06224429235 0.02028098702
v -0.01075000037 0.06218818948 0.01964654028
v -0.01025000028 0.06212086231 0.01888518035
v -0.009750000201 0.06208719686 0.01850450784
v -0.009250000119 0.06209842116 0.01863140613
v -0.008750000037 0.06209842116 0.01863140613
v -0.008249999955 0.06209842116 0.01863140613
v -0.007750000339 0.06212086231 0.01888518035
v -0.007250000257 0.06214330345 0.01913897693
v -0.006750000175 0.0621657446 0.01939275116
v -0.006250000093 0.06218818948 0.01964654028
v -0.005750000477 0.0622218512 0.0200272128
v -0.005250000395 0.06225551665 0.02040788531
v -0.004750000313 0.0622779578 0.02066165209
v -0.004250000231 0.06230039895 0.02091544867
v -0.003750000149 0.06233406067 0.02129612118
v -0.003250000067 0.06237894669 0.02180369198
v -0.002750000218 0.06239016727 0.02193058282
v -0.002250000136 0.06242383271 0.02231126279
v -0.001750000054 0.06243505329 0.02243815362
v -0.001250000088 0.06244627386 0.02256503701
v -0.0007500000065 0.06246871501 0.02281883359
v -0.0002500000119 0.06246871501 0.02281883359
v 0.0002500000119 0.06246871501 0.02281883359
v 0.0007500000065 0.06244627386 0.02256503701
v 0.001250000088 0.06243505329 0.02243815362
v 0.001750000054 0.06241260841 0.0221843645
v 0.002250000136 0.06240138784 0.02205746621
v 0.002750000218 0.06239016727 0.02193058282
v 0.003250000067 0.06237894669 0.02180369198
v 0.003750000149 0.06236772612 0.02167679369
v 0.004250000231 0.06233406067 0.02129612118
v 0.004750000313 0.06232284009 0.02116923034
v 0.005750000477 0.06114462763 0.00784561038
v 0.006250000093 0.0612007305 0.008480072021
v 0.006750000175 0.06083968282 0.004560552537
v 0.007250000257 0.06086561456 0.00483045727
v 0.007750000339 0.06076189503 0.003750883043
v 0.008249999955 0.06069706753 0.003076143563
v 0.008750000037 0.06047666073 0.0007820576429
v 0.009250000119 0.0604377687 0.0003772228956
v 0.01075000037 0.0592449829 -0.01203785092
v 0.01125000045 0.0592449829 -0.01203785092
v 0.01175000053 0.0592449829 -0.01203785092
v 0.01225000061 0.05916719139 -0.01284752041
v 0.01325000077 0.0584930107 -0.01986472309
v 0.01375000086 0.0584930107 -0.01986472309
v 0.01425000094 0.05844115093 -0.0204045102
v 0.01475000102 0.05840225145 -0.0208093673
v 0.0152500011 0.05835039541 -0.02134913951
v 0.01575000025 0.0582726039 -0.02215883136
v 0.01625000127 0.05824667215 -0.02242870629
v 0.01675000042 0.05809109285 -0.02404807135
v 0.01725000143 0.05807812512 -0.02418302372
v 0.01775000058 0.05807812512 -0.02418302372
v 0.01825000159 0.05771510676 -0.02796151862
v 0.01875000075 0.05775400251 -0.02755668387
v -0.05750000104 0.06834296137 0.08205416799
v -0.05700000376 0.06839486957 0.08265408874
v -0.05650000274 0.06841563433 0.08289404213
v -0.05600000173 0.0684363991 0.08313401043
v -0.05550000444 0.06844677776 0.08325397968
v -0.05500000343 0.06845716387 0.08337396383
v -0.05450000241 0.06845716387 0.08337396383
v -0.0540000014 0.06845716387 0.08337396383
v -0.05350000411 0.06846754253 0.08349394798
v -0.0530000031 0.06846754253 0.08349394798
v -0.05250000209 0.06845716387 0.08337396383
v -0.05200000107 0.06845716387 0.08337396383
v -0.05150000378 0.06846754253 0.08349394798
v -0.05100000277 0.06847792119 0.08361391723
v -0.05050000176 0.0684883073 0.08373390138
v -0.05000000075 0.0684883073 0.08373390138
v -0.04950000346 0.0684883073 0.08373390138
v -0.04900000244 0.0684883073 0.08373390138
v -0.04850000143 0.06849868596 0.08385390043
v -0.04800000042 0.06849868596 0.08385390043
v -0.04750000313 0.06849868596 0.08385390043
v -0.04700000212 0.0684883073 0.08373390138
v -0.0465000011 0.0684883073 0.08373390138
v -0.04600000381 0.06844677776 0.08325397968
v -0.0455000028 0.06844677776 0.08325397968
v -0.04500000179 0.06845716387 0.08337396383
v -0.04450000077 0.0684883073 0.08373390138
v -0.04400000349 0.06851945072 0.08409383893
v -0.04350000247 0.06855059415 0.08445379138
v -0.04300000146 0.06856098026 0.08457377553
v -0.04250000045 0.06855059415 0.08445379138
v -0.04200000316 0.06856098026 0.08457377553
v -0.04150000215 0.06849868596 0.08385390043
v -0.04100000113 0.06844677776 0.08325397968
v -0.04050000012 0.0681456998 0.07977449894
v -0.03850000352 0.065965496 0.05457830429
v -0.0380000025 0.06597587466 0.05469827354
v -0.03750000149 0.06598626077 0.05481827259
v -0.03650000319 0.06609007716 0.05601808429
v -0.03600000218 0.06611084193 0.05625805259
v -0.03550000116 0.06615237147 0.05673798919
v -0.03350000083 0.06622504443 0.05757786334
v -0.03250000253 0.06623542309 0.05769783258
v -0.03200000152 0.06603816897 0.05541817844
v -0.03150000051 0.06609007716 0.05601808429
v -0.03100000136 0.06610046327 0.05613806844
v -0.03050000221 0.0660796985 0.05589810014
v -0.03000000119 0.0660796985 0.05589810014
v -0.02950000204 0.06611084193 0.05625805259
v -0.02900000103 0.0661316067 0.05649802089
v -0.02850000188 0.06612122804 0.05637802184
v -0.02800000086 0.0661316067 0.05649802089
v -0.02750000171 0.06594473124 0.05433833599
v -0.0270000007 0.0640489608 0.03271625936
v -0.02650000155 0.06598626077 0.05481827259
v -0.02600000054 0.06595511734 0.05445833504
v -0.02550000139 0.0638589114 0.03055889904
v -0.02500000037 0.0638365522 0.03030508012
v -0.02400000021 0.06390362978 0.03106651455
v -0.02350000106 0.06392598897 0.03132031113
v -0.02300000191 0.06388127059 0.03081269562
v -0.02250000089 0.0638365522 0.03030508012
v -0.02200000174 0.0637806505 0.02967057377
v -0.02150000073 0.06374711543 0.02928987145
v -0.02100000158 0.06356824189 0.02725940198
v -0.02050000057 0.06359060109 0.02751319855
v -0.02000000142 0.06356824189 0.02725940198
v -0.0195000004 0.06345644593 0.02599037439
v -0.01900000125 0.06337819248 0.02510204166
v -0.01850000024 0.06337819248 0.02510204166
v -0.01800000109 0.06337819248 0.02510204166
v -0.01750000007 0.06319931895 0.02307157964
v -0.01700000092 0.06310988218 0.02205634862
v -0.01649999991 0.06308752298 0.02180255204
v -0.01600000076 0.06309869885 0.02192945778
v -0.01550000068 0.06307633966 0.02167563885
v -0.0150000006 0.06307633966 0.02167563885
v -0.01450000051 0.06306516379 0.02154872566
v -0.01400000043 0.06305398047 0.02142184228
v -0.01350000035 0.06303162128 0.02116802335
v -0.01300000027 0.06302044541 0.02104113251
v -0.01250000019 0.06300926208 0.02091422677
v -0.0120000001 0.06299808621 0.02078731358
v -0.01150000095 0.06299808621 0.02078731358
v -0.01100000087 0.06290864944 0.01977208257
v -0.01050000079 0.06284157187 0.01901066303
v -0.01000000071 0.0628080368 0.01862996072
v -0.009500000626 0.0628080368 0.01862996072
v -0.009000000544 0.0628080368 0.01862996072
v -0.008500000462 0.06281921268 0.01875686646
v -0.00800000038 0.06281921268 0.01875686646
v -0.007500000298 0.06283038855 0.01888375729
v -0.007000000216 0.06285275519 0.01913757622
v -0.006500000134 0.06287510693 0.01939138025
v -0.006000000052 0.06290864944 0.01977208257
v -0.005500000436 0.06293100864 0.0200259015
v -0.005000000354 0.06295336783 0.02027969807
v -0.004500000272 0.06297572702 0.020533517
v -0.00400000019 0.06298690289 0.02066040784
v -0.003500000108 0.06302044541 0.02104113251
v -0.003000000026 0.0630428046 0.02129492909
v -0.002500000177 0.06305398047 0.02142184228
v -0.002000000095 0.06306516379 0.02154872566
v -0.001500000013 0.06308752298 0.02180255204
v -0.001000000047 0.06308752298 0.02180255204
v -0.0005000000237 0.06312105805 0.02218325436
v 0 0.06313224137 0.02231016755
v 0.0005000000237 0.06312105805 0.02218325436
v 0.001000000047 0.06312105805 0.02218325436
v 0.001500000013 0.06310988218 0.02205634862
v 0.002000000095 0.06308752298 0.02180255204
v 0.002500000177 0.06308752298 0.02180255204
v 0.003000000026 0.06305398047 0.02142184228
v 0.003500000108 0.06298690289 0.02066040784
v 0.00400000019 0.06294219196 0.02015280724
v 0.004500000272 0.0625397265 0.01558426023
v 0.006000000052 0.06191367283 0.008477665484
v 0.006500000134 0.06196957082 0.00911219418
v 0.007000000216 0.06154198945 0.004423178732
v 0.007500000298 0.06158054993 0.004827983677
v 0.00800000038 0.0615934059 0.004962928593
v 0.008500000462 0.06146486104 0.003613546491
v 0.009000000544 0.06143915281 0.003343686461
v 0.009500000626 0.0611820668 0.0006449520588
v 0.01000000071 0.06111779809 -2.9720366e-05
v 0.01100000087 0.06069361046 -0.004482612014
v 0.01150000095 0.05993520841 -0.0124438554
v 0.0120000001 0.05996092036 -0.01217397302
v 0.01250000019 0.05990950018 -0.01271371543
v 0.01300000027 0.05985808372 -0.01325346529
v 0.01350000035 0.05924108252 -0.01973040402
v 0.01400000043 0.0592539385 -0.0195954591
v 0.01450000051 0.05921537429 -0.02000026405
v 0.0150000006 0.05917681381 -0.02040507644
v 0.01550000068 0.05911254138 -0.02107976377
v 0.01600000076 0.05903541669 -0.02188937366
v 0.01649999991 0.05902256072 -0.02202431113
v 0.01700000092 0.05889401957 -0.02337366715
v 0.01750000007 0.05882974714 -0.0240483582
v 0.01800000109 0.05881689116 -0.02418329939
v -0.05825000256 0.06900943071 0.08193390071
v -0.05775000155 0.06908152997 0.08277373016
v -0.05725000426 0.06912272424 0.08325363696
v -0.05675000325 0.06914332509 0.08349360526
v -0.05625000224 0.06913302839 0.08337362111
v -0.05575000122 0.06914332509 0.08349360526
v -0.05525000393 0.06914332509 0.08349360526
v -0.05475000292 0.06914332509 0.08349360526
v -0.05425000191 0.06913302839 0.08337362111
v -0.05375000089 0.06914332509 0.08349360526
v -0.05325000361 0.06913302839 0.08337362111
v -0.05275000259 0.06913302839 0.08337362111
v -0.05225000158 0.06912272424 0.08325363696
v -0.05175000429 0.06913302839 0.08337362111
v -0.05125000328 0.06914332509 0.08349360526
v -0.05075000226 0.06914332509 0.08349360526
v -0.05025000125 0.06913302839 0.08337362111
v -0.04975000396 0.06913302839 0.08337362111
v -0.04925000295 0.06914332509 0.08349360526
v -0.04875000194 0.06914332509 0.08349360526
v -0.04825000092 0.06913302839 0.08337362111
v -0.04775000364 0.06913302839 0.08337362111
v -0.04725000262 0.06911242753 0.08313366771
v -0.04675000161 0.06911242753 0.08313366771
v -0.0462500006 0.06904033571 0.08229382336
v -0.04575000331 0.06900943071 0.08193390071
v -0.04125000164 0.06882404536 0.07977433503
v -0.04075000063 0.06884464622 0.08001430333
v -0.03975000232 0.06615649909 0.04870057106
v -0.03425000235 0.06666117162 0.05457940698
v -0.03175000101 0.06675386429 0.05565918982
v -0.03125 0.06677446514 0.05589912832
v -0.03075000085 0.06677446514 0.05589912832
v -0.02975000069 0.06676416844 0.05577917397
v -0.02925000153 0.06677446514 0.05589912832
v -0.02875000052 0.06655817479 0.05337963998
v -0.02825000137 0.0665993765 0.05385954678
v -0.02775000222 0.06663027406 0.05421946943
v -0.02725000121 0.06477623433 0.03296999633
v -0.02675000206 0.06462030113 0.03119315207
v -0.02625000104 0.06460916251 0.03106625378
v -0.02575000189 0.06456461549 0.03055858612
v -0.02525000088 0.06454233825 0.03030474484
v -0.02475000173 0.06443095952 0.02903559059
v -0.02425000072 0.06443095952 0.02903559059
v -0.02375000156 0.06433071196 0.02789336443
v -0.0227500014 0.06446436793 0.02941633761
v -0.02225000039 0.06445322931 0.02928943932
v -0.02175000124 0.0644198209 0.0289086774
v -0.02125000022 0.0642638877 0.02713185549
v -0.02075000107 0.06427502632 0.02725877613
v -0.02025000006 0.06424161047 0.02687802911
v -0.01975000091 0.06421933323 0.02662419528
v -0.01925000176 0.06408567727 0.02510121465
v -0.01875000075 0.06408567727 0.02510121465
v -0.01825000159 0.06406340003 0.02484737337
v -0.01775000058 0.0639186129 0.02319747955
v -0.01725000143 0.06382950395 0.02218215168
v -0.01675000042 0.06378495693 0.02167449147
v -0.01625000127 0.06378495693 0.02167449147
v -0.01575000025 0.06377381831 0.02154756337
v -0.0152500011 0.06377381831 0.02154756337
v -0.01475000102 0.06377381831 0.02154756337
v -0.01425000094 0.06375154108 0.02129374444
v -0.01375000086 0.06374040246 0.0211668238
v -0.01325000077 0.06372926384 0.02103991807
v -0.01275000069 0.06372926384 0.02103991807
v -0.01225000061 0.06371812522 0.02091299742
v -0.01175000053 0.06370698661 0.02078606933
v -0.01125000045 0.06362902373 0.01989766955
v -0.01075000037 0.06358446926 0.01939000934
v -0.01025000028 0.06353991479 0.01888233423
v -0.009750000201 0.063517645 0.0186285153
v -0.009250000119 0.063517645 0.0186285153
v -0.008750000037 0.063517645 0.0186285153
v -0.008249999955 0.063517645 0.0186285153
v -0.007750000339 0.06352878362 0.01875543594
v -0.007250000257 0.0635510534 0.01900925487
v -0.006750000175 0.06357333064 0.01926308125
v -0.006250000093 0.06358446926 0.01939000934
v -0.005750000477 0.06360674649 0.01964385062
v -0.005250000395 0.06361788511 0.01977074891
v -0.004750000313 0.06364016235 0.02002459019
v -0.004250000231 0.06365130097 0.02015151083
v -0.003750000149 0.06368470937 0.0205322504
v -0.003250000067 0.06369584799 0.02065915614
v -0.002750000218 0.06370698661 0.02078606933
v -0.002250000136 0.06371812522 0.02091299742
v -0.001750000054 0.06371812522 0.02091299742
v -0.001250000088 0.06374040246 0.0211668238
v -0.0007500000065 0.06372926384 0.02103991807
v -0.0002500000119 0.06370698661 0.02078606933
v 0.0002500000119 0.06369584799 0.02065915614
v 0.0007500000065 0.06371812522 0.02091299742
v 0.001250000088 0.06368470937 0.0205322504
v 0.001750000054 0.06365130097 0.02015151083
v 0.002250000136 0.06362902373 0.01989766955
v 0.002750000218 0.06362902373 0.01989766955
v 0.003250000067 0.063517645 0.0186285153
v 0.003750000149 0.06335057318 0.0167247802
v 0.004250000231 0.06333943456 0.01659785956
v 0.004750000313 0.06326147169 0.01570945233
v 0.005250000395 0.06286050379 0.01114048809
v 0.006250000093 0.06268229336 0.009109847248
v 0.006750000175 0.06271570921 0.009490586817
v 0.007250000257 0.06223176047 0.004150867462
v 0.007750000339 0.06230822206 0.004960440099
v 0.008249999955 0.06230822206 0.004960440099
v 0.008750000037 0.06225724891 0.004420734942
v 0.009750000201 0.06190043315 0.0006427913904
v 0.01025000028 0.06191317737 0.000777721405
v 0.01075000037 0.06139069796 -0.004754252732
v 0.01125000045 0.06147990376 -0.00380975008
v 0.01175000053 0.06065158546 -0.01257993281
v 0.01225000061 0.06068981439 -0.01217515767
v 0.01275000069 0.06066432595 -0.0124450177
v 0.01325000077 0.06057512388 -0.013389498
v 0.01375000086 0.0599761866 -0.01973101497
v 0.01425000094 0.06000167131 -0.01946115494
v 0.01475000102 0.05995069817 -0.0200008601
v 0.0152500011 0.05993795395 -0.02013579011
v 0.01575000025 0.05983600765 -0.02121520787
v 0.01625000127 0.05982326716 -0.02135011554
v 0.01675000042 0.05974680558 -0.02215968817
v 0.01725000143 0.059670344 -0.02296923101
v 0.01775000058 0.05961937085 -0.02350893989
v 0.01825000159 0.05959388614 -0.02377878129
v -0.05850000307 0.06971693784 0.08229352534
v -0.05800000206 0.06977824122 0.08301335573
v -0.05750000104 0.06980889291 0.08337326348
v -0.05700000376 0.06982932985 0.08361320198
v -0.05650000274 0.06983954459 0.08373317122
v -0.05600000173 0.06981910765 0.08349324763
v -0.05550000444 0.06981910765 0.08349324763
v -0.05500000343 0.06981910765 0.08349324763
v -0.05450000241 0.06979867816 0.08325329423
v -0.0540000014 0.06979867816 0.08325329423
v -0.05350000411 0.06978846341 0.08313333988
v -0.0530000031 0.06978846341 0.08313333988
v -0.05250000209 0.06978846341 0.08313333988
v -0.05200000107 0.06977824122 0.08301335573
v -0.05150000378 0.06978846341 0.08313333988
v -0.05100000277 0.06978846341 0.08313333988
v -0.05050000176 0.06977824122 0.08301335573
v -0.05000000075 0.06976802647 0.08289338648
v -0.04950000346 0.06978846341 0.08313333988
v -0.04900000244 0.06976802647 0.08289338648
v -0.04850000143 0.06975781173 0.08277341723
v -0.04800000042 0.06975781173 0.08277341723
v -0.04750000313 0.06969650835 0.08205360174
v -0.04700000212 0.0696862936 0.08193363249
v -0.04400000349 0.06612472981 0.0403317064
v -0.04350000247 0.06616912037 0.04083940387
v -0.04300000146 0.06618021429 0.04096634686
v -0.04250000045 0.06621350348 0.04134711623
v -0.04200000316 0.06621350348 0.04134711623
v -0.04150000215 0.06620240957 0.04122018814
v -0.04100000113 0.06619131565 0.04109327495
v -0.04050000012 0.06620240957 0.04122018814
v -0.0390000008 0.06606925279 0.03969708085
v -0.0380000025 0.0660803467 0.03982400894
v -0.03750000149 0.06604705751 0.03944320977
v -0.03700000048 0.0660803467 0.03982400894
v -0.03650000319 0.06593609601 0.03817393631
v -0.03550000116 0.06596938521 0.03855471313
v -0.03500000015 0.0659250021 0.03804700077
v -0.03450000286 0.06590280682 0.03779315203
v -0.03400000185 0.06590280682 0.03779315203
v -0.03350000083 0.06578074396 0.03639695048
v -0.03299999982 0.06580293924 0.03665079921
v -0.03200000152 0.06568087637 0.03525461257
v -0.03150000051 0.06570307165 0.03550845385
v -0.03050000221 0.06720358878 0.05278095603
v -0.03000000119 0.06559211016 0.03423918039
v -0.02950000204 0.06560320407 0.03436610103
v -0.02900000103 0.06544785202 0.03258910775
v -0.02850000188 0.06544785202 0.03258910775
v -0.02800000086 0.06545895338 0.03271604329
v -0.02750000171 0.06540346891 0.03208139539
v -0.0270000007 0.0653257966 0.0311929062
v -0.02650000155 0.06531469524 0.03106599301
v -0.02600000054 0.06524811685 0.03030440956
v -0.02550000139 0.06523702294 0.03017749637
v -0.02500000037 0.06512606144 0.02890820801
v -0.02450000122 0.06513715535 0.0290351361
v -0.02400000021 0.06507057697 0.02827357501
v -0.02350000106 0.06499290466 0.02738508582
v -0.02300000191 0.0649485141 0.02687737346
v -0.02250000089 0.064904131 0.02636966109
v -0.02200000174 0.0648708418 0.02598888427
v -0.02150000073 0.0648708418 0.02598888427
v -0.02100000158 0.06473768502 0.02446573973
v -0.02050000057 0.06472659111 0.02433881164
v -0.02000000142 0.06470439583 0.0240849629
v -0.0195000004 0.06473768502 0.02446573973
v -0.01900000125 0.06474878639 0.02459267527
v -0.01850000024 0.06458234042 0.0226887539
v -0.01800000109 0.06460452825 0.02294260263
v -0.01750000007 0.06459343433 0.02281568944
v -0.01700000092 0.06449356675 0.02167333663
v -0.01649999991 0.06448246539 0.02154639363
v -0.01600000076 0.06449356675 0.02167333663
v -0.01550000068 0.06448246539 0.02154639363
v -0.0150000006 0.06448246539 0.02154639363
v -0.01450000051 0.06446027756 0.02129255235
v -0.01400000043 0.06443808228 0.02103870362
v -0.01350000035 0.06443808228 0.02103870362
v -0.01300000027 0.06443808228 0.02103870362
v -0.01250000019 0.06440479308 0.02065790445
v -0.0120000001 0.06440479308 0.02065790445
v -0.01150000095 0.06437150389 0.02027712762
v -0.01100000087 0.06431602687 0.01964250207
v -0.01050000079 0.06428273022 0.01926169544
v -0.01000000071 0.06426054239 0.01900784671
v -0.009500000626 0.06423834711 0.01875400543
v -0.009000000544 0.06420505792 0.01837320626
v -0.008500000462 0.0642272532 0.01862707734
v -0.00800000038 0.06423834711 0.01875400543
v -0.007500000298 0.06423834711 0.01875400543
v -0.007000000216 0.06426054239 0.01900784671
v -0.006500000134 0.06427163631 0.01913478971
v -0.006000000052 0.06428273022 0.01926169544
v -0.005500000436 0.0643049255 0.01951556653
v -0.005000000354 0.06431602687 0.01964250207
v -0.004500000272 0.06432712078 0.01976940781
v -0.00400000019 0.0643382147 0.0198963508
v -0.003500000108 0.06436040998 0.02015021443
v -0.003000000026 0.06437150389 0.02027712762
v -0.002500000177 0.06438260525 0.02040405571
v -0.002000000095 0.06437150389 0.02027712762
v -0.001500000013 0.06437150389 0.02027712762
v -0.001000000047 0.06437150389 0.02027712762
v -0.0005000000237 0.06436040998 0.02015021443
v 0 0.06437150389 0.02027712762
v 0.0005000000237 0.06436040998 0.02015021443
v 0.001000000047 0.06434931606 0.02002327889
v 0.001500000013 0.06431602687 0.01964250207
v 0.002000000095 0.06429383159 0.01938863844
v 0.002500000177 0.06429383159 0.01938863844
v 0.003000000026 0.06404971331 0.01659622043
v 0.003500000108 0.06408299506 0.01697700471
v 0.00400000019 0.06401642412 0.01621544361
v 0.004500000272 0.06383887678 0.01418460906
v 0.005000000354 0.06363914162 0.01189991087
v 0.005500000436 0.0636613369 0.0121537596
v 0.007000000216 0.06352818012 0.01063062251
v 0.00800000038 0.06301040947 0.004823029041
v 0.008500000462 0.06302304566 0.004957951605
v 0.009000000544 0.06299777329 0.004688106477
v 0.009500000626 0.06288408488 0.003473877907
v 0.01000000071 0.06261879951 0.000640630722
v 0.01050000079 0.06259353459 0.0003708079457
v 0.01150000095 0.06218929589 -0.003946490586
v 0.0120000001 0.06139344722 -0.01244618744
v 0.01250000019 0.06140607968 -0.01231126487
v 0.01300000027 0.06141871214 -0.01217634976
v 0.01350000035 0.06133028492 -0.0131207481
v 0.01400000043 0.06069865823 -0.01986653358
v 0.01450000051 0.06069865823 -0.01986653358
v 0.0150000006 0.06069865823 -0.01986653358
v 0.01550000068 0.06063549593 -0.0205411166
v 0.01600000076 0.06061022729 -0.02081096172
v 0.01649999991 0.06057232991 -0.02121570706
v 0.01700000092 0.06050917134 -0.02189026773
v 0.01750000007 0.06044600531 -0.0225648582
v 0.01800000109 0.06039547548 -0.02310452238
v 0.01850000024 0.06034494564 -0.02364418656
v -0.05875000358 0.07036314905 0.08193334937
v -0.05825000256 0.07044421881 0.08289307356
v -0.05775000155 0.07048475742 0.08337292075
v -0.05725000426 0.07050503045 0.08361284435
v -0.05675000325 0.07050503045 0.08361284435
v -0.05625000224 0.07050503045 0.08361284435
v -0.05575000122 0.07049489766 0.08349289
v -0.05525000393 0.07047462463 0.0832529664
v -0.05475000292 0.07046449184 0.08313299716
v -0.05425000191 0.07045435905 0.08301302791
v -0.05375000089 0.07045435905 0.08301302791
v -0.05325000361 0.07043408602 0.08277310431
v -0.05275000259 0.07043408602 0.08277310431
v -0.05225000158 0.07042395324 0.08265314996
v -0.05175000429 0.07041382045 0.08253318071
v -0.05125000328 0.07041382045 0.08253318071
v -0.05075000226 0.07040368766 0.08241321146
v -0.05025000125 0.07039354742 0.08229324222
v -0.04975000396 0.07040368766 0.08241321146
v -0.04925000295 0.07037328184 0.08205331862
v -0.04875000194 0.07037328184 0.08205331862
v -0.04225000367 0.06688251346 0.04096701741
v -0.04075000063 0.06668352336 0.03868211061
v -0.04025000334 0.06674985588 0.03944374621
v -0.03975000232 0.06674985588 0.03944374621
v -0.03925000131 0.06674985588 0.03944374621
v -0.03825000301 0.06665036082 0.03830128908
v -0.03725000098 0.0666282475 0.03804739565
v -0.03674999997 0.06667247415 0.03855516016
v -0.03625000268 0.06663930416 0.03817434609
v -0.03575000167 0.0666282475 0.03804739565
v -0.03525000066 0.06660614163 0.03779352456
v -0.03475000337 0.06656192243 0.0372857675
v -0.03425000235 0.06657297909 0.03741271049
v -0.03375000134 0.06637398899 0.03512779623
v -0.03325000033 0.06646242738 0.03614331782
v -0.03275000304 0.06638504565 0.03525474668
v -0.03225000203 0.06639610231 0.03538166732
v -0.03175000101 0.06640715897 0.03550861776
v -0.03125 0.06625238806 0.03373146057
v -0.03075000085 0.06627449393 0.03398533165
v -0.0302500017 0.0662413314 0.03360451758
v -0.02975000069 0.06620816886 0.0332237035
v -0.02925000153 0.0661418438 0.0324620679
v -0.02875000052 0.06613078713 0.03233512491
v -0.02825000137 0.0661418438 0.0324620679
v -0.02775000222 0.06600917876 0.03093878925
v -0.02725000121 0.06602023542 0.03106573224
v -0.02675000206 0.06596495956 0.03043102473
v -0.02625000104 0.06593179703 0.0300502032
v -0.02575000189 0.06593179703 0.0300502032
v -0.02525000088 0.0658101961 0.02865386754
v -0.02475000173 0.06583230197 0.02890773863
v -0.02425000072 0.0658101961 0.02865386754
v -0.02375000156 0.06569964439 0.02738447487
v -0.02325000055 0.06566648185 0.0270036608
v -0.0227500014 0.06560015678 0.0262420103
v -0.02225000039 0.06558910012 0.02611505985
v -0.02175000124 0.0655669868 0.02586118877
v -0.02125000022 0.06548960507 0.02497261763
v -0.02075000107 0.06545644253 0.0245917961
v -0.02025000006 0.06539011002 0.0238301456
v -0.01975000091 0.06532378495 0.02306851745
v -0.01925000176 0.06532378495 0.02306851745
v -0.01875000075 0.06526850909 0.02243382484
v -0.01825000159 0.06526850909 0.02243382484
v -0.01775000058 0.06526850909 0.02243382484
v -0.01725000143 0.06521323323 0.02179912478
v -0.01675000042 0.06519112736 0.02154523134
v -0.01625000127 0.06520217657 0.02167218179
v -0.01575000025 0.06521323323 0.02179912478
v -0.0152500011 0.0651800707 0.0214183107
v -0.01475000102 0.06515795738 0.02116441727
v -0.01425000094 0.06514690816 0.02103748918
v -0.01375000086 0.0651358515 0.02091054618
v -0.01325000077 0.06512479484 0.02078359574
v -0.01275000069 0.06511373818 0.02065665275
v -0.01225000061 0.06510268897 0.02052972466
v -0.01175000053 0.06510268897 0.02052972466
v -0.01125000045 0.06503635645 0.01976807415
v -0.01075000037 0.06500319391 0.01938726753
v -0.01025000028 0.06499213725 0.01926031709
v -0.009750000201 0.06497003138 0.019006446
v -0.009250000119 0.06491475552 0.01837173849
v -0.008750000037 0.06491475552 0.01837173849
v -0.008249999955 0.06492581218 0.01849868149
v -0.007750000339 0.0649368614 0.01862563193
v -0.007250000257 0.06494791806 0.01875257492
v -0.006750000175 0.06495897472 0.01887950301
v -0.006250000093 0.06495897472 0.01887950301
v -0.005750000477 0.06498108059 0.01913339645
v -0.005250000395 0.06500319391 0.01938726753
v -0.004750000313 0.06500319391 0.01938726753
v -0.004250000231 0.06501425058 0.01951420307
v -0.003750000149 0.06502529979 0.01964115351
v -0.003250000067 0.06504741311 0.0198950246
v -0.002750000218 0.06503635645 0.01976807415
v -0.002250000136 0.06502529979 0.01964115351
v -0.001750000054 0.06502529979 0.01964115351
v -0.001250000088 0.06501425058 0.01951420307
v -0.0007500000065 0.06501425058 0.01951420307
v -0.0002500000119 0.06501425058 0.01951420307
v 0.0002500000119 0.06500319391 0.01938726753
v 0.0007500000065 0.06499213725 0.01926031709
v 0.001250000088 0.06497003138 0.019006446
v 0.001750000054 0.06495897472 0.01887950301
v 0.002250000136 0.06491475552 0.01837173849
v 0.002750000218 0.06478209794 0.01684847474
v 0.003250000067 0.06477104127 0.01672153175
v 0.003750000149 0.06469365954 0.01583295316
v 0.004250000231 0.06462732702 0.015071325
v 0.004750000313 0.06441728771 0.01265946031
v 0.005250000395 0.06439517438 0.01240557432
v 0.005750000477 0.06440623105 0.01253251731
v 0.006250000093 0.06438412517 0.01227864623
v 0.006750000175 0.06431779265 0.01151698828
v 0.007250000257 0.06429568678 0.01126312464
v 0.007750000339 0.0642182976 0.01037454605
v 0.008249999955 0.06370029598 0.004550725222
v 0.008750000037 0.06370029598 0.004550725222
v 0.009250000119 0.06371282041 0.004685640335
v 0.009750000201 0.06352499127 0.002662055194
v 0.01025000028 0.06331212819 0.0003686696291
v 0.01075000037 0.06333716959 0.0006384700537
v 0.01125000045 0.0631493479 -0.001385092735
v 0.01175000053 0.06284882128 -0.004622831941
v 0.01275000069 0.06213508546 -0.01231244206
v 0.01325000077 0.06214760989 -0.0121775344
v 0.01375000086 0.06207247823 -0.01298697293
v 0.01425000094 0.06199734658 -0.01379639655
v 0.01475000102 0.06143387407 -0.01986713707
v 0.0152500011 0.06144639477 -0.01973224431
v 0.01575000025 0.06139630824 -0.02027186751
v 0.01625000127 0.06137126312 -0.02054166794
v 0.01675000042 0.06129613519 -0.02135109901
v 0.01725000143 0.06129613519 -0.02135109901
v 0.01775000058 0.061170917 -0.02270016819
v 0.01825000159 0.06114587188 -0.02296996862
v 0.01875000075 0.06100813672 -0.02445392683
v 0.01925000176 0.06104569882 -0.02404921502
v 0.01975000091 0.06082031131 -0.02647751197
v 0.02025000006 0.06075770408 -0.02715202793
v -0.05850000307 0.07107015699 0.08229294419
v -0.05800000206 0.07114052027 0.08313266933
v -0.05750000104 0.07117068022 0.08349254727
v -0.05700000376 0.07117068022 0.08349254727
v -0.05650000274 0.07116062939 0.08337257802
v -0.05600000173 0.07116062939 0.08337257802
v -0.05550000444 0.07114052027 0.08313266933
v -0.05500000343 0.07111036777 0.08277277648
v -0.05450000241 0.07111036777 0.08277277648
v -0.0540000014 0.07110031694 0.08265283704
v -0.05350000411 0.07108020782 0.08241291344
v -0.0530000031 0.07107015699 0.08229294419
v -0.05250000209 0.07107015699 0.08229294419
v -0.05200000107 0.07105005533 0.0820530504
v -0.05150000378 0.07105005533 0.0820530504
v -0.05100000277 0.07101990283 0.08169317245
v -0.04500000179 0.06721035391 0.03665132821
v -0.04450000077 0.06724338979 0.03703220189
v -0.04400000349 0.06726542115 0.03728609532
v -0.04350000247 0.06727643311 0.03741305321
v -0.04300000146 0.06729845703 0.03766694665
v -0.04250000045 0.06730946898 0.03779390454
v -0.04200000316 0.06728744507 0.03754001111
v -0.04150000215 0.06728744507 0.03754001111
v -0.04100000113 0.06728744507 0.03754001111
v -0.04050000012 0.06729845703 0.03766694665
v -0.04000000283 0.06727643311 0.03741305321
v -0.03950000182 0.06728744507 0.03754001111
v -0.0390000008 0.06727643311 0.03741305321
v -0.03850000352 0.06726542115 0.03728609532
v -0.0380000025 0.06725440174 0.03715913743
v -0.03750000149 0.06712224334 0.03563573211
v -0.03700000048 0.0671332553 0.03576266766
v -0.03650000319 0.06710021943 0.03538181633
v -0.03550000116 0.06702312827 0.03449315578
v -0.03500000015 0.06703414023 0.03462010622
v -0.03450000286 0.0670671761 0.035000965
v -0.03400000185 0.06697907299 0.03398534656
v -0.03350000083 0.0669350177 0.03347753733
v -0.03299999982 0.06697907299 0.03398534656
v -0.03250000253 0.06694602966 0.03360449523
v -0.03200000152 0.0669350177 0.03347753733
v -0.03150000051 0.06692400575 0.03335059434
v -0.03100000136 0.06686893851 0.03271583468
v -0.03050000221 0.06685792655 0.03258887678
v -0.03000000119 0.06681387126 0.03208106756
v -0.02950000204 0.06680285931 0.03195412457
v -0.02900000103 0.06678083539 0.03170020878
v -0.02850000188 0.06671475619 0.03093851358
v -0.02800000086 0.06668171287 0.0305576548
v -0.02750000171 0.06669272482 0.03068459034
v -0.0270000007 0.06661563367 0.02979592979
v -0.02650000155 0.06662664562 0.02992288768
v -0.02600000054 0.06652753055 0.0287803337
v -0.02550000139 0.06650549918 0.02852641791
v -0.02500000037 0.06649448723 0.02839946002
v -0.02450000122 0.06639537215 0.02725690603
v -0.02400000021 0.06638436019 0.02712994814
v -0.02350000106 0.06638436019 0.02712994814
v -0.02300000191 0.06627422571 0.02586043626
v -0.02250000089 0.06629624963 0.0261143297
v -0.02200000174 0.06628523767 0.02598739415
v -0.02150000073 0.06618611515 0.02484481782
v -0.02100000158 0.06617510319 0.02471787483
v -0.02050000057 0.06605395675 0.02332140505
v -0.02000000142 0.06603193283 0.02306749672
v -0.0195000004 0.06604294479 0.02319445461
v -0.01900000125 0.06598787755 0.0225596875
v -0.01850000024 0.06595484167 0.02217882872
v -0.01800000109 0.06594382226 0.02205187082
v -0.01750000007 0.06591078639 0.02167102695
v -0.01700000092 0.06589977443 0.0215440616
v -0.01649999991 0.06589977443 0.0215440616
v -0.01600000076 0.06589977443 0.0215440616
v -0.01550000068 0.06588876247 0.02141712606
v -0.0150000006 0.06586673111 0.02116321772
v -0.01450000051 0.06586673111 0.02116321772
v -0.01400000043 0.06584470719 0.02090931684
v -0.01350000035 0.06582268327 0.02065540105
v -0.01300000027 0.06580065191 0.02040150762
v -0.01250000019 0.06580065191 0.02040150762
v -0.0120000001 0.06578963995 0.02027454972
v -0.01150000095 0.06577862799 0.02014761418
v -0.01100000087 0.06573457271 0.01963980496
v -0.01050000079 0.06571254879 0.01938589662
v -0.01000000071 0.06569052488 0.01913199574
v -0.009500000626 0.06561342627 0.01824333519
v -0.009000000544 0.06561342627 0.01824333519
v -0.008500000462 0.06562443823 0.01837027073
v -0.00800000038 0.06563545763 0.01849722862
v -0.007500000298 0.06564646959 0.01862418652
v -0.007000000216 0.06564646959 0.01862418652
v -0.006500000134 0.06565748155 0.01875114441
v -0.006000000052 0.06566849351 0.01887807995
v -0.005500000436 0.06567950547 0.01900503784
v -0.005000000354 0.06567950547 0.01900503784
v -0.004500000272 0.06570153683 0.01925893128
v -0.00400000019 0.06571254879 0.01938589662
v -0.003500000108 0.06571254879 0.01938589662
v -0.003000000026 0.06570153683 0.01925893128
v -0.002500000177 0.06569052488 0.01913199574
v -0.002000000095 0.06569052488 0.01913199574
v -0.001500000013 0.06566849351 0.01887807995
v -0.001000000047 0.06567950547 0.01900503784
v -0.0005000000237 0.06567950547 0.01900503784
v 0 0.06565748155 0.01875114441
v 0.0005000000237 0.06565748155 0.01875114441
v 0.001000000047 0.06562443823 0.01837027073
v 0.001500000013 0.06561342627 0.01824333519
v 0.002000000095 0.06556937844 0.01773552597
v 0.002500000177 0.06549228728 0.01684686542
v 0.003000000026 0.06548126787 0.01671990752
v 0.003500000108 0.06542620063 0.01608514041
v 0.00400000019 0.06530505419 0.01468867064
v 0.004500000272 0.06523897499 0.01392696798
v 0.005000000354 0.06513985991 0.01278440654
v 0.005500000436 0.06513985991 0.01278440654
v 0.006000000052 0.06515087187 0.01291134208
v 0.006500000134 0.06513985991 0.01278440654
v 0.007000000216 0.06509580463 0.01227659732
v 0.007500000298 0.06509580463 0.01227659732
v 0.008500000462 0.06460020691 0.00656376034
v 0.009000000544 0.06439062208 0.004278488457
v 0.009500000626 0.06442785263 0.004683174193
v 0.01000000071 0.06426651776 0.002929545939
v 0.01050000079 0.06403070688 0.0003665313125
v 0.01100000087 0.06406793743 0.0007712095976
v 0.01150000095 0.06393142045 -0.0007126405835
v 0.0120000001 0.06385695934 -0.001521997154
v 0.01250000019 0.06277721375 -0.01325788349
v 0.01300000027 0.06287650019 -0.01217871904
v 0.01350000035 0.06288891286 -0.01204384118
v 0.01400000043 0.06277721375 -0.01325788349
v 0.01450000051 0.06276480108 -0.0133927837
v 0.0150000006 0.06216908246 -0.01986774057
v 0.01550000068 0.06216908246 -0.01986774057
v 0.01600000076 0.06215667352 -0.02000263333
v 0.01649999991 0.06211943924 -0.02040731907
v 0.01700000092 0.06205738336 -0.02108180523
v 0.01750000007 0.06200774014 -0.02162139118
v 0.01800000109 0.06193327531 -0.02243074775
v 0.01850000024 0.06188363209 -0.0229703337
v 0.01900000125 0.06180916727 -0.02377969772
v 0.0195000004 0.06148648635 -0.02728697658
v 0.02000000142 0.06154853851 -0.02661251277
v 0.02050000057 0.06153612956 -0.02674739435
v -0.05825000256 0.07172682881 0.08205276728
v -0.05775000155 0.07179661095 0.08289241791
v -0.05725000426 0.07181655616 0.0831323266
v -0.05675000325 0.07180658728 0.08301237226
v -0.05625000224 0.07180658728 0.08301237226
v -0.05575000122 0.07179661095 0.08289241791
v -0.05525000393 0.07175673544 0.08241261542
v -0.05475000292 0.07174676657 0.08229264617
v -0.05425000191 0.07172682881 0.08205276728
v -0.05375000089 0.07167698443 0.08145299554
v -0.04425000027 0.0679250285 0.03677856177
v -0.04375000298 0.06794697046 0.03703250736
v -0.04325000197 0.06796891242 0.03728642315
v -0.04275000095 0.06797988713 0.03741338849
v -0.04225000367 0.06795794517 0.03715945035
v -0.04175000265 0.06796891242 0.03728642315
v -0.04125000164 0.06796891242 0.03728642315
v -0.04075000063 0.06797988713 0.03741338849
v -0.04025000334 0.06796891242 0.03728642315
v -0.03975000232 0.06797988713 0.03741338849
v -0.03925000131 0.06796891242 0.03728642315
v -0.0387500003 0.06795794517 0.03715945035
v -0.03825000301 0.0679250285 0.03677856177
v -0.037750002 0.06783725321 0.03576285392
v -0.03725000098 0.06784822792 0.03588981926
v -0.03674999997 0.06782628596 0.03563590348
v -0.03625000268 0.06776045263 0.03487410396
v -0.03575000167 0.067705594 0.0342392996
v -0.03525000066 0.06761781871 0.03322358429
v -0.03475000337 0.06765073538 0.03360447288
v -0.03425000235 0.06759587675 0.03296966851
v -0.03375000134 0.0675849095 0.03284269571
v -0.03325000033 0.06760685146 0.0330966115
v -0.03275000304 0.06759587675 0.03296966851
v -0.03225000203 0.06756296009 0.03258875757
v -0.03175000101 0.06751907617 0.0320808962
v -0.03125 0.06747519225 0.03157306463
v -0.03075000085 0.06744227558 0.03119215369
v -0.0302500017 0.06743130088 0.03106520325
v -0.02975000069 0.06743130088 0.03106520325
v -0.02925000153 0.06738741696 0.03055734187
v -0.02875000052 0.06735450029 0.03017646074
v -0.02825000137 0.06733255833 0.0299225226
v -0.02775000222 0.06729964167 0.02954162657
v -0.02725000121 0.06727769971 0.02928771079
v -0.02675000206 0.06717895716 0.02814502269
v -0.02625000104 0.06718992442 0.02827199548
v -0.02575000189 0.06717895716 0.02814502269
v -0.02525000088 0.06711312383 0.02738325298
v -0.02475000173 0.06710214913 0.02725628018
v -0.02425000072 0.06708020717 0.0270023644
v -0.02375000156 0.06709118187 0.02712931484
v -0.02325000055 0.06695952266 0.02560576051
v -0.0227500014 0.06698146462 0.0258596763
v -0.02225000039 0.06690466404 0.02497093379
v -0.02175000124 0.06686077267 0.02446307242
v -0.02125000022 0.06686077267 0.02446307242
v -0.02075000107 0.06674008816 0.02306647599
v -0.02025000006 0.06674008816 0.02306647599
v -0.01975000091 0.06674008816 0.02306647599
v -0.01925000176 0.06661939621 0.02166987211
v -0.01875000075 0.06663037091 0.02179683745
v -0.01825000159 0.06663037091 0.02179683745
v -0.01775000058 0.06661939621 0.02166987211
v -0.01725000143 0.06660842896 0.02154289931
v -0.01675000042 0.06659745425 0.02141594887
v -0.01625000127 0.06659745425 0.02141594887
v -0.01575000025 0.066586487 0.02128898352
v -0.0152500011 0.06657551229 0.02116201073
v -0.01475000102 0.06656453758 0.02103506029
v -0.01425000094 0.06653162092 0.02065414935
v -0.01375000086 0.06652065367 0.02052719891
v -0.01325000077 0.06652065367 0.02052719891
v -0.01275000069 0.06649871171 0.02027326077
v -0.01225000061 0.066487737 0.02014631778
v -0.01175000053 0.06647676975 0.02001934499
v -0.01125000045 0.06646579504 0.01989237964
v -0.01075000037 0.06642191112 0.01938452572
v -0.01025000028 0.06637801975 0.01887666434
v -0.009750000201 0.06630121917 0.01798791438
v -0.009250000119 0.06631219387 0.01811488718
v -0.008750000037 0.06632316113 0.01824185997
v -0.008249999955 0.06632316113 0.01824185997
v -0.007750000339 0.06633413583 0.01836880296
v -0.007250000257 0.06633413583 0.01836880296
v -0.006750000175 0.06634510309 0.01849577576
v -0.006250000093 0.06635607779 0.0186227411
v -0.005750000477 0.0663670525 0.0187497139
v -0.005250000395 0.06637801975 0.01887666434
v -0.004750000313 0.06637801975 0.01887666434
v -0.004250000231 0.06637801975 0.01887666434
v -0.003750000149 0.06638899446 0.01900362968
v -0.003250000067 0.0663670525 0.0187497139
v -0.002750000218 0.06637801975 0.01887666434
v -0.002250000136 0.06634510309 0.01849577576
v -0.001750000054 0.06634510309 0.01849577576
v -0.001250000088 0.06635607779 0.0186227411
v -0.0007500000065 0.06635607779 0.0186227411
v -0.0002500000119 0.06632316113 0.01824185997
v 0.0002500000119 0.06633413583 0.01836880296
v 0.0007500000065 0.06630121917 0.01798791438
v 0.001250000088 0.0662683025 0.0176070258
v 0.001750000054 0.0662683025 0.0176070258
v 0.002250000136 0.06622441858 0.01709917188
v 0.002750000218 0.06618052721 0.0165913105
v 0.003250000067 0.06613664329 0.01608345658
v 0.003750000149 0.06610372663 0.01570256799
v 0.004250000231 0.06600498408 0.01455990225
v 0.004750000313 0.06597206742 0.01417901367
v 0.005250000395 0.06598304212 0.01430596411
v 0.005750000477 0.06601595879 0.01468685269
v 0.006250000093 0.06598304212 0.01430596411
v 0.006750000175 0.06596110016 0.01405204087
v 0.007250000257 0.06588429958 0.01316329837
v 0.007750000339 0.06585138291 0.01278240979
v 0.008249999955 0.0657197237 0.01125884056
v 0.008750000037 0.06532473862 0.006688132882
v 0.009250000119 0.06510599703 0.004276052117
v 0.009750000201 0.06514289975 0.004680708051
v 0.01025000028 0.06498299539 0.002927206457
v 0.01075000037 0.06473699957 0.0002295002341
v 0.01125000045 0.06477389485 0.0006341487169
v 0.01175000053 0.06467549503 -0.0004449114203
v 0.01225000061 0.0645647943 -0.001658886671
v 0.01275000069 0.06436800212 -0.003817029297
v 0.01325000077 0.06360539794 -0.01217990369
v 0.01375000086 0.06360539794 -0.01217990369
v 0.01425000094 0.06351929903 -0.01312409341
v 0.01475000102 0.06350699812 -0.01325898618
v 0.0152500011 0.06287969649 -0.02013812214
v 0.01575000025 0.0628919974 -0.02000322938
v 0.01625000127 0.06287969649 -0.02013812214
v 0.01675000042 0.06284280121 -0.02054277062
v 0.01725000143 0.06280589849 -0.02094742656
v 0.01775000058 0.06276899576 -0.02135207504
v 0.01825000159 0.06270749867 -0.02202650905
v 0.01875000075 0.06262139976 -0.02297069877
v 0.01925000176 0.06259679794 -0.0232404843
v 0.02025000006 0.06230159849 -0.02647771686
v 0.02075000107 0.06225239858 -0.02701725811
v -0.05600000173 0.07241348922 0.0821724236
v -0.04250000045 0.0684210211 0.03436630219
v -0.04200000316 0.06846474111 0.03487420082
v -0.04150000215 0.06846474111 0.03487420082
v -0.04100000113 0.06847567111 0.03500118852
v -0.04050000012 0.06849753857 0.03525514901
v -0.04000000283 0.06848660856 0.03512816876
v -0.03950000182 0.06850846112 0.0353821069
v -0.0390000008 0.06853032857 0.03563607484
v -0.03850000352 0.06854125112 0.03576303273
v -0.0380000025 0.06850846112 0.0353821069
v -0.03750000149 0.06851939857 0.0355090946
v -0.03700000048 0.06850846112 0.0353821069
v -0.03650000319 0.06846474111 0.03487420082
v -0.03600000218 0.06832265109 0.03322352469
v -0.03550000116 0.06830079108 0.03296958655
v -0.03500000015 0.06833358109 0.03335050493
v -0.03450000286 0.06826800108 0.03258863837
v -0.03400000185 0.06823521107 0.03220771253
v -0.03350000083 0.06820242107 0.03182679415
v -0.03299999982 0.06812591106 0.03093796223
v -0.03250000253 0.06812591106 0.03093796223
v -0.03200000152 0.06811498106 0.03081097454
v -0.03150000051 0.06806033105 0.03017611057
v -0.03100000136 0.06809312105 0.0305570364
v -0.03050000221 0.06802754104 0.02979516238
v -0.03000000119 0.06799475104 0.029414244
v -0.02950000204 0.06799475104 0.029414244
v -0.02900000103 0.06795103103 0.02890633792
v -0.02850000188 0.06797289103 0.02916030586
v -0.02800000086 0.06791824102 0.02852541208
v -0.02750000171 0.06786359102 0.02789054811
v -0.0270000007 0.06786359102 0.02789054811
v -0.02650000155 0.06786359102 0.02789054811
v -0.02600000054 0.06780894101 0.02725565434
v -0.02550000139 0.067776151 0.0268747285
v -0.02500000037 0.067787081 0.0270017162
v -0.02450000122 0.06767777354 0.02573194355
v -0.02400000021 0.06765591353 0.02547799796
v -0.02350000106 0.06765591353 0.02547799796
v -0.02300000191 0.06765591353 0.02547799796
v -0.02250000089 0.06757940352 0.02458916605
v -0.02200000174 0.06755754352 0.02433520555
v -0.02150000073 0.06754661351 0.02420824021
v -0.02100000158 0.0674482435 0.02306545526
v -0.02050000057 0.0674373135 0.02293846756
v -0.02000000142 0.06741545349 0.02268452197
v -0.0195000004 0.06730615348 0.02141477168
v -0.01900000125 0.06731708348 0.02154172957
v -0.01850000024 0.06732801348 0.02166871727
v -0.01800000109 0.06732801348 0.02166871727
v -0.01750000007 0.06731708348 0.02154172957
v -0.01700000092 0.06730615348 0.02141477168
v -0.01649999991 0.06730615348 0.02141477168
v -0.01600000076 0.06729522347 0.02128779143
v -0.01550000068 0.06727336347 0.02103384584
v -0.0150000006 0.06726243347 0.0209068656
v -0.01450000051 0.06724057347 0.02065289766
v -0.01400000043 0.06721871346 0.02039895952
v -0.01350000035 0.06721871346 0.02039895952
v -0.01300000027 0.06720778346 0.02027197927
v -0.01250000019 0.06718592346 0.02001803368
v -0.0120000001 0.06716406345 0.01976407319
v -0.01150000095 0.06716406345 0.01976407319
v -0.01100000087 0.06710941344 0.01912920922
v -0.01050000079 0.06707662344 0.01874828339
v -0.01000000071 0.06697824597 0.01760548353
v -0.009500000626 0.06700011343 0.01785945147
v -0.009000000544 0.06701103598 0.01798640937
v -0.008500000462 0.06701103598 0.01798640937
v -0.00800000038 0.06702196598 0.01811339706
v -0.007500000298 0.06702196598 0.01811339706
v -0.007000000216 0.06704382598 0.0183673352
v -0.006500000134 0.06704382598 0.0183673352
v -0.006000000052 0.06704382598 0.0183673352
v -0.005500000436 0.06705476344 0.01849431545
v -0.005000000354 0.06705476344 0.01849431545
v -0.004500000272 0.06706569344 0.01862130314
v -0.00400000019 0.06706569344 0.01862130314
v -0.003500000108 0.06705476344 0.01849431545
v -0.003000000026 0.06705476344 0.01849431545
v -0.002500000177 0.06704382598 0.0183673352
v -0.002000000095 0.06704382598 0.0183673352
v -0.001500000013 0.06704382598 0.0183673352
v -0.001000000047 0.06703290343 0.01824037731
v -0.0005000000237 0.06701103598 0.01798640937
v 0 0.06701103598 0.01798640937
v 0.0005000000237 0.06698918343 0.01773247123
v 0.001000000047 0.06696731597 0.01747850329
v 0.001500000013 0.06694545597 0.01722456515
v 0.002000000095 0.06692359596 0.01697060466
v 0.002500000177 0.06686894596 0.01633573323
v 0.003000000026 0.06683615595 0.0159548074
v 0.003500000108 0.06684708595 0.01608177274
v 0.00400000019 0.06684708595 0.01608177274
v 0.004500000272 0.06684708595 0.01608177274
v 0.005000000354 0.06683615595 0.0159548074
v 0.005500000436 0.06679243594 0.01544690132
v 0.006000000052 0.06678150594 0.01531992108
v 0.006500000134 0.06672685593 0.01468503475
v 0.007000000216 0.06669406593 0.01430410892
v 0.007500000298 0.06665034592 0.01379620284
v 0.00800000038 0.06660662591 0.01328829676
v 0.008500000462 0.06656290591 0.01278041303
v 0.009000000544 0.06647546589 0.01176460832
v 0.01000000071 0.06582137197 0.004273615777
v 0.01050000079 0.06561415642 0.001980759203
v 0.01100000087 0.06544350833 9.250640869e-05
v 0.01150000095 0.06548007578 0.0004971325397
v 0.0120000001 0.06538256258 -0.0005818754435
v 0.01250000019 0.06504126638 -0.004358358681
v 0.01300000027 0.06510221213 -0.003683999181
v 0.01350000035 0.06432210654 -0.01231597364
v 0.01400000043 0.06435867399 -0.01191134751
v 0.01450000051 0.06426116079 -0.01299034804
v 0.0150000006 0.06427334994 -0.01285547018
v 0.01550000068 0.0636029467 -0.0202735886
v 0.01600000076 0.06361513585 -0.02013870329
v 0.01649999991 0.06361513585 -0.02013870329
v 0.01700000092 0.06359075755 -0.02040844411
v 0.01750000007 0.0635785684 -0.02054332197
v 0.01800000109 0.0635054335 -0.02135256678
v 0.01850000024 0.06344448775 -0.02202694863
v 0.01900000125 0.06339573115 -0.02256645262
v 0.0195000004 0.0632860288 -0.02378030866
v 0.02000000142 0.06327383965 -0.02391519397
v 0.02050000057 0.06303005666 -0.02661269531
v 0.02100000158 0.06304224581 -0.02647781745
v 0.02250000089 0.06248154491 -0.03268204629
v -0.04275000095 0.06906015426 0.03360442817
v -0.04225000367 0.0691037029 0.03411237895
v -0.04175000265 0.0691037029 0.03411237895
v -0.04125000164 0.0691363737 0.03449334204
v -0.04075000063 0.06916903704 0.03487430513
v -0.04025000334 0.0691363737 0.03449334204
v -0.03975000232 0.06911459565 0.0342393741
v -0.03925000131 0.069147259 0.03462032974
v -0.0387500003 0.06912548095 0.03436635435
v -0.03825000301 0.069147259 0.03462032974
v -0.037750002 0.06890770793 0.03182660043
v -0.03725000098 0.06915815175 0.03474733233
v -0.03674999997 0.06894037873 0.03220756352
v -0.03625000268 0.06898392737 0.0327155143
v -0.03575000167 0.06900570542 0.03296950459
v -0.03525000066 0.06899482012 0.032842502
v -0.03475000337 0.06894037873 0.03220756352
v -0.03425000235 0.06891860068 0.03195358813
v -0.03375000134 0.06886415929 0.0313186422
v -0.03325000033 0.06880971044 0.03068369627
v -0.03275000304 0.06879882514 0.03055672348
v -0.03225000203 0.06868994236 0.02928684652
v -0.03175000101 0.06870082766 0.02941381931
v -0.03125 0.06871172041 0.02954081446
v -0.03075000085 0.06860283017 0.0282709375
v -0.0302500017 0.06864638627 0.02877889574
v -0.02975000069 0.06860283017 0.0282709375
v -0.02925000153 0.06859194487 0.02814394236
v -0.02875000052 0.06854838878 0.02763599157
v -0.02825000137 0.06851572543 0.02725502849
v -0.02775000222 0.06852661073 0.02738203108
v -0.02725000121 0.06850483268 0.02712804079
v -0.02675000206 0.06847216934 0.0267470777
v -0.02625000104 0.06847216934 0.0267470777
v -0.02575000189 0.06845039129 0.02649310976
v -0.02525000088 0.06842861325 0.02623912692
v -0.02475000173 0.06833061576 0.02509623766
v -0.02425000072 0.06834150851 0.0252232179
v -0.02375000156 0.06834150851 0.0252232179
v -0.02325000055 0.06828706712 0.02458828688
v -0.0227500014 0.06824351102 0.02408033609
v -0.02225000039 0.06823261827 0.02395334095
v -0.02175000124 0.06813462079 0.02281045914
v -0.02125000022 0.06813462079 0.02281045914
v -0.02075000107 0.06813462079 0.02281045914
v -0.02025000006 0.06804751605 0.02179455757
v -0.01975000091 0.06800395995 0.02128659934
v -0.01925000176 0.0680148527 0.02141359448
v -0.01875000075 0.0680148527 0.02141359448
v -0.01825000159 0.0680148527 0.02141359448
v -0.01775000058 0.0680148527 0.02141359448
v -0.01725000143 0.06800395995 0.02128659934
v -0.01675000042 0.06799307466 0.02115960419
v -0.01625000127 0.06798218191 0.0210326314
v -0.01575000025 0.06797129661 0.0209056437
v -0.0152500011 0.06794951856 0.02065165341
v -0.01475000102 0.06794951856 0.02065165341
v -0.01425000094 0.06791685522 0.02027069032
v -0.01375000086 0.06792774051 0.02039768547
v -0.01325000077 0.06789507717 0.02001672983
v -0.01275000069 0.06787329912 0.01976273954
v -0.01225000061 0.06785152107 0.01950876415
v -0.01175000053 0.06782974303 0.01925478131
v -0.01125000045 0.06780796498 0.01900081336
v -0.01075000037 0.0676446408 0.01709599793
v -0.01025000028 0.06766641885 0.01734998077
v -0.009750000201 0.0676990822 0.01773093641
v -0.009250000119 0.0676990822 0.01773093641
v -0.008750000037 0.0676990822 0.01773093641
v -0.008249999955 0.0676990822 0.01773093641
v -0.007750000339 0.0676990822 0.01773093641
v -0.007250000257 0.06772086024 0.0179849118
v -0.006750000175 0.06772086024 0.0179849118
v -0.006250000093 0.06773174554 0.0181118995
v -0.005750000477 0.06774263829 0.01823890209
v -0.005250000395 0.06774263829 0.01823890209
v -0.004750000313 0.06774263829 0.01823890209
v -0.004250000231 0.06775352359 0.01836586744
v -0.003750000149 0.06774263829 0.01823890209
v -0.003250000067 0.06774263829 0.01823890209
v -0.002750000218 0.06773174554 0.0181118995
v -0.002250000136 0.06773174554 0.0181118995
v -0.001750000054 0.06772086024 0.0179849118
v -0.001250000088 0.06770997494 0.017857939
v -0.0007500000065 0.0676881969 0.01760394871
v -0.0002500000119 0.06767730415 0.01747695357
v 0.0002500000119 0.0676555261 0.01722298563
v 0.0007500000065 0.0676446408 0.01709599793
v 0.001250000088 0.06762286276 0.01684202999
v 0.001750000054 0.06760108471 0.0165880397
v 0.002250000136 0.06756842136 0.01620708406
v 0.002750000218 0.06754664332 0.01595310867
v 0.003250000067 0.06755752861 0.01608008146
v 0.003750000149 0.06756842136 0.01620708406
v 0.004250000231 0.06756842136 0.01620708406
v 0.004750000313 0.06757930666 0.01633407176
v 0.005250000395 0.06756842136 0.01620708406
v 0.005750000477 0.06750308722 0.01544515789
v 0.006250000093 0.06748130918 0.01519117504
v 0.006750000175 0.06743775308 0.01468321681
v 0.007250000257 0.06740508974 0.01430225372
v 0.007750000339 0.06736153364 0.01379430294
v 0.008249999955 0.0673288703 0.01341333985
v 0.008750000037 0.0672744289 0.01277841628
v 0.009250000119 0.06721998751 0.01214347035
v 0.009750000201 0.06719820946 0.01188950241
v 0.01025000028 0.06708931923 0.01061961055
v 0.01075000037 0.06639181077 0.002652801573
v 0.01125000045 0.0661502406 -4.447996616e-05
v 0.01175000053 0.06618648022 0.0003601163626
v 0.01225000061 0.06612608582 -0.0003142207861
v 0.01275000069 0.06578788906 -0.004090413451
v 0.01325000077 0.06583620608 -0.003550961614
v 0.01375000086 0.06506319344 -0.01218228042
v 0.01425000094 0.06501488388 -0.01272173226
v 0.01475000102 0.06499072164 -0.01299147308
v 0.0152500011 0.06499072164 -0.01299147308
v 0.01575000025 0.06433849782 -0.02027416229
v 0.01625000127 0.06435057521 -0.02013929188
v 0.01675000042 0.06433849782 -0.02027416229
v 0.01725000143 0.06433849782 -0.02027416229
v 0.01775000058 0.06433849782 -0.02027416229
v 0.01825000159 0.06425394863 -0.02121821046
v 0.01875000075 0.06420563161 -0.0217576623
v 0.01925000176 0.06413316727 -0.0225668475
v 0.01975000091 0.06406069547 -0.02337602526
v 0.02025000006 0.06407277286 -0.0232411772
v 0.02075000107 0.06377081573 -0.02661278844
v 0.02125000022 0.06379497051 -0.02634304762
v -0.09750000387 0.06118728593 -0.06431636214
v -0.09350000322 0.06143817678 -0.06146240234
v -0.09300000221 0.06147580966 -0.06103428453
v -0.09250000119 0.06147580966 -0.06103428453
v -0.04100000113 0.06951537728 0.03068339825
v -0.04050000012 0.06952621788 0.03081040084
v -0.04000000283 0.06954791397 0.03106441349
v -0.03950000182 0.06959130615 0.03157241642
v -0.0390000008 0.06961299479 0.03182640672
v -0.03850000352 0.06962384284 0.03195341676
v -0.0380000025 0.06962384284 0.03195341676
v -0.03750000149 0.06961299479 0.03182640672
v -0.03700000048 0.0695804581 0.03144541383
v -0.03650000319 0.06962384284 0.03195341676
v -0.03600000218 0.06966723502 0.0324614197
v -0.03550000116 0.06962384284 0.03195341676
v -0.03500000015 0.06959130615 0.03157241642
v -0.03450000286 0.0695804581 0.03144541383
v -0.03400000185 0.06953706592 0.03093741089
v -0.03350000083 0.06949368119 0.03042940795
v -0.03299999982 0.06940690428 0.02941340208
v -0.03250000253 0.0693635121 0.02890539914
v -0.03200000152 0.06938520819 0.02915941179
v -0.03150000051 0.0693635121 0.02890539914
v -0.03100000136 0.0692441985 0.02750840038
v -0.03050000221 0.06923335046 0.02738141268
v -0.03000000119 0.06922250241 0.02725441009
v -0.02950000204 0.06917911768 0.02674640715
v -0.02900000103 0.06915742159 0.02649241686
v -0.02850000188 0.06916826963 0.02661940455
v -0.02800000086 0.0691357255 0.02623840421
v -0.02750000171 0.0691248849 0.02611140162
v -0.0270000007 0.0691357255 0.02623840421
v -0.02650000155 0.06911403686 0.02598441392
v -0.02600000054 0.06902725995 0.02496840805
v -0.02550000139 0.06900556386 0.02471441776
v -0.02500000037 0.0690164119 0.02484140545
v -0.02450000122 0.0690164119 0.02484140545
v -0.02400000021 0.06892963499 0.02382539958
v -0.02350000106 0.0689079389 0.02357140929
v -0.02300000191 0.06891878694 0.02369841188
v -0.02250000089 0.06882116199 0.02255540341
v -0.02200000174 0.06881032139 0.02242841572
v -0.02150000073 0.06881032139 0.02242841572
v -0.02100000158 0.06879947335 0.02230141312
v -0.02050000057 0.06869100034 0.02103141695
v -0.02000000142 0.06869100034 0.02103141695
v -0.0195000004 0.06870184839 0.02115840465
v -0.01900000125 0.06871269643 0.02128540725
v -0.01850000024 0.06871269643 0.02128540725
v -0.01800000109 0.06871269643 0.02128540725
v -0.01750000007 0.06870184839 0.02115840465
v -0.01700000092 0.06869100034 0.02103141695
v -0.01649999991 0.06866930425 0.02077740431
v -0.01600000076 0.06865845621 0.02065040171
v -0.01550000068 0.06864761561 0.02052341402
v -0.0150000006 0.06864761561 0.02052341402
v -0.01450000051 0.06863676757 0.02039641142
v -0.01400000043 0.06862591952 0.02026940137
v -0.01350000035 0.06858252734 0.01976139843
v -0.01300000027 0.06854999065 0.01938040555
v -0.01250000019 0.06853914261 0.0192533955
v -0.0120000001 0.06852829456 0.01912641525
v -0.01150000095 0.06850659847 0.01887240261
v -0.01100000087 0.06835474074 0.01709440351
v -0.01050000079 0.06836558878 0.0172214061
v -0.01000000071 0.06838728487 0.01747540385
v -0.009500000626 0.06838728487 0.01747540385
v -0.009000000544 0.06839813292 0.01760240644
v -0.008500000462 0.06839813292 0.01760240644
v -0.00800000038 0.06839813292 0.01760240644
v -0.007500000298 0.06840898097 0.01772940904
v -0.007000000216 0.06840898097 0.01772940904
v -0.006500000134 0.06841982901 0.01785641909
v -0.006000000052 0.06841982901 0.01785641909
v -0.005500000436 0.06843066961 0.01798340678
v -0.005000000354 0.06843066961 0.01798340678
v -0.004500000272 0.06844151765 0.01811040938
v -0.00400000019 0.06844151765 0.01811040938
v -0.003500000108 0.06843066961 0.01798340678
v -0.003000000026 0.06843066961 0.01798340678
v -0.002500000177 0.06843066961 0.01798340678
v -0.002000000095 0.06840898097 0.01772940904
v -0.001500000013 0.06839813292 0.01760240644
v -0.001000000047 0.06838728487 0.01747540385
v -0.0005000000237 0.06837643683 0.01734841615
v 0 0.06837643683 0.01734841615
v 0.0005000000237 0.06834389269 0.01696740091
v 0.001000000047 0.06832220405 0.01671341062
v 0.001500000013 0.06832220405 0.01671341062
v 0.002000000095 0.06828965992 0.01633241773
v 0.002500000177 0.06826796383 0.01607839763
v 0.003000000026 0.06827881187 0.01620540768
v 0.003500000108 0.06827881187 0.01620540768
v 0.00400000019 0.06827881187 0.01620540768
v 0.004500000272 0.06828965992 0.01633241773
v 0.005000000354 0.06826796383 0.01607839763
v 0.005500000436 0.0682245791 0.01557040215
v 0.006000000052 0.06819203496 0.01518940926
v 0.006500000134 0.06814865023 0.01468139887
v 0.007000000216 0.06813780218 0.01455441862
v 0.007500000298 0.06808356941 0.01391940564
v 0.00800000038 0.06806187332 0.01366541535
v 0.008500000462 0.06800764054 0.01303040981
v 0.009000000544 0.0679750964 0.01264940947
v 0.009500000626 0.06789916754 0.01176041365
v 0.01000000071 0.06787747145 0.011506401
v 0.01050000079 0.06782323867 0.01087141782
v 0.01150000095 0.06688112766 8.827447891e-05
v 0.0120000001 0.06691702455 0.0004928335547
v 0.01250000019 0.06676144898 -0.001260280609
v 0.01300000027 0.06651013345 -0.004092216492
v 0.01350000035 0.06653406471 -0.003822498024
v 0.01400000043 0.06579208374 -0.01218346506
v 0.01450000051 0.06576814502 -0.01245318353
v 0.0150000006 0.06573224813 -0.01285774261
v 0.01550000068 0.06569634378 -0.01326230168
v 0.01600000076 0.06507403404 -0.02027472854
v 0.01649999991 0.06507403404 -0.02027472854
v 0.01700000092 0.06507403404 -0.02027472854
v 0.01750000007 0.0650620684 -0.02040956914
v 0.01800000109 0.06503812969 -0.02067928761
v 0.01850000024 0.06502616405 -0.02081415057
v 0.01900000125 0.06495436281 -0.02162326872
v 0.0195000004 0.06487058848 -0.02256724238
v 0.02000000142 0.06481075287 -0.02324152738
v 0.02050000057 0.06481075287 -0.02324152738
v 0.02100000158 0.06451156735 -0.02661287785
v 0.02300000191 0.06400892884 -0.03227674961
v -0.09425000101 0.0621933192 -0.06160477549
v -0.09375000745 0.06220575422 -0.06146208942
v -0.09325000644 0.06224307418 -0.06103396416
v -0.09275000542 0.0622555092 -0.06089127809
v -0.09225000441 0.06224307418 -0.06103396416
v -0.0917500034 0.06220575422 -0.06146208942
v -0.03975000232 0.07023184001 0.03081011772
v -0.03925000131 0.07028586417 0.03144518286
v -0.0387500003 0.07027506083 0.03131816536
v -0.03825000301 0.07029667497 0.03157220036
v -0.037750002 0.07028586417 0.03144518286
v -0.03725000098 0.07023184001 0.03081011772
v -0.03674999997 0.07019942254 0.03042908758
v -0.03625000268 0.07014539838 0.02979401499
v -0.03575000167 0.07010217756 0.0292859897
v -0.03525000066 0.07013458759 0.02966701984
v -0.03475000337 0.06995089352 0.02750779688
v -0.03425000235 0.06995089352 0.02750779688
v -0.03375000134 0.06998331845 0.02788885683
v -0.03325000033 0.07001572847 0.02826987952
v -0.03275000304 0.07004814595 0.02865092456
v -0.03225000203 0.07006976008 0.02890492976
v -0.03175000101 0.07001572847 0.02826987952
v -0.03125 0.06995089352 0.02750779688
v -0.03075000085 0.0699184835 0.02712676674
v -0.0302500017 0.06988606602 0.0267457366
v -0.02975000069 0.0698428452 0.02623768896
v -0.02925000153 0.06979962438 0.02572963387
v -0.02875000052 0.06977801025 0.02547562122
v -0.02825000137 0.06975639611 0.02522158623
v -0.02775000222 0.06969156861 0.02445951849
v -0.02725000121 0.06971318275 0.02471355349
v -0.02675000206 0.06966995448 0.0242054984
v -0.02625000104 0.06969156861 0.02445951849
v -0.02575000189 0.06969156861 0.02445951849
v -0.02525000088 0.06966995448 0.0242054984
v -0.02475000173 0.06958351284 0.02318940312
v -0.02425000072 0.0695727095 0.02306238562
v -0.02375000156 0.06958351284 0.02318940312
v -0.02325000055 0.06947545707 0.02191928774
v -0.0227500014 0.06948626041 0.02204628289
v -0.02225000039 0.06949707121 0.02217330039
v -0.02175000124 0.06941062957 0.0211572051
v -0.02125000022 0.06938901544 0.02090318501
v -0.02075000107 0.06937821209 0.02077616751
v -0.02025000006 0.06937821209 0.02077616751
v -0.01975000091 0.06939981878 0.02103020251
v -0.01925000176 0.06939981878 0.02103020251
v -0.01875000075 0.06939981878 0.02103020251
v -0.01825000159 0.06939981878 0.02103020251
v -0.01775000058 0.06938901544 0.02090318501
v -0.01725000143 0.06938901544 0.02090318501
v -0.01675000042 0.0693674013 0.02064915001
v -0.01625000127 0.06935659796 0.02052215487
v -0.01575000025 0.06934579462 0.02039513737
v -0.0152500011 0.06933499128 0.02026811987
v -0.01475000102 0.06932418048 0.02014111727
v -0.01425000094 0.06931337714 0.02001410723
v -0.01375000086 0.06925935298 0.01937903464
v -0.01325000077 0.06923773885 0.01912502199
v -0.01275000069 0.06922693551 0.01899799705
v -0.01225000061 0.06921613216 0.018870987
v -0.01175000053 0.06920532137 0.0187439844
v -0.01125000045 0.06902162731 0.01658476889
v -0.01075000037 0.06904324144 0.01683880389
v -0.01025000028 0.06907565892 0.01721983403
v -0.009750000201 0.06907565892 0.01721983403
v -0.009250000119 0.06908646226 0.01734685153
v -0.008750000037 0.06908646226 0.01734685153
v -0.008249999955 0.06908646226 0.01734685153
v -0.007750000339 0.06908646226 0.01734685153
v -0.007250000257 0.06910807639 0.01760086417
v -0.006750000175 0.0690972656 0.01747384667
v -0.006250000093 0.06910807639 0.01760086417
v -0.005750000477 0.06910807639 0.01760086417
v -0.005250000395 0.06911887974 0.01772788167
v -0.004750000313 0.06912968308 0.01785490662
v -0.004250000231 0.06914049387 0.01798190176
v -0.003750000149 0.06912968308 0.01785490662
v -0.003250000067 0.06912968308 0.01785490662
v -0.002750000218 0.06912968308 0.01785490662
v -0.002250000136 0.06912968308 0.01785490662
v -0.001750000054 0.0690972656 0.01747384667
v -0.001250000088 0.06910807639 0.01760086417
v -0.0007500000065 0.06908646226 0.01734685153
v -0.0002500000119 0.06907565892 0.01721983403
v 0.0002500000119 0.06906485558 0.01709281653
v 0.0007500000065 0.06904324144 0.01683880389
v 0.001250000088 0.0690324381 0.01671178639
v 0.001750000054 0.06902162731 0.01658476889
v 0.002250000136 0.06900002062 0.01633075625
v 0.002750000218 0.06900002062 0.01633075625
v 0.003250000067 0.06900002062 0.01633075625
v 0.003750000149 0.06900002062 0.01633075625
v 0.004250000231 0.06900002062 0.01633075625
v 0.004750000313 0.06901082397 0.01645777375
v 0.005250000395 0.06896760315 0.01594971865
v 0.005750000477 0.06893518567 0.01556866616
v 0.006250000093 0.06890276819 0.01518763602
v 0.006750000175 0.06883794069 0.01442556828
v 0.007250000257 0.06881632656 0.01417154819
v 0.007750000339 0.06879471987 0.01391752064
v 0.008249999955 0.06874068826 0.01328244805
v 0.008750000037 0.06869746745 0.01277441531
v 0.009250000119 0.06863263249 0.01201233268
v 0.009750000201 0.06860022247 0.01163130254
v 0.01025000028 0.06854619086 0.01099622995
v 0.01075000037 0.06850297004 0.01048820466
v 0.01125000045 0.06843813509 0.009726114571
v 0.01175000053 0.06759993732 8.615106344e-05
v 0.01225000061 0.06761179119 0.0002209842205
v 0.01275000069 0.06745765358 -0.001531980932
v 0.01325000077 0.06723237783 -0.004094019532
v 0.01375000086 0.06723237783 -0.004094019532
v 0.01425000094 0.06653284281 -0.012049824
v 0.01475000102 0.06649727374 -0.01245435327
v 0.0152500011 0.06643798947 -0.01312855631
v 0.01575000025 0.06578587741 -0.02054498345
v 0.01625000127 0.06578587741 -0.02054498345
v 0.01675000042 0.06579773128 -0.02041012794
v 0.01725000143 0.06579773128 -0.02041012794
v 0.01775000058 0.06579773128 -0.02041012794
v 0.01825000159 0.06577401608 -0.0206798315
v 0.01875000075 0.06577401608 -0.0206798315
v 0.01925000176 0.06569102407 -0.02162373811
v 0.01975000091 0.06561988592 -0.02243279666
v 0.02025000006 0.06556060165 -0.02310702205
v 0.02075000107 0.06521675736 -0.02701749653
v 0.02125000022 0.06524047256 -0.02674779668
v -0.03700000048 0.07079752535 0.02915852517
v -0.03650000319 0.07079752535 0.02915852517
v -0.03600000218 0.0706468299 0.02738019079
v -0.03550000116 0.0706468299 0.02738019079
v -0.03500000015 0.07066836208 0.02763422579
v -0.03450000286 0.07067912817 0.02776125818
v -0.03400000185 0.07066836208 0.02763422579
v -0.03350000083 0.07066836208 0.02763422579
v -0.03299999982 0.0707006529 0.02801530063
v -0.03250000253 0.07067912817 0.02776125818
v -0.03200000152 0.0706468299 0.02738019079
v -0.03150000051 0.07062530518 0.02712613344
v -0.03100000136 0.07060378045 0.026872091
v -0.03050000221 0.07053919137 0.02610993385
v -0.03000000119 0.07044231892 0.02496672422
v -0.02950000204 0.07044231892 0.02496672422
v -0.02900000103 0.07042079419 0.02471268922
v -0.02850000188 0.07034544647 0.02382349968
v -0.02800000086 0.07032391429 0.02356946468
v -0.02750000171 0.07032391429 0.02356946468
v -0.0270000007 0.07033468038 0.02369648963
v -0.02650000155 0.07031315565 0.02344243228
v -0.02600000054 0.07023780793 0.02255326509
v -0.02550000139 0.07025933266 0.02280732244
v -0.02500000037 0.07023780793 0.02255326509
v -0.02450000122 0.07022704184 0.02242625505
v -0.02400000021 0.07015169412 0.02153706551
v -0.02350000106 0.07014093548 0.02141006291
v -0.02300000191 0.07013016939 0.02128303051
v -0.02250000089 0.07005482167 0.02039386332
v -0.02200000174 0.07004405558 0.02026683092
v -0.02150000073 0.07005482167 0.02039386332
v -0.02100000158 0.07006558776 0.02052088827
v -0.02050000057 0.0700763464 0.02064789832
v -0.02000000142 0.07008711249 0.02077492326
v -0.0195000004 0.07009787858 0.02090196311
v -0.01900000125 0.07009787858 0.02090196311
v -0.01850000024 0.07009787858 0.02090196311
v -0.01800000109 0.07008711249 0.02077492326
v -0.01750000007 0.07008711249 0.02077492326
v -0.01700000092 0.07006558776 0.02052088827
v -0.01649999991 0.07005482167 0.02039386332
v -0.01600000076 0.07004405558 0.02026683092
v -0.01550000068 0.07002253085 0.02001279593
v -0.0150000006 0.07000099868 0.01975873113
v -0.01450000051 0.06997947395 0.01950468868
v -0.01400000043 0.06995794922 0.01925063133
v -0.01350000035 0.0699256584 0.01886956394
v -0.01300000027 0.06991489232 0.01874255389
v -0.01250000019 0.06990412623 0.01861552894
v -0.0120000001 0.06971038133 0.01632909477
v -0.01150000095 0.06972113997 0.01645611972
v -0.01100000087 0.06974267215 0.01671016216
v -0.01050000079 0.06974267215 0.01671016216
v -0.01000000071 0.06976419687 0.01696420461
v -0.009500000626 0.06975343078 0.01683719456
v -0.009000000544 0.06977496296 0.01709122956
v -0.008500000462 0.06977496296 0.01709122956
v -0.00800000038 0.06978572905 0.01721825451
v -0.007500000298 0.06979648769 0.01734528691
v -0.007000000216 0.06979648769 0.01734528691
v -0.006500000134 0.06980725378 0.01747229695
v -0.006000000052 0.06980725378 0.01747229695
v -0.005500000436 0.06981801987 0.01759932935
v -0.005000000354 0.06982877851 0.0177263543
v -0.004500000272 0.06982877851 0.0177263543
v -0.00400000019 0.06983954459 0.0178533867
v -0.003500000108 0.06986106932 0.01810742915
v -0.003000000026 0.06985031068 0.01798039675
v -0.002500000177 0.06986106932 0.01810742915
v -0.002000000095 0.06981801987 0.01759932935
v -0.001500000013 0.06980725378 0.01747229695
v -0.001000000047 0.06981801987 0.01759932935
v -0.0005000000237 0.06979648769 0.01734528691
v 0 0.06978572905 0.01721825451
v 0.0005000000237 0.06976419687 0.01696420461
v 0.001000000047 0.06974267215 0.01671016216
v 0.001500000013 0.06973190606 0.01658312976
v 0.002000000095 0.06973190606 0.01658312976
v 0.002500000177 0.06974267215 0.01671016216
v 0.003000000026 0.06975343078 0.01683719456
v 0.003500000108 0.06977496296 0.01709122956
v 0.00400000019 0.06975343078 0.01683719456
v 0.004500000272 0.06974267215 0.01671016216
v 0.005000000354 0.06973190606 0.01658312976
v 0.005500000436 0.06971038133 0.01632909477
v 0.006000000052 0.06968884915 0.01607502997
v 0.006500000134 0.06962426752 0.01531289518
v 0.007000000216 0.06957044452 0.01467776299
v 0.007500000298 0.06957044452 0.01467776299
v 0.00800000038 0.06950586289 0.01391562819
v 0.008500000462 0.06944128126 0.0131534934
v 0.009000000544 0.06938746572 0.01251836121
v 0.009500000626 0.0693013519 0.01150216162
v 0.01000000071 0.06927982718 0.01124812663
v 0.01050000079 0.06920447946 0.01035895944
v 0.01100000087 0.06916142255 0.009850859642
v 0.01150000095 0.06911836565 0.009342767298
v 0.0120000001 0.0682952553 -0.0001856386662
v 0.01250000019 0.06810732186 -0.002342991531
v 0.01300000027 0.0681777969 -0.001533977687
v 0.01350000035 0.06795462966 -0.004095822573
v 0.01400000043 0.06722638756 -0.01245551556
v 0.01450000051 0.06726162136 -0.01205101609
v 0.0150000006 0.06719114631 -0.01286001503
v 0.01550000068 0.06716766208 -0.01312966645
v 0.01600000076 0.06649814546 -0.020815216
v 0.01649999991 0.06650989503 -0.0206803754
v 0.01700000092 0.06652163714 -0.02054553479
v 0.01750000007 0.06652163714 -0.02054553479
v 0.01800000109 0.06652163714 -0.02054553479
v 0.01850000024 0.06649814546 -0.020815216
v 0.01900000125 0.06647465378 -0.02108487487
v 0.0195000004 0.0664159283 -0.0217590481
v 0.02000000142 0.06636894494 -0.02229836583
v 0.02050000057 0.06628672034 -0.02324222028
v 0.02100000158 0.06594609469 -0.02715237811
v -0.03925000131 0.07119274139 0.02547403425
v -0.0387500003 0.07121418417 0.02572809905
v -0.03825000301 0.07123563439 0.02598217875
v -0.037750002 0.07123563439 0.02598217875
v -0.03725000098 0.07127851993 0.02649032325
v -0.03674999997 0.07128924131 0.02661734819
v -0.03625000268 0.07132141292 0.02699846774
v -0.03575000167 0.07134285569 0.02725253254
v -0.03525000066 0.07134285569 0.02725253254
v -0.03475000337 0.07135357708 0.02737957984
v -0.03425000235 0.07128924131 0.02661734819
v -0.03375000134 0.07126779854 0.0263632834
v -0.03325000033 0.07121418417 0.02572809905
v -0.03275000304 0.07124635577 0.0261092037
v -0.03225000203 0.07127851993 0.02649032325
v -0.03175000101 0.07125707716 0.02623624355
v -0.03125 0.07110696286 0.0244577378
v -0.03075000085 0.07112841308 0.02471182495
v -0.0302500017 0.07112841308 0.02471182495
v -0.02975000069 0.07112841308 0.02471182495
v -0.02925000153 0.07110696286 0.0244577378
v -0.02875000052 0.07102118433 0.02344144881
v -0.02825000137 0.07098902017 0.02306034416
v -0.02775000222 0.07095685601 0.02267923951
v -0.02725000121 0.07090324163 0.02204404771
v -0.02675000206 0.07088179886 0.02178998291
v -0.02625000104 0.07089252025 0.02191702276
v -0.02575000189 0.07090324163 0.02204404771
v -0.02525000088 0.07083890587 0.02128183842
v -0.02475000173 0.0708174631 0.02102777362
v -0.02425000072 0.07079602033 0.02077368647
v -0.02375000156 0.07077457756 0.02051962912
v -0.02325000055 0.07075312734 0.02026554197
v -0.0227500014 0.07074240595 0.02013852447
v -0.02225000039 0.07074240595 0.02013852447
v -0.02175000124 0.07074240595 0.02013852447
v -0.02125000022 0.07075312734 0.02026554197
v -0.02075000107 0.07076384872 0.02039258927
v -0.02025000006 0.07077457756 0.02051962912
v -0.01975000091 0.07079602033 0.02077368647
v -0.01925000176 0.07078529894 0.02064664662
v -0.01875000075 0.07078529894 0.02064664662
v -0.01825000159 0.07077457756 0.02051962912
v -0.01775000058 0.07077457756 0.02051962912
v -0.01725000143 0.07075312734 0.02026554197
v -0.01675000042 0.07075312734 0.02026554197
v -0.01625000127 0.07074240595 0.02013852447
v -0.01575000025 0.07074240595 0.02013852447
v -0.0152500011 0.07069952041 0.01963037997
v -0.01475000102 0.0706673488 0.01924924552
v -0.01425000094 0.07065662742 0.01912222803
v -0.01375000086 0.07062446326 0.01874112338
v -0.01325000077 0.07059229165 0.01835999638
v -0.01275000069 0.07058157027 0.01823297888
v -0.01225000061 0.07043146342 0.01645447314
v -0.01175000053 0.07042074203 0.01632743329
v -0.01125000045 0.07044218481 0.01658149809
v -0.01075000037 0.07043146342 0.01645447314
v -0.01025000028 0.07044218481 0.01658149809
v -0.009750000201 0.07044218481 0.01658149809
v -0.009250000119 0.07046362758 0.01683558524
v -0.008750000037 0.07047434896 0.01696260273
v -0.008249999955 0.07048507035 0.01708964258
v -0.007750000339 0.07049579173 0.01721668243
v -0.007250000257 0.07050652057 0.01734372228
v -0.006750000175 0.07051724195 0.01747074723
v -0.006250000093 0.07051724195 0.01747074723
v -0.005750000477 0.07052796334 0.01759778708
v -0.005250000395 0.07053868473 0.01772482693
v -0.004750000313 0.07054940611 0.01785187423
v -0.004250000231 0.07057084888 0.01810593903
v -0.003750000149 0.07059229165 0.01835999638
v -0.003250000067 0.07060302049 0.01848704368
v -0.002750000218 0.07061374187 0.01861408353
v -0.002250000136 0.07063518465 0.01886814833
v -0.001750000054 0.07059229165 0.01835999638
v -0.001250000088 0.0705601275 0.01797889173
v -0.0007500000065 0.07050652057 0.01734372228
v -0.0002500000119 0.07049579173 0.01721668243
v 0.001750000054 0.07059229165 0.01835999638
v 0.002250000136 0.07050652057 0.01734372228
v 0.002750000218 0.07058157027 0.01823297888
v 0.003250000067 0.07054940611 0.01785187423
v 0.003750000149 0.0705601275 0.01797889173
v 0.004250000231 0.07054940611 0.01785187423
v 0.004750000313 0.07050652057 0.01734372228
v 0.005250000395 0.07050652057 0.01734372228
v 0.005750000477 0.07048507035 0.01708964258
v 0.006250000093 0.07042074203 0.01632743329
v 0.006750000175 0.0703349635 0.01531113684
v 0.007250000257 0.07034568489 0.01543817669
v 0.007750000339 0.07035640627 0.01556520164
v 0.009750000201 0.0700776279 0.01226227731
v 0.01025000028 0.07008834928 0.01238930225
v 0.01075000037 0.06976667792 0.008578233421
v 0.01125000045 0.06982029229 0.009213395417
v 0.01175000053 0.06976667792 0.008578233421
v 0.01225000061 0.06897938251 -0.0005922093987
v 0.01275000069 0.06889794022 -0.001535974443
v 0.01325000077 0.06864196807 -0.004502087831
v 0.01375000086 0.06865360588 -0.004367262125
v 0.01425000094 0.06796713918 -0.01232185215
v 0.01475000102 0.06797877699 -0.01218702644
v 0.0152500011 0.06790896505 -0.01299598068
v 0.01575000025 0.06788569689 -0.01326561719
v 0.01625000127 0.06723413616 -0.020815745
v 0.01675000042 0.06724577397 -0.02068091184
v 0.01725000143 0.06724577397 -0.02068091184
v 0.01775000058 0.06725741178 -0.02054608613
v 0.01825000159 0.06725741178 -0.02054608613
v 0.01875000075 0.06723413616 -0.020815745
v 0.01925000176 0.06719923019 -0.02122021466
v 0.01975000091 0.06716433167 -0.02162467688
v 0.02025000006 0.0670363456 -0.0231077373
v 0.02075000107 0.0670363456 -0.0231077373
v -0.03450000286 0.07191078365 0.02560029924
v -0.03400000185 0.07191078365 0.02560029924
v -0.03350000083 0.0718467012 0.02483799309
v -0.03299999982 0.07171852887 0.02331342548
v -0.03250000253 0.07173988968 0.02356751263
v -0.03200000152 0.0717612505 0.02382159978
v -0.03150000051 0.07178261131 0.02407570928
v -0.03100000136 0.07180397213 0.02432979643
v -0.03050000221 0.07180397213 0.02432979643
v -0.03000000119 0.07179329544 0.02420276403
v -0.02950000204 0.07177193463 0.02394865453
v -0.02900000103 0.07171852887 0.02331342548
v -0.02850000188 0.07166512311 0.02267818153
v -0.02800000086 0.07152628154 0.02102655917
v -0.02750000171 0.07154764235 0.02128064632
v -0.0270000007 0.07153695822 0.02115359902
v -0.02650000155 0.07148355246 0.02051836252
v -0.02600000054 0.07149423659 0.02064539492
v -0.02550000139 0.07147287577 0.02039131522
v -0.02500000037 0.07146219164 0.02026425302
v -0.02450000122 0.07144083083 0.02001017332
v -0.02400000021 0.07143015414 0.01988311857
v -0.02350000106 0.07143015414 0.01988311857
v -0.02300000191 0.07143015414 0.01988311857
v -0.02250000089 0.07144083083 0.02001017332
v -0.02200000174 0.07145151496 0.02013722062
v -0.02150000073 0.07146219164 0.02026425302
v -0.02100000158 0.07146219164 0.02026425302
v -0.02050000057 0.07147287577 0.02039131522
v -0.02000000142 0.07148355246 0.02051836252
v -0.0195000004 0.07148355246 0.02051836252
v -0.01900000125 0.07147287577 0.02039131522
v -0.01850000024 0.07146219164 0.02026425302
v -0.01800000109 0.07146219164 0.02026425302
v -0.01750000007 0.07144083083 0.02001017332
v -0.01700000092 0.07145151496 0.02013722062
v -0.01649999991 0.07143015414 0.01988311857
v -0.01600000076 0.07144083083 0.02001017332
v -0.01550000068 0.07141947001 0.01975606382
v -0.0150000006 0.07137674838 0.01924786717
v -0.01450000051 0.07135538757 0.01899378002
v -0.01400000043 0.07130198181 0.01835852861
v -0.01350000035 0.07128062099 0.01810444891
v -0.01300000027 0.07116313279 0.01670691371
v -0.01250000019 0.07115244865 0.01657985896
v -0.0120000001 0.07110972703 0.01607166231
v -0.01150000095 0.07112041116 0.01619871706
v -0.01100000087 0.07113108784 0.01632577181
v -0.01050000079 0.07113108784 0.01632577181
v -0.01000000071 0.07114177197 0.01645282656
v -0.009500000626 0.07115244865 0.01657985896
v -0.009000000544 0.07117381692 0.01683396846
v -0.008500000462 0.0711844936 0.01696100086
v -0.00800000038 0.07120585442 0.01721510291
v -0.007500000298 0.07121653855 0.01734216511
v -0.007000000216 0.07123789936 0.01759624481
v -0.006500000134 0.07123789936 0.01759624481
v -0.006000000052 0.07124857605 0.01772329956
v -0.005500000436 0.07124857605 0.01772329956
v -0.005000000354 0.07128062099 0.01810444891
v -0.004500000272 0.07130198181 0.01835852861
v -0.00400000019 0.07132334262 0.01861263812
v -0.003500000108 0.07134470344 0.01886672527
v -0.003000000026 0.07135538757 0.01899378002
v -0.002500000177 0.07137674838 0.01924786717
v -0.002000000095 0.0713981092 0.01950196922
v -0.001500000013 0.07138742507 0.01937492192
v -0.001000000047 0.07140879333 0.01962903142
v -0.0005000000237 0.07141947001 0.01975606382
v 0 0.07144083083 0.02001017332
v 0.0005000000237 0.07145151496 0.02013722062
v 0.001000000047 0.07144083083 0.02001017332
v 0.001500000013 0.07144083083 0.02001017332
v 0.002000000095 0.07143015414 0.01988311857
v 0.002500000177 0.07143015414 0.01988311857
v 0.003000000026 0.07132334262 0.01861263812
v 0.003500000108 0.07130198181 0.01835852861
v 0.00400000019 0.07130198181 0.01835852861
v 0.004500000272 0.07129130512 0.01823150367
v 0.005500000436 0.07125926018 0.01785035431
v 0.006000000052 0.07124857605 0.01772329956
v 0.006500000134 0.07125926018 0.01785035431
v 0.007000000216 0.07122721523 0.01746919751
v 0.01150000095 0.07043684274 0.008067637682
v 0.0120000001 0.07041548193 0.007813535631
v 0.01250000019 0.07029799372 0.006416000426
v 0.01300000027 0.06959502399 -0.00180760771
v 0.01350000035 0.06937606633 -0.004369042814
v 0.01400000043 0.0692608282 -0.00571718812
v 0.01450000051 0.06871919334 -0.01205341518
v 0.0150000006 0.0686730966 -0.01259265095
v 0.01550000068 0.06865005195 -0.01286228746
v 0.01600000076 0.06794708222 -0.0210858956
v 0.01649999991 0.06797012687 -0.02081628144
v 0.01700000092 0.06797012687 -0.02081628144
v 0.01750000007 0.06798165292 -0.02068145573
v 0.01800000109 0.06798165292 -0.02068145573
v 0.01850000024 0.06798165292 -0.02068145573
v 0.01900000125 0.06795860082 -0.02095106989
v 0.0195000004 0.06794708222 -0.0210858956
v 0.02000000142 0.06791250408 -0.02149032801
v 0.02050000057 0.06777421385 -0.02310809493
v 0.02100000158 0.06779726595 -0.02283845842
v -0.03475000337 0.07234150171 0.02229594439
v -0.03425000235 0.07237341255 0.02267712355
v -0.03375000134 0.07240533084 0.0230583027
v -0.03325000033 0.07242660969 0.0233124271
v -0.03275000304 0.07242660969 0.0233124271
v -0.03225000203 0.07243724912 0.0234394744
v -0.03175000101 0.07242660969 0.0233124271
v -0.03125 0.07244788855 0.02356654406
v -0.03075000085 0.07239469141 0.02293123305
v -0.0302500017 0.07236277312 0.02255005389
v -0.02975000069 0.07239469141 0.02293123305
v -0.02925000153 0.07238405943 0.02280418575
v -0.02875000052 0.07233086228 0.02216887474
v -0.02825000137 0.07221382856 0.02077121288
v -0.02775000222 0.07222446799 0.02089828253
v -0.02725000121 0.07221382856 0.02077121288
v -0.02675000206 0.07213935256 0.01988179982
v -0.02625000104 0.07214999199 0.02000886202
v -0.02575000189 0.07205423713 0.01886530221
v -0.02525000088 0.07207552344 0.01911944151
v -0.02475000173 0.07207552344 0.01911944151
v -0.02425000072 0.07210743427 0.01950061321
v -0.02375000156 0.07210743427 0.01950061321
v -0.02325000055 0.07212871313 0.01975472271
v -0.0227500014 0.07213935256 0.01988179982
v -0.02225000039 0.07216063142 0.02013592422
v -0.02175000124 0.07217127085 0.02026297152
v -0.02125000022 0.07217127085 0.02026297152
v -0.02075000107 0.07217127085 0.02026297152
v -0.02025000006 0.07217127085 0.02026297152
v -0.01975000091 0.07217127085 0.02026297152
v -0.01925000176 0.07216063142 0.02013592422
v -0.01875000075 0.07214999199 0.02000886202
v -0.01825000159 0.07214999199 0.02000886202
v -0.01775000058 0.07212871313 0.01975472271
v -0.01725000143 0.07212871313 0.01975472271
v -0.01675000042 0.07212871313 0.01975472271
v -0.01625000127 0.0721180737 0.01962768286
v -0.01575000025 0.07210743427 0.01950061321
v -0.0152500011 0.07207552344 0.01911944151
v -0.01475000102 0.07203296572 0.01861120015
v -0.01425000094 0.071990408 0.01810295135
v -0.01375000086 0.07189465314 0.01695939898
v -0.01325000077 0.07185209543 0.01645117998
v -0.01275000069 0.07186273485 0.01657821983
v -0.01225000061 0.07182017714 0.01606997848
v -0.01175000053 0.07183081657 0.01619704813
v -0.01125000045 0.07183081657 0.01619704813
v -0.01075000037 0.07183081657 0.01619704813
v -0.01025000028 0.071841456 0.01632411778
v -0.009750000201 0.07186273485 0.01657821983
v -0.009250000119 0.07188401371 0.01683235914
v -0.008750000037 0.07190529257 0.01708646864
v -0.008249999955 0.071915932 0.01721353084
v -0.007750000339 0.07192657143 0.01734060049
v -0.007250000257 0.07194785029 0.01759470999
v -0.006750000175 0.07195848972 0.01772177219
v -0.006250000093 0.07197976857 0.01797588915
v -0.005750000477 0.071990408 0.01810295135
v -0.005250000395 0.07201168686 0.01835706085
v -0.004750000313 0.07204360515 0.01873826236
v -0.004250000231 0.07205423713 0.01886530221
v -0.003750000149 0.07208615541 0.01924648136
v -0.003250000067 0.0721180737 0.01962768286
v -0.002750000218 0.0721180737 0.01962768286
v -0.002250000136 0.07213935256 0.01988179982
v -0.001750000054 0.07216063142 0.02013592422
v -0.001250000088 0.07214999199 0.02000886202
v -0.0007500000065 0.07216063142 0.02013592422
v -0.0002500000119 0.07217127085 0.02026297152
v 0.0002500000119 0.07219254971 0.02051710337
v 0.0007500000065 0.07221382856 0.02077121288
v 0.001250000088 0.07221382856 0.02077121288
v 0.001750000054 0.07222446799 0.02089828253
v 0.002250000136 0.07221382856 0.02077121288
v 0.002750000218 0.07222446799 0.02089828253
v 0.003250000067 0.07216063142 0.02013592422
v 0.003750000149 0.07218191028 0.02039004117
v 0.005250000395 0.07204360515 0.01873826236
v 0.005750000477 0.0721180737 0.01962768286
v 0.006750000175 0.07206488401 0.01899237186
v 0.007250000257 0.07205423713 0.01886530221
v 0.007750000339 0.07209679484 0.01937355101
v 0.01225000061 0.07107543945 0.007175773382
v 0.01275000069 0.07106480002 0.007048711181
v 0.01325000077 0.07005289197 -0.004910036922
v 0.01375000086 0.07008712739 -0.004505626857
v 0.01425000094 0.06999582052 -0.005584061146
v 0.01475000102 0.06944798678 -0.01205460727
v 0.0152500011 0.06940233707 -0.01259380579
v 0.01575000025 0.0687860176 -0.01987316459
v 0.01625000127 0.06868329644 -0.02108640224
v 0.01675000042 0.06870612502 -0.02081681043
v 0.01725000143 0.06871753931 -0.02068199962
v 0.01775000058 0.06871753931 -0.02068199962
v 0.01825000159 0.06870612502 -0.02081681043
v 0.01875000075 0.06870612502 -0.02081681043
v 0.01925000176 0.06869471073 -0.02095159143
v 0.01975000091 0.06869471073 -0.02095159143
v 0.02025000006 0.06852351129 -0.02297364175
v 0.02075000107 0.06853492558 -0.0228388384
v 0.02225000039 0.06790719926 -0.03025300428
v -0.03400000185 0.07308168709 0.02267606556
v -0.03350000083 0.07309228927 0.02280314267
v -0.03299999982 0.07309228927 0.02280314267
v -0.03250000253 0.07301810384 0.02191363275
v -0.03200000152 0.07299690694 0.021659486
v -0.03100000136 0.07276376337 0.01886388659
v -0.03000000119 0.07284854352 0.01988047361
v -0.02950000204 0.07288033515 0.02026168257
v -0.02900000103 0.07290153205 0.02051583678
v -0.02850000188 0.07290153205 0.02051583678
v -0.02800000086 0.07291212678 0.02064289153
v -0.02750000171 0.07289093733 0.02038875967
v -0.0270000007 0.07278496027 0.01911804825
v -0.02650000155 0.07275316864 0.01873683184
v -0.02600000054 0.07273197174 0.01848267019
v -0.02550000139 0.07275316864 0.01873683184
v -0.02500000037 0.07276376337 0.01886388659
v -0.02450000122 0.07277435809 0.0189909637
v -0.02400000021 0.072795555 0.019245103
v -0.02350000106 0.0728167519 0.01949925721
v -0.02300000191 0.0728379488 0.01975338906
v -0.02250000089 0.07284854352 0.01988047361
v -0.02200000174 0.07285913825 0.02000755072
v -0.02150000073 0.07286974043 0.02013462782
v -0.02100000158 0.07284854352 0.01988047361
v -0.02050000057 0.07284854352 0.01988047361
v -0.02000000142 0.07285913825 0.02000755072
v -0.0195000004 0.0728379488 0.01975338906
v -0.01900000125 0.0728379488 0.01975338906
v -0.01850000024 0.0728379488 0.01975338906
v -0.01800000109 0.0728379488 0.01975338906
v -0.01750000007 0.0728167519 0.01949925721
v -0.01700000092 0.0728167519 0.01949925721
v -0.01649999991 0.07280614972 0.0193721801
v -0.01600000076 0.07278496027 0.01911804825
v -0.01550000068 0.07275316864 0.01873683184
v -0.0150000006 0.07271077484 0.01822853833
v -0.01450000051 0.07267898321 0.01784732938
v -0.01400000043 0.07255180925 0.0163224563
v -0.01350000035 0.07256241143 0.01644952595
v -0.01300000027 0.07256241143 0.01644952595
v -0.01250000019 0.07254121453 0.01619537175
v -0.0120000001 0.07254121453 0.01619537175
v -0.01150000095 0.07255180925 0.0163224563
v -0.01100000087 0.07256241143 0.01644952595
v -0.01050000079 0.07257300615 0.01657658815
v -0.01000000071 0.07259420305 0.01683074236
v -0.009500000626 0.07261539251 0.01708488166
v -0.009000000544 0.07263658941 0.01733903587
v -0.008500000462 0.07265778631 0.01759316772
v -0.00800000038 0.07266838104 0.01772024482
v -0.007500000298 0.07270018011 0.01810146123
v -0.007000000216 0.07270018011 0.01810146123
v -0.006500000134 0.07275316864 0.01873683184
v -0.006000000052 0.07278496027 0.01911804825
v -0.005500000436 0.07278496027 0.01911804825
v -0.005000000354 0.07282734662 0.01962633431
v -0.004500000272 0.0728379488 0.01975338906
v -0.00400000019 0.07284854352 0.01988047361
v -0.003500000108 0.07284854352 0.01988047361
v -0.003000000026 0.07288033515 0.02026168257
v -0.002500000177 0.07289093733 0.02038875967
v -0.002000000095 0.07290153205 0.02051583678
v -0.001500000013 0.07294392586 0.02102413028
v -0.001000000047 0.07293332368 0.02089705318
v -0.0005000000237 0.07293332368 0.02089705318
v 0 0.07294392586 0.02102413028
v 0.0005000000237 0.07295452058 0.02115119249
v 0.001000000047 0.07295452058 0.02115119249
v 0.001500000013 0.07298631221 0.02153240144
v 0.002000000095 0.07298631221 0.02153240144
v 0.002500000177 0.07299690694 0.021659486
v 0.003000000026 0.07301810384 0.02191363275
v 0.003500000108 0.07300750911 0.02178655565
v 0.00400000019 0.07298631221 0.02153240144
v 0.007000000216 0.07295452058 0.02115119249
v 0.007500000298 0.07297571748 0.02140534669
v 0.00800000038 0.07296511531 0.02127826959
v 0.008500000462 0.07293332368 0.02089705318
v 0.009000000544 0.0728379488 0.01975338906
v 0.009500000626 0.0728379488 0.01975338906
v 0.01000000071 0.07284854352 0.01988047361
v 0.01050000079 0.0728379488 0.01975338906
v 0.01100000087 0.072795555 0.019245103
v 0.01150000095 0.07274256647 0.01860975474
v 0.01250000019 0.07173579186 0.006537877023
v 0.01300000027 0.07169128954 0.006006427109
v 0.01350000035 0.07075318694 -0.005181372166
v 0.01400000043 0.07079839706 -0.004642196
v 0.01450000051 0.07017676532 -0.01205580682
v 0.0150000006 0.07017676532 -0.01205580682
v 0.01550000068 0.07014285773 -0.01246017963
v 0.01600000076 0.0694873184 -0.02027816325
v 0.01649999991 0.06943080574 -0.02095211297
v 0.01700000092 0.06944210827 -0.02081733942
v 0.01750000007 0.0694534108 -0.02068253607
v 0.01800000109 0.0694534108 -0.02068253607
v 0.01850000024 0.06944210827 -0.02081733942
v 0.01900000125 0.06943080574 -0.02095211297
v 0.0195000004 0.06944210827 -0.02081733942
v 0.02000000142 0.06939689815 -0.02135649323
v 0.02050000057 0.06927257031 -0.02283921093
v 0.02200000174 0.06867354363 -0.02998324111
v 0.02250000089 0.06862833351 -0.03052241355
v -0.09875000268 0.06636271626 -0.066883564
v -0.03125 0.07346273214 0.01873540133
v -0.03075000085 0.07350495458 0.01924371719
v -0.0302500017 0.07351551205 0.0193708092
v -0.02975000069 0.07354717702 0.01975205541
v -0.02925000153 0.07356829196 0.02000623941
v -0.02875000052 0.07355773449 0.01987915486
v -0.02825000137 0.07354717702 0.01975205541
v -0.02775000222 0.07351551205 0.0193708092
v -0.02725000121 0.07335717231 0.0174645409
v -0.02675000206 0.07339939475 0.01797287911
v -0.02625000104 0.07339939475 0.01797287911
v -0.02575000189 0.07343106717 0.01835412532
v -0.02525000088 0.07345217466 0.01860830933
v -0.02475000173 0.07346273214 0.01873540133
v -0.02425000072 0.07347328961 0.01886247098
v -0.02375000156 0.07348384708 0.01898955554
v -0.02325000055 0.07350495458 0.01924371719
v -0.0227500014 0.07350495458 0.01924371719
v -0.02225000039 0.07352606952 0.01949789375
v -0.02175000124 0.07353662699 0.01962499321
v -0.02125000022 0.07352606952 0.01949789375
v -0.02075000107 0.07353662699 0.01962499321
v -0.02025000006 0.07353662699 0.01962499321
v -0.01975000091 0.07351551205 0.0193708092
v -0.01925000176 0.07352606952 0.01949789375
v -0.01875000075 0.07352606952 0.01949789375
v -0.01825000159 0.07352606952 0.01949789375
v -0.01775000058 0.07351551205 0.0193708092
v -0.01725000143 0.07350495458 0.01924371719
v -0.01675000042 0.07349440455 0.01911664754
v -0.01625000127 0.07346273214 0.01873540133
v -0.01575000025 0.07343106717 0.01835412532
v -0.0152500011 0.07338884473 0.01784580946
v -0.01475000102 0.07335717231 0.0174645409
v -0.01425000094 0.07324105501 0.01606661081
v -0.01375000086 0.07326216996 0.01632079482
v -0.01325000077 0.07325161248 0.01619370282
v -0.01275000069 0.07326216996 0.01632079482
v -0.01225000061 0.07326216996 0.01632079482
v -0.01175000053 0.07327272743 0.01644787937
v -0.01125000045 0.07328327745 0.01657494903
v -0.01075000037 0.0733043924 0.01682913303
v -0.01025000028 0.07332550734 0.01708328724
v -0.009750000201 0.07333605736 0.01721037924
v -0.009250000119 0.07335717231 0.0174645409
v -0.008750000037 0.07338884473 0.01784580946
v -0.008249999955 0.0734205097 0.01822706312
v -0.007750000339 0.07344161719 0.01848121732
v -0.007250000257 0.07346273214 0.01873540133
v -0.006750000175 0.07351551205 0.0193708092
v -0.006250000093 0.07354717702 0.01975205541
v -0.005750000477 0.07355773449 0.01987915486
v -0.005250000395 0.07357884943 0.02013332397
v -0.004750000313 0.07358940691 0.02026039362
v -0.004250000231 0.07358940691 0.02026039362
v -0.003750000149 0.07359996438 0.02038748562
v -0.003250000067 0.07364218682 0.02089583129
v -0.002750000218 0.07365274429 0.02102291584
v -0.002250000136 0.07368440926 0.0214041695
v -0.001750000054 0.07369496673 0.0215312317
v -0.001250000088 0.07371607423 0.02178541571
v -0.0007500000065 0.07371607423 0.02178541571
v -0.0002500000119 0.07368440926 0.0214041695
v 0.0002500000119 0.07368440926 0.0214041695
v 0.0007500000065 0.07370552421 0.02165833116
v 0.001250000088 0.07371607423 0.02178541571
v 0.001750000054 0.0737266317 0.02191250771
v 0.002250000136 0.0737266317 0.02191250771
v 0.002750000218 0.07377941161 0.02254791558
v 0.003250000067 0.07382163405 0.02305625379
v 0.003750000149 0.07382163405 0.02305625379
v 0.004250000231 0.07378996909 0.02267500758
v 0.004750000313 0.07383219153 0.02318334579
v 0.005250000395 0.07381108403 0.02292916924
v 0.005750000477 0.07381108403 0.02292916924
v 0.006250000093 0.07381108403 0.02292916924
v 0.006750000175 0.07380052656 0.02280209213
v 0.007250000257 0.07371607423 0.02178541571
v 0.007750000339 0.0737266317 0.02191250771
v 0.008249999955 0.0737266317 0.02191250771
v 0.008750000037 0.07371607423 0.02178541571
v 0.009250000119 0.07364218682 0.02089583129
v 0.009750000201 0.07358940691 0.02026039362
v 0.01025000028 0.07359996438 0.02038748562
v 0.01075000037 0.07357884943 0.02013332397
v 0.01125000045 0.07348384708 0.01898955554
v 0.01175000053 0.07348384708 0.01898955554
v 0.01225000061 0.07339939475 0.01797287911
v 0.01325000077 0.07233807445 0.005195170641
v 0.01375000086 0.07147632539 -0.00518309325
v 0.01425000094 0.07086078823 -0.01259611547
v 0.01475000102 0.07091674209 -0.01192221791
v 0.0152500011 0.07088316977 -0.01232656091
v 0.01575000025 0.0702676326 -0.01973960549
v 0.01625000127 0.07014452666 -0.02122221887
v 0.01675000042 0.07017809898 -0.02081787586
v 0.01725000143 0.07017809898 -0.02081787586
v 0.01775000058 0.07018928975 -0.02068307996
v 0.01825000159 0.07017809898 -0.02081787586
v 0.01875000075 0.0701669082 -0.02095263451
v 0.01925000176 0.0701669082 -0.02095263451
v 0.01975000091 0.07017809898 -0.02081787586
v 0.02025000006 0.07006618381 -0.02216568589
v 0.02075000107 0.07003261149 -0.02257003635
v 0.02125000022 0.06970805675 -0.02647872642
v 0.02175000124 0.0693275407 -0.0310613215
v 0.02225000039 0.06938349456 -0.03038742393
v -0.03100000136 0.07417229563 0.01873397082
v -0.02950000204 0.07386738062 0.01504817605
v -0.02900000103 0.07391995192 0.01568364352
v -0.02850000188 0.07394097745 0.01593784243
v -0.02800000086 0.07399354875 0.01657331735
v -0.02750000171 0.07402509451 0.01695460081
v -0.0270000007 0.07406715304 0.01746298373
v -0.02650000155 0.07408818603 0.01771719009
v -0.02600000054 0.07409869879 0.01784429699
v -0.02550000139 0.0741302371 0.01822558045
v -0.02500000037 0.0741302371 0.01822558045
v -0.02450000122 0.07414075732 0.01835265756
v -0.02400000021 0.07414075732 0.01835265756
v -0.02350000106 0.07415127009 0.01847976446
v -0.02300000191 0.07416178286 0.01860687137
v -0.02250000089 0.0741828084 0.01886104792
v -0.02200000174 0.0741828084 0.01886104792
v -0.02150000073 0.0741828084 0.01886104792
v -0.02100000158 0.07419332862 0.01898814738
v -0.02050000057 0.0741828084 0.01886104792
v -0.02000000142 0.07419332862 0.01898814738
v -0.0195000004 0.07420384139 0.01911525428
v -0.01900000125 0.07419332862 0.01898814738
v -0.01850000024 0.07420384139 0.01911525428
v -0.01800000109 0.07419332862 0.01898814738
v -0.01750000007 0.07417229563 0.01873397082
v -0.01700000092 0.0741828084 0.01886104792
v -0.01649999991 0.0741302371 0.01822558045
v -0.01600000076 0.07410921156 0.01797137409
v -0.01550000068 0.07407766581 0.01759009063
v -0.0150000006 0.07405664027 0.01733590662
v -0.01450000051 0.07397252321 0.01631913334
v -0.01400000043 0.07398303598 0.0164462328
v -0.01350000035 0.07398303598 0.0164462328
v -0.01300000027 0.07398303598 0.0164462328
v -0.01250000019 0.07399354875 0.01657331735
v -0.0120000001 0.07399354875 0.01657331735
v -0.01150000095 0.07400406897 0.0167004168
v -0.01100000087 0.07402509451 0.01695460081
v -0.01050000079 0.0740461275 0.01720879972
v -0.01000000071 0.07405664027 0.01733590662
v -0.009500000626 0.07409869879 0.01784429699
v -0.009000000544 0.07411972433 0.018098481
v -0.008500000462 0.07415127009 0.01847976446
v -0.00800000038 0.07416178286 0.01860687137
v -0.007500000298 0.07419332862 0.01898814738
v -0.007000000216 0.07425641268 0.01975072175
v -0.006500000134 0.07428795844 0.02013202757
v -0.006000000052 0.07430898398 0.02038621157
v -0.005500000436 0.07430898398 0.02038621157
v -0.005000000354 0.07433001697 0.02064039558
v -0.004500000272 0.07436156273 0.0210217014
v -0.00400000019 0.07442464679 0.02178427577
v -0.003500000108 0.07443515956 0.02191137522
v -0.003000000026 0.07444567233 0.02203845233
v -0.002500000177 0.07447721809 0.02241976559
v -0.002000000095 0.07448773086 0.02254685014
v -0.001500000013 0.07449824363 0.0226739496
v -0.001000000047 0.07451927662 0.02292813361
v 0.001000000047 0.07460339367 0.02394490689
v 0.001500000013 0.0746454522 0.02445328981
v 0.002000000095 0.07461390644 0.02407200634
v 0.002500000177 0.07463493198 0.02432619035
v 0.003000000026 0.07459287345 0.02381780744
v 0.003500000108 0.07456133515 0.02343651652
v 0.00400000019 0.07461390644 0.02407200634
v 0.004500000272 0.07462441921 0.0241991058
v 0.005000000354 0.0746454522 0.02445328981
v 0.005500000436 0.07463493198 0.02432619035
v 0.006000000052 0.07462441921 0.0241991058
v 0.006500000134 0.07461390644 0.02407200634
v 0.007000000216 0.07459287345 0.02381780744
v 0.007500000298 0.07456133515 0.02343651652
v 0.00800000038 0.07443515956 0.02191137522
v 0.008500000462 0.07446670532 0.02229265869
v 0.009000000544 0.07450876385 0.02280104905
v 0.009500000626 0.07454030216 0.02318233252
v 0.01000000071 0.07451927662 0.02292813361
v 0.01050000079 0.0743195042 0.02051331103
v 0.01100000087 0.07442464679 0.02178427577
v 0.01150000095 0.0741828084 0.01886104792
v 0.0120000001 0.0741828084 0.01886104792
v 0.01250000019 0.0741302371 0.01822558045
v 0.01300000027 0.07408818603 0.01771719009
v 0.01450000051 0.07161217183 -0.01232773811
v 0.0150000006 0.07162325829 -0.01219296455
v 0.01550000068 0.07100273669 -0.01974021643
v 0.01600000076 0.07098057121 -0.02000974864
v 0.01649999991 0.0708919242 -0.02108793706
v 0.01700000092 0.07090301067 -0.02095315605
v 0.01750000007 0.07091408968 -0.02081840485
v 0.01800000109 0.07091408968 -0.02081840485
v 0.01850000024 0.07090301067 -0.02095315605
v 0.01900000125 0.07090301067 -0.02095315605
v 0.0195000004 0.07091408968 -0.02081840485
v 0.02000000142 0.07086976618 -0.02135746926
v 0.02050000057 0.07078111917 -0.02243565768
v 0.02100000158 0.07045978308 -0.02634404972
v 0.02150000073 0.07023816556 -0.02903950959
v 0.02250000089 0.069983311 -0.0321392566
v 0.02450000122 0.06955116242 -0.03739537299
v 0.02500000037 0.06957332045 -0.03712583706
v -0.03075000085 0.07446295023 0.01364819705
v -0.02975000069 0.07452578843 0.01441083848
v -0.02925000153 0.07459909469 0.01530060172
v -0.02875000052 0.0746409893 0.01580903679
v -0.02825000137 0.07466193289 0.01606324315
v -0.02775000222 0.0747038275 0.01657167822
v -0.02725000121 0.0747352466 0.01695299894
v -0.02675000206 0.07475619018 0.01720722765
v -0.02625000104 0.0747666657 0.017334342
v -0.02575000189 0.07478760928 0.01758854836
v -0.02525000088 0.0747980848 0.01771566272
v -0.02475000173 0.0747980848 0.01771566272
v -0.02425000072 0.0747980848 0.01771566272
v -0.02375000156 0.0747980848 0.01771566272
v -0.02325000055 0.07481902838 0.01796986908
v -0.0227500014 0.07483997196 0.01822410524
v -0.02225000039 0.07483997196 0.01822410524
v -0.02175000124 0.07483997196 0.01822410524
v -0.02125000022 0.07486092299 0.01847830415
v -0.02075000107 0.07485044748 0.01835118979
v -0.02025000006 0.07486092299 0.01847830415
v -0.01975000091 0.07487139106 0.01860542595
v -0.01925000176 0.07485044748 0.01835118979
v -0.01875000075 0.07486092299 0.01847830415
v -0.01825000159 0.07487139106 0.01860542595
v -0.01775000058 0.07485044748 0.01835118979
v -0.01725000143 0.07482950389 0.01809699088
v -0.01675000042 0.07480855286 0.01784277707
v -0.01625000127 0.07478760928 0.01758854836
v -0.01575000025 0.07475619018 0.01720722765
v -0.0152500011 0.07475619018 0.01720722765
v -0.01475000102 0.0747038275 0.01657167822
v -0.01425000094 0.07471430302 0.01669879258
v -0.01375000086 0.0747352466 0.01695299894
v -0.01325000077 0.07472477108 0.01682590693
v -0.01275000069 0.07472477108 0.01682590693
v -0.01225000061 0.07472477108 0.01682590693
v -0.01175000053 0.0747352466 0.01695299894
v -0.01125000045 0.07474571466 0.01708011329
v -0.01075000037 0.07477713376 0.01746143401
v -0.01025000028 0.07478760928 0.01758854836
v -0.009750000201 0.07481902838 0.01796986908
v -0.009250000119 0.07483997196 0.01822410524
v -0.008750000037 0.07487139106 0.01860542595
v -0.008249999955 0.07490281016 0.01898673922
v -0.007250000257 0.07497612387 0.01987650245
v -0.006750000175 0.07501801103 0.02038493752
v -0.006250000093 0.07504943013 0.02076625824
v -0.005750000477 0.07509132475 0.02127469331
v -0.005250000395 0.07510180026 0.02140180767
v -0.004750000313 0.07514368743 0.02191024274
v -0.004250000231 0.07515416294 0.02203733474
v -0.003750000149 0.07519605011 0.02254577726
v -0.003250000067 0.07521700114 0.02280000597
v -0.002750000218 0.07521700114 0.02280000597
v -0.002250000136 0.07523794472 0.02305421233
v -0.001750000054 0.07524842024 0.02318132669
v -0.001250000088 0.07526936382 0.02343553305
v -0.0007500000065 0.07530078292 0.02381685376
v -0.0002500000119 0.07534267008 0.02432528883
v 0.0002500000119 0.07536362112 0.02457951754
v 0.0007500000065 0.0753845647 0.02483373135
v 0.001250000088 0.07539504021 0.02496083826
v 0.001750000054 0.07539504021 0.02496083826
v 0.002250000136 0.07539504021 0.02496083826
v 0.002750000218 0.07539504021 0.02496083826
v 0.003250000067 0.0753845647 0.02483373135
v 0.003750000149 0.0753845647 0.02483373135
v 0.004250000231 0.07536362112 0.02457951754
v 0.004750000313 0.07537408918 0.0247066319
v 0.005250000395 0.0753845647 0.02483373135
v 0.005750000477 0.07536362112 0.02457951754
v 0.006250000093 0.0753531456 0.02445240319
v 0.006750000175 0.0753531456 0.02445240319
v 0.007250000257 0.0753217265 0.02407108247
v 0.007750000339 0.07531125098 0.02394396812
v 0.008249999955 0.07515416294 0.02203733474
v 0.008750000037 0.07520652562 0.02267289162
v 0.009250000119 0.0752588883 0.02330844104
v 0.009750000201 0.07527983934 0.0235626474
v 0.01025000028 0.07524842024 0.02318132669
v 0.01075000037 0.07521700114 0.02280000597
v 0.01125000045 0.07519605011 0.02254577726
v 0.01175000053 0.07517510653 0.0222915709
v 0.01225000061 0.07510180026 0.02140180767
v 0.01275000069 0.07505990565 0.0208933726
v 0.01325000077 0.07503896207 0.02063914388
v 0.01425000094 0.07228633016 -0.01300273091
v 0.01475000102 0.07234118134 -0.01232890785
v 0.0152500011 0.07169395685 -0.02027988434
v 0.01575000025 0.07172687352 -0.01987557858
v 0.01625000127 0.07160620391 -0.021357961
v 0.01675000042 0.07162813842 -0.02108845115
v 0.01725000143 0.07162813842 -0.02108845115
v 0.01775000058 0.07162813842 -0.02108845115
v 0.01825000159 0.07163911313 -0.02095367759
v 0.01875000075 0.07163911313 -0.02095367759
v 0.01925000176 0.07162813842 -0.02108845115
v 0.01975000091 0.07161717117 -0.02122321725
v 0.02025000006 0.07155135274 -0.02203178406
v 0.02075000107 0.07151844352 -0.02243606001
v 0.02125000022 0.07120031863 -0.02634416148
v 0.02175000124 0.0710138306 -0.02863511071
v 0.02375000156 0.07042145729 -0.03591226041
v 0.02425000072 0.07027884573 -0.03766417876
v 0.02475000173 0.07031175494 -0.03725989535
v -0.02800000086 0.07532022148 0.01542596519
v -0.02750000171 0.07537237555 0.01606155932
v -0.0270000007 0.07540367544 0.01644293219
v -0.02650000155 0.07542453706 0.01669716835
v -0.02600000054 0.07542453706 0.01669716835
v -0.02550000139 0.0754558295 0.01707852632
v -0.02500000037 0.0754558295 0.01707852632
v -0.02450000122 0.0754558295 0.01707852632
v -0.02400000021 0.07546626031 0.01720564812
v -0.02350000106 0.07547669113 0.01733277738
v -0.02300000191 0.07548712194 0.01745988429
v -0.02250000089 0.07548712194 0.01745988429
v -0.02200000174 0.07548712194 0.01745988429
v -0.02150000073 0.07549755275 0.01758700609
v -0.02100000158 0.07550798357 0.01771413535
v -0.02050000057 0.07551841438 0.01784126461
v -0.02000000142 0.07551841438 0.01784126461
v -0.0195000004 0.07552884519 0.01796836406
v -0.01900000125 0.075539276 0.01809550077
v -0.01850000024 0.07554971427 0.01822262257
v -0.01800000109 0.075539276 0.01809550077
v -0.01750000007 0.07549755275 0.01758700609
v -0.01700000092 0.07550798357 0.01771413535
v -0.01649999991 0.07543496788 0.01682429761
v -0.01600000076 0.07544539869 0.01695140451
v -0.01550000068 0.0754558295 0.01707852632
v -0.0150000006 0.0754558295 0.01707852632
v -0.01450000051 0.0754558295 0.01707852632
v -0.01400000043 0.07546626031 0.01720564812
v -0.01350000035 0.07547669113 0.01733277738
v -0.01300000027 0.07546626031 0.01720564812
v -0.01250000019 0.07546626031 0.01720564812
v -0.0120000001 0.07546626031 0.01720564812
v -0.01150000095 0.07548712194 0.01745988429
v -0.01100000087 0.07549755275 0.01758700609
v -0.01050000079 0.07551841438 0.01784126461
v -0.01000000071 0.07554971427 0.01822262257
v -0.009500000626 0.07557057589 0.01847685128
v -0.009000000544 0.07560186833 0.01885820925
v -0.008500000462 0.07562272996 0.01911246777
v -0.00800000038 0.07567488402 0.01974805444
v -0.007500000298 0.07571661472 0.02025653422
v -0.007000000216 0.07574790716 0.02063789219
v -0.006500000134 0.07578963041 0.02114637941
v -0.006000000052 0.07582092285 0.02152773738
v -0.005500000436 0.07584178448 0.02178198844
v -0.005000000354 0.07586265355 0.02203621715
v -0.004500000272 0.0759043768 0.02254470438
v -0.00400000019 0.0759043768 0.02254470438
v -0.003500000108 0.07593566924 0.02292606235
v -0.003000000026 0.07597739249 0.02343454957
v -0.002500000177 0.07597739249 0.02343454957
v -0.002000000095 0.0760191232 0.02394302934
v -0.001500000013 0.07602955401 0.0240701586
v -0.001000000047 0.0760191232 0.02394302934
v -0.0005000000237 0.07603998482 0.02419728041
v 0 0.07609213889 0.02483287454
v 0.0005000000237 0.0761025697 0.02495999634
v 0.001000000047 0.07611300051 0.0250871256
v 0.001500000013 0.07611300051 0.0250871256
v 0.002000000095 0.0761025697 0.02495999634
v 0.002500000177 0.07612343132 0.0252142325
v 0.003000000026 0.07609213889 0.02483287454
v 0.003500000108 0.07611300051 0.0250871256
v 0.00400000019 0.0761025697 0.02495999634
v 0.005000000354 0.07607127726 0.02457863837
v 0.006500000134 0.07619645447 0.02610407025
v 0.008500000462 0.07621731609 0.02635832131
v 0.009000000544 0.07592523843 0.02279895544
v 0.009500000626 0.07597739249 0.02343454957
v 0.01000000071 0.07594610006 0.0230531916
v 0.01050000079 0.07593566924 0.02292606235
v 0.01100000087 0.07592523843 0.02279895544
v 0.01150000095 0.07588351518 0.02229047567
v 0.0120000001 0.07587308437 0.02216334641
v 0.01250000019 0.07583135366 0.02165486664
v 0.01300000027 0.07581049204 0.02140063047
v 0.01350000035 0.07581049204 0.02140063047
v 0.01400000043 0.07581049204 0.02140063047
v 0.01450000051 0.07578963041 0.02114637941
v 0.01550000068 0.07242950797 -0.02028045803
v 0.01600000076 0.07240778953 -0.02054994553
v 0.01649999991 0.07233177871 -0.02149321139
v 0.01700000092 0.0723534897 -0.02122371644
v 0.01750000007 0.07236435264 -0.02108895779
v 0.01800000109 0.07236435264 -0.02108895779
v 0.01850000024 0.0723534897 -0.02122371644
v 0.01900000125 0.07236435264 -0.02108895779
v 0.0195000004 0.0723534897 -0.02122371644
v 0.02000000142 0.07231006026 -0.02176272124
v 0.02050000057 0.07231006026 -0.02176272124
v 0.02100000158 0.07196256518 -0.02607477829
v 0.02150000073 0.07173452526 -0.02890456095
v 0.02250000089 0.0714739114 -0.03213860095
v 0.02400000021 0.07101783156 -0.03779818863
v 0.02450000122 0.07105041295 -0.0373939164
v 0.02500000037 0.07076767832 -0.04090629891
v -0.09375000745 0.06883471459 -0.07459029555
v -0.02675000206 0.07605165243 0.01567848027
v -0.02625000104 0.07606203854 0.01580561697
v -0.02575000189 0.07608281821 0.01605987549
v -0.02525000088 0.07611399144 0.01644128561
v -0.02475000173 0.07610359788 0.01631415635
v -0.02425000072 0.07612437755 0.01656840742
v -0.02375000156 0.07609321177 0.0161870122
v -0.02325000055 0.07608281821 0.01605987549
v -0.0227500014 0.07610359788 0.01631415635
v -0.02225000039 0.07613477111 0.01669554412
v -0.02175000124 0.07614515722 0.01682268828
v -0.02125000022 0.07616593689 0.01707693934
v -0.02075000107 0.07616593689 0.01707693934
v -0.02025000006 0.07618671656 0.01733121276
v -0.01975000091 0.07619711012 0.01745833457
v -0.01925000176 0.07619711012 0.01745833457
v -0.01875000075 0.07620749623 0.01758547127
v -0.01825000159 0.07619711012 0.01745833457
v -0.01775000058 0.07617633045 0.01720407605
v -0.01725000143 0.07617633045 0.01720407605
v -0.01675000042 0.07616593689 0.01707693934
v -0.01625000127 0.07616593689 0.01707693934
v -0.01575000025 0.07617633045 0.01720407605
v -0.0152500011 0.07618671656 0.01733121276
v -0.01475000102 0.07618671656 0.01733121276
v -0.01425000094 0.07618671656 0.01733121276
v -0.01375000086 0.07618671656 0.01733121276
v -0.01325000077 0.07618671656 0.01733121276
v -0.01275000069 0.07619711012 0.01745833457
v -0.01225000061 0.07620749623 0.01758547127
v -0.01175000053 0.07620749623 0.01758547127
v -0.01125000045 0.07621788979 0.01771260798
v -0.01075000037 0.07623866946 0.01796686649
v -0.01025000028 0.07626983523 0.01834825426
v -0.009750000201 0.07630100846 0.01872967184
v -0.009250000119 0.07633217424 0.01911106706
v -0.008750000037 0.07636334747 0.01949245483
v -0.008249999955 0.07639451325 0.0198738575
v -0.007750000339 0.07642568648 0.02025524527
v -0.007250000257 0.07646724582 0.0207637772
v -0.006750000175 0.07650880516 0.02127231658
v -0.006250000093 0.07653997093 0.0216537118
v -0.005750000477 0.07657113671 0.02203509957
v -0.005250000395 0.07659192383 0.02228938043
v -0.004750000313 0.07662308961 0.02267077565
v -0.004250000231 0.07665425539 0.02305217087
v -0.003750000149 0.07668542862 0.02343356609
v -0.003250000067 0.07673737407 0.02406923473
v -0.002750000218 0.07675815374 0.02432348579
v -0.002250000136 0.07677893341 0.02457776666
v -0.001750000054 0.07678932697 0.02470490336
v 0.0007500000065 0.07694517076 0.02661187202
v 0.001250000088 0.07700750977 0.02737468481
v 0.001750000054 0.07700750977 0.02737468481
v 0.002250000136 0.07699712366 0.02724754065
v 0.002750000218 0.077038683 0.02775607258
v 0.003250000067 0.07700750977 0.02737468481
v 0.003750000149 0.07699712366 0.02724754065
v 0.004250000231 0.07692439109 0.0263576135
v 0.005250000395 0.07701790333 0.02750179917
v 0.005750000477 0.07705945522 0.02801033109
v 0.006250000093 0.077038683 0.02775607258
v 0.006750000175 0.07704906911 0.02788321674
v 0.007250000257 0.07704906911 0.02788321674
v 0.007750000339 0.07700750977 0.02737468481
v 0.008249999955 0.07700750977 0.02737468481
v 0.008750000037 0.07701790333 0.02750179917
v 0.009250000119 0.07692439109 0.0263576135
v 0.009750000201 0.07691400498 0.0262304768
v 0.01025000028 0.07690361142 0.02610334009
v 0.01075000037 0.07692439109 0.0263576135
v 0.01125000045 0.07691400498 0.0262304768
v 0.01175000053 0.07690361142 0.02610334009
v 0.01225000061 0.07687244564 0.02572194487
v 0.01325000077 0.07650880516 0.02127231658
v 0.01375000086 0.07651919127 0.02139945328
v 0.01425000094 0.07651919127 0.02139945328
v 0.01475000102 0.07648802549 0.02101805806
v 0.0152500011 0.07632178813 0.0189839229
v 0.01575000025 0.07637373358 0.01961959898
v 0.01625000127 0.07633217424 0.01911106706
v 0.01675000042 0.07307907194 -0.02135894448
v 0.01725000143 0.07308982313 -0.02122421563
v 0.01775000058 0.07308982313 -0.02122421563
v 0.01825000159 0.07308982313 -0.02122421563
v 0.01875000075 0.07307907194 -0.02135894448
v 0.01925000176 0.07308982313 -0.02122421563
v 0.01975000091 0.07305757701 -0.02162843943
v 0.02025000006 0.07303608209 -0.02189791203
v 0.02075000107 0.07269214094 -0.02620963752
v 0.02125000022 0.07268138975 -0.026344385
v 0.02225000039 0.07222996652 -0.03200352192
v 0.02375000156 0.07173555344 -0.03820165247
v 0.02425000072 0.07178929448 -0.03752793372
v 0.02475000173 0.07154274732 -0.04062009603
v -0.02600000054 0.07672082633 0.01516818255
v -0.02450000122 0.07673117518 0.01529532671
v -0.02400000021 0.07671047747 0.0150410533
v -0.02350000106 0.07674152404 0.01542247832
v -0.02300000191 0.07677256316 0.01580391079
v -0.02250000089 0.07679326087 0.01605819166
v -0.02200000174 0.07680360973 0.01618534327
v -0.02150000073 0.0768346563 0.01656676829
v -0.02100000158 0.0768346563 0.01656676829
v -0.02050000057 0.07685535401 0.01682107151
v -0.02000000142 0.07686570287 0.01694820076
v -0.0195000004 0.07687604427 0.01707535237
v -0.01900000125 0.07687604427 0.01707535237
v -0.01850000024 0.07687604427 0.01707535237
v -0.01800000109 0.07688639313 0.01720249653
v -0.01750000007 0.07687604427 0.01707535237
v -0.01700000092 0.07688639313 0.01720249653
v -0.01649999991 0.07689674199 0.01732965559
v -0.01600000076 0.07689674199 0.01732965559
v -0.01550000068 0.07690709084 0.01745677739
v -0.0150000006 0.07690709084 0.01745677739
v -0.01450000051 0.07690709084 0.01745677739
v -0.01400000043 0.07690709084 0.01745677739
v -0.01350000035 0.07690709084 0.01745677739
v -0.01300000027 0.07690709084 0.01745677739
v -0.01250000019 0.07692778856 0.01771108061
v -0.0120000001 0.07692778856 0.01771108061
v -0.01150000095 0.07693813741 0.01783823222
v -0.01100000087 0.07695883512 0.01809251308
v -0.01050000079 0.07698987424 0.01847393811
v -0.01000000071 0.07701057196 0.01872824132
v -0.009500000626 0.07704161853 0.0191096738
v -0.009000000544 0.07708301395 0.01961825788
v -0.008500000462 0.07711405307 0.0199996829
v -0.00800000038 0.07713475078 0.02025396377
v -0.007500000298 0.07717614621 0.0207625404
v -0.007000000216 0.07722789049 0.02139827609
v -0.006500000134 0.07725892961 0.02177970856
v -0.006000000052 0.07728997618 0.02216113359
v -0.005500000436 0.07732102275 0.02254256606
v -0.005000000354 0.07735206187 0.02292399853
v -0.004500000272 0.07737275958 0.0231782943
v -0.00400000019 0.07742450386 0.02381400764
v -0.003500000108 0.07745555043 0.02419545501
v -0.003000000026 0.07747624069 0.02444973588
v -0.002500000177 0.07750728726 0.02483116835
v -0.002000000095 0.07752798498 0.02508546412
v -0.001500000013 0.07749693841 0.02470403165
v 0 0.07770390064 0.0272469148
v 0.0005000000237 0.07770390064 0.0272469148
v 0.001000000047 0.07775564492 0.02788265049
v 0.001500000013 0.07776599377 0.02800977975
v 0.002000000095 0.07779703289 0.02839121222
v 0.002500000177 0.07779703289 0.02839121222
v 0.003000000026 0.07781773061 0.02864551544
v 0.003500000108 0.07782807946 0.0287726596
v 0.00400000019 0.07782807946 0.0287726596
v 0.004500000272 0.07781773061 0.02864551544
v 0.005000000354 0.07777634263 0.02813693136
v 0.005500000436 0.07782807946 0.0287726596
v 0.006000000052 0.07784877717 0.02902694046
v 0.006500000134 0.07784877717 0.02902694046
v 0.007000000216 0.07783842832 0.02889978886
v 0.007500000298 0.07783842832 0.02889978886
v 0.00800000038 0.07782807946 0.0287726596
v 0.008500000462 0.07779703289 0.02839121222
v 0.009000000544 0.07780738175 0.02851835638
v 0.009500000626 0.07779703289 0.02839121222
v 0.01000000071 0.07770390064 0.0272469148
v 0.01050000079 0.07771424949 0.02737407386
v 0.01100000087 0.07771424949 0.02737407386
v 0.01150000095 0.07771424949 0.02737407386
v 0.0120000001 0.07768321037 0.02699263394
v 0.01250000019 0.07764181495 0.02648405731
v 0.01300000027 0.07761076838 0.02610260993
v 0.01350000035 0.0775693804 0.0255940482
v 0.01400000043 0.07750728726 0.02483116835
v 0.0150000006 0.07737275958 0.0231782943
v 0.01550000068 0.07708301395 0.01961825788
v 0.01600000076 0.07709336281 0.01974537969
v 0.01649999991 0.07705196738 0.01923680305
v 0.01700000092 0.07701057196 0.01872824132
v 0.01750000007 0.07381550223 -0.02135942876
v 0.01800000109 0.07381550223 -0.02135942876
v 0.01850000024 0.07381550223 -0.02135942876
v 0.01900000125 0.07381550223 -0.02135942876
v 0.0195000004 0.07379423082 -0.02162890881
v 0.02000000142 0.07377295196 -0.02189835906
v 0.02050000057 0.07377295196 -0.02189835906
v 0.02100000158 0.07341128588 -0.02647923306
v 0.02150000073 0.07321981341 -0.02890439704
v 0.02350000106 0.07263475657 -0.03631462529
v 0.02400000021 0.07252838463 -0.03766193241
v 0.02450000122 0.07230611145 -0.04047660157
v 0.02500000037 0.07230611145 -0.04047660157
v -0.09425000101 0.07033354044 -0.07530392706
v -0.02425000072 0.07734910399 0.01414917409
v -0.02375000156 0.07736971974 0.01440347731
v -0.02325000055 0.07743155956 0.01516640931
v -0.0227500014 0.07744186372 0.01529357582
v -0.02225000039 0.07747278363 0.0156750381
v -0.02175000124 0.07749339938 0.01592935622
v -0.02125000022 0.07751401514 0.01618366688
v -0.02075000107 0.07752431929 0.01631083339
v -0.02025000006 0.07753462344 0.01643799245
v -0.01975000091 0.0775552392 0.01669229567
v -0.01925000176 0.07756554335 0.01681946218
v -0.01875000075 0.07757584751 0.01694659889
v -0.01825000159 0.07758615911 0.0170737654
v -0.01775000058 0.07759646326 0.01720092446
v -0.01725000143 0.07760677487 0.01732809097
v -0.01675000042 0.07761707902 0.01745522767
v -0.01625000127 0.07762738317 0.01758238673
v -0.01575000025 0.07762738317 0.01758238673
v -0.0152500011 0.07761707902 0.01745522767
v -0.01475000102 0.07762738317 0.01758238673
v -0.01425000094 0.07762738317 0.01758238673
v -0.01375000086 0.07760677487 0.01732809097
v -0.01325000077 0.07761707902 0.01745522767
v -0.01275000069 0.07763769478 0.01770955324
v -0.01225000061 0.07763769478 0.01770955324
v -0.01175000053 0.07764799893 0.01783671975
v -0.01125000045 0.07766861469 0.01809102297
v -0.01075000037 0.0776995346 0.01847248524
v -0.01025000028 0.07773044705 0.01885395497
v -0.009750000201 0.07775106281 0.01910828054
v -0.009250000119 0.07779229432 0.01961690933
v -0.008750000037 0.07782321423 0.0199983716
v -0.008249999955 0.07783351839 0.02012553811
v -0.007750000339 0.07787474245 0.02063413709
v -0.007250000257 0.07793658227 0.0213970989
v -0.006750000175 0.07795719802 0.02165140212
v -0.006250000093 0.07800873369 0.02228718996
v -0.005750000477 0.07804995775 0.02279581875
v -0.005250000395 0.07808087766 0.02317728847
v -0.004750000313 0.07809118181 0.02330444753
v -0.002750000218 0.07830762118 0.02597473562
v -0.002250000136 0.07832823694 0.02622903883
v -0.001750000054 0.078369461 0.02673766762
v -0.001250000088 0.07841068506 0.02724629641
v -0.0007500000065 0.07841068506 0.02724629641
v -0.0002500000119 0.07847252488 0.02800922841
v 0.0002500000119 0.07849314064 0.02826354653
v 0.0007500000065 0.07851375639 0.02851785719
v 0.001250000088 0.0785343647 0.02877218276
v 0.001750000054 0.0785446763 0.02889931947
v 0.002250000136 0.07855498046 0.02902648598
v 0.002750000218 0.07856528461 0.02915365249
v 0.003250000067 0.07857559621 0.02928081155
v 0.003750000149 0.07858590037 0.02940794826
v 0.004250000231 0.07857559621 0.02928081155
v 0.004750000313 0.07857559621 0.02928081155
v 0.005250000395 0.07856528461 0.02915365249
v 0.005750000477 0.07859620452 0.02953510731
v 0.006250000093 0.07859620452 0.02953510731
v 0.006750000175 0.07859620452 0.02953510731
v 0.007250000257 0.07858590037 0.02940794826
v 0.007750000339 0.07857559621 0.02928081155
v 0.008249999955 0.07856528461 0.02915365249
v 0.008750000037 0.07856528461 0.02915365249
v 0.009250000119 0.07855498046 0.02902648598
v 0.009750000201 0.0785343647 0.02877218276
v 0.01025000028 0.07846222073 0.02788208425
v 0.01075000037 0.07847252488 0.02800922841
v 0.01125000045 0.07848283648 0.02813638747
v 0.01175000053 0.07846222073 0.02788208425
v 0.01225000061 0.07842099667 0.02737346292
v 0.01275000069 0.07832823694 0.02622903883
v 0.01325000077 0.07833854109 0.02635619789
v 0.01375000086 0.07833854109 0.02635619789
v 0.01425000094 0.07825608552 0.02533894032
v 0.01475000102 0.07819425315 0.02457600832
v 0.0152500011 0.07817363739 0.0243216902
v 0.01725000143 0.07449930906 -0.02203353494
v 0.01775000058 0.07453088462 -0.0216293782
v 0.01825000159 0.07454141229 -0.02149464935
v 0.01875000075 0.07453088462 -0.0216293782
v 0.01925000176 0.07452035695 -0.0217640996
v 0.01975000091 0.07450982928 -0.0218988061
v 0.02025000006 0.07450982928 -0.0218988061
v 0.02075000107 0.07416245341 -0.02634460852
v 0.02125000022 0.07396245003 -0.02890431508
v 0.02175000124 0.07382560521 -0.03065567836
v 0.02225000039 0.07377297431 -0.0313292928
v 0.02375000156 0.07328875363 -0.0375264585
v 0.02425000072 0.07305810601 -0.04047584906
v 0.02475000173 0.07304693758 -0.04061859474
v -0.09450000525 0.07107821852 -0.07573212683
v -0.02250000089 0.07804989815 0.01402013004
v -0.02200000174 0.078121759 0.01491031051
v -0.02150000073 0.07816281915 0.01541899145
v -0.02100000158 0.0781936124 0.01580049098
v -0.02050000057 0.07821413875 0.01605482399
v -0.02000000142 0.07824493945 0.01643633842
v -0.0195000004 0.0782654658 0.01669067144
v -0.01900000125 0.07828599215 0.01694500446
v -0.01850000024 0.07830652595 0.01719934493
v -0.01800000109 0.07831679285 0.01732652634
v -0.01750000007 0.07832705975 0.01745367795
v -0.01700000092 0.0783373192 0.01758085191
v -0.01649999991 0.0783373192 0.01758085191
v -0.01600000076 0.0783475861 0.01770802587
v -0.01550000068 0.0783373192 0.01758085191
v -0.0150000006 0.0783373192 0.01758085191
v -0.01450000051 0.0783373192 0.01758085191
v -0.01400000043 0.07831679285 0.01732652634
v -0.01350000035 0.07832705975 0.01745367795
v -0.01300000027 0.07832705975 0.01745367795
v -0.01250000019 0.0783373192 0.01758085191
v -0.0120000001 0.0783475861 0.01770802587
v -0.01150000095 0.07837837934 0.01808953285
v -0.01100000087 0.07839891315 0.01834385842
v -0.01050000079 0.07843997329 0.01885253191
v -0.01000000071 0.07846049964 0.01910688728
v -0.009500000626 0.07849130034 0.01948837936
v -0.009000000544 0.07852209359 0.01986989379
v -0.008500000462 0.07855288684 0.02025138587
v -0.00800000038 0.07857342064 0.02050574124
v -0.007500000298 0.07863500714 0.02126874775
v -0.007000000216 0.07868633419 0.0219045952
v -0.006500000134 0.07871712744 0.02228609473
v -0.006000000052 0.07876845449 0.02292192727
v -0.005500000436 0.07877872139 0.02304910123
v -0.003000000026 0.07906614244 0.02660982311
v -0.002500000177 0.07911746949 0.02724567056
v -0.002000000095 0.07912772894 0.02737284452
v -0.001500000013 0.07916878909 0.02788152546
v -0.001000000047 0.07916878909 0.02788152546
v -0.0005000000237 0.07919958979 0.02826301754
v 0 0.07925090939 0.02889885753
v 0.0005000000237 0.07925090939 0.02889885753
v 0.001000000047 0.07927144319 0.02915320545
v 0.001500000013 0.07928171009 0.02928037941
v 0.002000000095 0.07929196954 0.02940753102
v 0.002500000177 0.07930223644 0.02953470498
v 0.003000000026 0.07930223644 0.02953470498
v 0.003500000108 0.07931250334 0.02966187894
v 0.00400000019 0.07931250334 0.02966187894
v 0.004500000272 0.07931250334 0.02966187894
v 0.005000000354 0.07930223644 0.02953470498
v 0.005500000436 0.07930223644 0.02953470498
v 0.006000000052 0.07933302969 0.02991621196
v 0.006500000134 0.07933302969 0.02991621196
v 0.007000000216 0.07933302969 0.02991621196
v 0.007500000298 0.07935356349 0.03017055988
v 0.00800000038 0.07931250334 0.02966187894
v 0.008500000462 0.07928171009 0.02928037941
v 0.009000000544 0.07928171009 0.02928037941
v 0.009500000626 0.07925090939 0.02889885753
v 0.01000000071 0.07916878909 0.02788152546
v 0.01050000079 0.07916878909 0.02788152546
v 0.01100000087 0.07917905599 0.02800867707
v 0.01150000095 0.08355750889 0.0866022557
v 0.0120000001 0.08358320594 0.08696182072
v 0.01250000019 0.08355750889 0.0866022557
v 0.01300000027 0.08356607705 0.08672210574
v 0.01350000035 0.08355750889 0.0866022557
v 0.01400000043 0.08342044801 0.08468466997
v 0.01450000051 0.08340331167 0.08444496989
v 0.0150000006 0.07893269509 0.02495663613
v 0.01550000068 0.07893269509 0.02495663613
v 0.01649999991 0.07874792814 0.0226676017
v 0.01700000092 0.07875818759 0.02279477566
v 0.01750000007 0.07518421113 -0.02270753682
v 0.01800000109 0.07525712252 -0.02176456153
v 0.01850000024 0.0752467066 -0.02189926058
v 0.01900000125 0.07525712252 -0.02176456153
v 0.0195000004 0.07525712252 -0.02176456153
v 0.02000000142 0.0752467066 -0.02189926058
v 0.02050000057 0.07491340488 -0.0262100026
v 0.02200000174 0.07459051907 -0.03038605303
v 0.02250000089 0.07453843951 -0.03105959296
v 0.02350000106 0.07398641109 -0.03819928318
v 0.02400000021 0.07404890656 -0.03739100322
v 0.02450000122 0.0738100931 -0.04047509283
v -0.02225000039 0.07874055952 0.01376388222
v -0.02175000124 0.07878145576 0.01427260786
v -0.02125000022 0.07884279639 0.01503571123
v -0.02075000107 0.07890413702 0.01579878479
v -0.02025000006 0.07893481106 0.01618032157
v -0.01975000091 0.07898592204 0.01681623608
v -0.01925000176 0.07900637388 0.017070584
v -0.01875000075 0.07901659608 0.01719777286
v -0.01825000159 0.07903704047 0.01745212823
v -0.01775000058 0.07904726267 0.01757930964
v -0.01725000143 0.07905749232 0.0177064985
v -0.01675000042 0.07904726267 0.01757930964
v -0.01625000127 0.07904726267 0.01757930964
v -0.01575000025 0.07905749232 0.0177064985
v -0.0152500011 0.07904726267 0.01757930964
v -0.01475000102 0.07903704047 0.01745212823
v -0.01425000094 0.07902681828 0.01732496172
v -0.01375000086 0.07902681828 0.01732496172
v -0.01325000077 0.07902681828 0.01732496172
v -0.01275000069 0.07902681828 0.01732496172
v -0.01225000061 0.07904726267 0.01757930964
v -0.01175000053 0.07906771451 0.01783368737
v -0.01125000045 0.0790983811 0.01821522415
v -0.01075000037 0.07912905514 0.01859676093
v -0.01025000028 0.07914949954 0.0188511163
v -0.009750000201 0.07918017358 0.01923265308
v -0.009250000119 0.07922106236 0.01974137872
v -0.008750000037 0.07923129201 0.01986856759
v -0.008249999955 0.07928241044 0.02050447464
v -0.007750000339 0.07932329923 0.02101320028
v -0.007250000257 0.07937441766 0.02164909244
v -0.006750000175 0.0794255361 0.02228500694
v -0.006250000093 0.07944598049 0.02253935486
v -0.003750000149 0.07975269109 0.02635478228
v -0.003250000067 0.07982425392 0.02724504471
v -0.002750000218 0.07984469831 0.02749940008
v -0.002250000136 0.07987537235 0.02788095921
v -0.001750000054 0.07988559455 0.02800812572
v -0.001250000088 0.07992648333 0.02851684391
v -0.0007500000065 0.07991626114 0.0283896625
v -0.0002500000119 0.07994693518 0.02877122164
v 0.0002500000119 0.07998783141 0.02927994728
v 0.0007500000065 0.07998783141 0.02927994728
v 0.001250000088 0.08000827581 0.0295342952
v 0.001750000054 0.0800389424 0.02991583943
v 0.002250000136 0.08005939424 0.03017020971
v 0.002750000218 0.08005939424 0.03017020971
v 0.003250000067 0.08007983863 0.03042456508
v 0.003750000149 0.08010028303 0.030678913
v 0.004250000231 0.08012073487 0.03093329072
v 0.004750000313 0.08010028303 0.030678913
v 0.005250000395 0.08010028303 0.030678913
v 0.005750000477 0.08009006083 0.03055174649
v 0.006250000093 0.08013095707 0.03106047213
v 0.006750000175 0.08014117926 0.03118763864
v 0.007250000257 0.08013095707 0.03106047213
v 0.007750000339 0.08014117926 0.03118763864
v 0.008249999955 0.08011051267 0.03080610186
v 0.009250000119 0.08409540355 0.08468426764
v 0.009750000201 0.08419720829 0.08612239361
v 0.01025000028 0.08423963189 0.0867215842
v 0.01075000037 0.08425659686 0.08696129918
v 0.01125000045 0.08429053426 0.08744066954
v 0.01175000053 0.08429901302 0.08756050467
v 0.01225000061 0.08429901302 0.08756050467
v 0.01275000069 0.08429901302 0.08756050467
v 0.01325000077 0.08429053426 0.08744066954
v 0.01375000086 0.08427356184 0.08720096946
v 0.01425000094 0.08423114568 0.08660174906
v 0.01475000102 0.08419720829 0.08612239361
v 0.0152500011 0.08419720829 0.08612239361
v 0.01575000025 0.08419720829 0.08612239361
v 0.01625000127 0.07949709892 0.02317526937
v 0.01675000042 0.07954821736 0.02381116152
v 0.01725000143 0.07952777296 0.02355680615
v 0.01775000058 0.07946643233 0.02279372513
v 0.01825000159 0.07940508425 0.02203062922
v 0.01875000075 0.07594236732 -0.02243851125
v 0.01925000176 0.07597327977 -0.02203441411
v 0.01975000091 0.07596297562 -0.02216912061
v 0.02025000006 0.07594236732 -0.02243851125
v 0.02075000107 0.07559200376 -0.02701834217
v 0.02125000022 0.07543742657 -0.02903885767
v 0.02175000124 0.07528285682 -0.03105934709
v 0.02225000039 0.07531376928 -0.03065524623
v 0.0227500014 0.07506645471 -0.0338880755
v 0.02375000156 0.07476761192 -0.03779439628
v 0.02425000072 0.07455112785 -0.04061708972
v 0.02475000173 0.07451826334 -0.04104531556
v -0.02050000057 0.07959429175 0.01554267853
v -0.02000000142 0.07967574894 0.01656022668
v -0.0195000004 0.07970629632 0.01694180071
v -0.01900000125 0.07972665876 0.01719619334
v -0.01850000024 0.07975720614 0.01757776737
v -0.01800000109 0.07975720614 0.01757776737
v -0.01750000007 0.07976738364 0.01770496368
v -0.01700000092 0.07976738364 0.01770496368
v -0.01649999991 0.07976738364 0.01770496368
v -0.01600000076 0.07976738364 0.01770496368
v -0.01550000068 0.07976738364 0.01770496368
v -0.0150000006 0.0797470212 0.01745057106
v -0.01450000051 0.07973683625 0.0173233971
v -0.01400000043 0.07971647382 0.01706899703
v -0.01350000035 0.07972665876 0.01719619334
v -0.01300000027 0.07973683625 0.0173233971
v -0.01250000019 0.07973683625 0.0173233971
v -0.0120000001 0.07975720614 0.01757776737
v -0.01150000095 0.07978774607 0.01795934886
v -0.01100000087 0.07981829345 0.01834092289
v -0.01050000079 0.07984884083 0.01872251928
v -0.01000000071 0.07986920327 0.01897688955
v -0.009500000626 0.07990993559 0.0194856599
v -0.009000000544 0.07993029803 0.01974003762
v -0.008500000462 0.07996084541 0.02012164146
v -0.00800000038 0.08002193272 0.02088478953
v -0.007500000298 0.08006266505 0.02139355987
v -0.007000000216 0.08010338992 0.02190233022
v -0.00400000019 0.08049030602 0.02673564851
v -0.003500000108 0.08055139333 0.02749879658
v -0.003000000026 0.08058194071 0.02788039297
v -0.002500000177 0.08060230315 0.02813477069
v -0.002000000095 0.08062266558 0.02838914841
v -0.001500000013 0.08063285053 0.02851634473
v -0.001000000047 0.08063285053 0.02851634473
v -0.0005000000237 0.08062266558 0.02838914841
v 0 0.0806735754 0.02902511507
v 0.0005000000237 0.08074484766 0.0299154669
v 0.001000000047 0.08079575747 0.03055144101
v 0.001500000013 0.08080594242 0.03067861497
v 0.002000000095 0.08084666729 0.03118738532
v 0.002500000177 0.08086703718 0.0314417854
v 0.003000000026 0.08087721467 0.03156898171
v 0.003500000108 0.08089757711 0.03182335943
v 0.00400000019 0.08088739961 0.03169616312
v 0.004500000272 0.08089757711 0.03182335943
v 0.005000000354 0.08088739961 0.03169616312
v 0.005500000436 0.08087721467 0.03156898171
v 0.006000000052 0.08087721467 0.03156898171
v 0.006500000134 0.08089757711 0.03182335943
v 0.007000000216 0.08090776205 0.03195056319
v 0.007500000298 0.08085685223 0.03131458163
v 0.00800000038 0.08487956971 0.08624173701
v 0.008500000462 0.08492998034 0.08696076274
v 0.009000000544 0.08495518565 0.08732026815
v 0.009500000626 0.08496358246 0.08744011819
v 0.01000000071 0.08497198671 0.08755993843
v 0.01050000079 0.08498878777 0.08779962361
v 0.01100000087 0.08498878777 0.08779962361
v 0.01150000095 0.08499719203 0.08791944385
v 0.0120000001 0.08499719203 0.08791944385
v 0.01250000019 0.08499719203 0.08791944385
v 0.01300000027 0.08500558883 0.08803927898
v 0.01350000035 0.08499719203 0.08791944385
v 0.01400000043 0.08498039097 0.08767978847
v 0.01450000051 0.08493837714 0.08708059788
v 0.0150000006 0.08495518565 0.08732026815
v 0.01550000068 0.08492998034 0.08696076274
v 0.01600000076 0.08490477502 0.08660124242
v 0.01649999991 0.08489637822 0.08648140728
v 0.01700000092 0.08031720668 0.02457337826
v 0.01750000007 0.08029684424 0.02431898564
v 0.01800000109 0.0802153945 0.0233014524
v 0.01850000024 0.08016447723 0.02266548574
v 0.01900000125 0.08007284254 0.02152073383
v 0.0195000004 0.07664909959 -0.02284298837
v 0.02000000142 0.07665929198 -0.02270831168
v 0.02050000057 0.07635347545 -0.02674901113
v 0.02100000158 0.07619037479 -0.02890406549
v 0.02200000174 0.07603746653 -0.0309244208
v 0.02250000089 0.07578261197 -0.0342916809
v 0.02300000191 0.07582338899 -0.03375291824
v 0.02400000021 0.07527068257 -0.04104457423
v 0.02450000122 0.07525983453 -0.04118732736
v -0.01925000176 0.08040630817 0.01681301743
v -0.01875000075 0.08045700938 0.01744902134
v -0.01825000159 0.08047728986 0.01770343632
v -0.01775000058 0.08046714962 0.01757623255
v -0.01725000143 0.08047728986 0.01770343632
v -0.01675000042 0.08047728986 0.01770343632
v -0.01625000127 0.08046714962 0.01757623255
v -0.01575000025 0.08046714962 0.01757623255
v -0.0152500011 0.08046714962 0.01757623255
v -0.01475000102 0.08045700938 0.01744902134
v -0.01425000094 0.08041644841 0.01694019884
v -0.01375000086 0.08041644841 0.01694019884
v -0.01325000077 0.08042658865 0.01706741005
v -0.01275000069 0.08043672889 0.01719462126
v -0.01225000061 0.08044686913 0.01732183248
v -0.01175000053 0.08047728986 0.01770343632
v -0.01125000045 0.08050771058 0.01808505505
v -0.01075000037 0.08053813875 0.01846666634
v -0.01025000028 0.08056855202 0.01884827018
v -0.009750000201 0.08058883995 0.01910270005
v -0.009250000119 0.08062940091 0.01961152256
v -0.008750000037 0.08064968139 0.01986592263
v -0.008249999955 0.08069024235 0.02037474513
v -0.007750000339 0.08074094355 0.02101077139
v -0.004250000231 0.08120740205 0.02686218172
v -0.003750000149 0.08125810325 0.02749820054
v -0.003250000067 0.08129866421 0.02800702304
v -0.002750000218 0.08130880445 0.0281342268
v -0.002250000136 0.08132908493 0.02838863432
v -0.001750000054 0.08136964589 0.02889744937
v -0.001250000088 0.08138992637 0.02915187925
v -0.0002500000119 0.08149132878 0.03042391688
v 0.0002500000119 0.0815217495 0.03080552816
v 0.0007500000065 0.08155217022 0.03118713945
v 0.001250000088 0.0815724507 0.03144156188
v 0.001750000054 0.08158259094 0.03156877309
v 0.002250000136 0.08161301166 0.03195038438
v 0.002750000218 0.08161301166 0.03195038438
v 0.003250000067 0.0816231519 0.03207756579
v 0.003750000149 0.08163329214 0.03220478445
v 0.004250000231 0.0816231519 0.03207756579
v 0.004750000313 0.08164343238 0.03233199567
v 0.005250000395 0.08163329214 0.03220478445
v 0.005750000477 0.08164343238 0.03233199567
v 0.006250000093 0.08163329214 0.03220478445
v 0.006750000175 0.08164343238 0.03233199567
v 0.007750000339 0.08557010442 0.08648091555
v 0.008249999955 0.08562833071 0.08731971681
v 0.008750000037 0.08565329015 0.08767922223
v 0.009250000119 0.08567824215 0.08803869784
v 0.009750000201 0.08567824215 0.08803869784
v 0.01025000028 0.08568656445 0.08815854788
v 0.01075000037 0.08569488674 0.08827838302
v 0.01125000045 0.08569488674 0.08827838302
v 0.01175000053 0.08569488674 0.08827838302
v 0.01225000061 0.08569488674 0.08827838302
v 0.01275000069 0.08569488674 0.08827838302
v 0.01325000077 0.08568656445 0.08815854788
v 0.01375000086 0.08567824215 0.08803869784
v 0.01425000094 0.08566161245 0.08779905736
v 0.01475000102 0.08565329015 0.08767922223
v 0.0152500011 0.08565329015 0.08767922223
v 0.01575000025 0.08563665301 0.08743956685
v 0.01625000127 0.08561169356 0.08708006144
v 0.01675000042 0.08560337871 0.0869602412
v 0.01725000143 0.08554514498 0.08612142503
v 0.01775000058 0.08103501052 0.02469971031
v 0.01825000159 0.08098430932 0.0240636766
v 0.01875000075 0.08091332763 0.02317325026
v 0.01925000176 0.08085248619 0.02241002768
v 0.01975000091 0.08064968139 0.01986592263
v 0.02025000006 0.07706410438 -0.0271531269
v -0.01900000125 0.08109629899 0.01655695587
v -0.01850000024 0.08115689456 0.01732026786
v -0.01800000109 0.0811669901 0.01744747162
v -0.01750000007 0.08117709309 0.01757469028
v -0.01700000092 0.08117709309 0.01757469028
v -0.01649999991 0.08117709309 0.01757469028
v -0.01600000076 0.0811669901 0.01744747162
v -0.01550000068 0.0811669901 0.01744747162
v -0.0150000006 0.08115689456 0.01732026786
v -0.01450000051 0.08111649752 0.01681140065
v -0.01400000043 0.08111649752 0.01681140065
v -0.01350000035 0.08111649752 0.01681140065
v -0.01300000027 0.0811266005 0.01693860441
v -0.01250000019 0.08114679158 0.01719304174
v -0.0120000001 0.08115689456 0.01732026786
v -0.01150000095 0.08118718863 0.01770190895
v -0.01100000087 0.08122758567 0.0182107836
v -0.01050000079 0.08125787973 0.01859243214
v -0.01000000071 0.08128818125 0.01897407323
v -0.009500000626 0.08129827678 0.0191013068
v -0.009000000544 0.08131847531 0.01935572922
v -0.004500000272 0.08188401163 0.02647987753
v -0.00400000019 0.08192440122 0.02698874474
v -0.003000000026 0.08204559237 0.0285153389
v -0.002500000177 0.08210618049 0.02927865088
v -0.002000000095 0.082136482 0.02966029942
v -0.001500000013 0.08216677606 0.03004194051
v -0.001000000047 0.08219707012 0.0304235965
v -0.0005000000237 0.08220717311 0.03055081517
v 0 0.08225766569 0.03118688613
v 0.0005000000237 0.08228795975 0.03156855702
v 0.001000000047 0.08229806274 0.03169576079
v 0.001500000013 0.08230815828 0.03182297945
v 0.002000000095 0.0823283568 0.03207740188
v 0.002500000177 0.08233845234 0.03220462799
v 0.003000000026 0.08233845234 0.03220462799
v 0.003500000108 0.08235865086 0.03245907277
v 0.00400000019 0.08235865086 0.03245907277
v 0.004500000272 0.08235865086 0.03245907277
v 0.005000000354 0.08236875385 0.03258626908
v 0.005500000436 0.08236875385 0.03258626908
v 0.006000000052 0.08235865086 0.03245907277
v 0.006500000134 0.08234855533 0.0323318541
v 0.007000000216 0.0862602964 0.08672004938
v 0.007500000298 0.08629324287 0.08719934523
v 0.00800000038 0.08630971611 0.08743901551
v 0.008500000462 0.08634265512 0.08791829646
v 0.009000000544 0.08635912836 0.08815796673
v 0.009500000626 0.0863673687 0.08827778697
v 0.01000000071 0.08638240397 0.08851064742
v 0.01050000079 0.08638240397 0.08851064742
v 0.01100000087 0.08638240397 0.08851064742
v 0.01150000095 0.08638240397 0.08851064742
v 0.0120000001 0.08638920635 0.08862371743
v 0.01250000019 0.08638920635 0.08862371743
v 0.01300000027 0.08638920635 0.08862371743
v 0.01350000035 0.08637560159 0.08839760721
v 0.01400000043 0.08637560159 0.08839760721
v 0.01450000051 0.0863673687 0.08827778697
v 0.0150000006 0.0863673687 0.08827778697
v 0.01550000068 0.08635089546 0.08803811669
v 0.01600000076 0.08632618189 0.08767865598
v 0.01649999991 0.08628500253 0.08707952499
v 0.01700000092 0.08628500253 0.08707952499
v 0.01750000007 0.08624382317 0.08648040891
v 0.01800000109 0.08174262941 0.02469884604
v 0.01850000024 0.08172243088 0.02444440126
v 0.01900000125 0.08165173233 0.02355388552
v 0.0195000004 0.08162143826 0.02317223698
v 0.02000000142 0.08139926195 0.02037346363
v -0.01775000058 0.08185686171 0.01719146967
v -0.01725000143 0.08186691999 0.01731870323
v -0.01675000042 0.08185686171 0.01719146967
v -0.01625000127 0.08186691999 0.01731870323
v -0.01575000025 0.08185686171 0.01719146967
v -0.0152500011 0.08184680343 0.0170642361
v -0.01475000102 0.08182669431 0.01680979133
v -0.01425000094 0.08179651946 0.01642809808
v -0.01375000086 0.08180657774 0.01655531675
v -0.01325000077 0.08181663603 0.01668255031
v -0.01275000069 0.08183674514 0.01693700254
v -0.01225000061 0.08185686171 0.01719146967
v -0.01175000053 0.08187697828 0.01744591445
v -0.01125000045 0.08190714568 0.01782762259
v -0.01075000037 0.08194737881 0.0183365196
v -0.01025000028 0.08197754622 0.01871822774
v -0.009750000201 0.08197754622 0.01871822774
v -0.003250000067 0.08278212696 0.02889651805
v -0.002750000218 0.08283241093 0.02953266352
v -0.002250000136 0.08287264407 0.03004158288
v -0.001750000054 0.08290281147 0.03042327613
v -0.001250000088 0.08292292804 0.0306777209
v -0.0007500000065 0.0829430446 0.03093218803
v -0.0002500000119 0.08295310289 0.0310594216
v 0.0002500000119 0.08299332857 0.03156834096
v 0.0007500000065 0.08301344514 0.03182279319
v 0.001250000088 0.08302350342 0.03195002675
v 0.001750000054 0.08304361254 0.03220447898
v 0.002250000136 0.08305367082 0.03233170509
v 0.002750000218 0.08306372911 0.03245893866
v 0.003250000067 0.08307378739 0.03258614987
v 0.003750000149 0.08310396224 0.03296785802
v 0.004250000231 0.08313412964 0.03334954381
v 0.004750000313 0.08312407136 0.03322231025
v 0.005250000395 0.08313412964 0.03334954381
v 0.005750000477 0.08309390396 0.03284062445
v 0.006750000175 0.08694200218 0.08683936298
v 0.007250000257 0.08698277175 0.08743846416
v 0.007750000339 0.08700723201 0.08779790998
v 0.008249999955 0.08702354133 0.08803753555
v 0.008750000037 0.08704800159 0.08839699626
v 0.009250000119 0.08705477417 0.08851003647
v 0.009750000201 0.08706154674 0.08862309158
v 0.01025000028 0.08706832677 0.08873613179
v 0.01075000037 0.08706832677 0.08873613179
v 0.01125000045 0.08706832677 0.08873613179
v 0.01175000053 0.08707509935 0.088849172
v 0.01225000061 0.08706832677 0.08873613179
v 0.01275000069 0.08707509935 0.088849172
v 0.01325000077 0.08706832677 0.08873613179
v 0.01375000086 0.08706832677 0.08873613179
v 0.01425000094 0.08706832677 0.08873613179
v 0.01475000102 0.08706832677 0.08873613179
v 0.0152500011 0.08706154674 0.08862309158
v 0.01575000025 0.08706154674 0.08862309158
v 0.01625000127 0.08704800159 0.08839699626
v 0.01675000042 0.08697462082 0.08731862903
v 0.01725000143 0.08697462082 0.08731862903
v 0.01775000058 0.08695016056 0.08695918322
v 0.01825000159 0.0868197009 0.08504207432
v 0.01875000075 0.082420066 0.02431628108
v 0.01925000176 0.08237984031 0.02380736172
v 0.01975000091 0.08214852214 0.02088110894
v 0.02025000006 0.08210829645 0.02037218958
v -0.01400000043 0.08245676011 0.01579023898
v -0.01350000035 0.08245676011 0.01579023898
v -0.01050000079 0.08263704181 0.0180805847
v -0.002500000177 0.08355847746 0.02978673577
v -0.002000000095 0.08359853923 0.03029569983
v -0.001500000013 0.08362858742 0.03067741543
v -0.001000000047 0.08364862204 0.03093191981
v -0.0005000000237 0.08365863562 0.03105916083
v 0 0.08367866278 0.03131362796
v 0.0005000000237 0.08369869739 0.03156812489
v 0.001000000047 0.08373875916 0.0320770666
v 0.001500000013 0.08373875916 0.0320770666
v 0.002000000095 0.08376880735 0.032458812
v 0.002500000177 0.0838188827 0.03309500962
v 0.003000000026 0.08385894448 0.03360397369
v 0.003500000108 0.08387897909 0.03385846317
v 0.00400000019 0.08388899267 0.03398568928
v 0.004500000272 0.08389900625 0.03411293775
v 0.005000000354 0.08389900625 0.03411293775
v 0.005500000436 0.08388899267 0.03398568928
v 0.006500000134 0.08762355149 0.08695866168
v 0.007000000216 0.08766390383 0.08755771816
v 0.007500000298 0.08768811822 0.08791714907
v 0.00800000038 0.08770426363 0.08815678954
v 0.008500000462 0.08772040159 0.08839640021
v 0.009000000544 0.08773389459 0.08862248063
v 0.009500000626 0.08774063736 0.08873550594
v 0.01000000071 0.08774738014 0.08884851635
v 0.01050000079 0.08775412291 0.08896155655
v 0.01100000087 0.08774738014 0.08884851635
v 0.01150000095 0.08775412291 0.08896155655
v 0.0120000001 0.08776086569 0.08907458186
v 0.01250000019 0.08775412291 0.08896155655
v 0.01300000027 0.08776086569 0.08907458186
v 0.01350000035 0.08775412291 0.08896155655
v 0.01400000043 0.08775412291 0.08896155655
v 0.01450000051 0.08775412291 0.08896155655
v 0.0150000006 0.08775412291 0.08896155655
v 0.01550000068 0.08774738014 0.08884851635
v 0.01600000076 0.08774738014 0.08884851635
v 0.01649999991 0.08774063736 0.08873550594
v 0.01700000092 0.08768811822 0.08791714907
v 0.01750000007 0.08768004924 0.08779734373
v 0.01800000109 0.08764776587 0.08731809258
v 0.01850000024 0.08763968945 0.08719827235
v 0.01900000125 0.08308774233 0.0238064155
v 0.0195000004 0.08304768056 0.02329746634
v 0.02000000142 0.08300761878 0.02278850228
v 0.02050000057 0.08292749524 0.0217705667
v 0.02100000158 0.0827672407 0.019734703
v 0.02250000089 0.0787904188 -0.03402039781
v 0.02350000106 0.07865390927 -0.03590548784
v -0.0002500000119 0.08432427794 0.03054988384
v 0.0002500000119 0.0843641758 0.03105890006
v 0.0007500000065 0.08440407366 0.03156790882
v 0.001750000054 0.08445394039 0.03220416605
v 0.002250000136 0.08452375978 0.03309493512
v 0.002750000218 0.08456365764 0.03360395133
v 0.003250000067 0.08458360285 0.03385846317
v 0.003750000149 0.08460354805 0.0341129601
v 0.004250000231 0.0846235007 0.03436746448
v 0.004750000313 0.08463346958 0.0344947204
v 0.005250000395 0.08464344591 0.03462197632
v 0.006250000093 0.08829693496 0.08695812523
v 0.006750000175 0.08833687752 0.08755715191
v 0.007250000257 0.08837682009 0.08815619349
v 0.007750000339 0.08838480711 0.08827601373
v 0.008249999955 0.08839950711 0.08850881457
v 0.008750000037 0.08840622753 0.08862185478
v 0.009250000119 0.08841965348 0.0888478756
v 0.009750000201 0.08842636645 0.0889609009
v 0.01025000028 0.08842636645 0.0889609009
v 0.01075000037 0.08842636645 0.0889609009
v 0.01125000045 0.08842636645 0.0889609009
v 0.01175000053 0.08843308687 0.08907391131
v 0.01225000061 0.08843308687 0.08907391131
v 0.01275000069 0.08843308687 0.08907391131
v 0.01325000077 0.08843308687 0.08907391131
v 0.01375000086 0.08843308687 0.08907391131
v 0.01425000094 0.08843308687 0.08907391131
v 0.01475000102 0.08843979985 0.08918693662
v 0.0152500011 0.08843308687 0.08907391131
v 0.01575000025 0.08842636645 0.0889609009
v 0.01625000127 0.08841965348 0.0888478756
v 0.01675000042 0.0884129405 0.08873486519
v 0.01725000143 0.08839279413 0.08839580417
v 0.01775000058 0.08836882561 0.08803637326
v 0.01825000159 0.08833687752 0.08755715191
v 0.01875000075 0.08832888305 0.08743736148
v 0.01925000176 0.08810520917 0.08408273757
v 0.01975000091 0.08815313876 0.08480158448
v 0.02025000006 0.08374577761 0.02316921204
v 0.02075000107 0.08366598934 0.02215117961
v 0.02125000022 0.08351637423 0.02024237812
v 0.02225000039 0.07951799035 -0.03428921849
v 0.02325000055 0.07940231264 -0.03590487316
v 0.02375000156 0.07908434421 -0.04032706469
v 0.003000000026 0.08524849266 0.03334940225
v 0.003500000108 0.0852882266 0.03385846317
v 0.00400000019 0.08530808985 0.0341129899
v 0.004500000272 0.08531802148 0.03424026072
v 0.005000000354 0.08530808985 0.0341129899
v 0.006000000052 0.0889545083 0.08671797812
v 0.006500000134 0.08900985122 0.08755660057
v 0.007000000216 0.08904147893 0.08803579211
v 0.007500000298 0.08906519413 0.08839520812
v 0.00800000038 0.0890718773 0.08850820363
v 0.008500000462 0.08908525109 0.08873422444
v 0.009000000544 0.08909193426 0.08884721994
v 0.009500000626 0.08909862489 0.08896024525
v 0.01000000071 0.08909862489 0.08896024525
v 0.01050000079 0.08909862489 0.08896024525
v 0.01100000087 0.08909862489 0.08896024525
v 0.01150000095 0.08910530806 0.08907324076
v 0.0120000001 0.08910530806 0.08907324076
v 0.01250000019 0.08910530806 0.08907324076
v 0.01300000027 0.08910530806 0.08907324076
v 0.01350000035 0.08911199123 0.08918625116
v 0.01400000043 0.08910530806 0.08907324076
v 0.01450000051 0.08911199123 0.08918625116
v 0.0150000006 0.08910530806 0.08907324076
v 0.01550000068 0.08910530806 0.08907324076
v 0.01600000076 0.08909862489 0.08896024525
v 0.01649999991 0.08909862489 0.08896024525
v 0.01700000092 0.08908525109 0.08873422444
v 0.01750000007 0.0890718773 0.08850820363
v 0.01800000109 0.08905728906 0.08827541769
v 0.01850000024 0.08903356642 0.08791598678
v 0.01900000125 0.08900194615 0.08743681014
v 0.0195000004 0.08898613602 0.08719718456
v 0.02000000142 0.088851735 0.08516058326
v 0.02050000057 0.08443402499 0.02291365713
v 0.02100000158 0.08435456455 0.02189555019
v 0.02150000073 0.08419564366 0.01985930651
v 0.02200000174 0.08025553823 -0.03442333639
v 0.02250000089 0.08015071601 -0.03590425849
v 0.02300000191 0.08018883318 -0.03536576405
v 0.02400000021 0.079836227 -0.04032630846
v 0.005750000477 0.08964370936 0.08695706725
v 0.006250000093 0.08968283236 0.08755603433
v 0.006750000175 0.0897141248 0.08803521097
v 0.007250000257 0.08973759413 0.08839459717
v 0.007750000339 0.0897442475 0.08850759268
v 0.008249999955 0.08975090832 0.08862060308
v 0.008750000037 0.08975756168 0.08873359859
v 0.009250000119 0.08977087587 0.0889595747
v 0.009750000201 0.08977087587 0.0889595747
v 0.01025000028 0.08976421505 0.08884657919
v 0.01075000037 0.08977087587 0.0889595747
v 0.01125000045 0.08977087587 0.0889595747
v 0.01175000053 0.08977087587 0.0889595747
v 0.01225000061 0.08977087587 0.0889595747
v 0.01275000069 0.08977087587 0.0889595747
v 0.01325000077 0.08977087587 0.0889595747
v 0.01375000086 0.08977752924 0.0890725702
v 0.01425000094 0.08977752924 0.0890725702
v 0.01475000102 0.08977087587 0.0889595747
v 0.0152500011 0.08977752924 0.0890725702
v 0.01575000025 0.08977752924 0.0890725702
v 0.01625000127 0.08977087587 0.0889595747
v 0.01675000042 0.08976421505 0.08884657919
v 0.01725000143 0.08976421505 0.08884657919
v 0.01775000058 0.08975090832 0.08862060308
v 0.01825000159 0.08972977102 0.08827482164
v 0.01875000075 0.08970630169 0.08791542053
v 0.01925000176 0.08965936303 0.08719664812
v 0.01975000091 0.08951853961 0.08504034579
v 0.02025000006 0.08951853961 0.08504034579
v 0.02075000107 0.08506309241 0.02189442515
v 0.02125000022 0.08503341675 0.02151257545
v 0.02225000039 0.08104980737 -0.03374975547
v 0.0227500014 0.08092737198 -0.03549978882
v 0.005500000436 0.09029388428 0.0865971595
v 0.006000000052 0.09034807235 0.08743570745
v 0.006500000134 0.09038677812 0.08803462982
v 0.007000000216 0.09040226042 0.08827422559
v 0.007500000298 0.09041662514 0.08850698173
v 0.00800000038 0.09042325616 0.08861997724
v 0.008500000462 0.09042325616 0.08861997724
v 0.009000000544 0.09042987972 0.08873295784
v 0.009500000626 0.09042987972 0.08873295784
v 0.01000000071 0.09042987972 0.08873295784
v 0.01050000079 0.09042325616 0.08861997724
v 0.01100000087 0.09042325616 0.08861997724
v 0.01150000095 0.09042325616 0.08861997724
v 0.0120000001 0.09042325616 0.08861997724
v 0.01250000019 0.09042987972 0.08873295784
v 0.01300000027 0.09043651074 0.08884592354
v 0.01350000035 0.09043651074 0.08884592354
v 0.01400000043 0.09044313431 0.08895891905
v 0.01450000051 0.09043651074 0.08884592354
v 0.0150000006 0.09044313431 0.08895891905
v 0.01550000068 0.09044975787 0.08907189965
v 0.01600000076 0.09044975787 0.08907189965
v 0.01649999991 0.09044313431 0.08895891905
v 0.01700000092 0.09044313431 0.08895891905
v 0.01750000007 0.09043651074 0.08884592354
v 0.01800000109 0.09042987972 0.08873295784
v 0.01850000024 0.09039451927 0.08815443516
v 0.01900000125 0.09036355466 0.08767527342
v 0.0195000004 0.09032484889 0.08707632124
v 0.02000000142 0.09028614312 0.08647738397
v 0.02050000057 0.09013906866 0.08420138061
v 0.02100000158 0.08570268005 0.02100227028
v 0.02150000073 0.08570268005 0.02100227028
v 0.02200000174 0.08568298072 0.02074767649
v 0.02250000089 0.08165683597 -0.03576843441
v 0.02350000106 0.08133000135 -0.04046754539
v 0.005250000395 0.09095753729 0.08635723591
v 0.005750000477 0.09102649987 0.08743532002
v 0.006250000093 0.09105715156 0.08791445196
v 0.006750000175 0.09108014405 0.08827382326
v 0.007250000257 0.09108780324 0.08839359879
v 0.007750000339 0.09110088646 0.08861958981
v 0.008249999955 0.09110088646 0.08861958981
v 0.008750000037 0.09110088646 0.08861958981
v 0.009250000119 0.09109434485 0.0885065943
v 0.009750000201 0.09109434485 0.0885065943
v 0.01025000028 0.09108780324 0.08839359879
v 0.01075000037 0.09108780324 0.08839359879
v 0.01125000045 0.09109434485 0.0885065943
v 0.01175000053 0.09108014405 0.08827382326
v 0.01225000061 0.09109434485 0.0885065943
v 0.01275000069 0.09109434485 0.0885065943
v 0.01325000077 0.09109434485 0.0885065943
v 0.01375000086 0.09110088646 0.08861958981
v 0.01425000094 0.09110742062 0.08873257041
v 0.01475000102 0.09110742062 0.08873257041
v 0.0152500011 0.09111396223 0.08884555101
v 0.01575000025 0.09112050384 0.08895854652
v 0.01625000127 0.09112050384 0.08895854652
v 0.01675000042 0.09112050384 0.08895854652
v 0.01725000143 0.09112050384 0.08895854652
v 0.01775000058 0.09112704545 0.08907154202
v 0.01825000159 0.09110742062 0.08873257041
v 0.01875000075 0.09108780324 0.08839359879
v 0.01925000176 0.0910648182 0.08803424239
v 0.01975000091 0.09098818898 0.08683638275
v 0.02025000006 0.09099585563 0.08695617318
v 0.02075000107 0.09095753729 0.08635723591
v 0.02125000022 0.08670706302 0.02469507605
v 0.02175000124 0.08640419692 0.02074926347
v 0.02225000039 0.08639442176 0.02062197775
v 0.005000000354 0.09163666517 0.08635687828
v 0.005500000436 0.09169734269 0.08731514215
v 0.006000000052 0.09172767401 0.08779428899
v 0.006500000134 0.09175042808 0.0881536454
v 0.007000000216 0.09175801277 0.08827343583
v 0.007500000298 0.09177204967 0.08850619197
v 0.00800000038 0.09177850187 0.08861920238
v 0.008500000462 0.09176559746 0.08839319646
v 0.009000000544 0.09176559746 0.08839319646
v 0.009500000626 0.09175801277 0.08827343583
v 0.01000000071 0.09175042808 0.0881536454
v 0.01050000079 0.09175801277 0.08827343583
v 0.01100000087 0.09175042808 0.0881536454
v 0.01150000095 0.09175042808 0.0881536454
v 0.0120000001 0.09175801277 0.08827343583
v 0.01250000019 0.09175801277 0.08827343583
v 0.01300000027 0.09175801277 0.08827343583
v 0.01350000035 0.09176559746 0.08839319646
v 0.01400000043 0.09177204967 0.08850619197
v 0.01450000051 0.09176559746 0.08839319646
v 0.0150000006 0.09177204967 0.08850619197
v 0.01550000068 0.09177850187 0.08861920238
v 0.01600000076 0.09178495407 0.08873219788
v 0.01649999991 0.09179140627 0.08884517848
v 0.01700000092 0.09179786593 0.08895817399
v 0.01750000007 0.09179786593 0.08895817399
v 0.01800000109 0.09179140627 0.08884517848
v 0.01850000024 0.09178495407 0.08873219788
v 0.01900000125 0.09177204967 0.08850619197
v 0.0195000004 0.09174284339 0.08803384006
v 0.02000000142 0.09168217331 0.08707557619
v 0.02050000057 0.09168217331 0.08707557619
v 0.02100000158 0.08743549883 0.02482376248
v 0.02150000073 0.08740642667 0.02444192767
v 0.02250000089 0.08693160117 0.01820529997
v 0.02300000191 0.08283619583 -0.04046703875
v 0.02350000106 0.08284605294 -0.04032428935
v 0.005250000395 0.09235332906 0.08695542812
v 0.005750000477 0.09239836037 0.08767411113
v 0.006250000093 0.09242088348 0.08803345263
v 0.006750000175 0.0924358964 0.0882730335
v 0.007250000257 0.09244339913 0.08839279413
v 0.007750000339 0.09244976938 0.08850580454
v 0.008249999955 0.0924358964 0.0882730335
v 0.008750000037 0.09242838621 0.08815324306
v 0.009250000119 0.09242838621 0.08815324306
v 0.009750000201 0.09242088348 0.08803345263
v 0.01025000028 0.09242088348 0.08803345263
v 0.01075000037 0.09242088348 0.08803345263
v 0.01125000045 0.09242088348 0.08803345263
v 0.01175000053 0.09242088348 0.08803345263
v 0.01225000061 0.09242088348 0.08803345263
v 0.01275000069 0.09242088348 0.08803345263
v 0.01325000077 0.09242838621 0.08815324306
v 0.01375000086 0.09242838621 0.08815324306
v 0.01425000094 0.09242838621 0.08815324306
v 0.01475000102 0.0924358964 0.0882730335
v 0.0152500011 0.09244339913 0.08839279413
v 0.01575000025 0.09244976938 0.08850580454
v 0.01625000127 0.09245613217 0.08861881495
v 0.01675000042 0.09246886522 0.08884479105
v 0.01725000143 0.09246886522 0.08884479105
v 0.01775000058 0.09246886522 0.08884479105
v 0.01825000159 0.09246886522 0.08884479105
v 0.01875000075 0.09246249497 0.08873181045
v 0.01925000176 0.09245613217 0.08861881495
v 0.01975000091 0.09242088348 0.08803345263
v 0.02025000006 0.09236834198 0.08719497919
v 0.02075000107 0.0923608318 0.08707520366
v 0.02225000039 0.08796194941 0.02227972448
v 0.0227500014 0.08768323809 0.01858881116
v 0.02325000055 0.08355996758 -0.04089506343
v 0.005000000354 0.09299492836 0.08635616302
v 0.005500000436 0.09304692596 0.08719460666
v 0.006000000052 0.09308405966 0.08779351413
v 0.006500000134 0.09311377257 0.08827263117
v 0.007000000216 0.0931212008 0.0883924067
v 0.007500000298 0.0931212008 0.0883924067
v 0.00800000038 0.0931212008 0.0883924067
v 0.008500000462 0.09310634434 0.08815285563
v 0.009000000544 0.09310634434 0.08815285563
v 0.009500000626 0.09309891611 0.0880330652
v 0.01000000071 0.09309148788 0.08791327477
v 0.01050000079 0.09309148788 0.08791327477
v 0.01100000087 0.09309148788 0.08791327477
v 0.01150000095 0.09309148788 0.08791327477
v 0.0120000001 0.09309148788 0.08791327477
v 0.01250000019 0.09309891611 0.0880330652
v 0.01300000027 0.09308405966 0.08779351413
v 0.01350000035 0.09308405966 0.08779351413
v 0.01400000043 0.09309891611 0.0880330652
v 0.01450000051 0.09309148788 0.08791327477
v 0.0150000006 0.09310634434 0.08815285563
v 0.01550000068 0.09311377257 0.08827263117
v 0.01600000076 0.0931212008 0.0883924067
v 0.01649999991 0.09313376248 0.08861842752
v 0.01700000092 0.09314003587 0.08873142302
v 0.01750000007 0.09314631671 0.08884441853
v 0.01800000109 0.09314631671 0.08884441853
v 0.01850000024 0.09314631671 0.08884441853
v 0.01900000125 0.09314003587 0.08873142302
v 0.0195000004 0.09313376248 0.08861842752
v 0.02000000142 0.09307663143 0.0876737237
v 0.02050000057 0.09304692596 0.08719460666
v 0.02100000158 0.09292808175 0.08527813852
v 0.02250000089 0.08839627355 0.01846321672
v 0.02300000191 0.08844392747 0.01909956336
v 0.005250000395 0.09370345622 0.08683490753
v 0.005750000477 0.09376224875 0.0877931267
v 0.006250000093 0.09378429502 0.0881524533
v 0.006750000175 0.09379164875 0.08827224374
v 0.007250000257 0.09379164875 0.08827224374
v 0.007750000339 0.09379164875 0.08827224374
v 0.008249999955 0.09379164875 0.08827224374
v 0.008750000037 0.09377694875 0.08803266287
v 0.009250000119 0.09376959503 0.08791288733
v 0.009750000201 0.09376959503 0.08791288733
v 0.01025000028 0.09376224875 0.0877931267
v 0.01075000037 0.09376959503 0.08791288733
v 0.01125000045 0.09376959503 0.08791288733
v 0.01175000053 0.09376224875 0.0877931267
v 0.01225000061 0.09376959503 0.08791288733
v 0.01275000069 0.09376224875 0.0877931267
v 0.01325000077 0.09374754876 0.08755356073
v 0.01375000086 0.09375490248 0.08767335117
v 0.01425000094 0.09376224875 0.0877931267
v 0.01475000102 0.09376959503 0.08791288733
v 0.0152500011 0.09378429502 0.0881524533
v 0.01575000025 0.09379164875 0.08827224374
v 0.01625000127 0.09379164875 0.08827224374
v 0.01675000042 0.09381137788 0.08861804008
v 0.01725000143 0.09381757677 0.08873105049
v 0.01775000058 0.09381137788 0.08861804008
v 0.01825000159 0.0938237682 0.088844046
v 0.01875000075 0.0938237682 0.088844046
v 0.01925000176 0.09381757677 0.08873105049
v 0.01975000091 0.09377694875 0.08803266287
v 0.02025000006 0.09374020249 0.0874338001
v 0.02075000107 0.09362260997 0.08551734686
v 0.02125000022 0.09364465624 0.08587668836
v 0.02225000039 0.09210128337 0.06072348356
v 0.0227500014 0.09180731326 0.05593240261
v 0.005000000354 0.09435319155 0.08635543287
v 0.005500000436 0.09441863 0.08743342757
v 0.006000000052 0.09444770962 0.0879124999
v 0.006500000134 0.09446952492 0.08827184141
v 0.007000000216 0.09446952492 0.08827184141
v 0.007500000298 0.09446225315 0.08815206587
v 0.00800000038 0.09446225315 0.08815206587
v 0.008500000462 0.09446225315 0.08815206587
v 0.009000000544 0.09444770962 0.0879124999
v 0.009500000626 0.0944404453 0.08779273927
v 0.01000000071 0.0944404453 0.08779273927
v 0.01050000079 0.0944404453 0.08779273927
v 0.01100000087 0.0944404453 0.08779273927
v 0.01150000095 0.09443317354 0.08767296374
v 0.0120000001 0.0944404453 0.08779273927
v 0.01250000019 0.0944404453 0.08779273927
v 0.01300000027 0.09443317354 0.08767296374
v 0.01350000035 0.09443317354 0.08767296374
v 0.01400000043 0.0944404453 0.08779273927
v 0.01450000051 0.0944404453 0.08779273927
v 0.0150000006 0.09445498139 0.08803227544
v 0.01550000068 0.09445498139 0.08803227544
v 0.01600000076 0.09446225315 0.08815206587
v 0.01649999991 0.09446952492 0.08827184141
v 0.01700000092 0.09448290616 0.08850461245
v 0.01750000007 0.09448900819 0.08861765265
v 0.01800000109 0.09448900819 0.08861765265
v 0.01850000024 0.09450121969 0.08884367347
v 0.01900000125 0.09449511766 0.08873066306
v 0.0195000004 0.09446952492 0.08827184141
v 0.02000000142 0.0944404453 0.08779273927
v 0.02050000057 0.09441135824 0.08731363714
v 0.02100000158 0.09430956095 0.08563679457
v 0.02150000073 0.09432410449 0.08587633073
v 0.02200000174 0.09321890026 0.06767058372
v 0.02250000089 0.09281899035 0.06108297408
v 0.02300000191 0.09276081622 0.06012478471
v 0.005250000395 0.09506828338 0.08695395291
v 0.005750000477 0.09511144459 0.08767257631
v 0.006250000093 0.09513302147 0.08803188801
v 0.006750000175 0.09514021128 0.08815166354
v 0.007250000257 0.09514021128 0.08815166354
v 0.007750000339 0.09513302147 0.08803188801
v 0.008249999955 0.09513302147 0.08803188801
v 0.008750000037 0.09512582421 0.08791211247
v 0.009250000119 0.09512582421 0.08791211247
v 0.009750000201 0.0951186344 0.08779235184
v 0.01025000028 0.09511144459 0.08767257631
v 0.01075000037 0.09511144459 0.08767257631
v 0.01125000045 0.09511144459 0.08767257631
v 0.01175000053 0.09511144459 0.08767257631
v 0.01225000061 0.0951186344 0.08779235184
v 0.01275000069 0.0951186344 0.08779235184
v 0.01325000077 0.09511144459 0.08767257631
v 0.01375000086 0.0951186344 0.08779235184
v 0.01425000094 0.09511144459 0.08767257631
v 0.01475000102 0.0951186344 0.08779235184
v 0.0152500011 0.09513302147 0.08803188801
v 0.01575000025 0.09513302147 0.08803188801
v 0.01625000127 0.09513302147 0.08803188801
v 0.01675000042 0.09514740855 0.08827143908
v 0.01725000143 0.09516061842 0.08850422502
v 0.01775000058 0.09516061842 0.08850422502
v 0.01825000159 0.09516663849 0.08861726522
v 0.01875000075 0.09517265856 0.08873029053
v 0.01925000176 0.09516061842 0.08850422502
v 0.01975000091 0.09514021128 0.08815166354
v 0.02025000006 0.09510424733 0.08755280077
v 0.02075000107 0.09506828338 0.08695395291
v 0.02125000022 0.09496039152 0.08515736461
v 0.02175000124 0.0939174369 0.06779037416
v 0.02225000039 0.09393182397 0.06802991033
v 0.0227500014 0.09371604025 0.06443674862
v 0.06525000185 0.09924291819 0.1915042847
v 0.005000000354 0.09572568536 0.08659425378
v 0.005500000436 0.09576125443 0.08719310164
v 0.006000000052 0.09579683095 0.08779196441
v 0.006500000134 0.09581105411 0.08803148568
v 0.007000000216 0.09581105411 0.08803148568
v 0.007500000298 0.09581816941 0.08815127611
v 0.00800000038 0.09581105411 0.08803148568
v 0.008500000462 0.09579683095 0.08779196441
v 0.009000000544 0.09579683095 0.08779196441
v 0.009500000626 0.09579683095 0.08779196441
v 0.01000000071 0.09578971565 0.08767218888
v 0.01050000079 0.09578971565 0.08767218888
v 0.01100000087 0.09578260034 0.08755241334
v 0.01150000095 0.09578971565 0.08767218888
v 0.0120000001 0.09578971565 0.08767218888
v 0.01250000019 0.09578971565 0.08767218888
v 0.01300000027 0.09578260034 0.08755241334
v 0.01350000035 0.09578260034 0.08755241334
v 0.01400000043 0.09578971565 0.08767218888
v 0.01450000051 0.09578971565 0.08767218888
v 0.0150000006 0.09579683095 0.08779196441
v 0.01550000068 0.09579683095 0.08779196441
v 0.01600000076 0.09580393881 0.08791172504
v 0.01649999991 0.09581105411 0.08803148568
v 0.01700000092 0.09582528472 0.08827105165
v 0.01750000007 0.09583833069 0.08850383759
v 0.01800000109 0.09583833069 0.08850383759
v 0.01850000024 0.0958442688 0.08861687779
v 0.01900000125 0.0958442688 0.08861687779
v 0.0195000004 0.09583240002 0.08839079738
v 0.02000000142 0.09580393881 0.08791172504
v 0.02050000057 0.09576836973 0.08731287718
v 0.02100000158 0.09573991597 0.08683380485
v 0.02150000073 0.09561896324 0.08479771018
v 0.02200000174 0.09472253919 0.06970670819
v 0.02250000089 0.09457314014 0.06719152629
v 0.02300000191 0.094260104 0.06192167103
v 0.02350000106 0.09398263693 0.05725063384
v 0.02400000021 0.094018206 0.0578494817
v 0.004750000313 0.09638354927 0.08623459935
v 0.005250000395 0.09642577171 0.08695320785
v 0.005750000477 0.0964609459 0.08755204082
v 0.006250000093 0.09647502005 0.08779157698
v 0.006750000175 0.0964820534 0.08791132271
v 0.007250000257 0.0964820534 0.08791132271
v 0.007750000339 0.0964890942 0.08803109825
v 0.008249999955 0.0964890942 0.08803109825
v 0.008750000037 0.0964679867 0.08767180145
v 0.009250000119 0.09647502005 0.08779157698
v 0.009750000201 0.0964679867 0.08767180145
v 0.01025000028 0.0964609459 0.08755204082
v 0.01075000037 0.0964609459 0.08755204082
v 0.01125000045 0.0964609459 0.08755204082
v 0.01175000053 0.0964609459 0.08755204082
v 0.01225000061 0.0964609459 0.08755204082
v 0.01275000069 0.0964609459 0.08755204082
v 0.01325000077 0.09645391256 0.08743228018
v 0.01375000086 0.0964609459 0.08755204082
v 0.01425000094 0.0964609459 0.08755204082
v 0.01475000102 0.0964679867 0.08767180145
v 0.0152500011 0.0964679867 0.08767180145
v 0.01575000025 0.09647502005 0.08779157698
v 0.01625000127 0.0964820534 0.08791132271
v 0.01675000042 0.0964890942 0.08803109825
v 0.01725000143 0.09650316834 0.08827064931
v 0.01775000058 0.09651020169 0.08839039505
v 0.01825000159 0.0965160504 0.08850343525
v 0.01875000075 0.09652189165 0.08861649036
v 0.01925000176 0.09652189165 0.08861649036
v 0.01975000091 0.0964890942 0.08803109825
v 0.02025000006 0.0964609459 0.08755204082
v 0.02075000107 0.09641873091 0.08683343232
v 0.02125000022 0.09631318599 0.08503691852
v 0.02175000124 0.09632726014 0.08527645469
v 0.02225000039 0.09542663395 0.06994621456
v 0.0227500014 0.09527184069 0.06731133163
v 0.02325000055 0.09508186579 0.06407761574
v 0.02375000156 0.09494817257 0.06180202961
v 0.004500000272 0.09704189003 0.08587494493
v 0.005000000354 0.09709059447 0.08671328425
v 0.005500000436 0.09712538123 0.08731211722
v 0.006000000052 0.09714625776 0.08767141402
v 0.006500000134 0.0971532166 0.08779118955
v 0.007000000216 0.09716017544 0.08791093528
v 0.007500000298 0.09716017544 0.08791093528
v 0.00800000038 0.09716712683 0.08803071082
v 0.008500000462 0.0971532166 0.08779118955
v 0.009000000544 0.09713929892 0.08755165339
v 0.009500000626 0.09713929892 0.08755165339
v 0.01000000071 0.09713929892 0.08755165339
v 0.01050000079 0.09713929892 0.08755165339
v 0.01100000087 0.09713929892 0.08755165339
v 0.01150000095 0.09713234007 0.08743189275
v 0.0120000001 0.09713929892 0.08755165339
v 0.01250000019 0.09713929892 0.08755165339
v 0.01300000027 0.09713234007 0.08743189275
v 0.01350000035 0.09713234007 0.08743189275
v 0.01400000043 0.09713929892 0.08755165339
v 0.01450000051 0.09713929892 0.08755165339
v 0.0150000006 0.09714625776 0.08767141402
v 0.01550000068 0.09714625776 0.08767141402
v 0.01600000076 0.0971532166 0.08779118955
v 0.01649999991 0.09716017544 0.08791093528
v 0.01700000092 0.09716712683 0.08803071082
v 0.01750000007 0.09718104452 0.08827024698
v 0.01800000109 0.09718104452 0.08827024698
v 0.01850000024 0.09719376266 0.08850304782
v 0.01900000125 0.09719376266 0.08850304782
v 0.0195000004 0.09718800336 0.08839000762
v 0.02000000142 0.09716017544 0.08791093528
v 0.02050000057 0.09711146355 0.08707258105
v 0.02100000158 0.09699318558 0.0850365907
v 0.02150000073 0.09700014442 0.08515635133
v 0.02200000174 0.09701405466 0.08539587259
v 0.02250000089 0.09610258043 0.06970666349
v 0.02300000191 0.095775567 0.06407770514
v 0.02350000106 0.09581035376 0.06467652321
v 0.02400000021 0.09564336389 0.06180216372
v 0.004750000313 0.09774885327 0.08635364473
v 0.005250000395 0.09779012948 0.08707220852
v 0.005750000477 0.09781765193 0.08755126595
v 0.006250000093 0.0978314057 0.08779080212
v 0.006750000175 0.0978314057 0.08779080212
v 0.007250000257 0.0978314057 0.08779080212
v 0.007750000339 0.09783829004 0.08791054785
v 0.008249999955 0.0978314057 0.08779080212
v 0.008750000037 0.09781765193 0.08755126595
v 0.009250000119 0.09781765193 0.08755126595
v 0.009750000201 0.09781765193 0.08755126595
v 0.01025000028 0.09781765193 0.08755126595
v 0.01075000037 0.09781765193 0.08755126595
v 0.01125000045 0.09781765193 0.08755126595
v 0.01175000053 0.09781076759 0.08743152022
v 0.01225000061 0.09781076759 0.08743152022
v 0.01275000069 0.09781076759 0.08743152022
v 0.01325000077 0.09780389071 0.08731174469
v 0.01375000086 0.09781076759 0.08743152022
v 0.01425000094 0.09781076759 0.08743152022
v 0.01475000102 0.09781765193 0.08755126595
v 0.0152500011 0.09782452881 0.08767102659
v 0.01575000025 0.09782452881 0.08767102659
v 0.01625000127 0.09783829004 0.08791054785
v 0.01675000042 0.09783829004 0.08791054785
v 0.01725000143 0.09785204381 0.08815008402
v 0.01775000058 0.09785892814 0.08826985955
v 0.01825000159 0.09786580503 0.08838960528
v 0.01875000075 0.09786580503 0.08838960528
v 0.01925000176 0.09786580503 0.08838960528
v 0.01975000091 0.09786580503 0.08838960528
v 0.02025000006 0.0978314057 0.08779080212
v 0.02075000107 0.0977832526 0.08695246279
v 0.02125000022 0.09766630083 0.08491647243
v 0.02175000124 0.09767317772 0.08503624797
v 0.02225000039 0.09679260105 0.06970663369
v 0.0227500014 0.0967444405 0.06886830926
v 0.02325000055 0.09657933563 0.06599397957
v 0.02375000156 0.09614592046 0.05844895542
v 0.02425000072 0.09611840546 0.05796989799
v 0.004500000272 0.098407574 0.0859940052
v 0.005000000354 0.09844838083 0.0867125541
v 0.005500000436 0.09848238528 0.08731135726
v 0.006000000052 0.09849599004 0.08755087852
v 0.006500000134 0.09850279242 0.08767063916
v 0.007000000216 0.09850279242 0.08767063916
v 0.007500000298 0.0985095948 0.08779041469
v 0.00800000038 0.09850279242 0.08767063916
v 0.008500000462 0.09849599004 0.08755087852
v 0.009000000544 0.09849599004 0.08755087852
v 0.009500000626 0.09849599004 0.08755087852
v 0.01000000071 0.09848918766 0.08743113279
v 0.01050000079 0.09848918766 0.08743113279
v 0.01100000087 0.09848918766 0.08743113279
v 0.01150000095 0.09848918766 0.08743113279
v 0.0120000001 0.09848238528 0.08731135726
v 0.01250000019 0.09848918766 0.08743113279
v 0.01300000027 0.09848238528 0.08731135726
v 0.01350000035 0.09848238528 0.08731135726
v 0.01400000043 0.09848238528 0.08731135726
v 0.01450000051 0.09848918766 0.08743113279
v 0.0150000006 0.09850279242 0.08767063916
v 0.01550000068 0.09849599004 0.08755087852
v 0.01600000076 0.09850279242 0.08767063916
v 0.01649999991 0.0985095948 0.08779041469
v 0.01700000092 0.09851639718 0.08791016042
v 0.01750000007 0.09852319211 0.08802992105
v 0.01800000109 0.09853679687 0.08826945722
v 0.01850000024 0.09853679687 0.08826945722
v 0.01900000125 0.09854359925 0.08838920295
v 0.0195000004 0.09853679687 0.08826945722
v 0.02000000142 0.09852319211 0.08802992105
v 0.02050000057 0.09849599004 0.08755087852
v 0.02100000158 0.09844157845 0.08659279346
v 0.02150000073 0.09830556065 0.08419759572
v 0.02200000174 0.09744860232 0.06910780072
v 0.02250000089 0.0974554047 0.06922756135
v 0.02300000191 0.09743500501 0.06886829436
v 0.02350000106 0.097285375 0.06623357534
v 0.02400000021 0.09712214768 0.06335932016
v 0.004250000231 0.09907349944 0.08575412631
v 0.004750000313 0.09912055731 0.08659243584
v 0.005250000395 0.09914744645 0.08707146347
v 0.005750000477 0.09917434305 0.087550506
v 0.006250000093 0.09917434305 0.087550506
v 0.006750000175 0.09918106347 0.08767026663
v 0.007250000257 0.09918106347 0.08767026663
v 0.007750000339 0.09917434305 0.087550506
v 0.008249999955 0.09917434305 0.087550506
v 0.008750000037 0.09917434305 0.087550506
v 0.009250000119 0.09917434305 0.087550506
v 0.009750000201 0.09916761518 0.08743076026
v 0.01025000028 0.09916089475 0.08731098473
v 0.01075000037 0.09916761518 0.08743076026
v 0.01125000045 0.09916761518 0.08743076026
v 0.01175000053 0.09916089475 0.08731098473
v 0.01225000061 0.09916089475 0.08731098473
v 0.01275000069 0.09916089475 0.08731098473
v 0.01325000077 0.09915417433 0.0871912241
v 0.01375000086 0.09916089475 0.08731098473
v 0.01425000094 0.09916089475 0.08731098473
v 0.01475000102 0.09917434305 0.087550506
v 0.0152500011 0.09917434305 0.087550506
v 0.01575000025 0.09918106347 0.08767026663
v 0.01625000127 0.09918106347 0.08767026663
v 0.01675000042 0.0991877839 0.08779002726
v 0.01725000143 0.09920123219 0.08802953362
v 0.01775000058 0.09920795262 0.08814929426
v 0.01825000159 0.09920795262 0.08814929426
v 0.01875000075 0.09921468049 0.08826905489
v 0.01925000176 0.09922140092 0.08838880062
v 0.01975000091 0.09920123219 0.08802953362
v 0.02025000006 0.09917434305 0.087550506
v 0.02075000107 0.09914072603 0.08695171773
v 0.02125000022 0.09910038859 0.08623316884
v 0.02175000124 0.09894576669 0.0834787339
v 0.02225000039 0.09814573824 0.06922756135
v 0.0227500014 0.09813901782 0.06910780072
v 0.02325000055 0.0981188491 0.06874851882
v 0.02375000156 0.09797094017 0.06611384451
v 0.02425000072 0.09760791063 0.05964693427
v 0.004500000272 0.09977959841 0.08623281121
v 0.005000000354 0.09981946647 0.08695134521
v 0.005500000436 0.09984605014 0.08743037283
v 0.006000000052 0.09985268861 0.08755011857
v 0.006500000134 0.09985933453 0.0876698792
v 0.007000000216 0.09985933453 0.0876698792
v 0.007500000298 0.09985268861 0.08755011857
v 0.00800000038 0.09985268861 0.08755011857
v 0.008500000462 0.09985268861 0.08755011857
v 0.009000000544 0.09985268861 0.08755011857
v 0.009500000626 0.09984605014 0.08743037283
v 0.01000000071 0.09984605014 0.08743037283
v 0.01050000079 0.09983940423 0.0873106122
v 0.01100000087 0.09984605014 0.08743037283
v 0.01150000095 0.09984605014 0.08743037283
v 0.0120000001 0.09983940423 0.0873106122
v 0.01250000019 0.09983275831 0.08719085157
v 0.01300000027 0.09982611239 0.08707109094
v 0.01350000035 0.09983275831 0.08719085157
v 0.01400000043 0.09983940423 0.0873106122
v 0.01450000051 0.09984605014 0.08743037283
v 0.0150000006 0.09985268861 0.08755011857
v 0.01550000068 0.09985268861 0.08755011857
v 0.01600000076 0.09985268861 0.08755011857
v 0.01649999991 0.09985933453 0.0876698792
v 0.01700000092 0.09987262636 0.08790937066
v 0.01750000007 0.09987927228 0.08802913129
v 0.01800000109 0.09988591075 0.08814890683
v 0.01850000024 0.09989255667 0.08826865256
v 0.01900000125 0.09989920259 0.08838839829
v 0.0195000004 0.09989255667 0.08826865256
v 0.02000000142 0.09986598045 0.08778963983
v 0.02050000057 0.09983940423 0.0873106122
v 0.02100000158 0.09977959841 0.08623281121
v 0.02150000073 0.0997729525 0.08611306548
v 0.02200000174 0.09964006394 0.08371794224
v 0.02250000089 0.09883607179 0.06922754645
v 0.02300000191 0.09866995364 0.06623366475
v 0.02350000106 0.09849055111 0.06300024688
v 0.02400000021 0.09828456491 0.05928784609
v 0.02450000122 0.09830450267 0.05964711308
v 0.004750000313 0.1004785001 0.08659170568
v 0.005250000395 0.1005113348 0.08719047904
v 0.005750000477 0.1005310342 0.08754973114
v 0.006250000093 0.1005375981 0.08766949177
v 0.006750000175 0.1005375981 0.08766949177
v 0.007250000257 0.1005310342 0.08754973114
v 0.007750000339 0.1005310342 0.08754973114
v 0.008249999955 0.1005310342 0.08754973114
v 0.008750000037 0.1005310342 0.08754973114
v 0.009250000119 0.1005244702 0.08743000031
v 0.009750000201 0.1005178988 0.08731022477
v 0.01025000028 0.1005244702 0.08743000031
v 0.01075000037 0.1005244702 0.08743000031
v 0.01125000045 0.1005244702 0.08743000031
v 0.01175000053 0.1005113348 0.08719047904
v 0.01225000061 0.1005178988 0.08731022477
v 0.01275000069 0.1005178988 0.08731022477
v 0.01325000077 0.1005113348 0.08719047904
v 0.01375000086 0.1005178988 0.08731022477
v 0.01425000094 0.1005178988 0.08731022477
v 0.01475000102 0.1005244702 0.08743000031
v 0.0152500011 0.1005310342 0.08754973114
v 0.01575000025 0.1005375981 0.08766949177
v 0.01625000127 0.1005375981 0.08766949177
v 0.01675000042 0.1005441695 0.0877892524
v 0.01725000143 0.1005572975 0.08802874386
v 0.01775000058 0.1005638614 0.0881485045
v 0.01825000159 0.1005704328 0.08826826513
v 0.01875000075 0.1005769968 0.08838799596
v 0.01925000176 0.1005769968 0.08838799596
v 0.01975000091 0.1005769968 0.08838799596
v 0.02025000006 0.1005572975 0.08802874386
v 0.02075000107 0.1005310342 0.08754973114
v 0.02125000022 0.1004456729 0.08599294722
v 0.02175000124 0.1002880782 0.08311888576
v 0.02225000039 0.100123927 0.08012504876
v 0.0227500014 0.09952639043 0.06922753155
v 0.02325000055 0.0992834419 0.06479665637
v 0.02375000156 0.09927030653 0.06455716491
v 0.02425000072 0.09910614789 0.06156332791
v 0.02475000173 0.09882380068 0.05641394854
v 0.004500000272 0.1011445001 0.08635184169
v 0.005000000354 0.1011834294 0.08707034588
v 0.005500000436 0.1012028977 0.08742961287
v 0.006000000052 0.1012093797 0.08754934371
v 0.006500000134 0.1012158692 0.08766910434
v 0.007000000216 0.1012093797 0.08754934371
v 0.007500000298 0.1012093797 0.08754934371
v 0.00800000038 0.1012028977 0.08742961287
v 0.008500000462 0.1012028977 0.08742961287
v 0.009000000544 0.1012028977 0.08742961287
v 0.009500000626 0.1012028977 0.08742961287
v 0.01000000071 0.1011964083 0.08730985224
v 0.01050000079 0.1011964083 0.08730985224
v 0.01100000087 0.1011964083 0.08730985224
v 0.01150000095 0.1011964083 0.08730985224
v 0.0120000001 0.1011964083 0.08730985224
v 0.01250000019 0.1011964083 0.08730985224
v 0.01300000027 0.1011964083 0.08730985224
v 0.01350000035 0.1011964083 0.08730985224
v 0.01400000043 0.1012028977 0.08742961287
v 0.01450000051 0.1011964083 0.08730985224
v 0.0150000006 0.1012028977 0.08742961287
v 0.01550000068 0.1012093797 0.08754934371
v 0.01600000076 0.1012158692 0.08766910434
v 0.01649999991 0.1012223586 0.08778886497
v 0.01700000092 0.1012288481 0.0879085958
v 0.01750000007 0.1012353376 0.08802835643
v 0.01800000109 0.1012418196 0.08814811707
v 0.01850000024 0.101248309 0.0882678628
v 0.01900000125 0.1012547985 0.08838760853
v 0.0195000004 0.1012547985 0.08838760853
v 0.02000000142 0.1012547985 0.08838760853
v 0.02050000057 0.1012288481 0.0879085958
v 0.02100000158 0.1012093797 0.08754934371
v 0.02150000073 0.1011704579 0.08683085442
v 0.02200000174 0.1008006409 0.08000507951
v 0.02250000089 0.1001972631 0.06886826456
v 0.02300000191 0.1001972631 0.06886826456
v 0.02350000106 0.09998964518 0.06503622234
v 0.02400000021 0.09996369481 0.06455723941
v 0.02450000122 0.09981447458 0.06180296838
v 0.004250000231 0.1018108204 0.0861120075
v 0.004750000313 0.1018492728 0.08683048189
v 0.005250000395 0.1018749103 0.08730947971
v 0.005750000477 0.1018877327 0.08754897118
v 0.006250000093 0.1018877327 0.08754897118
v 0.006750000175 0.1018813252 0.08742922544
v 0.007250000257 0.1018877327 0.08754897118
v 0.007750000339 0.1018877327 0.08754897118
v 0.008249999955 0.1018813252 0.08742922544
v 0.008750000037 0.1018749103 0.08730947971
v 0.009250000119 0.1018749103 0.08730947971
v 0.009750000201 0.1018685028 0.08718971908
v 0.01025000028 0.1018685028 0.08718971908
v 0.01075000037 0.1018685028 0.08718971908
v 0.01125000045 0.1018685028 0.08718971908
v 0.01175000053 0.1018685028 0.08718971908
v 0.01225000061 0.1018685028 0.08718971908
v 0.01275000069 0.1018685028 0.08718971908
v 0.01325000077 0.1018749103 0.08730947971
v 0.01375000086 0.1018685028 0.08718971908
v 0.01425000094 0.1018749103 0.08730947971
v 0.01475000102 0.1018749103 0.08730947971
v 0.0152500011 0.1018877327 0.08754897118
v 0.01575000025 0.1018877327 0.08754897118
v 0.01625000127 0.1018941402 0.08766871691
v 0.01675000042 0.1019005552 0.08778847754
v 0.01725000143 0.1019069627 0.08790820837
v 0.01775000058 0.1019133702 0.0880279541
v 0.01825000159 0.1019197777 0.08814771473
v 0.01875000075 0.1019261926 0.08826746047
v 0.01925000176 0.1019261926 0.08826746047
v 0.01975000091 0.1019261926 0.08826746047
v 0.02025000006 0.1019197777 0.08814771473
v 0.02075000107 0.1018749103 0.08730947971
v 0.02125000022 0.1018620953 0.08706997335
v 0.02175000124 0.1017274931 0.08455526829
v 0.02225000039 0.1014967412 0.08024433255
v 0.0227500014 0.1008685976 0.06850899756
v 0.02325000055 0.1006698981 0.06479680538
v 0.02375000156 0.1005929857 0.0633598268
v 0.02425000072 0.100484021 0.06132411957
v 0.02475000173 0.1003173664 0.05821067095
v 0.00400000019 0.1024774462 0.08587214351
v 0.004500000272 0.1025217623 0.08671036363
v 0.005000000354 0.1025470868 0.08718934655
v 0.005500000436 0.1025597528 0.08742885292
v 0.006000000052 0.1025660858 0.08754858375
v 0.006500000134 0.1025597528 0.08742885292
v 0.007000000216 0.1025597528 0.08742885292
v 0.007500000298 0.1025597528 0.08742885292
v 0.00800000038 0.1025534198 0.08730909228
v 0.008500000462 0.1025534198 0.08730909228
v 0.009000000544 0.1025534198 0.08730909228
v 0.009500000626 0.1025470868 0.08718934655
v 0.01000000071 0.1025470868 0.08718934655
v 0.01050000079 0.1025407538 0.08706960082
v 0.01100000087 0.1025407538 0.08706960082
v 0.01150000095 0.1025470868 0.08718934655
v 0.0120000001 0.1025470868 0.08718934655
v 0.01250000019 0.1025470868 0.08718934655
v 0.01300000027 0.1025470868 0.08718934655
v 0.01350000035 0.1025470868 0.08718934655
v 0.01400000043 0.1025470868 0.08718934655
v 0.01450000051 0.1025534198 0.08730909228
v 0.0150000006 0.1025597528 0.08742885292
v 0.01550000068 0.1025660858 0.08754858375
v 0.01600000076 0.1025724113 0.08766832948
v 0.01649999991 0.1025724113 0.08766832948
v 0.01700000092 0.1025850773 0.08790782094
v 0.01750000007 0.1025914103 0.08802756667
v 0.01800000109 0.1025977358 0.0881473273
v 0.01850000024 0.1025977358 0.0881473273
v 0.01900000125 0.1026104018 0.08838680387
v 0.0195000004 0.1026040688 0.08826707304
v 0.02000000142 0.1025977358 0.0881473273
v 0.02050000057 0.1025850773 0.08790782094
v 0.02100000158 0.1025534198 0.08730909228
v 0.02150000073 0.1024141312 0.08467468619
v 0.02200000174 0.1024204642 0.08479443192
v 0.02250000089 0.10217987 0.08024409413
v 0.02300000191 0.1014264375 0.0659943372
v 0.02350000106 0.1012428328 0.06252171099
v 0.02400000021 0.1011478603 0.06072552502
v 0.02450000122 0.1011541933 0.06084527075
v 0.003750000149 0.103163138 0.08599154651
v 0.004250000231 0.1032006517 0.0867099911
v 0.004750000313 0.1032256633 0.08718897402
v 0.005250000395 0.1032319218 0.08730871975
v 0.005750000477 0.1032381728 0.08742846549
v 0.006250000093 0.1032381728 0.08742846549
v 0.006750000175 0.1032381728 0.08742846549
v 0.007250000257 0.1032319218 0.08730871975
v 0.007750000339 0.1032256633 0.08718897402
v 0.008249999955 0.1032256633 0.08718897402
v 0.008750000037 0.1032319218 0.08730871975
v 0.009250000119 0.1032256633 0.08718897402
v 0.009750000201 0.1032194123 0.08706922829
v 0.01025000028 0.1032256633 0.08718897402
v 0.01075000037 0.1032194123 0.08706922829
v 0.01125000045 0.1032194123 0.08706922829
v 0.01175000053 0.1032194123 0.08706922829
v 0.01225000061 0.1032194123 0.08706922829
v 0.01275000069 0.1032194123 0.08706922829
v 0.01325000077 0.1032194123 0.08706922829
v 0.01375000086 0.1032256633 0.08718897402
v 0.01425000094 0.1032256633 0.08718897402
v 0.01475000102 0.1032381728 0.08742846549
v 0.0152500011 0.1032381728 0.08742846549
v 0.01575000025 0.1032444239 0.08754819632
v 0.01625000127 0.1032506749 0.08766794205
v 0.01675000042 0.1032569334 0.08778770268
v 0.01725000143 0.1032631844 0.08790743351
v 0.01775000058 0.1032694355 0.08802717924
v 0.01825000159 0.103275694 0.08814692497
v 0.01875000075 0.103281945 0.0882666707
v 0.01925000176 0.103288196 0.08838640153
v 0.01975000091 0.103281945 0.0882666707
v 0.02025000006 0.103275694 0.08814692497
v 0.02075000107 0.1032569334 0.08778770268
v 0.02125000022 0.1032444239 0.08754819632
v 0.02175000124 0.1031068563 0.08491383493
v 0.02225000039 0.1030881032 0.08455461264
v 0.0227500014 0.1021126285 0.06587465107
v 0.02325000055 0.1019312888 0.06240208447
v 0.02375000156 0.1019437984 0.06264157593
v 0.02425000072 0.1016311496 0.05665440857
v 0.003500000108 0.1038363278 0.08587144315
v 0.00400000019 0.1038733795 0.08658988774
v 0.004500000272 0.1038980782 0.08706885576
v 0.005000000354 0.1039104238 0.08730833232
v 0.005500000436 0.1039166003 0.08742809296
v 0.006000000052 0.1039227769 0.08754782379
v 0.006500000134 0.1039166003 0.08742809296
v 0.007000000216 0.1039104238 0.08730833232
v 0.007500000298 0.1039042473 0.08718860149
v 0.00800000038 0.1039042473 0.08718860149
v 0.008500000462 0.1038980782 0.08706885576
v 0.009000000544 0.1038980782 0.08706885576
v 0.009500000626 0.1038980782 0.08706885576
v 0.01000000071 0.1038980782 0.08706885576
v 0.01050000079 0.1038980782 0.08706885576
v 0.01100000087 0.1038919017 0.08694912493
v 0.01150000095 0.1038980782 0.08706885576
v 0.0120000001 0.1038980782 0.08706885576
v 0.01250000019 0.1038980782 0.08706885576
v 0.01300000027 0.1038980782 0.08706885576
v 0.01350000035 0.1038980782 0.08706885576
v 0.01400000043 0.1039042473 0.08718860149
v 0.01450000051 0.1039042473 0.08718860149
v 0.0150000006 0.1039166003 0.08742809296
v 0.01550000068 0.1039227769 0.08754782379
v 0.01600000076 0.1039227769 0.08754782379
v 0.01649999991 0.1039289534 0.08766755462
v 0.01700000092 0.1039351225 0.08778731525
v 0.01750000007 0.103941299 0.08790703118
v 0.01800000109 0.1039536521 0.08814653754
v 0.01850000024 0.1039598212 0.08826626837
v 0.01900000125 0.1039659977 0.0883859992
v 0.0195000004 0.1039598212 0.08826626837
v 0.02000000142 0.1039598212 0.08826626837
v 0.02050000057 0.1039536521 0.08814653754
v 0.02100000158 0.1039351225 0.08778731525
v 0.02150000073 0.1039227769 0.08754782379
v 0.02200000174 0.1037807539 0.08479377627
v 0.02250000089 0.1026013866 0.06192326546
v 0.02300000191 0.1026260853 0.06240220368
v 0.02350000106 0.1026384383 0.06264169514
v 0.02400000021 0.1023111716 0.0562954396
v 0.02450000122 0.1023173481 0.05641517043
v 0.003250000067 0.104515776 0.08587110043
v 0.003750000149 0.1045523509 0.08658951521
v 0.004250000231 0.1045767367 0.08706848323
v 0.004750000313 0.1045889333 0.08730795979
v 0.005250000395 0.1045950279 0.08742770553
v 0.005750000477 0.1045950279 0.08742770553
v 0.006250000093 0.1045950279 0.08742770553
v 0.006750000175 0.1045889333 0.08730795979
v 0.007250000257 0.1045828387 0.08718821406
v 0.007750000339 0.1045828387 0.08718821406
v 0.008249999955 0.1045767367 0.08706848323
v 0.008750000037 0.1045706421 0.0869487524
v 0.009250000119 0.1045706421 0.0869487524
v 0.009750000201 0.1045706421 0.0869487524
v 0.01025000028 0.1045706421 0.0869487524
v 0.01075000037 0.1045706421 0.0869487524
v 0.01125000045 0.1045767367 0.08706848323
v 0.01175000053 0.1045767367 0.08706848323
v 0.01225000061 0.1045706421 0.0869487524
v 0.01275000069 0.1045767367 0.08706848323
v 0.01325000077 0.1045767367 0.08706848323
v 0.01375000086 0.1045767367 0.08706848323
v 0.01425000094 0.1045828387 0.08718821406
v 0.01475000102 0.1045889333 0.08730795979
v 0.0152500011 0.1045950279 0.08742770553
v 0.01575000025 0.1046011224 0.08754743636
v 0.01625000127 0.1046011224 0.08754743636
v 0.01675000042 0.1046072245 0.08766718209
v 0.01725000143 0.104613319 0.08778692782
v 0.01775000058 0.1046194136 0.08790664375
v 0.01825000159 0.1046316102 0.08814613521
v 0.01875000075 0.1046377048 0.08826588094
v 0.01925000176 0.1046377048 0.08826588094
v 0.01975000091 0.1046316102 0.08814613521
v 0.02025000006 0.1046377048 0.08826588094
v 0.02075000107 0.1046255082 0.08802638948
v 0.02125000022 0.1046072245 0.08766718209
v 0.02175000124 0.1045035794 0.08563162386
v 0.02225000039 0.1045218706 0.08599083126
v 0.0227500014 0.1033025905 0.0620431304
v 0.02325000055 0.1033147871 0.06228260696
v 0.003000000026 0.1051831841 0.08563128114
v 0.003500000108 0.1052313298 0.08658915758
v 0.00400000019 0.1052493826 0.08694837987
v 0.004500000272 0.1052674353 0.08730758727
v 0.005000000354 0.1052734554 0.087427333
v 0.005500000436 0.1052734554 0.087427333
v 0.006000000052 0.1052674353 0.08730758727
v 0.006500000134 0.1052674353 0.08730758727
v 0.007000000216 0.1052614227 0.08718784153
v 0.007500000298 0.1052554026 0.0870681107
v 0.00800000038 0.1052554026 0.0870681107
v 0.008500000462 0.1052493826 0.08694837987
v 0.009000000544 0.1052493826 0.08694837987
v 0.009500000626 0.1052433699 0.08682864904
v 0.01000000071 0.1052433699 0.08682864904
v 0.01050000079 0.1052493826 0.08694837987
v 0.01100000087 0.1052493826 0.08694837987
v 0.01150000095 0.1052493826 0.08694837987
v 0.0120000001 0.1052493826 0.08694837987
v 0.01250000019 0.1052493826 0.08694837987
v 0.01300000027 0.1052493826 0.08694837987
v 0.01350000035 0.1052493826 0.08694837987
v 0.01400000043 0.1052554026 0.0870681107
v 0.01450000051 0.1052614227 0.08718784153
v 0.0150000006 0.1052614227 0.08718784153
v 0.01550000068 0.1052734554 0.087427333
v 0.01600000076 0.1052734554 0.087427333
v 0.01649999991 0.1052794755 0.08754704893
v 0.01700000092 0.1052915081 0.08778654039
v 0.01750000007 0.1052975282 0.08790625632
v 0.01800000109 0.1052975282 0.08790625632
v 0.01850000024 0.1053095683 0.08814574778
v 0.01900000125 0.105315581 0.08826547861
v 0.0195000004 0.105315581 0.08826547861
v 0.02000000142 0.1053095683 0.08814574778
v 0.02050000057 0.1053095683 0.08814574778
v 0.02100000158 0.1052975282 0.08790625632
v 0.02150000073 0.1052794755 0.08754704893
v 0.02200000174 0.1051952243 0.0858707428
v 0.02350000106 0.103492111 0.05198541284
v 0.002750000218 0.1058449671 0.08527173102
v 0.003250000067 0.105898425 0.08634933829
v 0.003750000149 0.105928123 0.08694800735
v 0.004250000231 0.1059400067 0.08718746901
v 0.004750000313 0.1059518829 0.08742694557
v 0.005250000395 0.1059518829 0.08742694557
v 0.005750000477 0.1059518829 0.08742694557
v 0.006250000093 0.1059400067 0.08718746901
v 0.006750000175 0.1059459448 0.08730719984
v 0.007250000257 0.1059340686 0.08706773818
v 0.007750000339 0.105928123 0.08694800735
v 0.008249999955 0.105928123 0.08694800735
v 0.008750000037 0.1059221849 0.08682827652
v 0.009250000119 0.1059221849 0.08682827652
v 0.009750000201 0.1059221849 0.08682827652
v 0.01025000028 0.105928123 0.08694800735
v 0.01075000037 0.1059221849 0.08682827652
v 0.01125000045 0.1059221849 0.08682827652
v 0.01175000053 0.1059221849 0.08682827652
v 0.01225000061 0.105928123 0.08694800735
v 0.01275000069 0.105928123 0.08694800735
v 0.01325000077 0.105928123 0.08694800735
v 0.01375000086 0.105928123 0.08694800735
v 0.01425000094 0.1059340686 0.08706773818
v 0.01475000102 0.1059400067 0.08718746901
v 0.0152500011 0.1059400067 0.08718746901
v 0.01575000025 0.1059459448 0.08730719984
v 0.01625000127 0.105957821 0.0875466615
v 0.01675000042 0.1059637666 0.08766640723
v 0.01725000143 0.1059637666 0.08766640723
v 0.01775000058 0.1059697047 0.08778615296
v 0.01825000159 0.1059815809 0.08802559972
v 0.01875000075 0.1059875265 0.08814534545
v 0.01925000176 0.1059934646 0.08826507628
v 0.01975000091 0.1059934646 0.08826507628
v 0.02025000006 0.1059875265 0.08814534545
v 0.02075000107 0.1059875265 0.08814534545
v 0.02125000022 0.1059697047 0.08778615296
v 0.02175000124 0.1059162468 0.08670853078
v 0.02225000039 0.1059043705 0.08646906912
v 0.0227500014 0.1057439893 0.0832362473
v 0.02325000055 0.1043897271 0.05593696237
v 0.003000000026 0.1065599769 0.08598978817
v 0.003500000108 0.1065951437 0.08670817316
v 0.00400000019 0.1066185907 0.08718709648
v 0.004500000272 0.1066303104 0.08742657304
v 0.005000000354 0.1066303104 0.08742657304
v 0.005500000436 0.1066303104 0.08742657304
v 0.006000000052 0.1066244543 0.08730682731
v 0.006500000134 0.1066185907 0.08718709648
v 0.007000000216 0.106612727 0.08706736565
v 0.007500000298 0.1066068709 0.08694763482
v 0.00800000038 0.1066068709 0.08694763482
v 0.008500000462 0.1066010073 0.08682790399
v 0.009000000544 0.1066010073 0.08682790399
v 0.009500000626 0.1066010073 0.08682790399
v 0.01000000071 0.1066068709 0.08694763482
v 0.01050000079 0.1066010073 0.08682790399
v 0.01100000087 0.1066010073 0.08682790399
v 0.01150000095 0.1066010073 0.08682790399
v 0.0120000001 0.1066010073 0.08682790399
v 0.01250000019 0.1066068709 0.08694763482
v 0.01300000027 0.1066068709 0.08694763482
v 0.01350000035 0.1066068709 0.08694763482
v 0.01400000043 0.106612727 0.08706736565
v 0.01450000051 0.1066185907 0.08718709648
v 0.0150000006 0.1066185907 0.08718709648
v 0.01550000068 0.1066244543 0.08730682731
v 0.01600000076 0.1066303104 0.08742657304
v 0.01649999991 0.106636174 0.08754628897
v 0.01700000092 0.1066420376 0.0876660198
v 0.01750000007 0.1066420376 0.0876660198
v 0.01800000109 0.1066537574 0.08790548146
v 0.01850000024 0.1066654846 0.08814495802
v 0.01900000125 0.1066713408 0.08826468885
v 0.0195000004 0.1066713408 0.08826468885
v 0.02000000142 0.1066713408 0.08826468885
v 0.02050000057 0.1066713408 0.08826468885
v 0.02100000158 0.1066654846 0.08814495802
v 0.02150000073 0.1066479012 0.08778576553
v 0.02200000174 0.1066010073 0.08682790399
v 0.02250000089 0.1066010073 0.08682790399
v 0.002750000218 0.1072451174 0.08610917628
v 0.003250000067 0.1072740331 0.08670780063
v 0.003750000149 0.1072971672 0.08718670905
v 0.004250000231 0.1073087379 0.08742618561
v 0.004750000313 0.1073087379 0.08742618561
v 0.005250000395 0.1073029488 0.08730645478
v 0.005750000477 0.1073087379 0.08742618561
v 0.006250000093 0.1072913855 0.08706699312
v 0.006750000175 0.1072913855 0.08706699312
v 0.007250000257 0.1072856039 0.08694727719
v 0.007750000339 0.1072856039 0.08694727719
v 0.008249999955 0.1072798148 0.08682753146
v 0.008750000037 0.1072798148 0.08682753146
v 0.009250000119 0.1072798148 0.08682753146
v 0.009750000201 0.1072798148 0.08682753146
v 0.01025000028 0.1072798148 0.08682753146
v 0.01075000037 0.1072798148 0.08682753146
v 0.01125000045 0.1072798148 0.08682753146
v 0.01175000053 0.1072798148 0.08682753146
v 0.01225000061 0.1072798148 0.08682753146
v 0.01275000069 0.1072856039 0.08694727719
v 0.01325000077 0.1072913855 0.08706699312
v 0.01375000086 0.1072913855 0.08706699312
v 0.01425000094 0.1072913855 0.08706699312
v 0.01475000102 0.1072971672 0.08718670905
v 0.0152500011 0.1072971672 0.08718670905
v 0.01575000025 0.1073087379 0.08742618561
v 0.01625000127 0.1073087379 0.08742618561
v 0.01675000042 0.1073145196 0.08754590154
v 0.01725000143 0.1073203012 0.08766563237
v 0.01775000058 0.1073260829 0.0877853781
v 0.01825000159 0.1073376462 0.08802480996
v 0.01875000075 0.1073434353 0.08814455569
v 0.01925000176 0.1073492169 0.08826428652
v 0.01975000091 0.1073492169 0.08826428652
v 0.02025000006 0.1073492169 0.08826428652
v 0.02075000107 0.1073549986 0.08838400245
v 0.02125000022 0.1073492169 0.08826428652
v 0.02175000124 0.1072971672 0.08718670905
v 0.02225000039 0.1072856039 0.08694727719
v 0.0227500014 0.1072856039 0.08694727719
v 0.02325000055 0.1072219908 0.08563025296
v 0.002500000177 0.1079187021 0.08598907292
v 0.003000000026 0.10795293 0.0867074281
v 0.003500000108 0.107970044 0.08706660569
v 0.00400000019 0.1079871655 0.08742579818
v 0.004500000272 0.1079871655 0.08742579818
v 0.005000000354 0.1079757512 0.08718633652
v 0.005500000436 0.1079814583 0.08730606735
v 0.006000000052 0.1079757512 0.08718633652
v 0.006500000134 0.1079643443 0.08694690466
v 0.007000000216 0.107970044 0.08706660569
v 0.007500000298 0.1079643443 0.08694690466
v 0.00800000038 0.1079586372 0.08682717383
v 0.008500000462 0.1079586372 0.08682717383
v 0.009000000544 0.1079586372 0.08682717383
v 0.009500000626 0.1079586372 0.08682717383
v 0.01000000071 0.10795293 0.0867074281
v 0.01050000079 0.1079586372 0.08682717383
v 0.01100000087 0.1079586372 0.08682717383
v 0.01150000095 0.1079586372 0.08682717383
v 0.0120000001 0.1079586372 0.08682717383
v 0.01250000019 0.1079643443 0.08694690466
v 0.01300000027 0.107970044 0.08706660569
v 0.01350000035 0.1079643443 0.08694690466
v 0.01400000043 0.107970044 0.08706660569
v 0.01450000051 0.107970044 0.08706660569
v 0.0150000006 0.1079757512 0.08718633652
v 0.01550000068 0.1079814583 0.08730606735
v 0.01600000076 0.1079871655 0.08742579818
v 0.01649999991 0.1079871655 0.08742579818
v 0.01700000092 0.1079928651 0.08754551411
v 0.01750000007 0.1079985723 0.08766524494
v 0.01800000109 0.1080099791 0.0879046917
v 0.01850000024 0.1080156863 0.08802442253
v 0.01900000125 0.1080213934 0.08814415336
v 0.0195000004 0.1080328003 0.08838360012
v 0.02000000142 0.1080328003 0.08838360012
v 0.02050000057 0.1080328003 0.08838360012
v 0.02100000158 0.1080328003 0.08838360012
v 0.02150000073 0.1080156863 0.08802442253
v 0.02200000174 0.107970044 0.08706660569
v 0.02250000089 0.107970044 0.08706660569
v 0.02300000191 0.1079472303 0.08658769727
v 0.02350000106 0.1079130024 0.08586935699
v -0.005250000395 0.1024771631 -0.02592165023
v -0.004750000313 0.1024846956 -0.02578687295
v 0.002250000136 0.1085980758 0.08598873019
v 0.002750000218 0.1086318344 0.08670707047
v 0.003250000067 0.10864871 0.08706623316
v 0.003750000149 0.1086599603 0.08730569482
v 0.004250000231 0.1086599603 0.08730569482
v 0.004750000313 0.1086543351 0.08718596399
v 0.005250000395 0.1086543351 0.08718596399
v 0.005750000477 0.1086543351 0.08718596399
v 0.006250000093 0.10864871 0.08706623316
v 0.006750000175 0.10864871 0.08706623316
v 0.007250000257 0.10864871 0.08706623316
v 0.007750000339 0.1086374596 0.0868268013
v 0.008249999955 0.1086318344 0.08670707047
v 0.008750000037 0.1086374596 0.0868268013
v 0.009250000119 0.1086318344 0.08670707047
v 0.009750000201 0.1086374596 0.0868268013
v 0.01025000028 0.1086374596 0.0868268013
v 0.01075000037 0.1086318344 0.08670707047
v 0.01125000045 0.1086374596 0.0868268013
v 0.01175000053 0.1086374596 0.0868268013
v 0.01225000061 0.1086374596 0.0868268013
v 0.01275000069 0.1086430848 0.08694653213
v 0.01325000077 0.1086430848 0.08694653213
v 0.01375000086 0.1086430848 0.08694653213
v 0.01425000094 0.1086430848 0.08694653213
v 0.01475000102 0.10864871 0.08706623316
v 0.0152500011 0.1086543351 0.08718596399
v 0.01575000025 0.1086599603 0.08730569482
v 0.01625000127 0.1086599603 0.08730569482
v 0.01675000042 0.108665593 0.08742542565
v 0.01725000143 0.1086768433 0.08766485751
v 0.01775000058 0.1086824685 0.08778458834
v 0.01825000159 0.1086937189 0.0880240351
v 0.01875000075 0.1086993515 0.08814376593
v 0.01925000176 0.1087049767 0.08826349676
v 0.01975000091 0.1087106019 0.08838319778
v 0.02025000006 0.1087106019 0.08838319778
v 0.02075000107 0.1087106019 0.08838319778
v 0.02125000022 0.1087049767 0.08826349676
v 0.02175000124 0.1086937189 0.0880240351
v 0.02225000039 0.1086543351 0.08718596399
v 0.0227500014 0.1086430848 0.08694653213
v 0.02325000055 0.1086093262 0.08622817695
v 0.02375000156 0.108479917 0.08347453177
v -0.006000000052 0.1032081768 -0.0261904411
v -0.005500000436 0.1032081768 -0.0261904411
v -0.005000000354 0.1032081768 -0.0261904411
v 0.002000000095 0.1092774346 0.08598837256
v 0.002500000177 0.1093051732 0.08658696711
v 0.003000000026 0.1093218178 0.0869461596
v 0.003500000108 0.1093329117 0.08718559146
v 0.00400000019 0.1093384624 0.08730530739
v 0.004500000272 0.1093384624 0.08730530739
v 0.005000000354 0.1093329117 0.08718559146
v 0.005500000436 0.1093329117 0.08718559146
v 0.006000000052 0.1093273684 0.08706586063
v 0.006500000134 0.1093273684 0.08706586063
v 0.007000000216 0.1093162671 0.08682642877
v 0.007500000298 0.1093162671 0.08682642877
v 0.00800000038 0.1093162671 0.08682642877
v 0.008500000462 0.1093162671 0.08682642877
v 0.009000000544 0.1093051732 0.08658696711
v 0.009500000626 0.1093107238 0.08670669794
v 0.01000000071 0.1093162671 0.08682642877
v 0.01050000079 0.1093107238 0.08670669794
v 0.01100000087 0.1093107238 0.08670669794
v 0.01150000095 0.1093162671 0.08682642877
v 0.0120000001 0.1093162671 0.08682642877
v 0.01250000019 0.1093107238 0.08670669794
v 0.01300000027 0.1093107238 0.08670669794
v 0.01350000035 0.1093107238 0.08670669794
v 0.01400000043 0.1093162671 0.08682642877
v 0.01450000051 0.1093218178 0.0869461596
v 0.0150000006 0.1093273684 0.08706586063
v 0.01550000068 0.1093329117 0.08718559146
v 0.01600000076 0.1093384624 0.08730530739
v 0.01649999991 0.1093384624 0.08730530739
v 0.01700000092 0.109344013 0.08742503822
v 0.01750000007 0.1093551069 0.08766447008
v 0.01800000109 0.1093606576 0.08778420091
v 0.01850000024 0.1093662009 0.08790391684
v 0.01900000125 0.1093773022 0.0881433636
v 0.0195000004 0.1093828455 0.08826309443
v 0.02000000142 0.1093828455 0.08826309443
v 0.02050000057 0.1093883961 0.08838279545
v 0.02100000158 0.1093828455 0.08826309443
v 0.02150000073 0.1093828455 0.08826309443
v 0.02200000174 0.1093773022 0.0881433636
v 0.02250000089 0.1093495563 0.08754475415
v 0.02300000191 0.1093273684 0.08706586063
v 0.02350000106 0.1092663333 0.08574892581
v 0.02400000021 0.1091775671 0.08383338153
v -0.006250000093 0.1039246544 -0.02672883123
v -0.005250000395 0.1038580313 -0.02794189006
v 0.001750000054 0.1099294499 0.08538942039
v 0.002250000136 0.1099732071 0.08634717762
v 0.002750000218 0.1099950895 0.08682607114
v 0.003250000067 0.1100005582 0.08694578707
v 0.003750000149 0.1100114956 0.08718521893
v 0.004250000231 0.1100114956 0.08718521893
v 0.004750000313 0.1100060269 0.0870654881
v 0.005250000395 0.1100060269 0.0870654881
v 0.005750000477 0.1100005582 0.08694578707
v 0.006250000093 0.1099950895 0.08682607114
v 0.006750000175 0.1099950895 0.08682607114
v 0.007250000257 0.1099950895 0.08682607114
v 0.007750000339 0.1099896207 0.08670634031
v 0.008249999955 0.1099896207 0.08670634031
v 0.008750000037 0.109984152 0.08658660948
v 0.009250000119 0.1099896207 0.08670634031
v 0.009750000201 0.1099896207 0.08670634031
v 0.01025000028 0.1099896207 0.08670634031
v 0.01075000037 0.109984152 0.08658660948
v 0.01125000045 0.1099896207 0.08670634031
v 0.01175000053 0.1099896207 0.08670634031
v 0.01225000061 0.1099896207 0.08670634031
v 0.01275000069 0.1099896207 0.08670634031
v 0.01325000077 0.1099896207 0.08670634031
v 0.01375000086 0.1099950895 0.08682607114
v 0.01425000094 0.1099950895 0.08682607114
v 0.01475000102 0.1100005582 0.08694578707
v 0.0152500011 0.1100060269 0.0870654881
v 0.01575000025 0.1100060269 0.0870654881
v 0.01625000127 0.1100114956 0.08718521893
v 0.01675000042 0.1100169718 0.08730493486
v 0.01725000143 0.1100224406 0.08742466569
v 0.01775000058 0.1100279093 0.08754436672
v 0.01825000159 0.1100388467 0.08778381348
v 0.01875000075 0.1100443155 0.08790352941
v 0.01925000176 0.1100497916 0.08802324533
v 0.01975000091 0.1100607291 0.08826269209
v 0.02025000006 0.1100607291 0.08826269209
v 0.02075000107 0.1100661978 0.08838240802
v 0.02125000022 0.1100607291 0.08826269209
v 0.02175000124 0.1100607291 0.08826269209
v 0.02225000039 0.1100607291 0.08826269209
v 0.0227500014 0.1100224406 0.08742466569
v 0.02325000055 0.1100169718 0.08730493486
v 0.02375000156 0.1099513322 0.08586829901
v 0.02425000072 0.1099513322 0.08586829901
v 0.001500000013 0.11059843 0.08514966071
v 0.002000000095 0.1106415614 0.08610740304
v 0.002500000177 0.1106685176 0.08670596778
v 0.003000000026 0.1106792986 0.08694541454
v 0.003500000108 0.1106792986 0.08694541454
v 0.00400000019 0.1106846929 0.08706511557
v 0.004500000272 0.1106846929 0.08706511557
v 0.005000000354 0.1106846929 0.08706511557
v 0.005500000436 0.1106739119 0.08682569861
v 0.006000000052 0.1106739119 0.08682569861
v 0.006500000134 0.1106685176 0.08670596778
v 0.007000000216 0.1106685176 0.08670596778
v 0.007500000298 0.1106631234 0.08658623695
v 0.00800000038 0.1106685176 0.08670596778
v 0.008500000462 0.1106685176 0.08670596778
v 0.009000000544 0.1106631234 0.08658623695
v 0.009500000626 0.1106631234 0.08658623695
v 0.01000000071 0.1106631234 0.08658623695
v 0.01050000079 0.1106685176 0.08670596778
v 0.01100000087 0.1106685176 0.08670596778
v 0.01150000095 0.1106631234 0.08658623695
v 0.0120000001 0.1106685176 0.08670596778
v 0.01250000019 0.1106685176 0.08670596778
v 0.01300000027 0.1106685176 0.08670596778
v 0.01350000035 0.1106685176 0.08670596778
v 0.01400000043 0.1106739119 0.08682569861
v 0.01450000051 0.1106792986 0.08694541454
v 0.0150000006 0.1106792986 0.08694541454
v 0.01550000068 0.1106846929 0.08706511557
v 0.01600000076 0.1106846929 0.08706511557
v 0.01649999991 0.1106900871 0.0871848315
v 0.01700000092 0.1106954738 0.08730456233
v 0.01750000007 0.1106954738 0.08730456233
v 0.01800000109 0.1107008681 0.08742427826
v 0.01850000024 0.1107116491 0.08766371012
v 0.01900000125 0.1107224301 0.08790314198
v 0.0195000004 0.1107278243 0.0880228579
v 0.02000000142 0.1107332185 0.08814257383
v 0.02050000057 0.1107386053 0.08826230466
v 0.02100000158 0.1107439995 0.08838200569
v 0.02150000073 0.1107386053 0.08826230466
v 0.02200000174 0.1107386053 0.08826230466
v 0.02250000089 0.1107332185 0.08814257383
v 0.02300000191 0.1107062548 0.08754397929
v 0.02350000106 0.1106846929 0.08706511557
v 0.02400000021 0.110630773 0.08586795628
v 0.02450000122 0.110630773 0.08586795628
v -0.003750000149 0.1050101444 -0.03427593783
v -0.003250000067 0.1050465032 -0.03360195085
v -0.002750000218 0.1050683185 -0.03319757059
v 0.001250000088 0.1112783402 0.08514931798
v 0.001750000054 0.1113155335 0.08598731458
v 0.002250000136 0.11133679 0.0864661783
v 0.002750000218 0.1113527268 0.08682532609
v 0.003250000067 0.1113580391 0.08694504201
v 0.003750000149 0.1113580391 0.08694504201
v 0.004250000231 0.1113633588 0.08706474304
v 0.004750000313 0.1113580391 0.08694504201
v 0.005250000395 0.1113527268 0.08682532609
v 0.005750000477 0.1113474146 0.08670561016
v 0.006250000093 0.1113474146 0.08670561016
v 0.006750000175 0.1113421023 0.08658587933
v 0.007250000257 0.1113421023 0.08658587933
v 0.007750000339 0.1113421023 0.08658587933
v 0.008249999955 0.1113421023 0.08658587933
v 0.008750000037 0.1113421023 0.08658587933
v 0.009250000119 0.1113421023 0.08658587933
v 0.009750000201 0.1113421023 0.08658587933
v 0.01025000028 0.1113474146 0.08670561016
v 0.01075000037 0.1113474146 0.08670561016
v 0.01125000045 0.1113421023 0.08658587933
v 0.01175000053 0.1113474146 0.08670561016
v 0.01225000061 0.1113474146 0.08670561016
v 0.01275000069 0.1113421023 0.08658587933
v 0.01325000077 0.1113421023 0.08658587933
v 0.01375000086 0.1113421023 0.08658587933
v 0.01425000094 0.1113527268 0.08682532609
v 0.01475000102 0.1113580391 0.08694504201
v 0.0152500011 0.1113580391 0.08694504201
v 0.01575000025 0.1113580391 0.08694504201
v 0.01625000127 0.1113580391 0.08694504201
v 0.01675000042 0.1113686711 0.08718445897
v 0.01725000143 0.1113686711 0.08718445897
v 0.01775000058 0.1113739833 0.0873041749
v 0.01825000159 0.1113846079 0.08754360676
v 0.01875000075 0.1113899201 0.08766332269
v 0.01925000176 0.1113952324 0.08778303862
v 0.01975000091 0.1114058644 0.08802245557
v 0.02025000006 0.1114111766 0.0881421864
v 0.02075000107 0.1114164889 0.08826190233
v 0.02125000022 0.1114164889 0.08826190233
v 0.02175000124 0.1114164889 0.08826190233
v 0.02225000039 0.1114164889 0.08826190233
v 0.0227500014 0.1114058644 0.08802245557
v 0.02325000055 0.1113846079 0.08754360676
v 0.02375000156 0.1113261655 0.08622674644
v 0.02425000072 0.111304909 0.08574788272
v 0.02475000173 0.1112145856 0.08371274173
v -0.003500000108 0.1057745889 -0.03400594369
v -0.003000000026 0.1057889983 -0.03373634815
v -0.002500000177 0.1057817936 -0.03387115896
v -0.002000000095 0.1057889983 -0.03373634815
v -0.001500000013 0.1058034152 -0.03346673399
v 0.001000000047 0.1119425446 0.08478985727
v 0.001500000013 0.111979194 0.08562783897
v 0.002000000095 0.1120105982 0.08634610474
v 0.002500000177 0.112026304 0.08670523763
v 0.003000000026 0.1120367795 0.08694466949
v 0.003500000108 0.1120420098 0.08706437051
v 0.00400000019 0.1120367795 0.08694466949
v 0.004500000272 0.1120367795 0.08694466949
v 0.005000000354 0.1120315418 0.08682495356
v 0.005500000436 0.1120315418 0.08682495356
v 0.006000000052 0.112026304 0.08670523763
v 0.006500000134 0.112026304 0.08670523763
v 0.007000000216 0.1120210737 0.0865855217
v 0.007500000298 0.1120210737 0.0865855217
v 0.00800000038 0.1120210737 0.0865855217
v 0.008500000462 0.1120210737 0.0865855217
v 0.009000000544 0.1120210737 0.0865855217
v 0.009500000626 0.1120210737 0.0865855217
v 0.01000000071 0.112026304 0.08670523763
v 0.01050000079 0.1120210737 0.0865855217
v 0.01100000087 0.1120210737 0.0865855217
v 0.01150000095 0.112026304 0.08670523763
v 0.0120000001 0.112026304 0.08670523763
v 0.01250000019 0.112026304 0.08670523763
v 0.01300000027 0.1120210737 0.0865855217
v 0.01350000035 0.112026304 0.08670523763
v 0.01400000043 0.1120315418 0.08682495356
v 0.01450000051 0.1120315418 0.08682495356
v 0.0150000006 0.1120315418 0.08682495356
v 0.01550000068 0.1120367795 0.08694466949
v 0.01600000076 0.1120367795 0.08694466949
v 0.01649999991 0.1120420098 0.08706437051
v 0.01700000092 0.1120420098 0.08706437051
v 0.01750000007 0.1120420098 0.08706437051
v 0.01800000109 0.1120524779 0.08730380237
v 0.01850000024 0.1120577157 0.0874235183
v 0.01900000125 0.1120681837 0.08766293526
v 0.0195000004 0.1120786518 0.08790235221
v 0.02000000142 0.1120838895 0.08802206814
v 0.02050000057 0.1120891273 0.08814178407
v 0.02100000158 0.1120891273 0.08814178407
v 0.02150000073 0.1120943576 0.0882615
v 0.02200000174 0.1120943576 0.0882615
v 0.02250000089 0.1120943576 0.0882615
v 0.02300000191 0.1120734215 0.08778265119
v 0.02350000106 0.1120524779 0.08730380237
v 0.02400000021 0.1120105982 0.08634610474
v 0.02450000122 0.1120053679 0.08622638881
v 0.02500000037 0.1119006649 0.08383215964
v -0.002250000136 0.1065102071 -0.03427517414
v -0.001750000054 0.1065387651 -0.03373594582
v -0.001250000088 0.1065244898 -0.0340055488
v 0.001250000088 0.112638168 0.08514864743
v 0.001750000054 0.1126742661 0.08598661423
v 0.002250000136 0.1126897335 0.08634574711
v 0.002750000218 0.1127052009 0.08670488
v 0.003250000067 0.11271552 0.08694429696
v 0.003750000149 0.11271552 0.08694429696
v 0.004250000231 0.1127103642 0.08682459593
v 0.004750000313 0.11271552 0.08694429696
v 0.005250000395 0.1127103642 0.08682459593
v 0.005750000477 0.1127052009 0.08670488
v 0.006250000093 0.1127052009 0.08670488
v 0.006750000175 0.1127000451 0.08658514917
v 0.007250000257 0.1126948893 0.08646544814
v 0.007750000339 0.1126948893 0.08646544814
v 0.008249999955 0.1127000451 0.08658514917
v 0.008750000037 0.1127000451 0.08658514917
v 0.009250000119 0.1127052009 0.08670488
v 0.009750000201 0.1127052009 0.08670488
v 0.01025000028 0.1127000451 0.08658514917
v 0.01075000037 0.1127000451 0.08658514917
v 0.01125000045 0.1127052009 0.08670488
v 0.01175000053 0.1127000451 0.08658514917
v 0.01225000061 0.1127000451 0.08658514917
v 0.01275000069 0.1127000451 0.08658514917
v 0.01325000077 0.1127000451 0.08658514917
v 0.01375000086 0.1127000451 0.08658514917
v 0.01425000094 0.1127052009 0.08670488
v 0.01475000102 0.1127103642 0.08682459593
v 0.0152500011 0.1127103642 0.08682459593
v 0.01575000025 0.1127103642 0.08682459593
v 0.01625000127 0.11271552 0.08694429696
v 0.01675000042 0.11271552 0.08694429696
v 0.01725000143 0.11271552 0.08694429696
v 0.01775000058 0.1127206758 0.08706399798
v 0.01825000159 0.1127258316 0.08718371391
v 0.01875000075 0.1127361432 0.08742314577
v 0.01925000176 0.1127464548 0.08766254783
v 0.01975000091 0.112751618 0.08778226376
v 0.02025000006 0.1127619296 0.08802168071
v 0.02075000107 0.1127722412 0.08826111257
v 0.02125000022 0.1127722412 0.08826111257
v 0.02175000124 0.1127722412 0.08826111257
v 0.02225000039 0.1127722412 0.08826111257
v 0.0227500014 0.1127722412 0.08826111257
v 0.02325000055 0.112751618 0.08778226376
v 0.02375000156 0.1127052009 0.08670488
v 0.02425000072 0.1126948893 0.08646544814
v 0.02475000173 0.1126794219 0.08610633016
v 0.02525000088 0.1125711352 0.08359241486
v -0.02500000037 0.106192857 -0.05458108336
v -0.02450000122 0.1061853543 -0.05472373962
v -0.02400000021 0.1062003598 -0.05443843082
v -0.02350000106 0.1061853543 -0.05472373962
v -0.02300000191 0.1061253473 -0.0558649078
v -0.02250000089 0.1061478481 -0.0554369688
v -0.02200000174 0.1061328426 -0.05572227389
v -0.0005000000237 0.1072673053 -0.03413997591
v 0.001500000013 0.1133231595 0.08526802063
v 0.002000000095 0.1133536324 0.0859862715
v 0.002500000177 0.1133739427 0.08646509051
v 0.003000000026 0.1133841053 0.08670450747
v 0.003500000108 0.1133942604 0.08694392443
v 0.00400000019 0.1133891791 0.0868242234
v 0.004500000272 0.1133891791 0.0868242234
v 0.005000000354 0.1133891791 0.0868242234
v 0.005500000436 0.1133841053 0.08670450747
v 0.006000000052 0.1133841053 0.08670450747
v 0.006500000134 0.113379024 0.08658479154
v 0.007000000216 0.113379024 0.08658479154
v 0.007500000298 0.113379024 0.08658479154
v 0.00800000038 0.113379024 0.08658479154
v 0.008500000462 0.113379024 0.08658479154
v 0.009000000544 0.113379024 0.08658479154
v 0.009500000626 0.113379024 0.08658479154
v 0.01000000071 0.113379024 0.08658479154
v 0.01050000079 0.1133841053 0.08670450747
v 0.01100000087 0.113379024 0.08658479154
v 0.01150000095 0.1133841053 0.08670450747
v 0.0120000001 0.113379024 0.08658479154
v 0.01250000019 0.1133841053 0.08670450747
v 0.01300000027 0.113379024 0.08658479154
v 0.01350000035 0.113379024 0.08658479154
v 0.01400000043 0.113379024 0.08658479154
v 0.01450000051 0.1133841053 0.08670450747
v 0.0150000006 0.1133891791 0.0868242234
v 0.01550000068 0.1133841053 0.08670450747
v 0.01600000076 0.1133891791 0.0868242234
v 0.01649999991 0.1133891791 0.0868242234
v 0.01700000092 0.1133942604 0.08694392443
v 0.01750000007 0.1133942604 0.08694392443
v 0.01800000109 0.1133993343 0.08706362545
v 0.01850000024 0.1134044155 0.08718334138
v 0.01900000125 0.1134145707 0.08742275834
v 0.0195000004 0.1134247258 0.0876621604
v 0.02000000142 0.1134348884 0.08790157735
v 0.02050000057 0.1134450436 0.08814099431
v 0.02100000158 0.1134450436 0.08814099431
v 0.02150000073 0.1134501174 0.08826071024
v 0.02200000174 0.1134551987 0.08838039637
v 0.02250000089 0.1134501174 0.08826071024
v 0.02300000191 0.1134450436 0.08814099431
v 0.02350000106 0.1134298071 0.08778187633
v 0.02400000021 0.1133993343 0.08706362545
v 0.02450000122 0.113379024 0.08658479154
v 0.02500000037 0.1133637875 0.08622567356
v 0.02550000139 0.1132368296 0.08323298395
v -0.02525000088 0.1069680974 -0.05429517105
v -0.02475000173 0.1069829538 -0.05400989205
v -0.02425000072 0.1069755256 -0.05415254459
v -0.02375000156 0.1069680974 -0.05429517105
v -0.02325000055 0.1069383919 -0.05486575142
v -0.0227500014 0.1069235355 -0.05515105277
v -0.02225000039 0.1069235355 -0.05515105277
v -0.02175000124 0.1069012508 -0.05557898432
v -0.02125000022 0.1068863943 -0.0558642596
v -0.02075000107 0.1068863943 -0.0558642596
v -0.02025000006 0.1068641096 -0.0562922135
v -0.0002500000119 0.1080172807 -0.03413958848
v 0.001250000088 0.1139879972 0.08490855992
v 0.001750000054 0.1140180007 0.08562681079
v 0.002250000136 0.114037998 0.0861056298
v 0.002750000218 0.1140480042 0.08634501696
v 0.003250000067 0.1140630022 0.08670413494
v 0.003750000149 0.1140680015 0.08682385087
v 0.004250000231 0.1140680015 0.08682385087
v 0.004750000313 0.1140680015 0.08682385087
v 0.005250000395 0.1140680015 0.08682385087
v 0.005750000477 0.1140680015 0.08682385087
v 0.006250000093 0.1140630022 0.08670413494
v 0.006750000175 0.1140580028 0.08658441901
v 0.007250000257 0.1140580028 0.08658441901
v 0.007750000339 0.1140580028 0.08658441901
v 0.008249999955 0.1140580028 0.08658441901
v 0.008750000037 0.1140580028 0.08658441901
v 0.009250000119 0.1140580028 0.08658441901
v 0.009750000201 0.1140630022 0.08670413494
v 0.01025000028 0.1140580028 0.08658441901
v 0.01075000037 0.1140580028 0.08658441901
v 0.01125000045 0.1140630022 0.08670413494
v 0.01175000053 0.1140630022 0.08670413494
v 0.01225000061 0.1140630022 0.08670413494
v 0.01275000069 0.1140580028 0.08658441901
v 0.01325000077 0.1140580028 0.08658441901
v 0.01375000086 0.1140630022 0.08670413494
v 0.01425000094 0.1140630022 0.08670413494
v 0.01475000102 0.1140680015 0.08682385087
v 0.0152500011 0.1140630022 0.08670413494
v 0.01575000025 0.1140630022 0.08670413494
v 0.01625000127 0.1140680015 0.08682385087
v 0.01675000042 0.1140680015 0.08682385087
v 0.01725000143 0.1140730008 0.0869435519
v 0.01775000058 0.1140730008 0.0869435519
v 0.01825000159 0.1140780002 0.08706325293
v 0.01875000075 0.1140879989 0.08730266988
v 0.01925000176 0.1140979975 0.08754207194
v 0.01975000091 0.1141030043 0.08766177297
v 0.02025000006 0.1141180024 0.08802089095
v 0.02075000107 0.1141230017 0.08814060688
v 0.02125000022 0.1141230017 0.08814060688
v 0.02175000124 0.114128001 0.08826030791
v 0.02225000039 0.114128001 0.08826030791
v 0.0227500014 0.1141230017 0.08814060688
v 0.02325000055 0.1141230017 0.08814060688
v 0.02375000156 0.1141180024 0.08802089095
v 0.02425000072 0.1140530035 0.08646473289
v 0.02475000173 0.1140580028 0.08658441901
v 0.02525000088 0.1139129996 0.0831130147
v -0.02650000155 0.1077651009 -0.05358137563
v -0.02600000054 0.1077651009 -0.05358137563
v -0.02550000139 0.1077430397 -0.054009296
v -0.02500000037 0.1077577472 -0.05372402072
v -0.02450000122 0.1077503935 -0.05386664718
v -0.02400000021 0.1077430397 -0.054009296
v -0.02350000106 0.1077136248 -0.05457986146
v -0.02300000191 0.1076989099 -0.05486512929
v -0.02250000089 0.1076768488 -0.05529305339
v -0.02200000174 0.107669495 -0.05543569848
v -0.02150000073 0.1076474339 -0.05586361885
v -0.02100000158 0.1076400802 -0.05600626394
v 0 0.1087811366 -0.03386956453
v 0.001000000047 0.1146483868 0.08442941308
v 0.001500000013 0.1146779135 0.08514764905
v 0.002000000095 0.1147025228 0.08574615419
v 0.002500000177 0.1147172898 0.08610527217
v 0.003000000026 0.1147320569 0.08646437526
v 0.003500000108 0.1147369742 0.08658406138
v 0.00400000019 0.1147418991 0.08670377731
v 0.004500000272 0.1147517413 0.08694319427
v 0.005000000354 0.1147566661 0.0870628804
v 0.005500000436 0.1147517413 0.08694319427
v 0.006000000052 0.1147468239 0.08682347834
v 0.006500000134 0.1147468239 0.08682347834
v 0.007000000216 0.1147468239 0.08682347834
v 0.007500000298 0.1147418991 0.08670377731
v 0.00800000038 0.1147418991 0.08670377731
v 0.008500000462 0.1147418991 0.08670377731
v 0.009000000544 0.1147369742 0.08658406138
v 0.009500000626 0.1147418991 0.08670377731
v 0.01000000071 0.1147468239 0.08682347834
v 0.01050000079 0.1147418991 0.08670377731
v 0.01100000087 0.1147418991 0.08670377731
v 0.01150000095 0.1147418991 0.08670377731
v 0.0120000001 0.1147468239 0.08682347834
v 0.01250000019 0.1147418991 0.08670377731
v 0.01300000027 0.1147369742 0.08658406138
v 0.01350000035 0.1147418991 0.08670377731
v 0.01400000043 0.1147418991 0.08670377731
v 0.01450000051 0.1147418991 0.08670377731
v 0.0150000006 0.1147468239 0.08682347834
v 0.01550000068 0.1147468239 0.08682347834
v 0.01600000076 0.1147468239 0.08682347834
v 0.01649999991 0.1147468239 0.08682347834
v 0.01700000092 0.1147517413 0.08694319427
v 0.01750000007 0.1147517413 0.08694319427
v 0.01800000109 0.1147517413 0.08694319427
v 0.01850000024 0.1147615835 0.08718258142
v 0.01900000125 0.1147714257 0.08742199838
v 0.0195000004 0.1147812754 0.08766138554
v 0.02000000142 0.1147861928 0.08778110147
v 0.02050000057 0.1148009598 0.08814020455
v 0.02100000158 0.1148058772 0.08825992048
v 0.02150000073 0.1148009598 0.08814020455
v 0.02200000174 0.1148058772 0.08825992048
v 0.02250000089 0.1148009598 0.08814020455
v 0.02300000191 0.114796035 0.08802050352
v 0.02350000106 0.1148009598 0.08814020455
v 0.02400000021 0.1147911176 0.08790080249
v 0.02450000122 0.114727132 0.08634465933
v 0.02500000037 0.1147172898 0.08610527217
v 0.02550000139 0.1146040931 0.08335211873
v -0.02775000222 0.1085468009 -0.05315288156
v -0.02725000121 0.1085468009 -0.05315288156
v -0.02675000206 0.1085468009 -0.05315288156
v -0.02625000104 0.1085468009 -0.05315288156
v -0.02575000189 0.1085249633 -0.05358079076
v -0.02525000088 0.108517684 -0.05372343212
v -0.02475000173 0.1085103974 -0.05386605486
v -0.02425000072 0.1085031182 -0.05400869623
v -0.02375000156 0.1084739938 -0.05457925051
v -0.02325000055 0.1084521562 -0.05500715598
v -0.0227500014 0.1084230319 -0.05557771027
v -0.02225000039 0.1084084734 -0.05586297065
v -0.02175000124 0.1083720699 -0.05657617003
v -0.02125000022 0.1083793491 -0.05643352494
v 0.001250000088 0.1153287739 0.08442910016
v 0.001750000054 0.1153578311 0.08514730632
v 0.002250000136 0.1153820455 0.08574581146
v 0.002750000218 0.1153917387 0.08598521352
v 0.003250000067 0.1154062673 0.0863443017
v 0.003750000149 0.1154159531 0.08658368886
v 0.004250000231 0.1154256389 0.08682312071
v 0.004750000313 0.1154304817 0.08694282174
v 0.005250000395 0.1154353246 0.08706250787
v 0.005750000477 0.1154304817 0.08694282174
v 0.006250000093 0.1154304817 0.08694282174
v 0.006750000175 0.1154304817 0.08694282174
v 0.007250000257 0.1154256389 0.08682312071
v 0.007750000339 0.1154304817 0.08694282174
v 0.008249999955 0.1154256389 0.08682312071
v 0.008750000037 0.1154256389 0.08682312071
v 0.009250000119 0.115420796 0.08670340478
v 0.009750000201 0.1154256389 0.08682312071
v 0.01025000028 0.1154304817 0.08694282174
v 0.01075000037 0.1154304817 0.08694282174
v 0.01125000045 0.1154304817 0.08694282174
v 0.01175000053 0.1154256389 0.08682312071
v 0.01225000061 0.1154256389 0.08682312071
v 0.01275000069 0.115420796 0.08670340478
v 0.01325000077 0.115420796 0.08670340478
v 0.01375000086 0.1154256389 0.08682312071
v 0.01425000094 0.1154256389 0.08682312071
v 0.01475000102 0.1154256389 0.08682312071
v 0.0152500011 0.1154256389 0.08682312071
v 0.01575000025 0.1154304817 0.08694282174
v 0.01625000127 0.1154304817 0.08694282174
v 0.01675000042 0.1154304817 0.08694282174
v 0.01725000143 0.1154304817 0.08694282174
v 0.01775000058 0.1154353246 0.08706250787
v 0.01825000159 0.1154401675 0.0871822089
v 0.01875000075 0.1154498607 0.08742161095
v 0.01925000176 0.1154547036 0.08754129708
v 0.01975000091 0.1154643893 0.08778071404
v 0.02025000006 0.1154692322 0.08790040016
v 0.02075000107 0.115478918 0.08813981712
v 0.02125000022 0.115478918 0.08813981712
v 0.02175000124 0.1154740751 0.08802010119
v 0.02225000039 0.115478918 0.08813981712
v 0.0227500014 0.115478918 0.08813981712
v 0.02325000055 0.1154740751 0.08802010119
v 0.02375000156 0.1154692322 0.08790040016
v 0.02425000072 0.1154450104 0.08730190992
v 0.02475000173 0.1153868958 0.08586551249
v -0.02950000204 0.1093136519 -0.05300966278
v -0.02900000103 0.1093136519 -0.05300966278
v -0.02850000188 0.1093208641 -0.05286702514
v -0.02800000086 0.1093208641 -0.05286702514
v -0.02750000171 0.1093208641 -0.05286702514
v -0.0270000007 0.1093136519 -0.05300966278
v -0.02650000155 0.1093136519 -0.05300966278
v -0.02600000054 0.1092848256 -0.05358020216
v -0.02550000139 0.1092704087 -0.05386545882
v -0.02500000037 0.1092704087 -0.05386545882
v -0.02450000122 0.1092559993 -0.05415074155
v -0.02400000021 0.1091839224 -0.05557706952
v -0.02350000106 0.1091911346 -0.05543443188
v 0.002000000095 0.1160186827 0.08466818929
v 0.002500000177 0.1160472706 0.08538636565
v 0.003000000026 0.1160710976 0.08598485589
v 0.003500000108 0.1160853952 0.08634394407
v 0.00400000019 0.1160996854 0.08670304716
v 0.004500000272 0.1161044538 0.08682274818
v 0.005000000354 0.1161092147 0.08694244921
v 0.005500000436 0.1161139831 0.08706213534
v 0.006000000052 0.1161139831 0.08706213534
v 0.006500000134 0.1161139831 0.08706213534
v 0.007000000216 0.1161092147 0.08694244921
v 0.007500000298 0.1161139831 0.08706213534
v 0.00800000038 0.1161139831 0.08706213534
v 0.008500000462 0.1161092147 0.08694244921
v 0.009000000544 0.1161092147 0.08694244921
v 0.009500000626 0.1161092147 0.08694244921
v 0.01000000071 0.1161092147 0.08694244921
v 0.01050000079 0.1161092147 0.08694244921
v 0.01100000087 0.1161139831 0.08706213534
v 0.01150000095 0.1161139831 0.08706213534
v 0.0120000001 0.1161092147 0.08694244921
v 0.01250000019 0.1161092147 0.08694244921
v 0.01300000027 0.1161044538 0.08682274818
v 0.01350000035 0.1161092147 0.08694244921
v 0.01400000043 0.1161092147 0.08694244921
v 0.01450000051 0.1161092147 0.08694244921
v 0.0150000006 0.1161092147 0.08694244921
v 0.01550000068 0.1161139831 0.08706213534
v 0.01600000076 0.1161139831 0.08706213534
v 0.01649999991 0.1161139831 0.08706213534
v 0.01700000092 0.1161139831 0.08706213534
v 0.01750000007 0.116118744 0.08718183637
v 0.01800000109 0.1161235124 0.08730153739
v 0.01850000024 0.1161282808 0.08742123842
v 0.01900000125 0.1161330417 0.08754092455
v 0.0195000004 0.1161378101 0.08766062558
v 0.02000000142 0.116142571 0.0877803266
v 0.02050000057 0.1161521003 0.08801971376
v 0.02100000158 0.1161521003 0.08801971376
v 0.02150000073 0.1161521003 0.08801971376
v 0.02200000174 0.1161521003 0.08801971376
v 0.02250000089 0.1161521003 0.08801971376
v 0.02300000191 0.1161521003 0.08801971376
v 0.02350000106 0.1161473393 0.08790001273
v 0.02400000021 0.1161235124 0.08730153739
v 0.02450000122 0.1160996854 0.08670304716
v 0.02500000037 0.1160663292 0.08586515486
v -0.04125000164 0.1105797216 -0.04288236052
v -0.04075000063 0.1106011197 -0.04245445132
v -0.04025000334 0.1105868518 -0.04273972288
v -0.0302500017 0.1100803614 -0.05286645517
v -0.02975000069 0.1100874916 -0.05272381753
v -0.02925000153 0.1100874916 -0.05272381753
v -0.02875000052 0.1100803614 -0.05286645517
v -0.02825000137 0.1100732237 -0.05300909281
v -0.02775000222 0.1100803614 -0.05286645517
v -0.02725000121 0.1100732237 -0.05300909281
v -0.02675000206 0.1100589558 -0.05329434201
v -0.02625000104 0.1100375578 -0.05372225121
v -0.02575000189 0.1100161597 -0.05415013805
v -0.02525000088 0.1100161597 -0.05415013805
v -0.02475000173 0.1099947542 -0.05457802489
v 0.001750000054 0.1166801602 0.08418907225
v 0.002250000136 0.1167176589 0.08514663577
v 0.002750000218 0.116741091 0.08574511111
v 0.003250000067 0.1167598367 0.08622388542
v 0.003750000149 0.1167692095 0.08646328747
v 0.004250000231 0.1167785823 0.08670267463
v 0.004750000313 0.1167832687 0.08682237566
v 0.005250000395 0.1167879626 0.08694207668
v 0.005750000477 0.1167879626 0.08694207668
v 0.006250000093 0.1167926416 0.08706176281
v 0.006750000175 0.1167879626 0.08694207668
v 0.007250000257 0.1167926416 0.08706176281
v 0.007750000339 0.1167973354 0.08718144894
v 0.008249999955 0.1167926416 0.08706176281
v 0.008750000037 0.1167973354 0.08718144894
v 0.009250000119 0.1167926416 0.08706176281
v 0.009750000201 0.1167926416 0.08706176281
v 0.01025000028 0.1167926416 0.08706176281
v 0.01075000037 0.1167926416 0.08706176281
v 0.01125000045 0.1167973354 0.08718144894
v 0.01175000053 0.1167926416 0.08706176281
v 0.01225000061 0.1167926416 0.08706176281
v 0.01275000069 0.1167879626 0.08694207668
v 0.01325000077 0.1167879626 0.08694207668
v 0.01375000086 0.1167926416 0.08706176281
v 0.01425000094 0.1167926416 0.08706176281
v 0.01475000102 0.1167926416 0.08706176281
v 0.0152500011 0.1167926416 0.08706176281
v 0.01575000025 0.1167973354 0.08718144894
v 0.01625000127 0.1167973354 0.08718144894
v 0.01675000042 0.1167973354 0.08718144894
v 0.01725000143 0.1168020219 0.08730114996
v 0.01775000058 0.1168067083 0.08742085099
v 0.01825000159 0.1168113947 0.08754053712
v 0.01875000075 0.1168160811 0.08766023815
v 0.01925000176 0.1168160811 0.08766023815
v 0.01975000091 0.1168160811 0.08766023815
v 0.02025000006 0.1168207675 0.08777993917
v 0.02075000107 0.1168254539 0.0878996253
v 0.02125000022 0.1168207675 0.08777993917
v 0.02175000124 0.1168254539 0.0878996253
v 0.02225000039 0.1168160811 0.08766023815
v 0.0227500014 0.1168160811 0.08766023815
v 0.02325000055 0.1167785823 0.08670267463
v 0.02375000156 0.1167692095 0.08646328747
v 0.02425000072 0.1167645231 0.08634358644
v 0.02475000173 0.1167223454 0.0852663368
v -0.04200000316 0.1112917066 -0.0437377952
v -0.04150000215 0.1113199443 -0.04316728935
v -0.04100000113 0.1113411263 -0.04273941368
v -0.04050000012 0.1113481894 -0.04259677976
v -0.03050000221 0.1108398512 -0.0528658852
v -0.03000000119 0.1108398512 -0.0528658852
v -0.02950000204 0.1108398512 -0.0528658852
v -0.02900000103 0.1108327881 -0.05300851911
v -0.02850000188 0.1108257324 -0.05315115303
v -0.02800000086 0.1108257324 -0.05315115303
v -0.02750000171 0.1107974872 -0.05372166261
v -0.0270000007 0.1107974872 -0.05372166261
v -0.02650000155 0.1107833683 -0.05400690436
v -0.02600000054 0.1107692495 -0.05429214612
v -0.02550000139 0.1107480675 -0.05472004414
v 0.001500000013 0.1173468828 0.08382968605
v 0.002000000095 0.1173883528 0.08490690589
v 0.002500000177 0.1174113974 0.08550538123
v 0.003000000026 0.1174298301 0.08598415554
v 0.003500000108 0.1174436584 0.08634322882
v 0.00400000019 0.1174482629 0.08646292984
v 0.004500000272 0.1174574867 0.086702317
v 0.005000000354 0.1174620911 0.08682200313
v 0.005500000436 0.1174667031 0.08694170415
v 0.006000000052 0.1174667031 0.08694170415
v 0.006500000134 0.1174667031 0.08694170415
v 0.007000000216 0.1174667031 0.08694170415
v 0.007500000298 0.1174713075 0.08706139028
v 0.00800000038 0.1174667031 0.08694170415
v 0.008500000462 0.1174713075 0.08706139028
v 0.009000000544 0.1174759194 0.08718107641
v 0.009500000626 0.1174667031 0.08694170415
v 0.01000000071 0.1174713075 0.08706139028
v 0.01050000079 0.1174713075 0.08706139028
v 0.01100000087 0.1174759194 0.08718107641
v 0.01150000095 0.1174759194 0.08718107641
v 0.0120000001 0.1174713075 0.08706139028
v 0.01250000019 0.1174713075 0.08706139028
v 0.01300000027 0.1174713075 0.08706139028
v 0.01350000035 0.1174759194 0.08718107641
v 0.01400000043 0.1174759194 0.08718107641
v 0.01450000051 0.1174759194 0.08718107641
v 0.0150000006 0.1174759194 0.08718107641
v 0.01550000068 0.1174759194 0.08718107641
v 0.01600000076 0.1174759194 0.08718107641
v 0.01649999991 0.1174759194 0.08718107641
v 0.01700000092 0.1174759194 0.08718107641
v 0.01750000007 0.1174805239 0.08730077744
v 0.01800000109 0.1174851358 0.08742047846
v 0.01850000024 0.1174851358 0.08742047846
v 0.01900000125 0.1174897403 0.08754014969
v 0.0195000004 0.1174897403 0.08754014969
v 0.02000000142 0.1174943522 0.08765985072
v 0.02050000057 0.1174943522 0.08765985072
v 0.02100000158 0.1174943522 0.08765985072
v 0.02150000073 0.1174943522 0.08765985072
v 0.02200000174 0.1174897403 0.08754014969
v 0.02250000089 0.1174713075 0.08706139028
v 0.02300000191 0.1174482629 0.08646292984
v 0.02350000106 0.1174298301 0.08598415554
v 0.02400000021 0.1173975766 0.08514630795
v -0.04375000298 0.1119556725 -0.04559154809
v -0.04325000197 0.1119626611 -0.04544894397
v -0.04225000367 0.1120045781 -0.04459318891
v -0.04175000265 0.1120465025 -0.04373745993
v -0.04125000164 0.1120604724 -0.04345219955
v -0.04075000063 0.1120744497 -0.04316696525
v -0.03075000085 0.1115714014 -0.05343581364
v -0.0302500017 0.11157839 -0.05329318345
v -0.02975000069 0.1115364656 -0.05414893478
v -0.02925000153 0.1115644127 -0.05357844383
v -0.02825000137 0.1115364656 -0.05414893478
v 0.001750000054 0.1180593669 0.08466720581
v 0.002250000136 0.1180865467 0.08538533747
v 0.002750000218 0.1181046739 0.08586411178
v 0.003250000067 0.1181182638 0.08622317016
v 0.003750000149 0.1181273237 0.08646255732
v 0.004250000231 0.1181318536 0.08658224344
v 0.004750000313 0.1181363836 0.08670194447
v 0.005250000395 0.1181409135 0.0868216455
v 0.005750000477 0.1181409135 0.0868216455
v 0.006250000093 0.1181409135 0.0868216455
v 0.006750000175 0.1181409135 0.0868216455
v 0.007250000257 0.1181409135 0.0868216455
v 0.007750000339 0.1181409135 0.0868216455
v 0.008249999955 0.1181409135 0.0868216455
v 0.008750000037 0.1181454435 0.08694133162
v 0.009250000119 0.1181409135 0.0868216455
v 0.009750000201 0.1181409135 0.0868216455
v 0.01025000028 0.1181454435 0.08694133162
v 0.01075000037 0.1181499735 0.08706101775
v 0.01125000045 0.1181499735 0.08706101775
v 0.01175000053 0.1181499735 0.08706101775
v 0.01225000061 0.1181499735 0.08706101775
v 0.01275000069 0.1181499735 0.08706101775
v 0.01325000077 0.1181499735 0.08706101775
v 0.01375000086 0.1181499735 0.08706101775
v 0.01425000094 0.1181499735 0.08706101775
v 0.01475000102 0.1181499735 0.08706101775
v 0.0152500011 0.1181499735 0.08706101775
v 0.01575000025 0.1181499735 0.08706101775
v 0.01625000127 0.1181499735 0.08706101775
v 0.01675000042 0.1181499735 0.08706101775
v 0.01725000143 0.1181499735 0.08706101775
v 0.01775000058 0.1181545034 0.08718070388
v 0.01825000159 0.1181545034 0.08718070388
v 0.01875000075 0.1181590334 0.08730039001
v 0.01925000176 0.1181590334 0.08730039001
v 0.01975000091 0.1181635633 0.08742009103
v 0.02025000006 0.1181635633 0.08742009103
v 0.02075000107 0.1181635633 0.08742009103
v 0.02125000022 0.1181635633 0.08742009103
v 0.02175000124 0.1181635633 0.08742009103
v 0.02225000039 0.1181590334 0.08730039001
v 0.0227500014 0.1181409135 0.0868216455
v 0.02325000055 0.1181182638 0.08622317016
v 0.02375000156 0.1181001365 0.08574442565
v -0.04400000349 0.1126975864 -0.04587641358
v -0.04350000247 0.1127183288 -0.04544856027
v -0.04300000146 0.112725243 -0.04530593753
v -0.04250000045 0.1127390712 -0.0450206846
v -0.04200000316 0.1127667204 -0.04445022717
v -0.04150000215 0.1127736345 -0.04430760071
v -0.04100000113 0.1127943769 -0.04387974739
v -0.04050000012 0.1126422808 -0.04701737314
v -0.04000000283 0.1126422808 -0.04701737314
v 0.001500000013 0.1187351421 0.08454719186
v 0.002000000095 0.1187573969 0.08514563739
v 0.002500000177 0.1187752038 0.0856243968
v 0.003000000026 0.1187930107 0.08610314131
v 0.003500000108 0.1187974662 0.08622282743
v 0.00400000019 0.1188063696 0.08646219969
v 0.004500000272 0.1188108176 0.08658187091
v 0.005000000354 0.118815273 0.08670157194
v 0.005500000436 0.1188108176 0.08658187091
v 0.006000000052 0.118815273 0.08670157194
v 0.006500000134 0.1188063696 0.08646219969
v 0.007000000216 0.1188108176 0.08658187091
v 0.007500000298 0.1188108176 0.08658187091
v 0.00800000038 0.1188108176 0.08658187091
v 0.008500000462 0.1188108176 0.08658187091
v 0.009000000544 0.118815273 0.08670157194
v 0.009500000626 0.1188108176 0.08658187091
v 0.01000000071 0.1188108176 0.08658187091
v 0.01050000079 0.118815273 0.08670157194
v 0.01100000087 0.118819721 0.08682127297
v 0.01150000095 0.1188241765 0.0869409591
v 0.0120000001 0.1188241765 0.0869409591
v 0.01250000019 0.1188241765 0.0869409591
v 0.01300000027 0.1188286245 0.08706063032
v 0.01350000035 0.1188286245 0.08706063032
v 0.01400000043 0.1188286245 0.08706063032
v 0.01450000051 0.1188286245 0.08706063032
v 0.0150000006 0.1188286245 0.08706063032
v 0.01550000068 0.1188241765 0.0869409591
v 0.01600000076 0.1188241765 0.0869409591
v 0.01649999991 0.1188241765 0.0869409591
v 0.01700000092 0.118819721 0.08682127297
v 0.01750000007 0.118819721 0.08682127297
v 0.01800000109 0.1188241765 0.0869409591
v 0.01850000024 0.1188241765 0.0869409591
v 0.01900000125 0.1188286245 0.08706063032
v 0.0195000004 0.1188286245 0.08706063032
v 0.02000000142 0.1188330799 0.08718033135
v 0.02050000057 0.1188375279 0.08730001748
v 0.02100000158 0.1188375279 0.08730001748
v 0.02150000073 0.1188375279 0.08730001748
v 0.02200000174 0.1188330799 0.08718033135
v 0.02250000089 0.118819721 0.08682127297
v 0.02300000191 0.1188108176 0.08658187091
v 0.02350000106 0.1187885627 0.08598345518
v 0.02400000021 0.1187663004 0.08538499475
v -0.04425000027 0.1134192869 -0.04658908769
v -0.04375000298 0.1134603247 -0.04573339969
v -0.04325000197 0.113474004 -0.04544818029
v -0.04275000095 0.113474004 -0.04544818029
v -0.04225000367 0.1134945229 -0.0450203158
v -0.04175000265 0.1135150418 -0.04459247366
v -0.04075000063 0.1133919284 -0.04715955257
v -0.04025000334 0.1134056076 -0.04687432945
v -0.03975000232 0.1133645698 -0.04773001745
v 0.001250000088 0.1194023266 0.08418780565
v 0.001750000054 0.1194329411 0.08502560854
v 0.002250000136 0.119450435 0.08550436795
v 0.002750000218 0.119467929 0.08598309755
v 0.003250000067 0.119476676 0.08622246981
v 0.003750000149 0.1194810495 0.08634215593
v 0.004250000231 0.119485423 0.08646184206
v 0.004750000313 0.1194897965 0.08658151329
v 0.005250000395 0.1194897965 0.08658151329
v 0.005750000477 0.119485423 0.08646184206
v 0.006250000093 0.119485423 0.08646184206
v 0.006750000175 0.1194810495 0.08634215593
v 0.007250000257 0.1194810495 0.08634215593
v 0.007750000339 0.119467929 0.08598309755
v 0.008249999955 0.1194635555 0.08586341143
v 0.008750000037 0.1194635555 0.08586341143
v 0.009250000119 0.119467929 0.08598309755
v 0.009750000201 0.1194723025 0.08610278368
v 0.01025000028 0.1194810495 0.08634215593
v 0.01075000037 0.1194897965 0.08658151329
v 0.01125000045 0.11949417 0.08670121431
v 0.01175000053 0.1194985434 0.08682090044
v 0.01225000061 0.1194985434 0.08682090044
v 0.01275000069 0.1195029169 0.08694058657
v 0.01325000077 0.1195072904 0.08706025779
v 0.01375000086 0.1195072904 0.08706025779
v 0.01425000094 0.1195029169 0.08694058657
v 0.01475000102 0.1195072904 0.08706025779
v 0.0152500011 0.1195029169 0.08694058657
v 0.01575000025 0.1194985434 0.08682090044
v 0.01625000127 0.1194985434 0.08682090044
v 0.01675000042 0.11949417 0.08670121431
v 0.01725000143 0.1194897965 0.08658151329
v 0.01775000058 0.1194897965 0.08658151329
v 0.01825000159 0.11949417 0.08670121431
v 0.01875000075 0.1194985434 0.08682090044
v 0.01925000176 0.1195029169 0.08694058657
v 0.01975000091 0.1195029169 0.08694058657
v 0.02025000006 0.1195072904 0.08706025779
v 0.02075000107 0.1195072904 0.08706025779
v 0.02125000022 0.1195072904 0.08706025779
v 0.02175000124 0.1195072904 0.08706025779
v 0.02225000039 0.1194985434 0.08682090044
v 0.0227500014 0.1194985434 0.08682090044
v 0.02325000055 0.119485423 0.08646184206
v 0.02375000156 0.1194548085 0.08562405407
v 0.02425000072 0.1194373146 0.08514529467
v -0.04400000349 0.1141958535 -0.04616084322
v -0.04350000247 0.114222914 -0.04559039325
v -0.04300000146 0.114222914 -0.04559039325
v -0.04250000045 0.1142432168 -0.04516256228
v -0.04200000316 0.1142635122 -0.04473473132
v -0.04150000215 0.1140605286 -0.04901310056
v -0.04100000113 0.1141281873 -0.04758695886
v -0.04050000012 0.114141725 -0.0473017469
v -0.04000000283 0.1141552553 -0.04701653123
v -0.03950000182 0.1141484901 -0.04715912789
v -0.0390000008 0.1140334606 -0.04958354682
v -0.03850000352 0.1140402257 -0.04944093153
v -0.0380000025 0.1140469909 -0.04929831252
v -0.03750000149 0.1140469909 -0.04929831252
v 0.001000000047 0.1200742796 0.08394813538
v 0.001500000013 0.1201086417 0.08490559459
v 0.002000000095 0.1201258227 0.08538432419
v 0.002500000177 0.1201387048 0.08574338257
v 0.003000000026 0.1201472953 0.08598275483
v 0.003500000108 0.1201558858 0.08622211218
v 0.00400000019 0.1201601848 0.08634179831
v 0.004500000272 0.1201644763 0.08646148443
v 0.005000000354 0.1201644763 0.08646148443
v 0.005500000436 0.1201644763 0.08646148443
v 0.006000000052 0.1201558858 0.08622211218
v 0.006500000134 0.1201558858 0.08622211218
v 0.007000000216 0.1201515943 0.08610244095
v 0.007500000298 0.1201344132 0.08562371135
v 0.00800000038 0.1201215237 0.08526465297
v 0.008500000462 0.1201172322 0.08514496684
v 0.009000000544 0.1201258227 0.08538432419
v 0.009500000626 0.1201301143 0.08550402522
v 0.01000000071 0.1201430038 0.0858630687
v 0.01050000079 0.1201515943 0.08610244095
v 0.01100000087 0.1201644763 0.08646148443
v 0.01150000095 0.1201687753 0.08658115566
v 0.0120000001 0.1201730669 0.08670084178
v 0.01250000019 0.1201773658 0.08682052791
v 0.01300000027 0.1201816574 0.08694021404
v 0.01350000035 0.1201859564 0.08705988526
v 0.01400000043 0.1201816574 0.08694021404
v 0.01450000051 0.1201816574 0.08694021404
v 0.0150000006 0.1201816574 0.08694021404
v 0.01550000068 0.1201773658 0.08682052791
v 0.01600000076 0.1201687753 0.08658115566
v 0.01649999991 0.1201644763 0.08646148443
v 0.01700000092 0.1201601848 0.08634179831
v 0.01750000007 0.1201472953 0.08598275483
v 0.01800000109 0.1201515943 0.08610244095
v 0.01850000024 0.1201601848 0.08634179831
v 0.01900000125 0.1201687753 0.08658115566
v 0.0195000004 0.1201730669 0.08670084178
v 0.02000000142 0.1201816574 0.08694021404
v 0.02050000057 0.1201773658 0.08682052791
v 0.02100000158 0.1201816574 0.08694021404
v 0.02150000073 0.1201816574 0.08694021404
v 0.02200000174 0.1201773658 0.08682052791
v 0.02250000089 0.1201730669 0.08670084178
v 0.02300000191 0.1201730669 0.08670084178
v 0.02350000106 0.1201515943 0.08610244095
v 0.02400000021 0.1201258227 0.08538432419
v 0.02450000122 0.1201172322 0.08514496684
v -0.04425000027 0.1149251238 -0.04673088342
v -0.04375000298 0.1149585918 -0.04601782933
v -0.04325000197 0.1149652824 -0.04587524012
v -0.04275000095 0.1149853617 -0.04544742033
v -0.04225000367 0.115005441 -0.04501957446
v -0.04175000265 0.1149987429 -0.04516218975
v -0.04125000164 0.1148515046 -0.04829957709
v -0.04075000063 0.1148648858 -0.04801436886
v -0.04025000334 0.1148849651 -0.04758652672
v -0.03975000232 0.1148916632 -0.04744393378
v -0.03925000131 0.1148113459 -0.04915522039
v -0.0387500003 0.1148046553 -0.04929783568
v -0.03825000301 0.1148046553 -0.04929783568
v -0.037750002 0.1148113459 -0.04915522039
v -0.03725000098 0.1147979647 -0.04944045097
v -0.03674999997 0.1147310361 -0.05086652562
v 0.001250000088 0.1207760647 0.08454622328
v 0.001750000054 0.1207971498 0.08514462411
v 0.002250000136 0.1208097935 0.08550368249
v 0.002750000218 0.1208224446 0.08586271107
v 0.003250000067 0.1208308786 0.08610208333
v 0.003750000149 0.1208308786 0.08610208333
v 0.004250000231 0.1208350956 0.08622175455
v 0.004750000313 0.1208393127 0.08634144068
v 0.005250000395 0.1208393127 0.08634144068
v 0.005750000477 0.1208308786 0.08610208333
v 0.006250000093 0.1208266616 0.0859823972
v 0.006750000175 0.1208224446 0.08586271107
v 0.007250000257 0.1208097935 0.08550368249
v 0.007750000339 0.1207844988 0.08478559554
v 0.008249999955 0.1207802817 0.08466590941
v 0.008750000037 0.1207844988 0.08478559554
v 0.009250000119 0.1207718477 0.08442653716
v 0.009750000201 0.1208013669 0.08526431024
v 0.01025000028 0.1208224446 0.08586271107
v 0.01075000037 0.1208350956 0.08622175455
v 0.01125000045 0.1208435297 0.0864611119
v 0.01175000053 0.1208435297 0.0864611119
v 0.01225000061 0.1208519638 0.08670048416
v 0.01275000069 0.1208519638 0.08670048416
v 0.01325000077 0.1208561808 0.08682017028
v 0.01375000086 0.1208603978 0.08693985641
v 0.01425000094 0.1208561808 0.08682017028
v 0.01475000102 0.1208561808 0.08682017028
v 0.0152500011 0.1208519638 0.08670048416
v 0.01575000025 0.1208477467 0.08658078313
v 0.01625000127 0.1208350956 0.08622175455
v 0.01675000042 0.1208266616 0.0859823972
v 0.01725000143 0.1207929328 0.08502495289
v 0.01775000058 0.1208097935 0.08550368249
v 0.01825000159 0.1208097935 0.08550368249
v 0.01875000075 0.1208266616 0.0859823972
v 0.01925000176 0.1208435297 0.0864611119
v 0.01975000091 0.1208519638 0.08670048416
v 0.02025000006 0.1208519638 0.08670048416
v 0.02075000107 0.1208519638 0.08670048416
v 0.02125000022 0.1208519638 0.08670048416
v 0.02175000124 0.1208561808 0.08682017028
v 0.02225000039 0.1208477467 0.08658078313
v 0.0227500014 0.1208477467 0.08658078313
v 0.02325000055 0.1208393127 0.08634144068
v 0.02375000156 0.1208224446 0.08586271107
v 0.02425000072 0.1208055764 0.08538398147
v 0.02475000173 0.1207844988 0.08478559554
v -0.04450000077 0.1156417429 -0.04758609086
v -0.04400000349 0.1157013103 -0.04630265757
v -0.04350000247 0.11571455 -0.04601743445
v -0.04300000146 0.1157211736 -0.04587484524
v -0.04250000045 0.1157410294 -0.04544704035
v -0.04200000316 0.1157476455 -0.04530442879
v -0.04150000215 0.1155689284 -0.04915474728
v -0.04100000113 0.1155954078 -0.04858432338
v -0.04050000012 0.1156020239 -0.04844173416
v -0.04000000283 0.1155689284 -0.04915474728
v -0.03950000182 0.1155556887 -0.04943996668
v -0.0390000008 0.1155689284 -0.04915474728
v -0.03850000352 0.1155689284 -0.04915474728
v -0.0380000025 0.1155623049 -0.04929735884
v -0.03750000149 0.1155556887 -0.04943996668
v 0.001000000047 0.1214398071 0.08406718075
v 0.001500000013 0.121468775 0.08490493894
v 0.002000000095 0.1214853302 0.08538363874
v 0.002500000177 0.1214977503 0.08574268222
v 0.003000000026 0.1215060279 0.08598203957
v 0.003500000108 0.1215101629 0.0861017257
v 0.00400000019 0.1215101629 0.0861017257
v 0.004500000272 0.1215143055 0.08622139692
v 0.005000000354 0.1215101629 0.0861017257
v 0.005500000436 0.1215101629 0.0861017257
v 0.006000000052 0.1215018854 0.08586236835
v 0.006500000134 0.1214936078 0.08562301099
v 0.007000000216 0.1214853302 0.08538363874
v 0.007500000298 0.1214604974 0.08466558158
v 0.00800000038 0.1163611859 -0.03211204708
v 0.008500000462 0.1163800433 -0.03170739859
v 0.009500000626 0.121468775 0.08490493894
v 0.01000000071 0.1214936078 0.08562301099
v 0.01050000079 0.1215060279 0.08598203957
v 0.01100000087 0.1215143055 0.08622139692
v 0.01150000095 0.1215225831 0.08646075428
v 0.0120000001 0.1215267181 0.0865804255
v 0.01250000019 0.1215267181 0.0865804255
v 0.01300000027 0.1215308532 0.08670011163
v 0.01350000035 0.1215349957 0.08681979775
v 0.01400000043 0.1215349957 0.08681979775
v 0.01450000051 0.1215308532 0.08670011163
v 0.0150000006 0.1215308532 0.08670011163
v 0.01550000068 0.1215267181 0.0865804255
v 0.01600000076 0.1215143055 0.08622139692
v 0.01649999991 0.1214936078 0.08562301099
v 0.01700000092 0.1214770526 0.08514429629
v 0.01750000007 0.1214646399 0.08478526771
v 0.01850000024 0.1214811951 0.08526398242
v 0.01900000125 0.1215018854 0.08586236835
v 0.0195000004 0.1215184405 0.08634106815
v 0.02000000142 0.1215225831 0.08646075428
v 0.02050000057 0.1215267181 0.0865804255
v 0.02100000158 0.1215308532 0.08670011163
v 0.02150000073 0.1215308532 0.08670011163
v 0.02200000174 0.1215267181 0.0865804255
v 0.02250000089 0.1215225831 0.08646075428
v 0.02300000191 0.1215225831 0.08646075428
v 0.02350000106 0.1215143055 0.08622139692
v 0.02400000021 0.1215018854 0.08586236835
v 0.02450000122 0.1214770526 0.08514429629
v 0.1105000079 0.1194656119 0.03327060491
v -0.04425000027 0.116418153 -0.04715785757
v -0.04375000298 0.1164508834 -0.04644486308
v -0.04325000197 0.1164574325 -0.04630225524
v -0.04275000095 0.1164705232 -0.04601703957
v -0.04225000367 0.1164770648 -0.04587445408
v -0.04175000265 0.1164705232 -0.04601703957
v -0.04125000164 0.116339609 -0.04886907712
v -0.04075000063 0.1163461506 -0.048726473
v -0.04025000334 0.116339609 -0.04886907712
v -0.03975000232 0.1163265184 -0.04915427044
v -0.03925000131 0.1163265184 -0.04915427044
v -0.0387500003 0.1163199693 -0.04929687828
v -0.03825000301 0.1163068786 -0.04958209023
v 0.0007500000065 0.1221123114 0.08382752538
v 0.001250000088 0.1221407279 0.08466525376
v 0.001750000054 0.1221610308 0.08526363969
v 0.002250000136 0.1221732125 0.08562266827
v 0.002750000218 0.122177273 0.08574233949
v 0.003250000067 0.1221853942 0.08598169684
v 0.003750000149 0.1221853942 0.08598169684
v 0.004250000231 0.1221894547 0.08610136807
v 0.004750000313 0.1221894547 0.08610136807
v 0.005250000395 0.1221853942 0.08598169684
v 0.005750000477 0.1221813336 0.08586201072
v 0.006250000093 0.1221691519 0.08550299704
v 0.006750000175 0.1221569702 0.08514395356
v 0.007250000257 0.1221488491 0.08490459621
v 0.007750000339 0.1171039417 -0.03224646673
v 0.008249999955 0.1171163842 -0.03197667375
v 0.008750000037 0.1171350479 -0.03157200292
v 0.009250000119 0.1221366674 0.08454558253
v 0.009750000201 0.1221650913 0.08538329601
v 0.01025000028 0.1221813336 0.08586201072
v 0.01075000037 0.1221894547 0.08610136807
v 0.01125000045 0.1221975759 0.08634071052
v 0.01175000053 0.1222016364 0.08646039665
v 0.01225000061 0.122205697 0.08658005297
v 0.01275000069 0.1222097576 0.086699754
v 0.01325000077 0.1222097576 0.086699754
v 0.01375000086 0.1222097576 0.086699754
v 0.01425000094 0.1222097576 0.086699754
v 0.01475000102 0.122205697 0.08658005297
v 0.0152500011 0.122205697 0.08658005297
v 0.01575000025 0.1221894547 0.08610136807
v 0.01625000127 0.1221650913 0.08538329601
v 0.01675000042 0.1221529096 0.08502428234
v 0.01725000143 0.1170106232 -0.03426984698
v 0.01775000058 0.1170230657 -0.03400005028
v 0.01825000159 0.1221366674 0.08454558253
v 0.01875000075 0.1221610308 0.08526363969
v 0.01925000176 0.1221813336 0.08586201072
v 0.01975000091 0.1221894547 0.08610136807
v 0.02025000006 0.1222016364 0.08646039665
v 0.02075000107 0.122205697 0.08658005297
v 0.02125000022 0.122205697 0.08658005297
v 0.02175000124 0.122205697 0.08658005297
v 0.02225000039 0.1222016364 0.08646039665
v 0.0227500014 0.1222016364 0.08646039665
v 0.02325000055 0.1221975759 0.08634071052
v 0.02375000156 0.1221853942 0.08598169684
v 0.02425000072 0.1221610308 0.08526363969
v 0.02475000173 0.1221569702 0.08514395356
v -0.04450000077 0.1171488315 -0.04772782326
v -0.04400000349 0.1171682477 -0.047300037
v -0.04350000247 0.1171682477 -0.047300037
v -0.04150000215 0.1170841083 -0.04915379733
v -0.04100000113 0.1171035245 -0.04872600734
v -0.04050000012 0.1170905828 -0.04901121557
v -0.04000000283 0.1170841083 -0.04915379733
v -0.03950000182 0.1170776412 -0.04929640144
v -0.0390000008 0.1170646921 -0.04958160594
v 0.0005000000237 0.1227771565 0.08334852755
v 0.001000000047 0.1228169799 0.08454525471
v 0.001500000013 0.1228368878 0.08514362574
v 0.002000000095 0.1228488311 0.08550265431
v 0.002500000177 0.1228567958 0.08574199677
v 0.003000000026 0.1228607818 0.08586166799
v 0.003500000108 0.1228647605 0.08598133922
v 0.00400000019 0.1228607818 0.08586166799
v 0.004500000272 0.1228647605 0.08598133922
v 0.005000000354 0.1228607818 0.08586166799
v 0.005500000436 0.1228528172 0.08562232554
v 0.006000000052 0.1228448525 0.08538296819
v 0.006500000134 0.1228289232 0.08490426838
v 0.007000000216 0.1228249446 0.08478461206
v 0.007500000298 0.1178468391 -0.03238090128
v 0.00800000038 0.1178530008 -0.03224599734
v 0.008500000462 0.1178714633 -0.0318413116
v 0.009500000626 0.1228329092 0.08502395451
v 0.01000000071 0.1228528172 0.08562232554
v 0.01050000079 0.1228687465 0.08610102534
v 0.01100000087 0.1228727251 0.08622068167
v 0.01150000095 0.1228806898 0.08646003902
v 0.0120000001 0.1228846684 0.08657969534
v 0.01250000019 0.1228886545 0.08669938147
v 0.01300000027 0.1228886545 0.08669938147
v 0.01350000035 0.1228886545 0.08669938147
v 0.01400000043 0.1228886545 0.08669938147
v 0.01450000051 0.1228886545 0.08669938147
v 0.0150000006 0.1228846684 0.08657969534
v 0.01550000068 0.1228767037 0.08634035289
v 0.01600000076 0.1228488311 0.08550265431
v 0.01649999991 0.1228408664 0.08526329696
v 0.01700000092 0.1177729815 -0.03399965912
v 0.01750000007 0.1177791357 -0.03386477754
v 0.01800000109 0.1177852899 -0.03372986987
v 0.01850000024 0.1228209585 0.08466494083
v 0.01900000125 0.1228448525 0.08538296819
v 0.0195000004 0.1228567958 0.08574199677
v 0.02000000142 0.1228687465 0.08610102534
v 0.02050000057 0.1228767037 0.08634035289
v 0.02100000158 0.1228806898 0.08646003902
v 0.02150000073 0.1228846684 0.08657969534
v 0.02200000174 0.1228806898 0.08646003902
v 0.02250000089 0.1228767037 0.08634035289
v 0.02300000191 0.1228806898 0.08646003902
v 0.02350000106 0.1228687465 0.08610102534
v 0.02400000021 0.1228448525 0.08538296819
v 0.02450000122 0.1228368878 0.08514362574
v -0.04425000027 0.1178928837 -0.04801258817
v -0.04375000298 0.1178928837 -0.04801258817
v -0.04325000197 0.1178544983 -0.04886814207
v -0.04275000095 0.1178544983 -0.04886814207
v -0.04225000367 0.1178352982 -0.04929592088
v -0.04175000265 0.1178416982 -0.04915332049
v -0.04125000164 0.1178480983 -0.04901074246
v -0.04075000063 0.1178544983 -0.04886814207
v -0.04025000334 0.1178224981 -0.04958111793
v 0.0007500000065 0.1234855801 0.08418591321
v 0.001250000088 0.1235129088 0.08502361178
v 0.001750000054 0.1235246211 0.08538262546
v 0.002250000136 0.1235324219 0.08562198281
v 0.002750000218 0.123536326 0.08574163914
v 0.003250000067 0.1235402301 0.08586131036
v 0.003750000149 0.1235402301 0.08586131036
v 0.004250000231 0.1235402301 0.08586131036
v 0.004750000313 0.1235402301 0.08586131036
v 0.005250000395 0.1235246211 0.08538262546
v 0.005750000477 0.1235246211 0.08538262546
v 0.006250000093 0.1235011965 0.08466461301
v 0.006750000175 0.1234972924 0.08454494178
v 0.007250000257 0.1185715944 -0.03292005137
v 0.007750000339 0.1185837761 -0.03265023604
v 0.008249999955 0.1186020449 -0.03224552423
v 0.008750000037 0.1185959578 -0.03238043562
v 0.009250000119 0.1234894842 0.08430559933
v 0.009750000201 0.1235246211 0.08538262546
v 0.01025000028 0.1235402301 0.08586131036
v 0.01075000037 0.1235519424 0.08622032404
v 0.01125000045 0.1235558465 0.08633999527
v 0.01175000053 0.1235636547 0.08657932281
v 0.01225000061 0.1235675588 0.08669902384
v 0.01275000069 0.1235675588 0.08669902384
v 0.01325000077 0.1235675588 0.08669902384
v 0.01375000086 0.1235675588 0.08669902384
v 0.01425000094 0.1235675588 0.08669902384
v 0.01475000102 0.1235636547 0.08657932281
v 0.0152500011 0.1235480383 0.08610066772
v 0.01575000025 0.1235324219 0.08562198281
v 0.01625000127 0.1235168129 0.08514328301
v 0.01675000042 0.118522875 -0.03399926424
v 0.01725000143 0.1185289696 -0.03386437893
v 0.01775000058 0.1185289696 -0.03386437893
v 0.01875000075 0.1235051006 0.08478428423
v 0.01925000176 0.1235246211 0.08538262546
v 0.01975000091 0.1235402301 0.08586131036
v 0.02025000006 0.1235480383 0.08610066772
v 0.02075000107 0.1235558465 0.08633999527
v 0.02125000022 0.1235597506 0.08645966649
v 0.02175000124 0.1235597506 0.08645966649
v 0.02225000039 0.1235558465 0.08633999527
v 0.0227500014 0.1235558465 0.08633999527
v 0.02325000055 0.1235519424 0.08622032404
v 0.02375000156 0.1235324219 0.08562198281
v 0.02425000072 0.1235168129 0.08514328301
v -0.04450000077 0.118630901 -0.04843990877
v -0.04400000349 0.118630901 -0.04843990877
v -0.04350000247 0.1186245829 -0.04858248308
v -0.04300000146 0.1186182573 -0.04872507975
v -0.04250000045 0.1186119318 -0.04886767641
v -0.04200000316 0.1185866296 -0.0494380407
v -0.04150000215 0.1185929552 -0.04929544404
v 0.0005000000237 0.1241584644 0.08394627273
v 0.001000000047 0.1241852418 0.08478395641
v 0.001500000013 0.1242005453 0.08526262641
v 0.002000000095 0.124208197 0.08550196886
v 0.002500000177 0.1242158487 0.08574129641
v 0.003000000026 0.1242158487 0.08574129641
v 0.003500000108 0.1242196709 0.08586096764
v 0.00400000019 0.1242196709 0.08586096764
v 0.004500000272 0.1242158487 0.08574129641
v 0.005000000354 0.1242043674 0.08538228273
v 0.005500000436 0.1241967231 0.08514295518
v 0.006000000052 0.1241928935 0.08502328396
v 0.006500000134 0.1192727685 -0.03399887308
v 0.007000000216 0.1193028912 -0.0333243385
v 0.007500000298 0.1193149388 -0.03305450827
v 0.00800000038 0.1193269864 -0.03278469667
v 0.008500000462 0.1193330139 -0.03264978155
v 0.009000000544 0.119339034 -0.03251486644
v 0.009500000626 0.1241928935 0.08502328396
v 0.01000000071 0.1242120191 0.08562164009
v 0.01050000079 0.1242273226 0.08610031009
v 0.01100000087 0.1242349744 0.08633963764
v 0.01150000095 0.1242426261 0.08657896519
v 0.0120000001 0.1242464483 0.08669865131
v 0.01250000019 0.1242464483 0.08669865131
v 0.01300000027 0.1242464483 0.08669865131
v 0.01350000035 0.1242464483 0.08669865131
v 0.01400000043 0.1242464483 0.08669865131
v 0.01450000051 0.1242426261 0.08657896519
v 0.0150000006 0.1242273226 0.08610031009
v 0.01550000068 0.1242158487 0.08574129641
v 0.01600000076 0.1242043674 0.08538228273
v 0.01649999991 0.12417759 0.08454461396
v 0.01700000092 0.119278796 -0.03386398032
v 0.01750000007 0.119278796 -0.03386398032
v 0.01800000109 0.1192727685 -0.03399887308
v 0.01900000125 0.1241928935 0.08502328396
v 0.0195000004 0.1242120191 0.08562164009
v 0.02000000142 0.1242196709 0.08586096764
v 0.02050000057 0.1242311448 0.08621996641
v 0.02100000158 0.1242349744 0.08633963764
v 0.02150000073 0.1242349744 0.08633963764
v 0.02200000174 0.1242349744 0.08633963764
v 0.02250000089 0.1242311448 0.08621996641
v 0.02300000191 0.1242311448 0.08621996641
v 0.02350000106 0.1242196709 0.08586096764
v 0.02400000021 0.1241967231 0.08514295518
v 0.02450000122 0.1241852418 0.08478395641
v -0.05375000089 0.1193312407 -0.05000959709
v -0.05325000361 0.1193499565 -0.04958182573
v -0.0462500006 0.1193873882 -0.04872625694
v -0.04575000331 0.1193936244 -0.04858365655
v -0.04525000229 0.1193998605 -0.04844107851
v -0.04475000128 0.1193998605 -0.04844107851
v -0.04425000027 0.1193936244 -0.04858365655
v -0.04375000298 0.1193749085 -0.04901145399
v -0.04325000197 0.1193811446 -0.0488688536
v -0.04275000095 0.1193749085 -0.04901145399
v 0.0007500000065 0.1248724908 0.08466415107
v 0.001250000088 0.124887526 0.08514283597
v 0.001750000054 0.1248987988 0.08550186455
v 0.002250000136 0.1249025613 0.08562153578
v 0.002750000218 0.1249063164 0.085741207
v 0.003250000067 0.1249100789 0.08586087823
v 0.003750000149 0.1249063164 0.085741207
v 0.004250000231 0.1249025613 0.08562153578
v 0.004750000313 0.1248912811 0.0852625221
v 0.005250000395 0.1248837635 0.08502316475
v 0.005750000477 0.1248800084 0.08490349352
v 0.006250000093 0.1200447083 -0.03373004124
v 0.006750000175 0.1200684607 -0.03319039941
v 0.007250000257 0.1200743988 -0.03305548429
v 0.007750000339 0.1200803369 -0.03292058781
v 0.008249999955 0.1200862825 -0.03278567269
v 0.008750000037 0.1201040968 -0.03238094226
v 0.009250000119 0.1248649731 0.08442479372
v 0.009750000201 0.1248987988 0.08550186455
v 0.01025000028 0.1249100789 0.08586087823
v 0.01075000037 0.1249213517 0.08621989191
v 0.01125000045 0.1249288693 0.08645923436
v 0.01175000053 0.1249363869 0.08669859171
v 0.01225000061 0.1249363869 0.08669859171
v 0.01275000069 0.1249326244 0.08657890558
v 0.01325000077 0.1249326244 0.08657890558
v 0.01375000086 0.1249363869 0.08669859171
v 0.01425000094 0.1249326244 0.08657890558
v 0.01475000102 0.1249213517 0.08621989191
v 0.0152500011 0.1249100789 0.08586087823
v 0.01575000025 0.1248950437 0.08538217843
v 0.01625000127 0.1248837635 0.08502316475
v 0.01675000042 0.1200387701 -0.03386496007
v 0.01725000143 0.1200387701 -0.03386496007
v 0.01775000058 0.120032832 -0.03399985284
v 0.01825000159 0.1200387701 -0.03386496007
v 0.01875000075 0.1248574555 0.08418545127
v 0.01925000176 0.124887526 0.08514283597
v 0.01975000091 0.1249063164 0.085741207
v 0.02025000006 0.1249175966 0.08610023558
v 0.02075000107 0.1249213517 0.08621989191
v 0.02125000022 0.1249213517 0.08621989191
v 0.02175000124 0.1249251068 0.08633956313
v 0.02225000039 0.1249251068 0.08633956313
v 0.0227500014 0.1249251068 0.08633956313
v 0.02325000055 0.1249175966 0.08610023558
v 0.02375000156 0.1248950437 0.08538217843
v 0.02425000072 0.1248800084 0.08490349352
v -0.05450000241 0.1200519353 -0.05115154013
v -0.0540000014 0.1200888455 -0.05029597878
v -0.05350000411 0.1201073006 -0.04986819625
v -0.0530000031 0.1201134548 -0.04972559214
v -0.0465000011 0.1201380566 -0.04915521294
v -0.04600000381 0.1201626658 -0.04858483002
v -0.0455000028 0.12016882 -0.04844225198
v -0.04500000179 0.1201565117 -0.0487274304
v -0.04450000077 0.1201503649 -0.04887003452
v 0.0005000000237 0.1255561858 0.08442464471
v 0.001000000047 0.125578329 0.08514273167
v 0.001500000013 0.1255894005 0.08550176024
v 0.002000000095 0.125593096 0.08562144637
v 0.002500000177 0.125600487 0.08586078882
v 0.003000000026 0.125600487 0.08586078882
v 0.003500000108 0.125600487 0.08586078882
v 0.00400000019 0.125593096 0.08562144637
v 0.004500000272 0.1255746335 0.08502304554
v 0.005000000354 0.1255709529 0.08490337431
v 0.005500000436 0.1255709529 0.08490337431
v 0.006000000052 0.1208104491 -0.03359610587
v 0.006500000134 0.1208280101 -0.03319137916
v 0.007000000216 0.1208338663 -0.03305646032
v 0.007500000298 0.120839715 -0.03292156383
v 0.00800000038 0.1208455712 -0.03278664872
v 0.008500000462 0.120857276 -0.03251681477
v 0.009000000544 0.1208689809 -0.03224699944
v 0.009500000626 0.1255746335 0.08502304554
v 0.01000000071 0.1255967915 0.0857411176
v 0.01050000079 0.1256078631 0.08610014617
v 0.01100000087 0.1256152391 0.08633948863
v 0.01150000095 0.1256189346 0.08645917475
v 0.0120000001 0.1256263256 0.0866985321
v 0.01250000019 0.1256263256 0.0866985321
v 0.01300000027 0.1256226301 0.08657884598
v 0.01350000035 0.1256226301 0.08657884598
v 0.01400000043 0.1256189346 0.08645917475
v 0.01450000051 0.1256115586 0.0862198174
v 0.0150000006 0.125600487 0.08586078882
v 0.01550000068 0.1255857199 0.08538207412
v 0.01600000076 0.1255746335 0.08502304554
v 0.01649999991 0.1208046004 -0.03373102099
v 0.01700000092 0.1208046004 -0.03373102099
v 0.01750000007 0.1208046004 -0.03373102099
v 0.01800000109 0.1207987443 -0.03386593983
v 0.01850000024 0.1207987443 -0.03386593983
v 0.01900000125 0.1255524904 0.08430500329
v 0.0195000004 0.1255820245 0.08526240289
v 0.02000000142 0.125600487 0.08586078882
v 0.02050000057 0.1256115586 0.0862198174
v 0.02100000158 0.1256152391 0.08633948863
v 0.02150000073 0.1256152391 0.08633948863
v 0.02200000174 0.1256152391 0.08633948863
v 0.02250000089 0.1256115586 0.0862198174
v 0.02300000191 0.1256115586 0.0862198174
v 0.02350000106 0.1255967915 0.0857411176
v 0.02400000021 0.125578329 0.08514273167
v -0.05475000292 0.1208043471 -0.05158057064
v -0.05425000191 0.1208407432 -0.05072496831
v -0.05375000089 0.1208589375 -0.05029717833
v -0.05325000361 0.1208650023 -0.05015457422
v -0.0462500006 0.1209135205 -0.04901381582
v -0.04575000331 0.1209135205 -0.04901381582
v -0.04525000229 0.1209135205 -0.04901381582
v 0.0002500000119 0.1262256354 0.08370643854
v 0.0007500000065 0.1262655109 0.08502292633
v 0.001250000088 0.1262800097 0.08550167084
v 0.001750000054 0.1262872517 0.08574101329
v 0.002250000136 0.1262872517 0.08574101329
v 0.002750000218 0.1262908876 0.08586069942
v 0.003250000067 0.1262945086 0.08598038554
v 0.003750000149 0.1262836307 0.08562134206
v 0.004250000231 0.1262727678 0.08526229858
v 0.004750000313 0.126258269 0.08478358388
v 0.005250000395 0.1262618899 0.0849032402
v 0.005750000477 0.1215529591 -0.03400181606
v 0.006250000093 0.1215760335 -0.03346216679
v 0.006750000175 0.121587567 -0.03319235519
v 0.007250000257 0.1215933338 -0.03305743635
v 0.007750000339 0.1215991005 -0.03292253986
v 0.008249999955 0.1215991005 -0.03292253986
v 0.008750000037 0.1216221675 -0.03238289058
v 0.009250000119 0.1262437701 0.08430485427
v 0.009750000201 0.1262763888 0.08538196981
v 0.01025000028 0.1262945086 0.08598038554
v 0.01075000037 0.1263053864 0.08633942902
v 0.01125000045 0.1263090074 0.08645910025
v 0.01175000053 0.1263162643 0.0866984725
v 0.01225000061 0.1263162643 0.0866984725
v 0.01275000069 0.1263162643 0.0866984725
v 0.01325000077 0.1263090074 0.08645910025
v 0.01375000086 0.1263090074 0.08645910025
v 0.01425000094 0.1263053864 0.08633942902
v 0.01475000102 0.1262872517 0.08574101329
v 0.0152500011 0.1262763888 0.08538196981
v 0.01575000025 0.1262655109 0.08502292633
v 0.01625000127 0.1262618899 0.0849032402
v 0.01675000042 0.1215760335 -0.03346216679
v 0.01725000143 0.1215702593 -0.0335970819
v 0.01775000058 0.1215644926 -0.03373200074
v 0.01825000159 0.1215471923 -0.03413673118
v 0.01875000075 0.1215298921 -0.03454146534
v 0.01975000091 0.1262727678 0.08526229858
v 0.02025000006 0.1262945086 0.08598038554
v 0.02075000107 0.1263053864 0.08633942902
v 0.02125000022 0.1263053864 0.08633942902
v 0.02175000124 0.1263090074 0.08645910025
v 0.02225000039 0.1263053864 0.08633942902
v 0.0227500014 0.1263090074 0.08645910025
v 0.02325000055 0.1262981296 0.08610007167
v 0.02375000156 0.1262727678 0.08526229858
v 0.02425000072 0.1262727678 0.08526229858
v -0.05500000343 0.1215632632 -0.05186698586
v -0.05450000241 0.121593155 -0.05115397647
v -0.0540000014 0.1216051057 -0.05086878315
v -0.05350000411 0.1216051057 -0.05086878315
v 0.0005000000237 0.1269421577 0.08454407752
v 0.001000000047 0.1269670576 0.0853818655
v 0.001500000013 0.1269777268 0.08574092388
v 0.002000000095 0.1269848496 0.08598029613
v 0.002500000177 0.1269812882 0.08586061001
v 0.003000000026 0.1269884109 0.08609998226
v 0.003500000108 0.1269777268 0.08574092388
v 0.00400000019 0.1269634962 0.08526219428
v 0.004500000272 0.1269563884 0.08502280712
v 0.005000000354 0.1269492656 0.08478344977
v 0.005500000436 0.1223073378 -0.03413771465
v 0.006000000052 0.1223243847 -0.03373298049
v 0.006500000134 0.1223357469 -0.03346314281
v 0.007000000216 0.1223414317 -0.03332825005
v 0.007500000298 0.1223471165 -0.03319333121
v 0.00800000038 0.1223527938 -0.03305841237
v 0.008500000462 0.1223641559 -0.03278859705
v 0.009000000544 0.1223755255 -0.0325187631
v 0.009500000626 0.1269563884 0.08502280712
v 0.01000000071 0.1269777268 0.08574092388
v 0.01050000079 0.1269919574 0.08621966839
v 0.01100000087 0.1269955188 0.08633935452
v 0.01150000095 0.1270026416 0.08657871187
v 0.0120000001 0.1270026416 0.08657871187
v 0.01250000019 0.1270026416 0.08657871187
v 0.01300000027 0.1270026416 0.08657871187
v 0.01350000035 0.1269990802 0.08645904064
v 0.01400000043 0.1269955188 0.08633935452
v 0.01450000051 0.1269884109 0.08609998226
v 0.0150000006 0.1269670576 0.0853818655
v 0.01550000068 0.1269599348 0.08514249325
v 0.01600000076 0.1269599348 0.08514249325
v 0.01649999991 0.1223300695 -0.03359806165
v 0.01700000092 0.1223243847 -0.03373298049
v 0.01750000007 0.1223073378 -0.03413771465
v 0.01800000109 0.1222846135 -0.03467736393
v 0.01850000024 0.1222562045 -0.03535193205
v 0.02000000142 0.1269670576 0.0853818655
v 0.02050000057 0.1269848496 0.08598029613
v 0.02100000158 0.1269955188 0.08633935452
v 0.02150000073 0.1269990802 0.08645904064
v 0.02200000174 0.1269990802 0.08645904064
v 0.02250000089 0.1270026416 0.08657871187
v 0.02300000191 0.1270026416 0.08657871187
v 0.02350000106 0.1269777268 0.08574092388
v 0.02400000021 0.1269741654 0.08562125266
v -0.05475000292 0.1223343015 -0.05186821148
v -0.05425000191 0.1223519742 -0.05144041032
v -0.05375000089 0.1223637536 -0.05115519091
v 0.0007500000065 0.1276472509 0.08502268791
v 0.001250000088 0.1276647151 0.08562114835
v 0.001750000054 0.1276751757 0.08598022163
v 0.002250000136 0.1276751757 0.08598022163
v 0.002750000218 0.1276751757 0.08598022163
v 0.003250000067 0.1276751757 0.08598022163
v 0.003750000149 0.1276542395 0.08526207507
v 0.004250000231 0.1276542395 0.08526207507
v 0.004750000313 0.127643764 0.08490300179
v 0.005250000395 0.1230562925 -0.03440851346
v 0.005750000477 0.1230730787 -0.03400377557
v 0.006250000093 0.1230730787 -0.03400377557
v 0.006750000175 0.1230898723 -0.0335990414
v 0.007250000257 0.1230898723 -0.0335990414
v 0.007750000339 0.1230954677 -0.03346412256
v 0.008249999955 0.1231010631 -0.03332922608
v 0.008750000037 0.1231178492 -0.03292449191
v 0.009250000119 0.1276298016 0.08442422748
v 0.009750000201 0.1276542395 0.08526207507
v 0.01025000028 0.1276751757 0.08598022163
v 0.01075000037 0.1276856512 0.08633928001
v 0.01125000045 0.1276926398 0.08657865226
v 0.01175000053 0.1276926398 0.08657865226
v 0.01225000061 0.1276926398 0.08657865226
v 0.01275000069 0.1276926398 0.08657865226
v 0.01325000077 0.1276926398 0.08657865226
v 0.01375000086 0.1276856512 0.08633928001
v 0.01425000094 0.1276786774 0.08609990776
v 0.01475000102 0.1276716888 0.0858605206
v 0.0152500011 0.1276542395 0.08526207507
v 0.01575000025 0.1276472509 0.08502268791
v 0.01625000127 0.1229779422 -0.03629730642
v 0.01675000042 0.1229387671 -0.03724169359
v 0.01725000143 0.1229331717 -0.03737659007
v 0.01775000058 0.1229163855 -0.03778134659
v 0.01825000159 0.1228704304 -0.03889138997
v 0.01875000075 0.122858651 -0.03917660564
v 0.01925000176 0.1228174046 -0.04017482325
v 0.02025000006 0.1276542395 0.08526207507
v 0.02075000107 0.1276786774 0.08609990776
v 0.02125000022 0.127689153 0.08645896614
v 0.02175000124 0.127689153 0.08645896614
v 0.02225000039 0.1276926398 0.08657865226
v 0.0227500014 0.127689153 0.08645896614
v 0.02325000055 0.1276821643 0.08621959388
v 0.02375000156 0.1276751757 0.08598022163
v 0.0005000000237 0.1283210069 0.08442409337
v 0.001000000047 0.1283483952 0.08538165689
v 0.001500000013 0.1283620894 0.08586043119
v 0.002000000095 0.1283655167 0.08598013222
v 0.002500000177 0.1283655167 0.08598013222
v 0.003000000026 0.1283689439 0.08609983325
v 0.003500000108 0.1283518225 0.08550135791
v 0.00400000019 0.1283381283 0.0850225687
v 0.004500000272 0.1237670109 -0.03562372178
v 0.005000000354 0.1238000765 -0.03481424972
v 0.005500000436 0.1238166094 -0.03440949321
v 0.006000000052 0.1238166094 -0.03440949321
v 0.006500000134 0.1238276288 -0.03413967788
v 0.007000000216 0.1238276288 -0.03413967788
v 0.007500000298 0.1238386557 -0.03386985883
v 0.00800000038 0.1238441616 -0.03373493999
v 0.008500000462 0.1238551885 -0.03346510231
v 0.009000000544 0.1238606945 -0.03333020583
v 0.009500000626 0.1283347011 0.08490288258
v 0.01000000071 0.1283552498 0.08562105894
v 0.01050000079 0.1283689439 0.08609983325
v 0.01100000087 0.1283792108 0.08645890653
v 0.01150000095 0.1283826381 0.08657859266
v 0.0120000001 0.1283826381 0.08657859266
v 0.01250000019 0.1283826381 0.08657859266
v 0.01300000027 0.1283826381 0.08657859266
v 0.01350000035 0.1283792108 0.08645890653
v 0.01400000043 0.1283723712 0.08621950448
v 0.01450000051 0.1283620894 0.08586043119
v 0.0150000006 0.1283483952 0.08538165689
v 0.01550000068 0.1283415556 0.08514226973
v 0.01600000076 0.1237394586 -0.03629829735
v 0.01649999991 0.1237339452 -0.03643319383
v 0.01700000092 0.1237063929 -0.0371077694
v 0.01750000007 0.1236898601 -0.03751250729
v 0.01800000109 0.1236567944 -0.03832197934
v 0.01850000024 0.1236393824 -0.03874981031
v 0.01900000125 0.1235813349 -0.04017585516
v 0.0195000004 0.1235639155 -0.04060366377
v 0.02050000057 0.1283449829 0.08526197076
v 0.02100000158 0.1283689439 0.08609983325
v 0.02150000073 0.1283757985 0.0863392055
v 0.02200000174 0.1283792108 0.08645890653
v 0.02250000089 0.1283826381 0.08657859266
v 0.02300000191 0.1283757985 0.0863392055
v 0.02350000106 0.1283723712 0.08621950448
v 0.0007500000065 0.1290222853 0.08478307724
v 0.001250000088 0.1290424317 0.0855012536
v 0.001750000054 0.1290525049 0.08586034179
v 0.002250000136 0.1290558577 0.08598004282
v 0.002750000218 0.1290558577 0.08598004282
v 0.003250000067 0.1290558577 0.08598004282
v 0.003750000149 0.1290256381 0.08490276337
v 0.004750000313 0.1245335266 -0.03548979014
v 0.005250000395 0.1245443746 -0.03521997482
v 0.005750000477 0.1245497987 -0.03508505225
v 0.006250000093 0.1245443746 -0.03521997482
v 0.006750000175 0.1245389506 -0.03535489365
v 0.007250000257 0.1245497987 -0.03508505225
v 0.007750000339 0.1245660782 -0.03468031436
v 0.008249999955 0.1245769262 -0.03441047668
v 0.009750000201 0.1290323585 0.08514216542
v 0.01025000028 0.1290525049 0.08586034179
v 0.01075000037 0.1290625781 0.08621942997
v 0.01125000045 0.1290726364 0.08657851815
v 0.01175000053 0.1290726364 0.08657851815
v 0.01225000061 0.1290726364 0.08657851815
v 0.01275000069 0.1290726364 0.08657851815
v 0.01325000077 0.1290726364 0.08657851815
v 0.01375000086 0.1290692836 0.08645883203
v 0.01425000094 0.1290592104 0.08609974384
v 0.01475000102 0.1290457845 0.08562095463
v 0.0152500011 0.1290357113 0.08526186645
v 0.01575000025 0.1290256381 0.08490276337
v 0.01625000127 0.1244901195 -0.03656910732
v 0.01675000042 0.1244684234 -0.03710876405
v 0.01725000143 0.1244575679 -0.0373785831
v 0.01775000058 0.1244304404 -0.0380531624
v 0.01825000159 0.1244081557 -0.03860820457
v 0.01875000075 0.1243452579 -0.04017688707
v 0.02125000022 0.1290491372 0.08574064076
v 0.02175000124 0.1290592104 0.08609974384
v 0.02225000039 0.1290659308 0.086339131
v 0.0227500014 0.1290659308 0.086339131
v 0.02325000055 0.1290558577 0.08598004282
v 0.001000000047 0.1297165751 0.08490262926
v 0.001500000013 0.129733026 0.0855011642
v 0.002000000095 0.1297396123 0.08574055135
v 0.002500000177 0.1297396123 0.08574055135
v 0.003000000026 0.1297396123 0.08574055135
v 0.00400000019 0.1251486093 -0.0391796492
v 0.005500000436 0.1252251118 -0.03724467754
v 0.006000000052 0.1252571493 -0.03643517569
v 0.006500000134 0.125235796 -0.03697483614
v 0.007000000216 0.1252518147 -0.03657010198
v 0.007500000298 0.1252678335 -0.03616536036
v 0.00800000038 0.1252678335 -0.03616536036
v 0.008500000462 0.1252731681 -0.0360304378
v 0.009000000544 0.1252785027 -0.03589551896
v 0.009500000626 0.1297001243 0.08430413902
v 0.01000000071 0.1297297478 0.08538144827
v 0.01050000079 0.1297494918 0.08609966934
v 0.01100000087 0.1297593564 0.08645877242
v 0.01150000095 0.1297626495 0.08657845855
v 0.0120000001 0.1297626495 0.08657845855
v 0.01250000019 0.1297626495 0.08657845855
v 0.01300000027 0.1297626495 0.08657845855
v 0.01350000035 0.1297593564 0.08645877242
v 0.01400000043 0.1297527701 0.08621935546
v 0.01450000051 0.1297396123 0.08574055135
v 0.0150000006 0.129733026 0.0855011642
v 0.01550000068 0.1297231615 0.08514204621
v 0.01600000076 0.1252411306 -0.03683993965
v 0.01649999991 0.1252251118 -0.03724467754
v 0.01700000092 0.1252090931 -0.03764941916
v 0.01750000007 0.1251930743 -0.03805416077
v 0.01800000109 0.1251711249 -0.0386092104
v 0.01850000024 0.1251317114 -0.03960747644
v 0.02150000073 0.1297198683 0.08502234519
v 0.02200000174 0.1297396123 0.08574055135
v 0.02250000089 0.1297363192 0.08562086523
v 0.002250000136 0.1304075271 0.08490251005
v 0.003250000067 0.1259008348 -0.03946587816
v 0.003750000149 0.1259174794 -0.03903804719
v 0.004250000231 0.1259341091 -0.0386102125
v 0.004750000313 0.1259504557 -0.03819007799
v 0.005250000395 0.1259662062 -0.03778533638
v 0.005750000477 0.1259924769 -0.03711075336
v 0.006250000093 0.1259977371 -0.03697583079
v 0.006750000175 0.1260029972 -0.03684093431
v 0.007250000257 0.1260187626 -0.03643616661
v 0.007750000339 0.1260240078 -0.03630127013
v 0.008249999955 0.1260292679 -0.03616635129
v 0.008750000037 0.1260397732 -0.03589650616
v 0.009250000119 0.1260450333 -0.03576160595
v 0.009750000201 0.1304075271 0.08490251005
v 0.01025000028 0.1304268688 0.08562076092
v 0.01075000037 0.130442977 0.08621928096
v 0.01125000045 0.1304494292 0.08645869792
v 0.01175000053 0.1304526478 0.08657839894
v 0.01225000061 0.1304494292 0.08645869792
v 0.01275000069 0.1304526478 0.08657839894
v 0.01325000077 0.1304526478 0.08657839894
v 0.01375000086 0.1304461956 0.08633899689
v 0.01425000094 0.1304365396 0.0859798789
v 0.01475000102 0.1304300874 0.08574046195
v 0.0152500011 0.1304139644 0.085141927
v 0.01575000025 0.1259977371 -0.03697583079
v 0.01625000127 0.1259924769 -0.03711075336
v 0.01675000042 0.1259662062 -0.03778533638
v 0.01725000143 0.1259451956 -0.0383249782
v 0.01775000058 0.1259230226 -0.03889542818
v 0.01825000159 0.1258731186 -0.04017894715
v 0.01875000075 0.1258564889 -0.04060677812
v 0.001500000013 0.1266370565 -0.04017997906
v 0.002000000095 0.1266588867 -0.0396095179
v 0.002500000177 0.1266697943 -0.0393242985
v 0.003000000026 0.1266752481 -0.03918167949
v 0.003500000108 0.1266916245 -0.03875384107
v 0.00400000019 0.1267025471 -0.03846859932
v 0.004500000272 0.1267080009 -0.03832597658
v 0.005000000354 0.1267286688 -0.03778633475
v 0.005500000436 0.1267390102 -0.03751649335
v 0.006000000052 0.1267545223 -0.03711174801
v 0.006500000134 0.126759693 -0.03697682545
v 0.007000000216 0.1267700195 -0.03670700639
v 0.007500000298 0.1267803609 -0.03643716127
v 0.00800000038 0.1267855316 -0.03630226105
v 0.008500000462 0.1267855316 -0.03630226105
v 0.009000000544 0.1267907023 -0.03616733849
v 0.009500000626 0.1268010437 -0.03589749709
v 0.01000000071 0.1311047673 0.0851418227
v 0.01050000079 0.1311268657 0.0859797895
v 0.01100000087 0.1311363429 0.08633892238
v 0.01150000095 0.1311426461 0.08657833934
v 0.0120000001 0.1311426461 0.08657833934
v 0.01250000019 0.1311426461 0.08657833934
v 0.01300000027 0.1311426461 0.08657833934
v 0.01350000035 0.1311426461 0.08657833934
v 0.01400000043 0.1311268657 0.0859797895
v 0.01450000051 0.1311237067 0.08586008847
v 0.0150000006 0.1311142445 0.08550095558
v 0.01550000068 0.1267493516 -0.03724666685
v 0.01600000076 0.1267390102 -0.03751649335
v 0.01649999991 0.1267131716 -0.03819108009
v 0.01700000092 0.1266970783 -0.03861121833
v 0.01750000007 0.1266697943 -0.0393242985
v 0.01800000109 0.1266479641 -0.0398947373
v 0.01850000024 0.1266261339 -0.04046519473
v 0.001250000088 0.127395615 -0.0403236337
v 0.001750000054 0.1274224669 -0.03961054236
v 0.002250000136 0.127438575 -0.03918269277
v 0.002750000218 0.1274493188 -0.03889744729
v 0.003250000067 0.1274600625 -0.03861222416
v 0.003750000149 0.1274758875 -0.03819207847
v 0.004250000231 0.1274911463 -0.03778733313
v 0.004750000313 0.1274962276 -0.03765241057
v 0.005250000395 0.1275063902 -0.03738256544
v 0.005750000477 0.1275114715 -0.03724766523
v 0.006250000093 0.1275216341 -0.0369778201
v 0.006750000175 0.1275216341 -0.0369778201
v 0.007250000257 0.1275317967 -0.03670799732
v 0.007750000339 0.1275368929 -0.03657307848
v 0.008249999955 0.1275368929 -0.03657307848
v 0.008750000037 0.1275470555 -0.03630325198
v 0.009250000119 0.1275521368 -0.03616832942
v 0.009750000201 0.1275572181 -0.03603340685
v 0.01025000028 0.1318017542 0.08538112044
v 0.01075000037 0.1318202913 0.08609943092
v 0.01125000045 0.1318295598 0.0864585638
v 0.01175000053 0.1318326592 0.08657826483
v 0.01225000061 0.1318326592 0.08657826483
v 0.01275000069 0.1318326592 0.08657826483
v 0.01325000077 0.1318326592 0.08657826483
v 0.01375000086 0.1318264753 0.08633884788
v 0.01425000094 0.1318141222 0.08585999906
v 0.01475000102 0.1275063902 -0.03738256544
v 0.0152500011 0.1275114715 -0.03724766523
v 0.01575000025 0.1274962276 -0.03765241057
v 0.01625000127 0.1274708062 -0.03832697868
v 0.01675000042 0.1274546981 -0.0387548469
v 0.01725000143 0.127438575 -0.03918269277
v 0.01775000058 0.1273902357 -0.04046623409
v 0.01825000159 0.127395615 -0.0403236337
v 0.0005000000237 0.1281331927 -0.0410377495
v 0.001000000047 0.1281437576 -0.04075251892
v 0.001500000013 0.1281754673 -0.03989678994
v 0.002000000095 0.128196612 -0.03932633251
v 0.002500000177 0.1282177418 -0.03875585273
v 0.003000000026 0.1282335967 -0.03832797706
v 0.003500000108 0.1282485873 -0.03792323172
v 0.00400000019 0.1282635778 -0.03751848638
v 0.004500000272 0.1282735765 -0.03724865988
v 0.005000000354 0.1282785684 -0.03711373731
v 0.005500000436 0.1282785684 -0.03711373731
v 0.006000000052 0.1282835752 -0.03697881475
v 0.006500000134 0.1282835752 -0.03697881475
v 0.007000000216 0.1282935739 -0.03670899197
v 0.007500000298 0.1282985657 -0.03657406941
v 0.00800000038 0.1282985657 -0.03657406941
v 0.008500000462 0.1282985657 -0.03657406941
v 0.009000000544 0.1283085644 -0.03630424291
v 0.009500000626 0.1283085644 -0.03630424291
v 0.01000000071 0.1283185631 -0.03603439778
v 0.01050000079 0.1324924231 0.08538101614
v 0.01100000087 0.1325105727 0.08609934151
v 0.01150000095 0.1325196326 0.0864585042
v 0.0120000001 0.1325226575 0.08657820523
v 0.01250000019 0.1325196326 0.0864585042
v 0.01300000027 0.1325196326 0.0864585042
v 0.01350000035 0.1325196326 0.0864585042
v 0.01400000043 0.1325075477 0.08597962558
v 0.01450000051 0.1282635778 -0.03751848638
v 0.0150000006 0.1282685846 -0.03738356009
v 0.01550000068 0.128253594 -0.03778832778
v 0.01600000076 0.1282283068 -0.03847060353
v 0.01649999991 0.1282177418 -0.03875585273
v 0.01700000092 0.128196612 -0.03932633251
v 0.01750000007 0.1281701922 -0.0400394164
v 0.01800000109 0.1281490475 -0.04060989246
v 0.01850000024 0.128101483 -0.04189347848
v 0.01900000125 0.1280169338 -0.04417537525
v 0.0002500000119 0.1289080381 -0.04075355828
v 0.0007500000065 0.1289236397 -0.04032570124
v 0.001250000088 0.1289288402 -0.04018307477
v 0.001750000054 0.1289600134 -0.03932734951
v 0.002250000136 0.1289808154 -0.03875686228
v 0.002750000218 0.128996402 -0.03832897544
v 0.003250000067 0.1290160567 -0.03778932616
v 0.003750000149 0.1290307939 -0.03738455847
v 0.004250000231 0.1290455163 -0.03697980568
v 0.004750000313 0.129055351 -0.0367099829
v 0.005250000395 0.1290602535 -0.03657506034
v 0.005750000477 0.1290602535 -0.03657506034
v 0.006250000093 0.1290651709 -0.03644013405
v 0.006750000175 0.1290602535 -0.03657506034
v 0.007250000257 0.1290749907 -0.03617031127
v 0.007750000339 0.1290700883 -0.03630523384
v 0.008249999955 0.1290749907 -0.03617031127
v 0.008750000037 0.1290749907 -0.03617031127
v 0.009250000119 0.1290799081 -0.03603538871
v 0.009750000201 0.1290749907 -0.03617031127
v 0.01025000028 0.1290848255 -0.03590046242
v 0.01075000037 0.1331831068 0.08538091183
v 0.01125000045 0.1332008392 0.08609926701
v 0.01175000053 0.1332067549 0.08633871377
v 0.01225000061 0.1332067549 0.08633871377
v 0.01275000069 0.1332067549 0.08633871377
v 0.01325000077 0.1332097054 0.08645842969
v 0.01375000086 0.1332037896 0.08621898293
v 0.01425000094 0.1290307939 -0.03738455847
v 0.01475000102 0.1290258765 -0.03751948103
v 0.0152500011 0.1290062219 -0.03805915266
v 0.01575000025 0.1289912015 -0.03847160563
v 0.01625000127 0.1289808154 -0.03875686228
v 0.01675000042 0.1289652139 -0.03918472305
v 0.01725000143 0.1289288402 -0.04018307477
v 0.01775000058 0.1289184391 -0.04046830535
v 0.01825000159 0.1289028525 -0.04089616612
v 0.01875000075 0.1288768649 -0.04160928354
v 0.01925000176 0.128788501 -0.04403384775
v 0 0.1296671927 -0.0408972092
v 0.0005000000237 0.1296927482 -0.04018410295
v 0.001000000047 0.1297029704 -0.03989884257
v 0.001500000013 0.1297234148 -0.03932836652
v 0.002000000095 0.1297438592 -0.03875786811
v 0.002500000177 0.1297640204 -0.03819507733
v 0.003000000026 0.1297785044 -0.03779032454
v 0.003500000108 0.1297881454 -0.03752047569
v 0.00400000019 0.1298026294 -0.03711572662
v 0.004500000272 0.1298171133 -0.03671097755
v 0.005000000354 0.1298219413 -0.03657605127
v 0.005500000436 0.1298315972 -0.03630622476
v 0.006000000052 0.1298412383 -0.03603637591
v 0.006500000134 0.1298412383 -0.03603637591
v 0.007000000216 0.1298460662 -0.03590145335
v 0.007500000298 0.1298557222 -0.03563162684
v 0.00800000038 0.1298508942 -0.03576654941
v 0.008500000462 0.1298508942 -0.03576654941
v 0.009000000544 0.1298557222 -0.03563162684
v 0.009500000626 0.1298508942 -0.03576654941
v 0.01000000071 0.1298460662 -0.03590145335
v 0.01050000079 0.1298557222 -0.03563162684
v 0.01100000087 0.1338622123 0.0849018991
v 0.01150000095 0.133885324 0.08585973084
v 0.0120000001 0.1338882148 0.08597946167
v 0.01250000019 0.1338911057 0.0860991925
v 0.01300000027 0.1338939965 0.08621890843
v 0.01350000035 0.1297929734 -0.03738555312
v 0.01400000043 0.1297929734 -0.03738555312
v 0.01450000051 0.1297929734 -0.03738555312
v 0.0150000006 0.1297881454 -0.03752047569
v 0.01550000068 0.1297688484 -0.03806015104
v 0.01600000076 0.1297591925 -0.03832997754
v 0.01649999991 0.1297438592 -0.03875786811
v 0.01700000092 0.1296978593 -0.04004147649
v 0.01750000007 0.1296978593 -0.04004147649
v 0.01800000109 0.129682526 -0.04046934098
v 0.01850000024 0.1296723038 -0.04075460136
v 0.01900000125 0.1296263188 -0.04203820601
v 0.0195000004 0.1295547634 -0.04403494298
v 0.02000000142 0.1295036525 -0.0454612039
v -0.0002500000119 0.1304215193 -0.04118351638
v 0.0002500000119 0.1304516643 -0.04032776877
v 0.0007500000065 0.1304767877 -0.039614629
v 0.001250000088 0.1304968745 -0.03904411942
v 0.001750000054 0.1305119544 -0.03861624375
v 0.002250000136 0.1305314749 -0.03806114942
v 0.002750000218 0.1305457056 -0.03765639663
v 0.003250000067 0.1305504441 -0.03752147406
v 0.003750000149 0.1305551827 -0.03738654777
v 0.004250000231 0.1305646598 -0.03711672127
v 0.004750000313 0.1305694133 -0.03698179498
v 0.005250000395 0.1305788904 -0.03671196848
v 0.005750000477 0.1305931062 -0.03630721569
v 0.006250000093 0.1306025982 -0.03603736684
v 0.006750000175 0.1306073368 -0.03590244055
v 0.007250000257 0.1306168139 -0.03563261405
v 0.007750000339 0.1306215525 -0.03549768776
v 0.008249999955 0.1306168139 -0.03563261405
v 0.008750000037 0.1306168139 -0.03563261405
v 0.009250000119 0.1306168139 -0.03563261405
v 0.009750000201 0.1306120753 -0.03576753661
v 0.01025000028 0.1306120753 -0.03576753661
v 0.01075000037 0.1306215525 -0.03549768776
v 0.01125000045 0.1306168139 -0.03563261405
v 0.01175000053 0.1306168139 -0.03563261405
v 0.01225000061 0.1306025982 -0.03603736684
v 0.01275000069 0.1305978596 -0.03617229313
v 0.01325000077 0.1305788904 -0.03671196848
v 0.01375000086 0.1305694133 -0.03698179498
v 0.01425000094 0.1305646598 -0.03711672127
v 0.01475000102 0.1305646598 -0.03711672127
v 0.0152500011 0.1305551827 -0.03738654777
v 0.01575000025 0.130540967 -0.03779132292
v 0.01625000127 0.1305267364 -0.03819607571
v 0.01675000042 0.1305119544 -0.03861624375
v 0.01725000143 0.1304617077 -0.04004250467
v 0.01775000058 0.1304617077 -0.04004250467
v 0.01825000159 0.1304466426 -0.04047037661
v 0.01875000075 0.130426541 -0.04104088619
v 0.01925000176 0.1303109825 -0.04432130605
v 0.01975000091 0.1303210407 -0.04403603822
v 0.02025000006 0.1303210407 -0.04403603822
v -0.0005000000237 0.1311761886 -0.04146981612
v 0.001000000047 0.1312551796 -0.03918776661
v 0.001500000013 0.1312798709 -0.03847461194
v 0.002000000095 0.1312941164 -0.03806215152
v 0.002500000177 0.1313080788 -0.03765739501
v 0.003000000026 0.131317392 -0.03738754243
v 0.003500000108 0.1313220412 -0.03725263849
v 0.00400000019 0.1313267052 -0.03711771592
v 0.004500000272 0.1313360184 -0.0368478857
v 0.005000000354 0.1313406676 -0.03671296313
v 0.005500000436 0.1313453168 -0.03657803684
v 0.006000000052 0.1313499808 -0.03644311056
v 0.006500000134 0.1313639432 -0.03603835776
v 0.007000000216 0.1313686073 -0.03590343148
v 0.007500000298 0.1313779056 -0.03563360125
v 0.00800000038 0.1313779056 -0.03563360125
v 0.008500000462 0.1313779056 -0.03563360125
v 0.009000000544 0.1313732564 -0.03576852754
v 0.009500000626 0.1313732564 -0.03576852754
v 0.01000000071 0.1313732564 -0.03576852754
v 0.01050000079 0.1313779056 -0.03563360125
v 0.01100000087 0.1313779056 -0.03563360125
v 0.01150000095 0.1313825697 -0.03549867496
v 0.0120000001 0.1313732564 -0.03576852754
v 0.01250000019 0.1313732564 -0.03576852754
v 0.01300000027 0.13135463 -0.03630820662
v 0.01350000035 0.1313313544 -0.03698278964
v 0.01400000043 0.1313360184 -0.0368478857
v 0.01450000051 0.1313313544 -0.03698278964
v 0.0150000006 0.1313267052 -0.03711771592
v 0.01550000068 0.1313127428 -0.03752246872
v 0.01600000076 0.1312941164 -0.03806215152
v 0.01649999991 0.1312894523 -0.03819707409
v 0.01700000092 0.1312354356 -0.03975828364
v 0.01750000007 0.1312354356 -0.03975828364
v 0.01800000109 0.1312255561 -0.04004353285
v 0.01850000024 0.1312107444 -0.04047141224
v 0.01900000125 0.1311811209 -0.04132720083
v 0.0195000004 0.1311514974 -0.04218296707
v 0.02000000142 0.1310873032 -0.04403713346
v 0.02050000057 0.1310873032 -0.04403713346
v 0.001250000088 0.1320378929 -0.03861825168
v 0.001750000054 0.132056728 -0.0380631499
v 0.002250000136 0.1320704371 -0.03765839338
v 0.002750000218 0.1320795864 -0.0373885408
v 0.003250000067 0.1320887208 -0.03711871058
v 0.003750000149 0.1320932955 -0.03698378429
v 0.004250000231 0.1321024299 -0.03671395406
v 0.004750000313 0.1321115792 -0.03644410148
v 0.005250000395 0.1321207136 -0.03617427126
v 0.005750000477 0.1321207136 -0.03617427126
v 0.006250000093 0.1321207136 -0.03617427126
v 0.006750000175 0.132129848 -0.03590441868
v 0.007250000257 0.1321344227 -0.03576951474
v 0.007750000339 0.1321389973 -0.03563458845
v 0.008249999955 0.1321344227 -0.03576951474
v 0.008750000037 0.132129848 -0.03590441868
v 0.009250000119 0.132129848 -0.03590441868
v 0.009750000201 0.132129848 -0.03590441868
v 0.01025000028 0.1321344227 -0.03576951474
v 0.01075000037 0.1321389973 -0.03563458845
v 0.01125000045 0.1321344227 -0.03576951474
v 0.01175000053 0.1321344227 -0.03576951474
v 0.01225000061 0.132129848 -0.03590441868
v 0.01275000069 0.132129848 -0.03590441868
v 0.01325000077 0.1320978552 -0.03684888035
v 0.01375000086 0.1320978552 -0.03684888035
v 0.01425000094 0.1320978552 -0.03684888035
v 0.01475000102 0.1320887208 -0.03711871058
v 0.0152500011 0.1320795864 -0.0373885408
v 0.01575000025 0.1320704371 -0.03765839338
v 0.01625000127 0.1320521683 -0.03819807246
v 0.01675000042 0.1320039332 -0.03961667046
v 0.01725000143 0.1320039332 -0.03961667046
v 0.01775000058 0.1320039332 -0.03961667046
v 0.01825000159 0.1319942325 -0.03990192339
v 0.01875000075 0.1319699883 -0.04061508551
v 0.01925000176 0.1319457293 -0.04132825136
v 0.01975000091 0.1319311857 -0.04175614193
v 0.02025000006 0.1318535656 -0.04403823242
v 0.001000000047 0.1327818185 -0.03918979317
v 0.001500000013 0.1328103989 -0.0383339785
v 0.002000000095 0.1328238547 -0.03792922199
v 0.002500000177 0.1328373104 -0.03752446175
v 0.003000000026 0.1328462809 -0.03725463152
v 0.003500000108 0.1328507513 -0.03711970523
v 0.00400000019 0.1328597218 -0.036849875
v 0.004500000272 0.1328731775 -0.03644509241
v 0.005000000354 0.1328866333 -0.03604033589
v 0.005500000436 0.1328911185 -0.0359054096
v 0.006000000052 0.1328956038 -0.03577050194
v 0.006500000134 0.132900089 -0.03563557938
v 0.007000000216 0.132900089 -0.03563557938
v 0.007500000298 0.1329045743 -0.03550064936
v 0.00800000038 0.1329045743 -0.03550064936
v 0.008500000462 0.1328956038 -0.03577050194
v 0.009000000544 0.1328911185 -0.0359054096
v 0.009500000626 0.1328956038 -0.03577050194
v 0.01000000071 0.1328956038 -0.03577050194
v 0.01050000079 0.132900089 -0.03563557938
v 0.01100000087 0.132900089 -0.03563557938
v 0.01150000095 0.132900089 -0.03563557938
v 0.0120000001 0.1328956038 -0.03577050194
v 0.01250000019 0.1328911185 -0.0359054096
v 0.01300000027 0.1328686923 -0.03658002242
v 0.01350000035 0.1328597218 -0.036849875
v 0.01400000043 0.132864207 -0.03671494871
v 0.01450000051 0.1328686923 -0.03658002242
v 0.0150000006 0.1328507513 -0.03711970523
v 0.01550000068 0.1328417957 -0.03738953546
v 0.01600000076 0.1328238547 -0.03792922199
v 0.01649999991 0.1328193694 -0.03806414828
v 0.01700000092 0.1327675283 -0.03961769119
v 0.01750000007 0.1327722818 -0.03947504982
v 0.01800000109 0.1327722818 -0.03947504982
v 0.01850000024 0.1327484697 -0.04018823057
v 0.01900000125 0.1327341795 -0.04061612487
v 0.0195000004 0.1326960623 -0.04175719991
v 0.02000000142 0.1326198429 -0.04403932765
v 0.02050000057 0.1326055527 -0.04446724802
v 0.0007500000065 0.1335404664 -0.03933345154
v 0.001250000088 0.1335638463 -0.03862026334
v 0.001750000054 0.133581996 -0.03806514665
v 0.002250000136 0.1335908026 -0.0377953127
v 0.002750000218 0.1335995942 -0.03752546012
v 0.003250000067 0.1336127967 -0.03712069988
v 0.003750000149 0.1336171925 -0.03698576987
v 0.004250000231 0.1336303949 -0.03658101335
v 0.004750000313 0.1336435825 -0.03617625311
v 0.005250000395 0.1336479783 -0.03604132682
v 0.005750000477 0.133652389 -0.03590639681
v 0.006250000093 0.1336611807 -0.03563656658
v 0.006750000175 0.1336567849 -0.03577149287
v 0.007250000257 0.1336655766 -0.03550163656
v 0.007750000339 0.1336655766 -0.03550163656
v 0.008249999955 0.1336655766 -0.03550163656
v 0.008750000037 0.1336611807 -0.03563656658
v 0.009250000119 0.1336567849 -0.03577149287
v 0.009750000201 0.1336611807 -0.03563656658
v 0.01025000028 0.1336655766 -0.03550163656
v 0.01075000037 0.1336655766 -0.03550163656
v 0.01125000045 0.1336611807 -0.03563656658
v 0.01175000053 0.1336611807 -0.03563656658
v 0.01225000061 0.1336611807 -0.03563656658
v 0.01275000069 0.1336435825 -0.03617625311
v 0.01325000077 0.1336259842 -0.03671593964
v 0.01375000086 0.1336259842 -0.03671593964
v 0.01425000094 0.1336347908 -0.03644608334
v 0.01475000102 0.1336303949 -0.03658101335
v 0.0152500011 0.1336127967 -0.03712069988
v 0.01575000025 0.1335995942 -0.03752546012
v 0.01625000127 0.1335864067 -0.03793021664
v 0.01675000042 0.133581996 -0.03806514665
v 0.01725000143 0.1335357875 -0.03947607055
v 0.01775000058 0.1335451454 -0.03919081017
v 0.01825000159 0.1335264295 -0.03976135701
v 0.01875000075 0.1335124075 -0.04018926248
v 0.01925000176 0.1334562749 -0.04190089926
v 0.01975000091 0.1334375739 -0.04247142375
v 0.02025000006 0.1333954781 -0.04375516251
v 0.02075000107 0.1333440244 -0.04532416165
v 0.02175000124 0.1332832277 -0.04717842117
v 0.0005000000237 0.1342900842 -0.03976238146
v 0.001000000047 0.1343268156 -0.03862126544
v 0.001500000013 0.1343403012 -0.03820107132
v 0.002000000095 0.1343489289 -0.03793121502
v 0.002500000177 0.1343575567 -0.03766138107
v 0.003000000026 0.1343705058 -0.03725662082
v 0.003500000108 0.1343748122 -0.03712169454
v 0.00400000019 0.13438344 -0.03685186058
v 0.004500000272 0.1343920678 -0.03658200428
v 0.005000000354 0.1344006956 -0.03631217033
v 0.005500000436 0.134405002 -0.03617724404
v 0.006000000052 0.1344093233 -0.03604231402
v 0.006500000134 0.1344179511 -0.03577248007
v 0.007000000216 0.1344222575 -0.03563755378
v 0.007500000298 0.1344222575 -0.03563755378
v 0.00800000038 0.1344265789 -0.03550262377
v 0.008500000462 0.1344222575 -0.03563755378
v 0.009000000544 0.1344179511 -0.03577248007
v 0.009500000626 0.1344179511 -0.03577248007
v 0.01000000071 0.1344222575 -0.03563755378
v 0.01050000079 0.1344265789 -0.03550262377
v 0.01100000087 0.1344222575 -0.03563755378
v 0.01150000095 0.1344222575 -0.03563755378
v 0.0120000001 0.1344222575 -0.03563755378
v 0.01250000019 0.1344136298 -0.03590738773
v 0.01300000027 0.1343963742 -0.03644707426
v 0.01350000035 0.1343877614 -0.03671693429
v 0.01400000043 0.1343963742 -0.03644707426
v 0.01450000051 0.1343963742 -0.03644707426
v 0.0150000006 0.13438344 -0.03685186058
v 0.01550000068 0.1343705058 -0.03725662082
v 0.01600000076 0.1343532503 -0.03779631108
v 0.01649999991 0.1343446225 -0.03806614503
v 0.01700000092 0.1342946887 -0.03961973637
v 0.01750000007 0.1343038678 -0.03933446854
v 0.01800000109 0.1342992783 -0.03947709128
v 0.01850000024 0.1342671365 -0.04047555849
v 0.01900000125 0.1342395991 -0.04133140296
v 0.0195000004 0.1342212409 -0.04190196097
v 0.02000000142 0.1342028677 -0.04247249663
v 0.02050000057 0.1341615617 -0.04375625402
v 0.02100000158 0.1341294348 -0.04475472122
v 0.02150000073 0.1340651661 -0.04675165936
v 0.02200000174 0.1340605766 -0.04689430445
v 0.0007500000065 0.1350807846 -0.03890754282
v 0.001250000088 0.135103032 -0.0382020697
v 0.001750000054 0.135111481 -0.0379322134
v 0.002250000136 0.1351199448 -0.03766237944
v 0.002750000218 0.1351326257 -0.03725761548
v 0.003250000067 0.1351368427 -0.03712268919
v 0.003750000149 0.1351453066 -0.03685285151
v 0.004250000231 0.1351495385 -0.03671792522
v 0.004750000313 0.1351537555 -0.03658299893
v 0.005250000395 0.1351622194 -0.03631316125
v 0.005750000477 0.1351622194 -0.03631316125
v 0.006250000093 0.1351706684 -0.03604330495
v 0.006750000175 0.1351749003 -0.03590837494
v 0.007250000257 0.1351749003 -0.03590837494
v 0.007750000339 0.1351749003 -0.03590837494
v 0.008249999955 0.1351706684 -0.03604330495
v 0.008750000037 0.1351749003 -0.03590837494
v 0.009250000119 0.1351749003 -0.03590837494
v 0.009750000201 0.1351791322 -0.035773471
v 0.01025000028 0.1351791322 -0.035773471
v 0.01075000037 0.1351833493 -0.03563854098
v 0.01125000045 0.1351791322 -0.035773471
v 0.01175000053 0.1351791322 -0.035773471
v 0.01225000061 0.1351791322 -0.035773471
v 0.01275000069 0.1351495385 -0.03671792522
v 0.01325000077 0.1351453066 -0.03685285151
v 0.01375000086 0.1351537555 -0.03658299893
v 0.01425000094 0.1351579875 -0.03644806519
v 0.01475000102 0.1351410747 -0.03698775917
v 0.0152500011 0.1351283938 -0.03739252314
v 0.01575000025 0.1351241618 -0.03752745315
v 0.01625000127 0.135107249 -0.03806714341
v 0.01675000042 0.1350447536 -0.04004867747
v 0.01725000143 0.1350582689 -0.0396207571
v 0.01775000058 0.1350537688 -0.03976340219
v 0.01825000159 0.1350177377 -0.04090451449
v 0.01875000075 0.1350132376 -0.04104715958
v 0.01925000176 0.1350087225 -0.0411898084
v 0.01975000091 0.1349862069 -0.04190302268
v 0.02025000006 0.1349681914 -0.04247356579
v 0.02075000107 0.1349276602 -0.04375734553
v 0.02125000022 0.1349006444 -0.04461318254
v 0.02175000124 0.1348556131 -0.04603958875
v 0.02225000039 0.1348195821 -0.04718071967
v 0.0227500014 0.1347970515 -0.04789393395
v 0.02325000055 0.1347925514 -0.04803657904
v 0.001000000047 0.1358527541 -0.0386232771
v 0.001500000013 0.1358698756 -0.03806814179
v 0.002000000095 0.1358781606 -0.03779830411
v 0.002500000177 0.1358905882 -0.03739351779
v 0.003000000026 0.1358988732 -0.03712368384
v 0.003500000108 0.1359030157 -0.03698875383
v 0.00400000019 0.1359113008 -0.03671891987
v 0.004500000272 0.1359195858 -0.03644905984
v 0.005000000354 0.1359195858 -0.03644905984
v 0.005500000436 0.1359237283 -0.03631415218
v 0.006000000052 0.1359237283 -0.03631415218
v 0.006500000134 0.1359278709 -0.03617922217
v 0.007000000216 0.1359320134 -0.03604429588
v 0.007500000298 0.1359278709 -0.03617922217
v 0.00800000038 0.1359278709 -0.03617922217
v 0.008500000462 0.1359278709 -0.03617922217
v 0.009000000544 0.1359237283 -0.03631415218
v 0.009500000626 0.1359320134 -0.03604429588
v 0.01000000071 0.1359361559 -0.03590936586
v 0.01050000079 0.1359320134 -0.03604429588
v 0.01100000087 0.1359320134 -0.03604429588
v 0.01150000095 0.1359320134 -0.03604429588
v 0.0120000001 0.1359071583 -0.03685384616
v 0.01250000019 0.1359030157 -0.03698875383
v 0.01300000027 0.1359071583 -0.03685384616
v 0.01350000035 0.1359071583 -0.03685384616
v 0.01400000043 0.1359113008 -0.03671891987
v 0.01450000051 0.1358988732 -0.03712368384
v 0.0150000006 0.1358864456 -0.03752844781
v 0.01550000068 0.1358740181 -0.03793321177
v 0.01600000076 0.135865733 -0.0382030718
v 0.01649999991 0.1357997507 -0.04033500329
v 0.01700000092 0.1358130127 -0.03990705311
v 0.01750000007 0.1358218342 -0.03962177783
v 0.01800000109 0.1357776672 -0.04104820639
v 0.01850000024 0.1357732564 -0.04119085521
v 0.01900000125 0.1357776672 -0.04104820639
v 0.0195000004 0.1357732564 -0.04119085521
v 0.02000000142 0.1357555836 -0.04176143184
v 0.02050000057 0.1357290894 -0.04261728376
v 0.02100000158 0.1356849223 -0.04404371232
v 0.02150000073 0.1356672496 -0.04461428896
v 0.02200000174 0.1356274933 -0.04589809105
v 0.02250000089 0.1356098354 -0.04646866769
v 0.02300000191 0.1355789155 -0.04746716842
v 0.001250000088 0.1366157383 -0.03862428293
v 0.001750000054 0.1366325021 -0.03806914017
v 0.002250000136 0.1366446763 -0.03766437247
v 0.002750000218 0.1366527975 -0.03739451244
v 0.003250000067 0.1366609037 -0.03712467849
v 0.003750000149 0.1366730779 -0.0367199108
v 0.004250000231 0.1366771311 -0.03658498079
v 0.004750000313 0.1366811842 -0.03645005077
v 0.005250000395 0.1366811842 -0.03645005077
v 0.005750000477 0.1366852522 -0.03631514311
v 0.006250000093 0.1366852522 -0.03631514311
v 0.006750000175 0.1366893053 -0.03618021309
v 0.007250000257 0.1366852522 -0.03631514311
v 0.007750000339 0.1366811842 -0.03645005077
v 0.008249999955 0.1366811842 -0.03645005077
v 0.008750000037 0.1366811842 -0.03645005077
v 0.009250000119 0.1366852522 -0.03631514311
v 0.009750000201 0.1366893053 -0.03618021309
v 0.01025000028 0.1366893053 -0.03618021309
v 0.01075000037 0.1366852522 -0.03631514311
v 0.01125000045 0.1366811842 -0.03645005077
v 0.01175000053 0.1366811842 -0.03645005077
v 0.01225000061 0.1366649568 -0.03698974475
v 0.01275000069 0.1366609037 -0.03712467849
v 0.01325000077 0.1366649568 -0.03698974475
v 0.01375000086 0.1366609037 -0.03712467849
v 0.01425000094 0.1366568506 -0.03725960478
v 0.01475000102 0.1366446763 -0.03766437247
v 0.0152500011 0.1366325021 -0.03806914017
v 0.01575000025 0.136628449 -0.03820407018
v 0.01625000127 0.1366157383 -0.03862428293
v 0.01675000042 0.1365724355 -0.04005073383
v 0.01725000143 0.1365810931 -0.0397654511
v 0.01775000058 0.1365854293 -0.03962280229
v 0.01825000159 0.1365377903 -0.04119190201
v 0.01875000075 0.1365464479 -0.04090660065
v 0.01925000176 0.1365421265 -0.0410492532
v 0.01975000091 0.1365377903 -0.04119190201
v 0.02025000006 0.1365161389 -0.04190514237
v 0.02075000107 0.1364988238 -0.0424757041
v 0.02125000022 0.136455521 -0.04390218109
v 0.02175000124 0.1364208758 -0.04504333064
v 0.02225000039 0.1363992244 -0.04575656354
v 0.0227500014 0.1363905668 -0.04604184628
v 0.02325000055 0.1363516003 -0.04732567072
v 0.001500000013 0.1373787075 -0.03862528503
v 0.002000000095 0.1373911798 -0.03820506856
v 0.002500000177 0.1373991221 -0.03793520853
v 0.003000000026 0.1374110281 -0.03753044084
v 0.003500000108 0.1374229342 -0.03712567315
v 0.00400000019 0.1374308765 -0.03685583174
v 0.004500000272 0.1374348551 -0.03672090545
v 0.005000000354 0.1374388188 -0.03658597544
v 0.005500000436 0.1374427974 -0.0364510417
v 0.006000000052 0.1374427974 -0.0364510417
v 0.006500000134 0.1374467611 -0.03631613404
v 0.007000000216 0.1374467611 -0.03631613404
v 0.007500000298 0.1374388188 -0.03658597544
v 0.00800000038 0.1374388188 -0.03658597544
v 0.008500000462 0.1374467611 -0.03631613404
v 0.009000000544 0.1374507397 -0.03618120402
v 0.009500000626 0.1374467611 -0.03631613404
v 0.01000000071 0.1374467611 -0.03631613404
v 0.01050000079 0.1374467611 -0.03631613404
v 0.01100000087 0.1374467611 -0.03631613404
v 0.01150000095 0.1374427974 -0.0364510417
v 0.0120000001 0.1374308765 -0.03685583174
v 0.01250000019 0.1374229342 -0.03712567315
v 0.01300000027 0.1374269128 -0.03699073941
v 0.01350000035 0.1374269128 -0.03699073941
v 0.01400000043 0.1374189705 -0.03726059943
v 0.01450000051 0.1374110281 -0.03753044084
v 0.0150000006 0.1374030858 -0.03780030087
v 0.01550000068 0.1373872012 -0.03833997622
v 0.01600000076 0.1373829544 -0.03848262876
v 0.01649999991 0.1373362839 -0.04005176201
v 0.01700000092 0.1373405308 -0.03990910575
v 0.01750000007 0.1373447627 -0.03976647556
v 0.01800000109 0.1373108178 -0.04090764374
v 0.01850000024 0.137306571 -0.04105029628
v 0.01900000125 0.137306571 -0.04105029628
v 0.0195000004 0.1373023391 -0.04119295254
v 0.02000000142 0.1372895986 -0.04162089154
v 0.02050000057 0.1372811198 -0.04190620035
v 0.02100000158 0.1372726262 -0.04219148681
v 0.02150000073 0.1372641474 -0.04247677326
v 0.02200000174 0.1371962428 -0.04475915432
v 0.02250000089 0.1371665448 -0.04575768858
v 0.02300000191 0.137158066 -0.04604297876
v 0.0007500000065 0.1381042898 -0.03991013393
v 0.001250000088 0.1381292194 -0.03905423731
v 0.001750000054 0.1381416917 -0.03862629086
v 0.002250000136 0.1381500065 -0.03834097832
v 0.002750000218 0.1381577849 -0.03807114065
v 0.003250000067 0.1381694376 -0.0376663655
v 0.003750000149 0.1381772012 -0.03739650548
v 0.004250000231 0.1381888688 -0.03699173406
v 0.004750000313 0.1381849796 -0.0371266678
v 0.005250000395 0.1381888688 -0.03699173406
v 0.005750000477 0.1381966323 -0.03672189638
v 0.006250000093 0.1382005215 -0.03658696637
v 0.006750000175 0.1382005215 -0.03658696637
v 0.007250000257 0.1381966323 -0.03672189638
v 0.007750000339 0.1381966323 -0.03672189638
v 0.008249999955 0.1382005215 -0.03658696637
v 0.008750000037 0.138208285 -0.03631712496
v 0.009250000119 0.138208285 -0.03631712496
v 0.009750000201 0.1382044107 -0.03645203263
v 0.01025000028 0.1382044107 -0.03645203263
v 0.01075000037 0.138208285 -0.03631712496
v 0.01125000045 0.1382044107 -0.03645203263
v 0.01175000053 0.1381888688 -0.03699173406
v 0.01225000061 0.1381810904 -0.03726159781
v 0.01275000069 0.1381849796 -0.0371266678
v 0.01325000077 0.1381888688 -0.03699173406
v 0.01375000086 0.1381772012 -0.03739650548
v 0.01425000094 0.1381694376 -0.0376663655
v 0.01475000102 0.1381655484 -0.03780129552
v 0.0152500011 0.1381538957 -0.03820607066
v 0.01575000025 0.1381416917 -0.03862629086
v 0.01625000127 0.1380959749 -0.04019545019
v 0.01675000042 0.1380959749 -0.04019545019
v 0.01725000143 0.1381001323 -0.04005279392
v 0.01775000058 0.1380835027 -0.04062339664
v 0.01825000159 0.1380710304 -0.04105134308
v 0.01875000075 0.1380751878 -0.04090868682
v 0.01925000176 0.138066873 -0.04119399935
v 0.01975000091 0.1380585581 -0.04147928953
v 0.02025000006 0.1380502433 -0.04176460579
v 0.02075000107 0.1380419284 -0.04204989597
v 0.02125000022 0.1380419284 -0.04204989597
v 0.02175000124 0.138037771 -0.04219255224
v 0.02225000039 0.1379588097 -0.04490292072
v 0.0227500014 0.1379297078 -0.04590147361
v 0.0005000000237 0.1388558149 -0.04033913836
v 0.001000000047 0.138888374 -0.03919791058
v 0.001500000013 0.1389005929 -0.03876995295
v 0.002000000095 0.138908729 -0.03848463669
v 0.002500000177 0.1389165968 -0.03820706904
v 0.003000000026 0.1389203966 -0.03807213902
v 0.003500000108 0.1389241964 -0.03793720528
v 0.00400000019 0.1389355958 -0.03753243387
v 0.004500000272 0.1389393955 -0.03739750013
v 0.005000000354 0.1389431953 -0.03726259246
v 0.005500000436 0.1389469951 -0.03712765872
v 0.006000000052 0.1389507949 -0.03699272871
v 0.006500000134 0.1389431953 -0.03726259246
v 0.007000000216 0.1389469951 -0.03712765872
v 0.007500000298 0.1389507949 -0.03699272871
v 0.00800000038 0.1389545947 -0.03685782105
v 0.008500000462 0.1389583945 -0.03672288731
v 0.009000000544 0.1389583945 -0.03672288731
v 0.009500000626 0.1389621943 -0.03658795729
v 0.01000000071 0.1389621943 -0.03658795729
v 0.01050000079 0.1389583945 -0.03672288731
v 0.01100000087 0.1389583945 -0.03672288731
v 0.01150000095 0.1389507949 -0.03699272871
v 0.0120000001 0.1389355958 -0.03753243387
v 0.01250000019 0.1389355958 -0.03753243387
v 0.01300000027 0.1389431953 -0.03726259246
v 0.01350000035 0.138931796 -0.03766736388
v 0.01400000043 0.138931796 -0.03766736388
v 0.01450000051 0.1389279962 -0.0378022939
v 0.0150000006 0.1389165968 -0.03820706904
v 0.01550000068 0.1389046609 -0.03862729669
v 0.01600000076 0.1388395429 -0.0409097299
v 0.01649999991 0.1388517469 -0.040481776
v 0.01700000092 0.1388558149 -0.04033913836
v 0.01750000007 0.1388395429 -0.0409097299
v 0.01800000109 0.1388273239 -0.04133770987
v 0.01850000024 0.1388354748 -0.04105238989
v 0.01900000125 0.1388354748 -0.04105238989
v 0.0195000004 0.1388273239 -0.04133770987
v 0.02000000142 0.1388191879 -0.04162300378
v 0.02050000057 0.1388110518 -0.04190832376
v 0.02100000158 0.1388029158 -0.04219361767
v 0.02150000073 0.1388029158 -0.04219361767
v 0.02200000174 0.1387866288 -0.04276423156
v 0.02250000089 0.1387418658 -0.04433341697
v 0.0007500000065 0.1396357715 -0.03976954892
v 0.001250000088 0.1396556944 -0.03905626386
v 0.001750000054 0.1396636516 -0.03877096251
v 0.002250000136 0.1396756023 -0.03834297508
v 0.002750000218 0.1396756023 -0.03834297508
v 0.003250000067 0.139683038 -0.0380731374
v 0.003750000149 0.1396941692 -0.03766836226
v 0.004250000231 0.1396978945 -0.03753342852
v 0.004750000313 0.1396978945 -0.03753342852
v 0.005250000395 0.1397016048 -0.03739849851
v 0.005750000477 0.1397053152 -0.03726358712
v 0.006250000093 0.1397053152 -0.03726358712
v 0.006750000175 0.1396978945 -0.03753342852
v 0.007250000257 0.1397016048 -0.03739849851
v 0.007750000339 0.1397053152 -0.03726358712
v 0.008249999955 0.1397090256 -0.03712865338
v 0.008750000037 0.1397090256 -0.03712865338
v 0.009250000119 0.1397127509 -0.03699372336
v 0.009750000201 0.1397127509 -0.03699372336
v 0.01025000028 0.1397090256 -0.03712865338
v 0.01075000037 0.1397090256 -0.03712865338
v 0.01125000045 0.1397053152 -0.03726358712
v 0.01175000053 0.1396904588 -0.03780329227
v 0.01225000061 0.1396904588 -0.03780329227
v 0.01275000069 0.1396904588 -0.03780329227
v 0.01325000077 0.139683038 -0.0380731374
v 0.01375000086 0.139683038 -0.0380731374
v 0.01425000094 0.1396756023 -0.03834297508
v 0.01475000102 0.1396676302 -0.03862829879
v 0.0152500011 0.139659673 -0.03891360015
v 0.01575000025 0.1396078914 -0.04076813161
v 0.01625000127 0.1396118701 -0.04062547162
v 0.01675000042 0.1396158487 -0.04048281163
v 0.01725000143 0.1395999193 -0.04105343297
v 0.01775000058 0.1395800114 -0.04176672176
v 0.01825000159 0.1395919621 -0.04133876041
v 0.01875000075 0.1395959407 -0.04119609669
v 0.01925000176 0.1395879686 -0.04148139805
v 0.01975000091 0.13958399 -0.04162405804
v 0.02025000006 0.1395800114 -0.04176672176
v 0.02075000107 0.1395760179 -0.04190938175
v 0.02125000022 0.1395640671 -0.04233734682
v 0.02175000124 0.1395600885 -0.04247998446
v 0.02225000039 0.1395401806 -0.04319326952
v 0.0005000000237 0.1403877586 -0.04019854218
v 0.001000000047 0.1404072344 -0.03948524222
v 0.001500000013 0.1404150277 -0.03919993713
v 0.002000000095 0.140422821 -0.0389146097
v 0.002500000177 0.1404345185 -0.0384866409
v 0.003000000026 0.1404384077 -0.03834397718
v 0.003500000108 0.1404456645 -0.03807413578
v 0.00400000019 0.1404529214 -0.03780429065
v 0.004500000272 0.1404565573 -0.03766935691
v 0.005000000354 0.1404565573 -0.03766935691
v 0.005500000436 0.1404601783 -0.0375344269
v 0.006000000052 0.1404601783 -0.0375344269
v 0.006500000134 0.1404565573 -0.03766935691
v 0.007000000216 0.1404565573 -0.03766935691
v 0.007500000298 0.1404638141 -0.03739949316
v 0.00800000038 0.1404674351 -0.03726458177
v 0.008500000462 0.1404674351 -0.03726458177
v 0.009000000544 0.1404674351 -0.03726458177
v 0.009500000626 0.1404674351 -0.03726458177
v 0.01000000071 0.1404638141 -0.03739949316
v 0.01050000079 0.1404601783 -0.0375344269
v 0.01100000087 0.1404601783 -0.0375344269
v 0.01150000095 0.1404456645 -0.03807413578
v 0.0120000001 0.1404384077 -0.03834397718
v 0.01250000019 0.1404345185 -0.0384866409
v 0.01300000027 0.1404345185 -0.0384866409
v 0.01350000035 0.1404345185 -0.0384866409
v 0.01400000043 0.1404267251 -0.03877196833
v 0.01450000051 0.1404189318 -0.03905727342
v 0.0150000006 0.1404150277 -0.03919993713
v 0.01550000068 0.1403682679 -0.04091181606
v 0.01600000076 0.140372172 -0.0407691747
v 0.01649999991 0.1403760612 -0.04062651098
v 0.01700000092 0.1403760612 -0.04062651098
v 0.01750000007 0.140344888 -0.04176777974
v 0.01800000109 0.140344888 -0.04176777974
v 0.01850000024 0.1403487921 -0.0416251123
v 0.01900000125 0.140344888 -0.04176777974
v 0.0195000004 0.1403409988 -0.04191044345
v 0.02000000142 0.140344888 -0.04176777974
v 0.02050000057 0.1403371096 -0.04205308482
v 0.02100000158 0.1403332055 -0.04219574854
v 0.02150000073 0.140321523 -0.04262371734
v 0.02200000174 0.1403059363 -0.04319435358
v 0.02250000089 0.1402864456 -0.04390764982
v 0.0007500000065 0.1411554813 -0.04005690664
v 0.001250000088 0.1411669105 -0.03962893039
v 0.001750000054 0.141174525 -0.03934361786
v 0.002250000136 0.1411859542 -0.03891561925
v 0.002750000218 0.1411859542 -0.03891561925
v 0.003250000067 0.1411973834 -0.038487643
v 0.003750000149 0.1412047446 -0.0382100679
v 0.004250000231 0.1412082911 -0.03807513416
v 0.004750000313 0.1412118226 -0.03794020042
v 0.005250000395 0.1412153691 -0.03780528903
v 0.005750000477 0.1412189156 -0.03767035529
v 0.006250000093 0.1412118226 -0.03794020042
v 0.006750000175 0.1412153691 -0.03780528903
v 0.007250000257 0.1412224621 -0.03753542155
v 0.007750000339 0.1412224621 -0.03753542155
v 0.008249999955 0.1412224621 -0.03753542155
v 0.008750000037 0.1412224621 -0.03753542155
v 0.009250000119 0.1412260085 -0.03740048781
v 0.009750000201 0.1412224621 -0.03753542155
v 0.01025000028 0.1412189156 -0.03767035529
v 0.01075000037 0.1412189156 -0.03767035529
v 0.01125000045 0.1412153691 -0.03780528903
v 0.01175000053 0.1411935836 -0.03863031045
v 0.01225000061 0.1411935836 -0.03863031045
v 0.01275000069 0.1411973834 -0.038487643
v 0.01325000077 0.1411935836 -0.03863031045
v 0.01375000086 0.1411897689 -0.03877297416
v 0.01425000094 0.1411783397 -0.03920095414
v 0.01475000102 0.141174525 -0.03934361786
v 0.0152500011 0.141132623 -0.04091285914
v 0.01575000025 0.141132623 -0.04091285914
v 0.01625000127 0.141132623 -0.04091285914
v 0.01675000042 0.141132623 -0.04091285914
v 0.01725000143 0.1411021501 -0.04205414653
v 0.01775000058 0.1410983354 -0.04219681397
v 0.01825000159 0.1411021501 -0.04205414653
v 0.01875000075 0.1410983354 -0.04219681397
v 0.01925000176 0.1410983354 -0.04219681397
v 0.01975000091 0.1410983354 -0.04219681397
v 0.02025000006 0.1410907209 -0.04248212278
v 0.02075000107 0.1410831064 -0.04276745766
v 0.02125000022 0.141075477 -0.04305276647
v 0.02175000124 0.1410678625 -0.04333810136
v 0.02225000039 0.1410564333 -0.04376607761
v 0.02325000055 0.1408278495 -0.05232568458
v 0.0005000000237 0.1418969929 -0.04091390222
v 0.001000000047 0.1419118792 -0.04034327343
v 0.001500000013 0.1419230551 -0.03991526738
v 0.002000000095 0.1419304907 -0.03962995112
v 0.002500000177 0.1419267803 -0.03977261856
v 0.003000000026 0.1419453919 -0.03905929998
v 0.003500000108 0.1419528276 -0.03877398372
v 0.00400000019 0.1419602782 -0.03848864511
v 0.004500000272 0.1419640034 -0.03834597766
v 0.005000000354 0.1419640034 -0.03834597766
v 0.005500000436 0.1419640034 -0.03834597766
v 0.006000000052 0.1419640034 -0.03834597766
v 0.006500000134 0.1419674605 -0.03821106628
v 0.007000000216 0.1419709176 -0.03807613254
v 0.007500000298 0.1419778317 -0.03780628368
v 0.00800000038 0.1419778317 -0.03780628368
v 0.008500000462 0.1419812888 -0.03767135367
v 0.009000000544 0.1419847459 -0.03753641993
v 0.009500000626 0.1419778317 -0.03780628368
v 0.01000000071 0.1419743747 -0.0379411988
v 0.01050000079 0.1419743747 -0.0379411988
v 0.01100000087 0.1419709176 -0.03807613254
v 0.01150000095 0.1419565529 -0.03863131627
v 0.0120000001 0.1419491172 -0.03891662881
v 0.01250000019 0.1419528276 -0.03877398372
v 0.01300000027 0.1419491172 -0.03891662881
v 0.01350000035 0.1419453919 -0.03905929998
v 0.01400000043 0.1419379413 -0.03934463486
v 0.01450000051 0.1419304907 -0.03962995112
v 0.0150000006 0.1419267803 -0.03977261856
v 0.01550000068 0.1418895423 -0.04119924083
v 0.01600000076 0.1418932676 -0.04105657339
v 0.01649999991 0.1418932676 -0.04105657339
v 0.01700000092 0.1418746561 -0.0417698957
v 0.01750000007 0.1418448687 -0.04291120172
v 0.01800000109 0.1418560445 -0.04248319194
v 0.01850000024 0.1418523192 -0.04262586311
v 0.01900000125 0.1418523192 -0.04262586311
v 0.0195000004 0.1418448687 -0.04291120172
v 0.02000000142 0.1418448687 -0.04291120172
v 0.02050000057 0.1418337077 -0.04333918542
v 0.02100000158 0.1418262571 -0.04362450168
v 0.02150000073 0.1418299824 -0.04348183051
v 0.02200000174 0.1418188065 -0.04390983656
v 0.0002500000119 0.1426468045 -0.04148560762
v 0.0007500000065 0.1426649839 -0.04077229649
v 0.001250000088 0.1426722556 -0.04048695415
v 0.001750000054 0.1426758915 -0.04034430534
v 0.002250000136 0.1426795274 -0.04020163417
v 0.002750000218 0.1426867992 -0.03991629183
v 0.003250000067 0.1427013427 -0.03934565187
v 0.003750000149 0.1427086145 -0.03906030953
v 0.004250000231 0.1427122504 -0.03891763836
v 0.004750000313 0.1427158862 -0.03877498955
v 0.005250000395 0.1427158862 -0.03877498955
v 0.005750000477 0.1427158862 -0.03877498955
v 0.006250000093 0.1427158862 -0.03877498955
v 0.006750000175 0.1427195221 -0.03863231838
v 0.007250000257 0.1427301615 -0.03821206465
v 0.007750000339 0.1427301615 -0.03821206465
v 0.008249999955 0.1427301615 -0.03821206465
v 0.008750000037 0.1427335441 -0.03807713091
v 0.009250000119 0.1427301615 -0.03821206465
v 0.009750000201 0.1427267939 -0.03834697604
v 0.01025000028 0.1427267939 -0.03834697604
v 0.01075000037 0.1427267939 -0.03834697604
v 0.01125000045 0.142723158 -0.03848964721
v 0.01175000053 0.1426977068 -0.03948830068
v 0.01225000061 0.1427013427 -0.03934565187
v 0.01275000069 0.1427013427 -0.03934565187
v 0.01325000077 0.1427049786 -0.0392029807
v 0.01375000086 0.1426940709 -0.03963097185
v 0.01425000094 0.1426795274 -0.04020163417
v 0.01475000102 0.1426831633 -0.04005896673
v 0.0152500011 0.1426431686 -0.04162827879
v 0.01575000025 0.1426468045 -0.04148560762
v 0.01625000127 0.1426431686 -0.04162827879
v 0.01675000042 0.1426031739 -0.04319759831
v 0.01725000143 0.1425958872 -0.04348291829
v 0.01775000058 0.1425995231 -0.04334026948
v 0.01825000159 0.1426068097 -0.04305492714
v 0.01875000075 0.1425995231 -0.04334026948
v 0.01925000176 0.1425886154 -0.04376826063
v 0.01975000091 0.1425958872 -0.04348291829
v 0.02025000006 0.1425886154 -0.04376826063
v 0.02075000107 0.1425849795 -0.0439109318
v 0.02125000022 0.1425813437 -0.04405358061
v 0.02175000124 0.1425595284 -0.04490958527
v 0 0.1433973163 -0.04205733538
v 0.0005000000237 0.1434150636 -0.04134401307
v 0.001000000047 0.1434257179 -0.04091599211
v 0.001500000013 0.1434363574 -0.04048798978
v 0.002000000095 0.1434363574 -0.04048798978
v 0.002500000177 0.1434434503 -0.04020266607
v 0.003000000026 0.1434505582 -0.03991732001
v 0.003500000108 0.1434541047 -0.03977466747
v 0.00400000019 0.1434576511 -0.0396319963
v 0.004500000272 0.143464759 -0.03934666887
v 0.005000000354 0.143464759 -0.03934666887
v 0.005500000436 0.143464759 -0.03934666887
v 0.006000000052 0.1434683055 -0.0392039977
v 0.006500000134 0.1434683055 -0.0392039977
v 0.007000000216 0.1434789449 -0.0387759991
v 0.007500000298 0.1434789449 -0.0387759991
v 0.00800000038 0.1434753984 -0.03891864792
v 0.008500000462 0.1434789449 -0.0387759991
v 0.009000000544 0.1434789449 -0.0387759991
v 0.009500000626 0.1434789449 -0.0387759991
v 0.01000000071 0.1434789449 -0.0387759991
v 0.01050000079 0.1434753984 -0.03891864792
v 0.01100000087 0.1434753984 -0.03891864792
v 0.01150000095 0.1434505582 -0.03991732001
v 0.0120000001 0.1434505582 -0.03991732001
v 0.01250000019 0.1434470117 -0.04005999491
v 0.01300000027 0.1434541047 -0.03977466747
v 0.01350000035 0.1434470117 -0.04005999491
v 0.01400000043 0.1434328109 -0.04063066468
v 0.01450000051 0.1434363574 -0.04048798978
v 0.0150000006 0.1433937699 -0.04220000654
v 0.01550000068 0.1434008628 -0.04191468284
v 0.01600000076 0.1433973163 -0.04205733538
v 0.01649999991 0.1433689147 -0.04319867864
v 0.01700000092 0.1433618218 -0.04348400235
v 0.01750000007 0.1433511674 -0.04391202331
v 0.01800000109 0.1433582753 -0.04362668097
v 0.01850000024 0.1433582753 -0.04362668097
v 0.01900000125 0.1433547288 -0.04376935214
v 0.0195000004 0.1433547288 -0.04376935214
v 0.02000000142 0.143347621 -0.04405467585
v 0.02050000057 0.143347621 -0.04405467585
v 0.02100000158 0.143347621 -0.04405467585
v 0.02150000073 0.1433121264 -0.0454813689
v -0.0002500000119 0.1441485137 -0.04262907803
v 0.0002500000119 0.1441692859 -0.04177306965
v 0.0007500000065 0.144183144 -0.04120238498
v 0.001250000088 0.1441900581 -0.04091703519
v 0.001750000054 0.1441935301 -0.04077437893
v 0.002250000136 0.1442004442 -0.04048902914
v 0.002750000218 0.1442039162 -0.04034637287
v 0.003250000067 0.1442073733 -0.04020369798
v 0.003750000149 0.1442177594 -0.03977569193
v 0.004250000231 0.1442177594 -0.03977569193
v 0.004750000313 0.1442212313 -0.03963301703
v 0.005250000395 0.1442246884 -0.03949033841
v 0.005750000477 0.1442212313 -0.03963301703
v 0.006250000093 0.1442246884 -0.03949033841
v 0.006750000175 0.1442281455 -0.03934768587
v 0.007250000257 0.1442316175 -0.03920501098
v 0.007750000339 0.1442281455 -0.03934768587
v 0.008249999955 0.1442281455 -0.03934768587
v 0.008750000037 0.1442281455 -0.03934768587
v 0.009250000119 0.1442281455 -0.03934768587
v 0.009750000201 0.1442281455 -0.03934768587
v 0.01025000028 0.1442212313 -0.03963301703
v 0.01075000037 0.1442281455 -0.03934768587
v 0.01125000045 0.1442073733 -0.04020369798
v 0.01175000053 0.1442039162 -0.04034637287
v 0.01225000061 0.1442004442 -0.04048902914
v 0.01275000069 0.1442039162 -0.04034637287
v 0.01325000077 0.1442004442 -0.04048902914
v 0.01375000086 0.144186601 -0.04105971009
v 0.01425000094 0.144183144 -0.04120238498
v 0.01475000102 0.1441485137 -0.04262907803
v 0.0152500011 0.1441554427 -0.0423437506
v 0.01575000025 0.1441554427 -0.0423437506
v 0.01625000127 0.1441277415 -0.04348509014
v 0.01675000042 0.1441208124 -0.04377044365
v 0.01725000143 0.1441138834 -0.04405577108
v 0.01775000058 0.1441173404 -0.04391311854
v 0.01825000159 0.1441208124 -0.04377044365
v 0.01875000075 0.1441208124 -0.04377044365
v 0.01925000176 0.1441173404 -0.04391311854
v 0.01975000091 0.1441138834 -0.04405577108
v 0.02025000006 0.1441069543 -0.04434112459
v 0.02075000107 0.1441069543 -0.04434112459
v 0 0.1449206769 -0.04234481603
v 0.0005000000237 0.1449274272 -0.04205945879
v 0.001000000047 0.1449409276 -0.04148876667
v 0.001500000013 0.1449476779 -0.04120343179
v 0.002000000095 0.1449544281 -0.04091807827
v 0.002500000177 0.1449611783 -0.04063274339
v 0.003000000026 0.1449611783 -0.04063274339
v 0.003500000108 0.1449713111 -0.04020472988
v 0.00400000019 0.1449746788 -0.04006205127
v 0.004500000272 0.144981429 -0.03977671638
v 0.005000000354 0.1449780613 -0.03991937265
v 0.005500000436 0.1449746788 -0.04006205127
v 0.006000000052 0.1449780613 -0.03991937265
v 0.006500000134 0.1449848115 -0.03963403776
v 0.007000000216 0.1449881941 -0.03949135914
v 0.007500000298 0.1449881941 -0.03949135914
v 0.00800000038 0.1449915618 -0.03934870288
v 0.008500000462 0.1449881941 -0.03949135914
v 0.009000000544 0.1449848115 -0.03963403776
v 0.009500000626 0.1449848115 -0.03963403776
v 0.01000000071 0.144981429 -0.03977671638
v 0.01050000079 0.144981429 -0.03977671638
v 0.01100000087 0.144981429 -0.03977671638
v 0.01150000095 0.1449611783 -0.04063274339
v 0.0120000001 0.1449645609 -0.04049006477
v 0.01250000019 0.1449645609 -0.04049006477
v 0.01300000027 0.1449611783 -0.04063274339
v 0.01350000035 0.1449476779 -0.04120343179
v 0.01400000043 0.1449476779 -0.04120343179
v 0.01450000051 0.1449037939 -0.04305816442
v 0.0150000006 0.1449139118 -0.04263015091
v 0.01550000068 0.1449105442 -0.04277282953
v 0.01600000076 0.1449004114 -0.04320084304
v 0.01649999991 0.1448835433 -0.04391421378
v 0.01700000092 0.1448801607 -0.04405687004
v 0.01750000007 0.1448767781 -0.04419954866
v 0.01800000109 0.1448801607 -0.04405687004
v 0.01850000024 0.1448801607 -0.04405687004
v 0.01900000125 0.1448801607 -0.04405687004
v 0.0195000004 0.1448801607 -0.04405687004
v 0.02000000142 0.1448666602 -0.04462756217
v -0.0007500000065 0.145646438 -0.04405796528
v -0.0002500000119 0.1456661671 -0.0432019271
v 0.0002500000119 0.1456793249 -0.0426312238
v 0.0007500000065 0.1456891894 -0.04220320284
v 0.001250000088 0.145699054 -0.04177518561
v 0.001750000054 0.1457023472 -0.04163249955
v 0.002250000136 0.1457155049 -0.04106179997
v 0.002750000218 0.1457155049 -0.04106179997
v 0.003250000067 0.1457220912 -0.04077646136
v 0.003750000149 0.1457286626 -0.0404911004
v 0.004250000231 0.1457319558 -0.04034844041
v 0.004750000313 0.1457319558 -0.04034844041
v 0.005250000395 0.145735234 -0.04020576179
v 0.005750000477 0.145735234 -0.04020576179
v 0.006250000093 0.1457418203 -0.0399203971
v 0.006750000175 0.1457418203 -0.0399203971
v 0.007250000257 0.1457451135 -0.03977774084
v 0.007750000339 0.1457451135 -0.03977774084
v 0.008249999955 0.1457451135 -0.03977774084
v 0.008750000037 0.1457451135 -0.03977774084
v 0.009250000119 0.1457451135 -0.03977774084
v 0.009750000201 0.1457418203 -0.0399203971
v 0.01025000028 0.1457385272 -0.04006307945
v 0.01075000037 0.1457418203 -0.0399203971
v 0.01125000045 0.1457286626 -0.0404911004
v 0.01175000053 0.145718798 -0.04091912135
v 0.01225000061 0.1457220912 -0.04077646136
v 0.01275000069 0.145718798 -0.04091912135
v 0.01325000077 0.1457089335 -0.04134716466
v 0.01375000086 0.1457056403 -0.04148982093
v 0.01425000094 0.1456398517 -0.04434332624
v 0.01475000102 0.145662874 -0.04334460571
v 0.0152500011 0.1456661671 -0.0432019271
v 0.01575000025 0.145662874 -0.04334460571
v 0.01625000127 0.1456431448 -0.04420064762
v 0.01675000042 0.1456398517 -0.04434332624
v 0.01725000143 0.1456398517 -0.04434332624
v 0.01775000058 0.1456431448 -0.04420064762
v 0.01825000159 0.1456431448 -0.04420064762
v 0.01875000075 0.1456431448 -0.04420064762
v 0.01925000176 0.1456431448 -0.04420064762
v 0.01975000091 0.145626694 -0.04491402954
v 0.02025000006 0.1456003934 -0.04605541006
v -0.0005000000237 0.1464223117 -0.04363103583
v 0 0.1464383304 -0.04291766137
v 0.0005000000237 0.1464479417 -0.04248961061
v 0.001000000047 0.1464543343 -0.04220426828
v 0.001500000013 0.1464543343 -0.04220426828
v 0.002000000095 0.1464607418 -0.04191892594
v 0.002500000177 0.1464671493 -0.04163355753
v 0.003000000026 0.146470353 -0.04149087518
v 0.003500000108 0.1464767605 -0.04120552912
v 0.00400000019 0.146483168 -0.04092016444
v 0.004500000272 0.1464799643 -0.04106284678
v 0.005000000354 0.1464863718 -0.04077750072
v 0.005500000436 0.1464895606 -0.04063481838
v 0.006000000052 0.1464927644 -0.04049213603
v 0.006500000134 0.1464959681 -0.04034947604
v 0.007000000216 0.1464991719 -0.0402067937
v 0.007500000298 0.1464991719 -0.0402067937
v 0.00800000038 0.1465023756 -0.04006410763
v 0.008500000462 0.1465023756 -0.04006410763
v 0.009000000544 0.1464991719 -0.0402067937
v 0.009500000626 0.1464991719 -0.0402067937
v 0.01000000071 0.1464959681 -0.04034947604
v 0.01050000079 0.1464895606 -0.04063481838
v 0.01100000087 0.1464799643 -0.04106284678
v 0.01150000095 0.1464767605 -0.04120552912
v 0.0120000001 0.1464799643 -0.04106284678
v 0.01250000019 0.1464735568 -0.04134821519
v 0.01300000027 0.1464639455 -0.0417762436
v 0.01350000035 0.146457538 -0.04206158593
v 0.01400000043 0.146457538 -0.04206158593
v 0.01450000051 0.1464191079 -0.04377371818
v 0.0150000006 0.1464223117 -0.04363103583
v 0.01550000068 0.1464255154 -0.04348834977
v 0.01600000076 0.1463999003 -0.04462977499
v 0.01649999991 0.1463999003 -0.04462977499
v 0.01700000092 0.1463934928 -0.04491513968
v 0.01750000007 0.1463999003 -0.04462977499
v 0.01800000109 0.1463999003 -0.04462977499
v 0.01850000024 0.1463999003 -0.04462977499
v 0.01900000125 0.1463966966 -0.04477245733
v 0.0195000004 0.1463806927 -0.04548585042
v 0.02000000142 0.146351859 -0.04676993191
v -0.0007500000065 0.1471758634 -0.04420284554
v -0.0002500000119 0.1471945643 -0.04334677383
v 0.0002500000119 0.1472039074 -0.04291873798
v 0.0007500000065 0.1472101361 -0.04263336584
v 0.001250000088 0.1472101361 -0.04263336584
v 0.001750000054 0.1472163647 -0.04234801978
v 0.002250000136 0.1472226083 -0.04206264764
v 0.002750000218 0.1472257227 -0.04191998392
v 0.003250000067 0.1472319514 -0.04163461179
v 0.003750000149 0.14723818 -0.04134926572
v 0.004250000231 0.1472350657 -0.04149192572
v 0.004750000313 0.14723818 -0.04134926572
v 0.005250000395 0.1472412944 -0.04120657593
v 0.005750000477 0.1472444087 -0.04106389359
v 0.006250000093 0.1472475231 -0.04092120752
v 0.006750000175 0.1472506374 -0.0407785438
v 0.007250000257 0.1472537667 -0.04063585773
v 0.007750000339 0.147256881 -0.04049317166
v 0.008249999955 0.147256881 -0.04049317166
v 0.008750000037 0.1472506374 -0.0407785438
v 0.009250000119 0.1472506374 -0.0407785438
v 0.009750000201 0.1472506374 -0.0407785438
v 0.01025000028 0.1472444087 -0.04106389359
v 0.01075000037 0.1472257227 -0.04191998392
v 0.01125000045 0.147228837 -0.04177730158
v 0.01175000053 0.1472350657 -0.04149192572
v 0.01225000061 0.147228837 -0.04177730158
v 0.01275000069 0.1472257227 -0.04191998392
v 0.01325000077 0.1472163647 -0.04234801978
v 0.01375000086 0.1472132504 -0.0424906835
v 0.01425000094 0.1471696347 -0.04448821768
v 0.01475000102 0.1471789777 -0.04406015575
v 0.0152500011 0.147172749 -0.04434552789
v 0.01575000025 0.1471384764 -0.04591500759
v 0.01625000127 0.1471478194 -0.04548697174
v 0.01675000042 0.1471478194 -0.04548697174
v 0.01725000143 0.1471509486 -0.04534428567
v 0.01775000058 0.1471447051 -0.04562963545
v 0.01825000159 0.1471447051 -0.04562963545
v 0.01875000075 0.1471478194 -0.04548697174
v 0.01925000176 0.1471322477 -0.04620035365
v 0.01975000091 0.147107318 -0.0473417975
v -0.001000000047 0.1479301006 -0.04477467388
v -0.0005000000237 0.1479452401 -0.04406125471
v 0 0.1479543298 -0.04363321513
v 0.0005000000237 0.1479634196 -0.04320517182
v 0.001000000047 0.1479634196 -0.04320517182
v 0.001500000013 0.1479725093 -0.04277712852
v 0.002000000095 0.1479755342 -0.04263443872
v 0.002500000177 0.147981599 -0.04234908894
v 0.003000000026 0.1479906738 -0.04192104563
v 0.003500000108 0.1479967386 -0.04163566604
v 0.00400000019 0.1479967386 -0.04163566604
v 0.004500000272 0.1479967386 -0.04163566604
v 0.005000000354 0.1479997635 -0.04149297997
v 0.005500000436 0.1479967386 -0.04163566604
v 0.006000000052 0.1479997635 -0.04149297997
v 0.006500000134 0.1480027884 -0.04135031626
v 0.007000000216 0.1480058283 -0.04120762646
v 0.007500000298 0.1480027884 -0.04135031626
v 0.00800000038 0.1479997635 -0.04149297997
v 0.008500000462 0.1479967386 -0.04163566604
v 0.009000000544 0.1480027884 -0.04135031626
v 0.009500000626 0.1479997635 -0.04149297997
v 0.01000000071 0.1479876488 -0.04206370935
v 0.01050000079 0.1479725093 -0.04277712852
v 0.01100000087 0.147981599 -0.04234908894
v 0.01150000095 0.1479846239 -0.04220639542
v 0.0120000001 0.1479755342 -0.04263443872
v 0.01250000019 0.1479785591 -0.04249175265
v 0.01300000027 0.1479634196 -0.04320517182
v 0.01350000035 0.1479573548 -0.04349052534
v 0.01400000043 0.1479179859 -0.04534540325
v 0.01450000051 0.1479270756 -0.04491735995
v 0.0150000006 0.1479179859 -0.04534540325
v 0.01550000068 0.1479088962 -0.04577344283
v 0.01600000076 0.1479119211 -0.04563075677
v 0.01649999991 0.1478998065 -0.04620148614
v 0.01700000092 0.1478786021 -0.04720025882
v 0.01800000109 0.1478998065 -0.04620148614
v 0.01850000024 0.1479028463 -0.04605880007
v 0.0195000004 0.1478574127 -0.0481990315
v 0.02000000142 0.1478634626 -0.04791367799
v -0.0007500000065 0.148702696 -0.04449042305
v -0.0002500000119 0.1487115175 -0.04406234995
v 0.0002500000119 0.1487174034 -0.04377699271
v 0.0007500000065 0.1487174034 -0.04377699271
v 0.001250000088 0.1487232894 -0.04349160939
v 0.001750000054 0.1487291753 -0.04320625216
v 0.002250000136 0.1487291753 -0.04320625216
v 0.002750000218 0.1487409472 -0.04263551161
v 0.003250000067 0.1487497687 -0.04220746085
v 0.003750000149 0.1487497687 -0.04220746085
v 0.004250000231 0.1487527043 -0.04206477106
v 0.004750000313 0.1487497687 -0.04220746085
v 0.005250000395 0.1487556547 -0.04192210361
v 0.005750000477 0.1487527043 -0.04206477106
v 0.006250000093 0.1487556547 -0.04192210361
v 0.006750000175 0.1487615407 -0.04163672403
v 0.007250000257 0.1487615407 -0.04163672403
v 0.007750000339 0.1487585902 -0.04177941382
v 0.008249999955 0.1487556547 -0.04192210361
v 0.008750000037 0.1487556547 -0.04192210361
v 0.009250000119 0.1487585902 -0.04177941382
v 0.009750000201 0.1487468332 -0.04235015437
v 0.01025000028 0.1487350613 -0.04292089492
v 0.01075000037 0.1487409472 -0.04263551161
v 0.01125000045 0.1487379968 -0.04277820513
v 0.01175000053 0.1487321109 -0.04306356236
v 0.01225000061 0.1487291753 -0.04320625216
v 0.01275000069 0.1487174034 -0.04377699271
v 0.01325000077 0.1487144679 -0.0439196825
v 0.01375000086 0.1486732662 -0.04591726139
v 0.01425000094 0.1486821026 -0.04548921436
v 0.01475000102 0.1486821026 -0.04548921436
v 0.0152500011 0.1486762166 -0.04577456787
v 0.01575000025 0.1486703306 -0.04605992883
v 0.01675000042 0.1486320794 -0.04791484028
v -0.0005000000237 0.1494663656 -0.04463419691
v 0 0.1494749188 -0.04420614243
v 0.0005000000237 0.1494720727 -0.04434883222
v 0.001000000047 0.1494806409 -0.04392077774
v 0.001500000013 0.149486348 -0.0436353907
v 0.002000000095 0.1494806409 -0.04392077774
v 0.002500000177 0.1494920552 -0.04335002601
v 0.003000000026 0.1495006233 -0.04292197153
v 0.003500000108 0.1494977623 -0.04306463897
v 0.00400000019 0.1495006233 -0.04292197153
v 0.004500000272 0.1495034844 -0.04277927801
v 0.005000000354 0.1495063305 -0.04263658449
v 0.005500000436 0.1495063305 -0.04263658449
v 0.006000000052 0.1495063305 -0.04263658449
v 0.006500000134 0.1495148987 -0.04220852628
v 0.007000000216 0.1495148987 -0.04220852628
v 0.007500000298 0.1495206058 -0.04192316532
v 0.00800000038 0.1495148987 -0.04220852628
v 0.008500000462 0.1495148987 -0.04220852628
v 0.009000000544 0.1495177597 -0.04206583649
v 0.009500000626 0.1495006233 -0.04292197153
v 0.01000000071 0.1495006233 -0.04292197153
v 0.01050000079 0.1494977623 -0.04306463897
v 0.01100000087 0.1494977623 -0.04306463897
v 0.01150000095 0.1494920552 -0.04335002601
v 0.0120000001 0.1494892091 -0.04349269718
v 0.01250000019 0.1494806409 -0.04392077774
v 0.01300000027 0.1494777799 -0.04406344518
v 0.01350000035 0.1494749188 -0.04420614243
v 0.01400000043 0.1494378 -0.0460610576
v 0.01450000051 0.1494406611 -0.04591839015
v 0.0150000006 0.1494378 -0.0460610576
v 0.01600000076 0.1493721306 -0.04934286326
v 0.01649999991 0.1493864059 -0.04862941802
v 0.01700000092 0.1493664235 -0.0496282503
v 0.01800000109 0.1493692696 -0.04948555306
v 0.0002500000119 0.1502080709 -0.04591951892
v 0.0007500000065 0.1502274424 -0.04492069408
v 0.001250000088 0.1502329856 -0.04463530332
v 0.001750000054 0.1502329856 -0.04463530332
v 0.002250000136 0.1502440572 -0.04406454042
v 0.002750000218 0.1502523571 -0.04363648221
v 0.003250000067 0.1502523571 -0.04363648221
v 0.003750000149 0.1502551287 -0.04349378496
v 0.004250000231 0.1502551287 -0.04349378496
v 0.004750000313 0.1502551287 -0.04349378496
v 0.005250000395 0.1502551287 -0.04349378496
v 0.005750000477 0.1502440572 -0.04406454042
v 0.006250000093 0.1502523571 -0.04363648221
v 0.006750000175 0.1502662003 -0.04292304814
v 0.007250000257 0.1502717435 -0.04263765737
v 0.007750000339 0.1502662003 -0.04292304814
v 0.008249999955 0.1502662003 -0.04292304814
v 0.008750000037 0.1502689719 -0.04278035462
v 0.009250000119 0.1502496004 -0.04377917573
v 0.009750000201 0.1502468288 -0.04392186925
v 0.01025000028 0.1502523571 -0.04363648221
v 0.01075000037 0.1502551287 -0.04349378496
v 0.01125000045 0.1502523571 -0.04363648221
v 0.01175000053 0.1502468288 -0.04392186925
v 0.01225000061 0.1502357572 -0.04449263215
v 0.01275000069 0.1502329856 -0.04463530332
v 0.01325000077 0.150230214 -0.04477799684
v 0.01375000086 0.1501831412 -0.04720370471
v 0.01425000094 0.1501914561 -0.04677564278
v 0.01475000102 0.1501803845 -0.04734640196
v 0.01625000127 0.1501360834 -0.04962943867
v 0.01675000042 0.1501333117 -0.04977210984
v 0.0005000000237 0.1509781331 -0.04577794671
v 0.001000000047 0.1509808153 -0.04563524947
v 0.002500000177 0.1509861797 -0.0453498736
v 0.003000000026 0.151002273 -0.04449373484
v 0.003500000108 0.1510076374 -0.04420833662
v 0.00400000019 0.1510076374 -0.04420833662
v 0.004500000272 0.1510049552 -0.04435103387
v 0.005000000354 0.1510103196 -0.04406563938
v 0.005500000436 0.151002273 -0.04449373484
v 0.006000000052 0.1510076374 -0.04420833662
v 0.006500000134 0.1510130018 -0.04392296448
v 0.007000000216 0.1510103196 -0.04406563938
v 0.007500000298 0.1510130018 -0.04392296448
v 0.00800000038 0.151002273 -0.04449373484
v 0.008500000462 0.1509834975 -0.04549257457
v 0.009000000544 0.1509834975 -0.04549257457
v 0.009500000626 0.1509888619 -0.04520717636
v 0.01000000071 0.1509915441 -0.04506447911
v 0.01050000079 0.1509915441 -0.04506447911
v 0.01100000087 0.1509861797 -0.0453498736
v 0.01150000095 0.1509915441 -0.04506447911
v 0.0120000001 0.1509834975 -0.04549257457
v 0.01250000019 0.1509727687 -0.04606331885
v 0.01300000027 0.1509808153 -0.04563524947
v 0.01350000035 0.1509352177 -0.04806102067
v 0.01400000043 0.1509432644 -0.04763292521
v 0.002750000218 0.151740253 -0.04606444761
v 0.003250000067 0.1517532319 -0.04535099119
v 0.003750000149 0.1517584324 -0.04506559297
v 0.004250000231 0.151763618 -0.04478021339
v 0.004750000313 0.1517532319 -0.04535099119
v 0.005250000395 0.1517480463 -0.04563637078
v 0.005750000477 0.151763618 -0.04478021339
v 0.006250000093 0.1517610252 -0.04492291436
v 0.006750000175 0.151763618 -0.04478021339
v 0.007250000257 0.151763618 -0.04478021339
v 0.007750000339 0.1517610252 -0.04492291436
v 0.008249999955 0.1517480463 -0.04563637078
v 0.008750000037 0.1517480463 -0.04563637078
v 0.009250000119 0.151740253 -0.04606444761
v 0.009750000201 0.1517480463 -0.04563637078
v 0.01025000028 0.1517506391 -0.04549369588
v 0.01075000037 0.1517454535 -0.04577907175
v 0.01125000045 0.151740253 -0.04606444761
v 0.01175000053 0.1517169029 -0.04734870791
v 0.01225000061 0.1517194957 -0.04720600322
v 0.01275000069 0.1516753733 -0.04963181913
v 0.01325000077 0.1516883522 -0.04891834036
v 0 0.1524425298 -0.04977568984
v 0.0005000000237 0.1524475515 -0.04949030653
v 0.001000000047 0.15245758 -0.04891951755
v 0.001500000013 0.1524676085 -0.04834873229
v 0.002000000095 0.1524651051 -0.04849143326
v 0.002500000177 0.1524676085 -0.04834873229
v 0.003000000026 0.1524701267 -0.04820603132
v 0.003500000108 0.1524701267 -0.04820603132
v 0.00400000019 0.1524751335 -0.04792064428
v 0.006000000052 0.1525152773 -0.04563749209
v 0.006500000134 0.1525177807 -0.04549481347
v 0.007000000216 0.1525177807 -0.04549481347
v 0.007500000298 0.1525177807 -0.04549481347
v 0.00800000038 0.152512759 -0.04578019679
v 0.009500000626 0.1524952054 -0.04677907005
v 0.01000000071 0.1525002271 -0.04649368674
v 0.01050000079 0.1525027305 -0.04635098577
v 0.01100000087 0.1524977088 -0.04663636535
v 0.01150000095 0.1524826586 -0.04749256
v 0.0120000001 0.1524801552 -0.04763523862
v 0.01300000027 0.1524450332 -0.04963301122
v 0.01350000035 0.1524475515 -0.04949030653
v -0.0002500000119 0.1532122642 -0.04977688193
v 0.0002500000119 0.1532219499 -0.0492060855
v 0.0007500000065 0.1532292068 -0.04877799377
v 0.001250000088 0.1532340497 -0.048492603
v 0.001750000054 0.1532388926 -0.04820719734
v 0.002250000136 0.1532437503 -0.04792180657
v 0.002750000218 0.1532437503 -0.04792180657
v 0.003250000067 0.1532437503 -0.04792180657
v 0.003750000149 0.1532437503 -0.04792180657
v 0.004250000231 0.1532413214 -0.04806451127
v 0.004750000313 0.1532413214 -0.04806451127
v 0.005250000395 0.1532364786 -0.04834989831
v 0.005750000477 0.1532243639 -0.04906340316
v 0.006250000093 0.1532219499 -0.0492060855
v 0.006750000175 0.1532219499 -0.0492060855
v 0.007250000257 0.1532728076 -0.04620941356
v 0.007750000339 0.1532171071 -0.04949149489
v 0.009250000119 0.1532461643 -0.04777910188
v 0.009750000201 0.1532461643 -0.04777910188
v 0.01025000028 0.1532461643 -0.04777910188
v 0.01075000037 0.1532267928 -0.04892069846
v -0.0005000000237 0.153979674 -0.04992078245
v 0 0.1539913416 -0.04920727015
v 0.0005000000237 0.1539960206 -0.04892187566
v 0.001000000047 0.1540030241 -0.04849377647
v 0.001500000013 0.1540076882 -0.04820836335
v 0.002000000095 0.1540100276 -0.04806567356
v 0.002500000177 0.1540123522 -0.04792296886
v 0.003000000026 0.1540146917 -0.04778026417
v 0.003500000108 0.1540123522 -0.04792296886
v 0.00400000019 0.1540123522 -0.04792296886
v 0.004500000272 0.1540123522 -0.04792296886
v 0.005000000354 0.1540100276 -0.04806567356
v 0.005500000436 0.1540053487 -0.04835106805
v 0.006000000052 0.1539960206 -0.04892187566
v 0.006500000134 0.1539936811 -0.04906458408
v 0.007000000216 0.1539936811 -0.04906458408
v 0.007500000298 0.1539960206 -0.04892187566
v 0.00800000038 0.1539866775 -0.04949268326
v -0.0002500000119 0.1547584981 -0.04935115948
v 0.0002500000119 0.1547652334 -0.04892305285
v 0.0007500000065 0.1547697335 -0.04863763228
v 0.001250000088 0.1547764838 -0.04820952937
v 0.001750000054 0.1547787338 -0.04806683958
v 0.002250000136 0.154780969 -0.04792413116
v 0.002750000218 0.1547832191 -0.04778142273
v 0.003250000067 0.154780969 -0.04792413116
v 0.003750000149 0.154780969 -0.04792413116
v 0.004250000231 0.1547854692 -0.04763871059
v 0.004750000313 0.1547832191 -0.04778142273
v 0.005250000395 0.1547764838 -0.04820952937
v 0.005750000477 0.1547652334 -0.04892305285
v 0.006250000093 0.1547629833 -0.04906576499
v 0.006750000175 0.1547629833 -0.04906576499
v 0.007250000257 0.1547652334 -0.04892305285
v 0.007750000339 0.1547584981 -0.04935115948
v 0.008249999955 0.1547427624 -0.0503500849
v 0.008750000037 0.1547247767 -0.05149171874
v 0.009250000119 0.1546910554 -0.053632278
v 0.009750000201 0.1546888053 -0.05377498642
v -0.001000000047 0.1555171609 -0.05006588623
v -0.0005000000237 0.1555279642 -0.04935234785
v 0 0.1555344462 -0.04892423004
v 0.0005000000237 0.1555387676 -0.04863880575
v 0.001000000047 0.1555430889 -0.04835340753
v 0.001500000013 0.1555474252 -0.04806800187
v 0.002000000095 0.1555474252 -0.04806800187
v 0.002500000177 0.1555495858 -0.04792528972
v 0.003000000026 0.1555495858 -0.04792528972
v 0.003500000108 0.1555495858 -0.04792528972
v 0.00400000019 0.1555517465 -0.0477825813
v 0.004500000272 0.1555539072 -0.04763986543
v 0.005000000354 0.1555495858 -0.04792528972
v 0.005500000436 0.1555366069 -0.04878152162
v 0.006000000052 0.1555344462 -0.04892423004
v 0.006500000134 0.1555322856 -0.04906694591
v 0.007000000216 0.1555344462 -0.04892423004
v 0.007500000298 0.1555344462 -0.04892423004
v 0.00800000038 0.1555214822 -0.04978046194
v 0.008500000462 0.1554977 -0.05135022476
v 0.009000000544 0.1554566324 -0.0540616475
v 0.009500000626 0.1554674506 -0.05334810913
v -0.001750000054 0.1562767178 -0.05078060925
v -0.001250000088 0.1562891603 -0.04992436618
v -0.0007500000065 0.1562995315 -0.04921081662
v -0.0002500000119 0.1563036889 -0.04892541096
v 0.0002500000119 0.1563078314 -0.04863997921
v 0.0007500000065 0.1563140601 -0.0482118614
v 0.001250000088 0.1563161314 -0.04806916788
v 0.001750000054 0.1563182026 -0.04792645201
v 0.002250000136 0.1563182026 -0.04792645201
v 0.002750000218 0.1563202888 -0.04778373986
v 0.003250000067 0.1563182026 -0.04792645201
v 0.003750000149 0.1563182026 -0.04792645201
v 0.004250000231 0.1563202888 -0.04778373986
v 0.004750000313 0.1563161314 -0.04806916788
v 0.005250000395 0.1563078314 -0.04863997921
v 0.005750000477 0.1563016176 -0.04906812683
v 0.006250000093 0.1563036889 -0.04892541096
v 0.006750000175 0.1563016176 -0.04906812683
v 0.007250000257 0.1563016176 -0.04906812683
v 0.007750000339 0.1562933177 -0.04963896051
v 0.008249999955 0.1562704891 -0.05120873079
v 0.009250000119 0.1562331468 -0.05377750844
v -0.001500000013 0.157058984 -0.04992556199
v -0.001000000047 0.157070905 -0.04906930774
v -0.0005000000237 0.1570748836 -0.04878387228
v 0 0.1570788622 -0.04849845916
v 0.0005000000237 0.1570828408 -0.04821302742
v 0.001000000047 0.1570848227 -0.04807033017
v 0.001500000013 0.1570888013 -0.04778489843
v 0.002000000095 0.1570888013 -0.04778489843
v 0.002500000177 0.1570907831 -0.04764217883
v 0.003000000026 0.1570888013 -0.04778489843
v 0.003500000108 0.1570848227 -0.04807033017
v 0.00400000019 0.1570848227 -0.04807033017
v 0.004500000272 0.1570848227 -0.04807033017
v 0.005000000354 0.1570828408 -0.04821302742
v 0.005500000436 0.1570748836 -0.04878387228
v 0.006000000052 0.157070905 -0.04906930774
v 0.006500000134 0.157070905 -0.04906930774
v 0.007000000216 0.1570669264 -0.04935471714
v 0.007500000298 0.1570609659 -0.04978284612
v 0.00800000038 0.1570271701 -0.05220894516
v 0.008500000462 0.1570271701 -0.05220894516
v -0.002250000136 0.1578341573 -0.05021362379
v -0.001750000054 0.1578418016 -0.04964282736
v -0.001250000088 0.1578475535 -0.04921469837
v -0.0007500000065 0.1578532904 -0.04878658801
v -0.0002500000119 0.15785712 -0.0485011898
v 0.0002500000119 0.1578609496 -0.04821576923
v 0.0007500000065 0.1578609496 -0.04821576923
v 0.001250000088 0.1578647792 -0.04793037102
v 0.001750000054 0.1578666866 -0.0477876626
v 0.002250000136 0.1578666866 -0.0477876626
v 0.002750000218 0.1578666866 -0.0477876626
v 0.003250000067 0.157862857 -0.04807307944
v 0.003750000149 0.157862857 -0.04807307944
v 0.004250000231 0.1578609496 -0.04821576923
v 0.004750000313 0.1578609496 -0.04821576923
v 0.005250000395 0.157862857 -0.04807307944
v 0.005750000477 0.1578456312 -0.0493574068
v 0.006250000093 0.1578475535 -0.04921469837
v 0.006750000175 0.1578475535 -0.04921469837
v 0.007250000257 0.1578360647 -0.05007093772
v 0.007750000339 0.157813102 -0.05178337544
v 0.008249999955 0.1578111947 -0.05192608386
v 0.008750000037 0.1578054428 -0.05235419422
v -0.002500000177 0.1586133093 -0.0502162762
v -0.002000000095 0.1586225033 -0.04950280115
v -0.001500000013 0.1586280167 -0.04907471314
v -0.001000000047 0.1586316973 -0.04878930375
v -0.0005000000237 0.158633545 -0.04864659905
v 0 0.1586390585 -0.04821851477
v 0.0005000000237 0.1586408913 -0.0480758287
v 0.001000000047 0.1586427391 -0.04793312773
v 0.001500000013 0.1586427391 -0.04793312773
v 0.002000000095 0.1586427391 -0.04793312773
v 0.002500000177 0.1586427391 -0.04793312773
v 0.003000000026 0.1586408913 -0.0480758287
v 0.003500000108 0.1586408913 -0.0480758287
v 0.00400000019 0.1586372256 -0.04836121574
v 0.004500000272 0.1586353779 -0.04850391671
v 0.005000000354 0.1586353779 -0.04850391671
v 0.005500000436 0.1586243361 -0.04936009645
v 0.006000000052 0.1586243361 -0.04936009645
v 0.006500000134 0.1586280167 -0.04907471314
v 0.007000000216 0.1586225033 -0.04950280115
v 0.007500000298 0.1586133093 -0.0502162762
v 0.00800000038 0.1585857123 -0.05235674232
v 0.008500000462 0.1585875452 -0.05221405998
v -0.003250000067 0.1593906879 -0.05036162212
v -0.002750000218 0.1593977511 -0.0497908555
v -0.002250000136 0.159403041 -0.04936278611
v -0.001750000054 0.1594083458 -0.04893471673
v -0.001250000088 0.1594118774 -0.04864932224
v -0.0007500000065 0.1594136357 -0.04850664735
v -0.0002500000119 0.1594171673 -0.04822125658
v 0.0002500000119 0.1594206989 -0.04793588072
v 0.0007500000065 0.1594206989 -0.04793588072
v 0.001250000088 0.1594206989 -0.04793588072
v 0.001750000054 0.1594206989 -0.04793588072
v 0.002250000136 0.1594189405 -0.04807857797
v 0.002750000218 0.1594171673 -0.04822125658
v 0.003250000067 0.1594189405 -0.04807857797
v 0.003750000149 0.1594118774 -0.04864932224
v 0.004250000231 0.1594118774 -0.04864932224
v 0.004750000313 0.1594101042 -0.04879201949
v 0.005250000395 0.1594065726 -0.0490774177
v 0.005750000477 0.159403041 -0.04936278611
v 0.006250000093 0.159403041 -0.04936278611
v 0.006750000175 0.159403041 -0.04936278611
v 0.007250000257 0.1593977511 -0.0497908555
v -0.003500000108 0.1601732969 -0.05007890612
v -0.003000000026 0.1601800621 -0.04950816557
v -0.002500000177 0.1601851285 -0.04908011854
v -0.002000000095 0.1601868272 -0.04893742874
v -0.001500000013 0.1601902097 -0.04865204543
v -0.001000000047 0.1601952761 -0.0482239984
v -0.0005000000237 0.1601952761 -0.0482239984
v 0 0.1601986587 -0.04793863744
v 0.0005000000237 0.1602003574 -0.04779594764
v 0.001000000047 0.1601986587 -0.04793863744
v 0.001500000013 0.1601986587 -0.04793863744
v 0.002000000095 0.1601986587 -0.04793863744
v 0.002500000177 0.1601952761 -0.0482239984
v 0.003000000026 0.1601952761 -0.0482239984
v 0.003500000108 0.1601902097 -0.04865204543
v 0.00400000019 0.160188511 -0.04879473895
v 0.004500000272 0.1601868272 -0.04893742874
v 0.005000000354 0.1601817459 -0.04936547577
v 0.005500000436 0.1601800621 -0.04950816557
v 0.006000000052 0.1601783633 -0.04965085909
v 0.006500000134 0.1601766795 -0.04979352653
v 0.007000000216 0.1601766795 -0.04979352653
v -0.003750000149 0.1609539837 -0.04993887991
v -0.003250000067 0.1609604508 -0.04936816543
v -0.002750000218 0.1609653085 -0.04894013703
v -0.002250000136 0.1609685421 -0.04865476862
v -0.001750000054 0.1609685421 -0.04865476862
v -0.001250000088 0.1609717757 -0.04836942255
v -0.0007500000065 0.1609750092 -0.04808407649
v -0.0002500000119 0.1609766185 -0.04794139415
v 0.0002500000119 0.1609782428 -0.04779871181
v 0.0007500000065 0.1609766185 -0.04794139415
v 0.001250000088 0.1609750092 -0.04808407649
v 0.001750000054 0.1609750092 -0.04808407649
v 0.002250000136 0.160973385 -0.04822674021
v 0.002750000218 0.1609717757 -0.04836942255
v 0.003250000067 0.1609717757 -0.04836942255
v 0.003750000149 0.1609653085 -0.04894013703
v 0.004250000231 0.1609653085 -0.04894013703
v 0.004750000313 0.1609604508 -0.04936816543
v 0.005250000395 0.1609572172 -0.04965353385
v 0.005750000477 0.1609539837 -0.04993887991
v 0.006250000093 0.1609345675 -0.0516510196
v 0.006750000175 0.160937801 -0.05136565119
v -0.00400000019 0.1617314517 -0.05008422211
v -0.003500000108 0.1617391706 -0.04937085509
v -0.003000000026 0.1617437899 -0.04894284531
v -0.002500000177 0.1617484242 -0.04851483554
v -0.002000000095 0.1617468894 -0.0486574918
v -0.001500000013 0.1617484242 -0.04851483554
v -0.001000000047 0.1617515087 -0.04822948575
v -0.0005000000237 0.1617530584 -0.04808682576
v 0 0.1617545933 -0.04794415087
v 0.0005000000237 0.1617545933 -0.04794415087
v 0.001000000047 0.1617530584 -0.04808682576
v 0.001500000013 0.1617515087 -0.04822948575
v 0.002000000095 0.1617515087 -0.04822948575
v 0.002500000177 0.1617499739 -0.04837216064
v 0.003000000026 0.1617468894 -0.0486574918
v 0.003500000108 0.1617422551 -0.04908552393
v 0.00400000019 0.1617422551 -0.04908552393
v 0.004500000272 0.1617391706 -0.04937085509
v 0.005000000354 0.161736086 -0.04965621233
v 0.005500000436 0.161729902 -0.05022687465
v 0.006000000052 0.1617036611 -0.0526522994
v 0.006500000134 0.1617098451 -0.05208161101
v -0.004750000313 0.1625002325 -0.05108552799
v -0.004250000231 0.1625090539 -0.05022952706
v -0.003750000149 0.162514925 -0.04965888709
v -0.003250000067 0.162520811 -0.04908822849
v -0.002750000218 0.1625252217 -0.04866021499
v -0.002250000136 0.162526682 -0.04851756617
v -0.001750000054 0.162526682 -0.04851756617
v -0.001250000088 0.1625281572 -0.04837489501
v -0.0007500000065 0.1625296175 -0.04823222756
v -0.0002500000119 0.1625310928 -0.04808957502
v 0.0002500000119 0.1625310928 -0.04808957502
v 0.0007500000065 0.162532568 -0.04794690758
v 0.001250000088 0.1625310928 -0.04808957502
v 0.001750000054 0.1625296175 -0.04823222756
v 0.002250000136 0.162526682 -0.04851756617
v 0.002750000218 0.1625222713 -0.04894555733
v 0.003250000067 0.1625193357 -0.04923087731
v 0.003750000149 0.1625193357 -0.04923087731
v 0.004250000231 0.1625178754 -0.04937354475
v 0.004750000313 0.162514925 -0.04965888709
v 0.005250000395 0.1625075787 -0.0503721945
v 0.006250000093 0.1624796689 -0.05308282748
v -0.005000000354 0.1632840186 -0.05066016689
v -0.004500000272 0.1632923931 -0.04980420694
v -0.00400000019 0.1632951796 -0.04951889813
v -0.003500000108 0.1632993668 -0.04909093305
v -0.003000000026 0.1633007526 -0.04894826561
v -0.002500000177 0.1633049399 -0.04852029681
v -0.002000000095 0.1633049399 -0.04852029681
v -0.001500000013 0.1633077413 -0.04823496938
v -0.001000000047 0.1633077413 -0.04823496938
v -0.0005000000237 0.1633091271 -0.04809232429
v 0 0.1633105278 -0.04794966429
v 0.0005000000237 0.1633105278 -0.04794966429
v 0.001000000047 0.1633119136 -0.04780700058
v 0.001500000013 0.1633105278 -0.04794966429
v 0.002000000095 0.1633077413 -0.04823496938
v 0.002500000177 0.1633007526 -0.04894826561
v 0.003000000026 0.1632951796 -0.04951889813
v 0.003500000108 0.1632951796 -0.04951889813
v 0.00400000019 0.1632951796 -0.04951889813
v 0.004500000272 0.1632868052 -0.05037483945
v 0.005000000354 0.1632798314 -0.05108813569
v -0.005750000477 0.1640633941 -0.05066279694
v -0.005250000395 0.1640699953 -0.04994953051
v -0.004750000313 0.164073959 -0.04952158034
v -0.004250000231 0.1640765965 -0.04923626781
v -0.003750000149 0.1640779227 -0.04909363389
v -0.003250000067 0.164079234 -0.0489509739
v -0.002750000218 0.164079234 -0.0489509739
v -0.002250000136 0.1640805602 -0.04880831763
v -0.001750000054 0.1640831977 -0.04852302372
v -0.001250000088 0.1640818864 -0.04866565764
v -0.0007500000065 0.1640858501 -0.04823771119
v -0.0002500000119 0.1640884876 -0.04795241728
v 0.0002500000119 0.1640898138 -0.04780976102
v 0.0007500000065 0.1640884876 -0.04795241728
v 0.001250000088 0.1640871614 -0.04809507728
v 0.001750000054 0.1640831977 -0.04852302372
v 0.002250000136 0.1640713066 -0.04980687425
v 0.002750000218 0.1640699953 -0.04994953051
v -0.006000000052 0.1648415178 -0.05080805719
v -0.005500000436 0.1648477465 -0.05009484664
v -0.005000000354 0.1648527384 -0.04952426627
v -0.004500000272 0.1648564786 -0.04909633845
v -0.00400000019 0.1648577154 -0.04895368591
v -0.003500000108 0.1648577154 -0.04895368591
v -0.003000000026 0.1648577154 -0.04895368591
v -0.002500000177 0.1648589671 -0.04881103337
v -0.002000000095 0.1648589671 -0.04881103337
v -0.001500000013 0.1648589671 -0.04881103337
v -0.001000000047 0.1648589671 -0.04881103337
v -0.0005000000237 0.1648627073 -0.04838310555
v 0 0.1648652107 -0.04809782654
v 0.0005000000237 0.1648652107 -0.04809782654
v 0.001000000047 0.1648552269 -0.04923896492
v 0.001500000013 0.1648539752 -0.04938161373
v 0.002000000095 0.1648527384 -0.04952426627
v 0.002500000177 0.1648464948 -0.05023747683
v -0.006750000175 0.1656197757 -0.05095332488
v -0.006250000093 0.1656233072 -0.05052541196
v -0.005750000477 0.1656268239 -0.05009750277
v -0.005250000395 0.1656303406 -0.04966959357
v -0.004750000313 0.1656326801 -0.04938430339
v -0.004250000231 0.1656350344 -0.04909903929
v -0.003750000149 0.1656361967 -0.0489563942
v -0.003250000067 0.1656361967 -0.0489563942
v -0.002750000218 0.1656361967 -0.0489563942
v -0.002250000136 0.1656373739 -0.04881375283
v -0.001750000054 0.1656385511 -0.04867110401
v -0.001250000088 0.1656350344 -0.04909903929
v -0.0007500000065 0.1656315178 -0.04952694848
v -0.0002500000119 0.1656315178 -0.04952694848
v 0.0002500000119 0.1656291634 -0.04981221631
v 0.0007500000065 0.1656291634 -0.04981221631
v 0.001250000088 0.1656303406 -0.04966959357
v 0.001750000054 0.1656315178 -0.04952694848
v 0.002250000136 0.1656233072 -0.05052541196
v -0.007500000298 0.1663971096 -0.05124119297
v -0.007000000216 0.1664025933 -0.05052804947
v -0.006500000134 0.1664058864 -0.0501001589
v -0.006000000052 0.1664080918 -0.04981488362
v -0.005500000436 0.1664091945 -0.04967227206
v -0.005000000354 0.1664102823 -0.04952963069
v -0.004500000272 0.1664113849 -0.04938699305
v -0.00400000019 0.1664124876 -0.04924435914
v -0.003500000108 0.1664135903 -0.04910174385
v -0.003000000026 0.1664146781 -0.04895910621
v -0.002500000177 0.1664146781 -0.04895910621
v -0.002000000095 0.1664157808 -0.04881646857
v -0.001500000013 0.1664146781 -0.04895910621
v -0.001000000047 0.1664091945 -0.04967227206
v -0.0005000000237 0.1664080918 -0.04981488362
v 0 0.1664047986 -0.05024277419
v 0.0005000000237 0.1664036959 -0.05038541183
v 0.001000000047 0.1664069891 -0.04995752126
v 0.001500000013 0.1664069891 -0.04995752126
v -0.007750000339 0.167180866 -0.05067331716
v -0.007250000257 0.1671849638 -0.05010281876
v -0.006750000175 0.167185992 -0.04996018484
v -0.006250000093 0.1671890616 -0.0495323129
v -0.005750000477 0.1671880484 -0.04967494681
v -0.005250000395 0.1671890616 -0.0495323129
v -0.004750000313 0.1671900898 -0.04938968644
v -0.004250000231 0.1671900898 -0.04938968644
v -0.003750000149 0.1671900898 -0.04938968644
v -0.003250000067 0.1671900898 -0.04938968644
v -0.002750000218 0.1671890616 -0.0495323129
v -0.002250000136 0.1671900898 -0.04938968644
v -0.001750000054 0.167191118 -0.04924705252
v -0.001250000088 0.1671880484 -0.04967494681
v -0.0007500000065 0.167185992 -0.04996018484
v -0.0002500000119 0.1671829224 -0.05038805678
v 0.0002500000119 0.1671798378 -0.050815925
v -0.0150000006 0.1678975075 -0.0600887239
v -0.01450000051 0.1679003537 -0.05966087431
v -0.008500000462 0.1679592878 -0.05081855133
v -0.00800000038 0.1679630876 -0.05024807528
v -0.007500000298 0.1679659486 -0.04982022569
v -0.007000000216 0.1679668874 -0.04967762157
v -0.006500000134 0.167967841 -0.04953499883
v -0.006000000052 0.167967841 -0.04953499883
v -0.005500000436 0.167967841 -0.04953499883
v -0.005000000354 0.1679687947 -0.0493923761
v -0.004500000272 0.1679687947 -0.0493923761
v -0.00400000019 0.1679668874 -0.04967762157
v -0.003500000108 0.1679659486 -0.04982022569
v -0.003000000026 0.1679640412 -0.05010547489
v -0.002500000177 0.1679630876 -0.05024807528
v -0.002000000095 0.1679640412 -0.05010547489
v -0.001000000047 0.1679611951 -0.05053332075
v -0.0005000000237 0.1679602414 -0.05067594722
v 0 0.167955488 -0.05138902366
v -0.01625000127 0.1686808914 -0.06023353338
v -0.01575000025 0.168683514 -0.05980570614
v -0.0152500011 0.1686843932 -0.05966308713
v -0.01475000102 0.1686843932 -0.05966308713
v -0.01425000094 0.1686852723 -0.05952046812
v -0.008750000037 0.1687396169 -0.05067857727
v -0.008249999955 0.1687439978 -0.04996551201
v -0.007750000339 0.1687457412 -0.04968030006
v -0.007250000257 0.1687457412 -0.04968030006
v -0.006750000175 0.1687474996 -0.04939506575
v -0.006250000093 0.1687466204 -0.04953768104
v -0.005750000477 0.1687457412 -0.04968030006
v -0.005250000395 0.1687466204 -0.04953768104
v -0.004750000313 0.1687466204 -0.04953768104
v -0.004250000231 0.1687448621 -0.04982289299
v -0.003750000149 0.1687413603 -0.05039334297
v -0.003250000067 0.1687396169 -0.05067857727
v -0.002750000218 0.1687387377 -0.05082117394
v -0.002250000136 0.1687369794 -0.05110640824
v -0.01649999991 0.1694628149 -0.06066353247
v -0.01600000076 0.1694660187 -0.06009311229
v -0.01550000068 0.1694684327 -0.05966529995
v -0.0150000006 0.169467628 -0.05980791152
v -0.01000000071 0.1695189774 -0.05068120733
v -0.009500000626 0.1695221961 -0.05011078715
v -0.009000000544 0.1695229858 -0.04996817559
v -0.008500000462 0.1695237905 -0.04982556403
v -0.00800000038 0.1695245951 -0.04968297482
v -0.007500000298 0.1695253998 -0.04954036325
v -0.007000000216 0.1695253998 -0.04954036325
v -0.006500000134 0.1695245951 -0.04968297482
v -0.006000000052 0.1695245951 -0.04968297482
v -0.005500000436 0.1695245951 -0.04968297482
v -0.005000000354 0.1695221961 -0.05011078715
v -0.004500000272 0.1695213914 -0.05025337636
v -0.00400000019 0.1695181727 -0.05082379654
v -0.003500000108 0.169517383 -0.0509664081
v -0.003000000026 0.1695157737 -0.05125160888
v -0.01075000037 0.1702998132 -0.05039862916
v -0.01025000028 0.1702998132 -0.05039862916
v -0.009750000201 0.1703027338 -0.04982823506
v -0.009250000119 0.1703034639 -0.0496856533
v -0.008750000037 0.1703034639 -0.0496856533
v -0.008249999955 0.1703034639 -0.0496856533
v -0.007750000339 0.1703041941 -0.04954304546
v -0.007250000257 0.1703041941 -0.04954304546
v -0.006750000175 0.1703027338 -0.04982823506
v -0.006250000093 0.1703020036 -0.04997083917
v -0.005750000477 0.1703012735 -0.05011344329
v -0.005250000395 0.1702983677 -0.05068383738
v -0.004750000313 0.1702976376 -0.05082641914
v -0.004250000231 0.1702954471 -0.05125421286
v -0.01100000087 0.1710797101 -0.05025867373
v -0.01050000079 0.1710810214 -0.04997350276
v -0.01000000071 0.1710816771 -0.04983090609
v -0.009500000626 0.1710823327 -0.04968832806
v -0.009000000544 0.1710816771 -0.04983090609
v -0.008500000462 0.1710816771 -0.04983090609
v -0.00800000038 0.1710810214 -0.04997350276
v -0.007500000298 0.1710810214 -0.04997350276
v -0.007000000216 0.1710803658 -0.05011609942
v -0.006500000134 0.1710797101 -0.05025867373
v -0.006000000052 0.1710770875 -0.05082904547
v -0.005500000436 0.1710757911 -0.0511142388
v -0.01125000045 0.1718571186 -0.05068909749
v -0.01075000037 0.1718582809 -0.05040391535
v -0.01025000028 0.1718594432 -0.05011875555
v -0.009750000201 0.1718600243 -0.04997616261
v -0.009250000119 0.171858862 -0.05026132613
v -0.008750000037 0.171858862 -0.05026132613
v -0.008249999955 0.171858862 -0.05026132613
v -0.007750000339 0.1718559563 -0.05097426102
v -0.007250000257 0.1718571186 -0.05068909749
v -0.006750000175 0.1718565375 -0.05083166808
v -0.01050000079 0.1726354808 -0.05097687617
v -0.01000000071 0.1726370007 -0.05054914206
v -0.009500000626 0.1726359874 -0.05083429068
v -0.02300000191 0.2048827857 0.1890314668
v -0.1217500046 0.2718747258 0.188067928
v -0.09050000459 0.299836874 0.05553336442

f 3 4 11
f 4 12 11
f 4 5 12
f 5 13 12
f 5 6 13
f 6 14 13
f 7 26 25
f 8 30 29
f 8 9 30
f 9 31 30
f 9 10 31
f 10 32 31
f 16 17 35
f 17 36 35
f 17 18 36
f 18 37 36
f 18 19 37
f 19 38 37
f 19 20 38
f 24 47 46
f 24 25 47
f 25 48 47
f 25 26 48
f 26 49 48
f 26 27 49
f 28 29 50
f 29 51 50
f 29 30 51
f 30 52 51
f 30 31 52
f 31 53 52
f 31 32 53
f 32 54 53
f 32 33 54
f 33 55 54
f 33 34 55
f 34 56 55
f 37 38 58
f 38 59 58
f 39 62 61
f 39 40 62
f 40 63 62
f 40 41 63
f 41 64 63
f 41 42 64
f 42 65 64
f 42 43 65
f 43 66 65
f 44 68 67
f 45 73 72
f 47 48 75
f 48 76 75
f 48 49 76
f 49 77 76
f 50 79 78
f 50 51 79
f 51 80 79
f 51 52 80
f 52 81 80
f 52 53 81
f 53 82 81
f 53 54 82
f 54 83 82
f 54 55 83
f 55 84 83
f 55 56 84
f 56 85 84
f 57 97 96
f 58 100 99
f 58 59 100
f 59 101 100
f 60 104 103
f 60 61 104
f 61 105 104
f 61 62 105
f 62 106 105
f 62 63 106
f 63 107 106
f 63 64 107
f 64 108 107
f 64 65 108
f 65 109 108
f 65 66 109
f 66 110 109
f 66 67 110
f 67 111 110
f 67 68 111
f 68 112 111
f 68 69 112
f 69 113 112
f 69 70 113
f 70 114 113
f 70 71 114
f 71 115 114
f 72 119 118
f 72 73 119
f 73 120 119
f 73 74 120
f 74 121 120
f 75 123 122
f 75 76 123
f 76 124 123
f 76 77 124
f 77 125 124
f 77 78 125
f 78 126 125
f 78 79 126
f 80 81 127
f 81 128 127
f 81 82 128
f 82 129 128
f 82 83 129
f 83 130 129
f 83 84 130
f 84 131 130
f 84 85 131
f 85 132 131
f 85 86 132
f 87 150 149
f 89 155 154
f 90 160 159
f 90 91 160
f 91 161 160
f 91 92 161
f 92 162 161
f 92 93 162
f 93 163 162
f 94 166 165
f 94 95 166
f 95 167 166
f 95 96 167
f 96 168 167
f 96 97 168
f 97 169 168
f 97 98 169
f 98 170 169
f 98 99 170
f 99 171 170
f 99 100 171
f 100 172 171
f 100 101 172
f 101 173 172
f 101 102 173
f 102 174 173
f 102 103 174
f 103 175 174
f 103 104 175
f 104 176 175
f 104 105 176
f 105 177 176
f 105 106 177
f 106 178 177
f 106 107 178
f 107 179 178
f 107 108 179
f 108 180 179
f 108 109 180
f 109 181 180
f 109 110 181
f 110 182 181
f 110 111 182
f 111 183 182
f 111 112 183
f 112 184 183
f 112 113 184
f 113 185 184
f 113 114 185
f 114 186 185
f 114 115 186
f 115 187 186
f 115 116 187
f 116 188 187
f 116 117 188
f 117 189 188
f 118 192 191
f 118 119 192
f 119 193 192
f 119 120 193
f 120 194 193
f 120 121 194
f 121 195 194
f 122 123 198
f 123 199 198
f 123 124 199
f 124 200 199
f 124 125 200
f 125 201 200
f 125 126 201
f 126 202 201
f 127 204 203
f 127 128 204
f 128 205 204
f 128 129 205
f 129 206 205
f 129 130 206
f 130 207 206
f 130 131 207
f 131 208 207
f 131 132 208
f 132 209 208
f 133 213 212
f 133 134 213
f 134 214 213
f 134 135 214
f 135 215 214
f 135 136 215
f 136 216 215
f 136 137 216
f 137 217 216
f 137 138 217
f 138 218 217
f 138 139 218
f 139 219 218
f 139 140 219
f 140 220 219
f 141 222 221
f 141 142 222
f 142 223 222
f 142 143 223
f 143 224 223
f 143 144 224
f 144 225 224
f 144 145 225
f 145 226 225
f 145 146 226
f 146 227 226
f 146 147 227
f 147 228 227
f 147 148 228
f 148 229 228
f 148 149 229
f 149 230 229
f 149 150 230
f 150 231 230
f 150 151 231
f 151 232 231
f 152 234 233
f 152 153 234
f 153 235 234
f 153 154 235
f 154 236 235
f 154 155 236
f 155 237 236
f 155 156 237
f 156 238 237
f 156 157 238
f 157 239 238
f 157 158 239
f 158 240 239
f 158 159 240
f 159 241 240
f 159 160 241
f 160 242 241
f 160 161 242
f 161 243 242
f 161 162 243
f 162 244 243
f 162 163 244
f 163 245 244
f 163 164 245
f 164 246 245
f 164 165 246
f 165 247 246
f 165 166 247
f 166 248 247
f 166 167 248
f 167 249 248
f 167 168 249
f 168 250 249
f 168 169 250
f 169 251 250
f 169 170 251
f 170 252 251
f 170 171 252
f 171 253 252
f 171 172 253
f 172 254 253
f 172 173 254
f 173 255 254
f 173 174 255
f 174 256 255
f 174 175 256
f 175 257 256
f 175 176 257
f 176 258 257
f 176 177 258
f 177 259 258
f 177 178 259
f 178 260 259
f 178 179 260
f 179 261 260
f 179 180 261
f 180 262 261
f 180 181 262
f 181 263 262
f 181 182 263
f 182 264 263
f 182 183 264
f 183 265 264
f 183 184 265
f 184 266 265
f 184 185 266
f 185 267 266
f 185 186 267
f 186 268 267
f 186 187 268
f 187 269 268
f 187 188 269
f 188 270 269
f 188 189 270
f 189 271 270
f 189 190 271
f 190 272 271
f 191 279 278
f 191 192 279
f 192 280 279
f 192 193 280
f 193 281 280
f 193 194 281
f 194 282 281
f 194 195 282
f 195 283 282
f 195 196 283
f 196 284 283
f 196 197 284
f 197 285 284
f 199 200 286
f 200 287 286
f 200 201 287
f 201 288 287
f 201 202 288
f 202 289 288
f 202 203 289
f 203 290 289
f 203 204 290
f 204 291 290
f 204 205 291
f 205 292 291
f 205 206 292
f 206 293 292
f 206 207 293
f 207 294 293
f 207 208 294
f 208 295 294
f 208 209 295
f 211 299 298
f 212 301 300
f 212 213 301
f 213 302 301
f 213 214 302
f 214 303 302
f 214 215 303
f 215 304 303
f 215 216 304
f 216 305 304
f 216 217 305
f 217 306 305
f 217 218 306
f 218 307 306
f 218 219 307
f 219 308 307
f 219 220 308
f 220 309 308
f 220 221 309
f 221 310 309
f 221 222 310
f 222 311 310
f 222 223 311
f 223 312 311
f 223 224 312
f 224 313 312
f 224 225 313
f 225 314 313
f 225 226 314
f 226 315 314
f 226 227 315
f 227 316 315
f 227 228 316
f 228 317 316
f 228 229 317
f 229 318 317
f 229 230 318
f 230 319 318
f 230 231 319
f 231 320 319
f 231 232 320
f 232 321 320
f 232 233 321
f 233 322 321
f 233 234 322
f 234 323 322
f 234 235 323
f 235 324 323
f 235 236 324
f 236 325 324
f 236 237 325
f 237 326 325
f 237 238 326
f 238 327 326
f 238 239 327
f 239 328 327
f 239 240 328
f 240 329 328
f 240 241 329
f 241 330 329
f 241 242 330
f 242 331 330
f 242 243 331
f 243 332 331
f 243 244 332
f 244 333 332
f 244 245 333
f 245 334 333
f 245 246 334
f 246 335 334
f 246 247 335
f 247 336 335
f 247 248 336
f 248 337 336
f 248 249 337
f 249 338 337
f 249 250 338
f 250 339 338
f 250 251 339
f 251 340 339
f 251 252 340
f 252 341 340
f 252 253 341
f 253 342 341
f 253 254 342
f 254 343 342
f 254 255 343
f 255 344 343
f 255 256 344
f 256 345 344
f 256 257 345
f 257 346 345
f 257 258 346
f 258 347 346
f 258 259 347
f 259 348 347
f 259 260 348
f 260 349 348
f 260 261 349
f 261 350 349
f 261 262 350
f 262 351 350
f 262 263 351
f 263 352 351
f 263 264 352
f 264 353 352
f 264 265 353
f 265 354 353
f 265 266 354
f 266 355 354
f 266 267 355
f 267 356 355
f 267 268 356
f 268 357 356
f 268 269 357
f 269 358 357
f 269 270 358
f 270 359 358
f 270 271 359
f 271 360 359
f 271 272 360
f 272 361 360
f 272 273 361
f 273 362 361
f 274 366 365
f 274 275 366
f 275 367 366
f 275 276 367
f 276 368 367
f 276 277 368
f 277 369 368
f 277 278 369
f 278 370 369
f 278 279 370
f 279 371 370
f 279 280 371
f 280 372 371
f 280 281 372
f 281 373 372
f 281 282 373
f 282 374 373
f 282 283 374
f 283 375 374
f 283 284 375
f 284 376 375
f 284 285 376
f 285 377 376
f 288 289 380
f 289 381 380
f 289 290 381
f 290 382 381
f 290 291 382
f 291 383 382
f 291 292 383
f 292 384 383
f 292 293 384
f 293 385 384
f 293 294 385
f 294 386 385
f 294 295 386
f 295 387 386
f 296 395 394
f 297 397 396
f 298 400 399
f 298 299 400
f 299 401 400
f 299 300 401
f 300 402 401
f 300 301 402
f 301 403 402
f 301 302 403
f 302 404 403
f 302 303 404
f 303 405 404
f 303 304 405
f 304 406 405
f 304 305 406
f 305 407 406
f 305 306 407
f 306 408 407
f 306 307 408
f 307 409 408
f 307 308 409
f 308 410 409
f 308 309 410
f 309 411 410
f 309 310 411
f 310 412 411
f 310 311 412
f 311 413 412
f 311 312 413
f 312 414 413
f 312 313 414
f 313 415 414
f 313 314 415
f 314 416 415
f 314 315 416
f 315 417 416
f 315 316 417
f 316 418 417
f 316 317 418
f 317 419 418
f 317 318 419
f 318 420 419
f 318 319 420
f 319 421 420
f 319 320 421
f 320 422 421
f 320 321 422
f 321 423 422
f 321 322 423
f 322 424 423
f 322 323 424
f 323 425 424
f 323 324 425
f 324 426 425
f 324 325 426
f 325 427 426
f 325 326 427
f 326 428 427
f 326 327 428
f 327 429 428
f 327 328 429
f 328 430 429
f 328 329 430
f 329 431 430
f 329 330 431
f 330 432 431
f 330 331 432
f 331 433 432
f 331 332 433
f 332 434 433
f 332 333 434
f 333 435 434
f 333 334 435
f 334 436 435
f 334 335 436
f 335 437 436
f 335 336 437
f 336 438 437
f 336 337 438
f 337 439 438
f 337 338 439
f 338 440 439
f 338 339 440
f 339 441 440
f 339 340 441
f 340 442 441
f 340 341 442
f 341 443 442
f 341 342 443
f 342 444 443
f 342 343 444
f 343 445 444
f 343 344 445
f 344 446 445
f 344 345 446
f 345 447 446
f 345 346 447
f 346 448 447
f 346 347 448
f 347 449 448
f 347 348 449
f 348 450 449
f 348 349 450
f 349 451 450
f 349 350 451
f 350 452 451
f 350 351 452
f 351 453 452
f 351 352 453
f 352 454 453
f 352 353 454
f 353 455 454
f 353 354 455
f 354 456 455
f 354 355 456
f 355 457 456
f 355 356 457
f 356 458 457
f 356 357 458
f 357 459 458
f 357 358 459
f 358 460 459
f 358 359 460
f 359 461 460
f 359 360 461
f 360 462 461
f 360 361 462
f 361 463 462
f 361 362 463
f 362 464 463
f 362 363 464
f 363 465 464
f 363 364 465
f 364 466 465
f 365 468 467
f 365 366 468
f 366 469 468
f 366 367 469
f 367 470 469
f 367 368 470
f 368 471 470
f 368 369 471
f 369 472 471
f 369 370 472
f 370 473 472
f 370 371 473
f 371 474 473
f 371 372 474
f 372 475 474
f 372 373 475
f 373 476 475
f 373 374 476
f 374 477 476
f 374 375 477
f 375 478 477
f 375 376 478
f 376 479 478
f 376 377 479
f 377 480 479
f 377 378 480
f 378 481 480
f 378 379 481
f 379 482 481
f 384 385 485
f 388 490 489
f 388 389 490
f 389 491 490
f 389 390 491
f 390 492 491
f 390 391 492
f 391 493 492
f 391 392 493
f 392 494 493
f 392 393 494
f 393 495 494
f 393 394 495
f 394 496 495
f 394 395 496
f 395 497 496
f 395 396 497
f 396 498 497
f 396 397 498
f 397 499 498
f 397 398 499
f 398 500 499
f 398 399 500
f 399 501 500
f 399 400 501
f 400 502 501
f 400 401 502
f 401 503 502
f 401 402 503
f 402 504 503
f 402 403 504
f 403 505 504
f 403 404 505
f 404 506 505
f 404 405 506
f 405 507 506
f 405 406 507
f 406 508 507
f 406 407 508
f 407 509 508
f 407 408 509
f 408 510 509
f 408 409 510
f 409 511 510
f 409 410 511
f 410 512 511
f 410 411 512
f 411 513 512
f 411 412 513
f 412 514 513
f 412 413 514
f 413 515 514
f 413 414 515
f 414 516 515
f 414 415 516
f 415 517 516
f 415 416 517
f 416 518 517
f 416 417 518
f 417 519 518
f 417 418 519
f 418 520 519
f 418 419 520
f 419 521 520
f 419 420 521
f 420 522 521
f 420 421 522
f 421 523 522
f 421 422 523
f 422 524 523
f 422 423 524
f 423 525 524
f 423 424 525
f 424 526 525
f 424 425 526
f 425 527 526
f 425 426 527
f 426 528 527
f 426 427 528
f 427 529 528
f 427 428 529
f 428 530 529
f 428 429 530
f 429 531 530
f 429 430 531
f 430 532 531
f 430 431 532
f 431 533 532
f 431 432 533
f 432 534 533
f 432 433 534
f 433 535 534
f 433 434 535
f 434 536 535
f 434 435 536
f 435 537 536
f 435 436 537
f 436 538 537
f 436 437 538
f 437 539 538
f 437 438 539
f 438 540 539
f 438 439 540
f 439 541 540
f 439 440 541
f 440 542 541
f 440 441 542
f 441 543 542
f 441 442 543
f 442 544 543
f 442 443 544
f 443 545 544
f 443 444 545
f 444 546 545
f 444 445 546
f 445 547 546
f 445 446 547
f 446 548 547
f 446 447 548
f 447 549 548
f 447 448 549
f 448 550 549
f 448 449 550
f 449 551 550
f 449 450 551
f 450 552 551
f 450 451 552
f 451 553 552
f 451 452 553
f 452 554 553
f 452 453 554
f 453 555 554
f 453 454 555
f 454 556 555
f 454 455 556
f 455 557 556
f 455 456 557
f 456 558 557
f 456 457 558
f 457 559 558
f 457 458 559
f 458 560 559
f 458 459 560
f 459 561 560
f 459 460 561
f 460 562 561
f 460 461 562
f 461 563 562
f 461 462 563
f 462 564 563
f 462 463 564
f 463 565 564
f 463 464 565
f 464 566 565
f 464 465 566
f 465 567 566
f 465 466 567
f 466 568 567
f 467 571 570
f 467 468 571
f 468 572 571
f 468 469 572
f 469 573 572
f 469 470 573
f 470 574 573
f 470 471 574
f 471 575 574
f 471 472 575
f 472 576 575
f 472 473 576
f 473 577 576
f 473 474 577
f 474 578 577
f 474 475 578
f 475 579 578
f 475 476 579
f 476 580 579
f 476 477 580
f 477 581 580
f 477 478 581
f 478 582 581
f 478 479 582
f 479 583 582
f 479 480 583
f 480 584 583
f 480 481 584
f 481 585 584
f 481 482 585
f 482 586 585
f 482 483 586
f 483 587 586
f 483 484 587
f 484 588 587
f 486 595 594
f 486 487 595
f 487 596 595
f 487 488 596
f 488 597 596
f 488 489 597
f 489 598 597
f 489 490 598
f 490 599 598
f 490 491 599
f 491 600 599
f 491 492 600
f 492 601 600
f 492 493 601
f 493 602 601
f 493 494 602
f 494 603 602
f 494 495 603
f 495 604 603
f 495 496 604
f 496 605 604
f 496 497 605
f 497 606 605
f 497 498 606
f 498 607 606
f 498 499 607
f 499 608 607
f 499 500 608
f 500 609 608
f 500 501 609
f 501 610 609
f 501 502 610
f 502 611 610
f 502 503 611
f 503 612 611
f 503 504 612
f 504 613 612
f 504 505 613
f 505 614 613
f 505 506 614
f 506 615 614
f 506 507 615
f 507 616 615
f 507 508 616
f 508 617 616
f 508 509 617
f 509 618 617
f 509 510 618
f 510 619 618
f 510 511 619
f 511 620 619
f 511 512 620
f 512 621 620
f 512 513 621
f 513 622 621
f 513 514 622
f 514 623 622
f 514 515 623
f 515 624 623
f 515 516 624
f 516 625 624
f 516 517 625
f 517 626 625
f 517 518 626
f 518 627 626
f 518 519 627
f 519 628 627
f 519 520 628
f 520 629 628
f 520 521 629
f 521 630 629
f 521 522 630
f 522 631 630
f 522 523 631
f 523 632 631
f 523 524 632
f 524 633 632
f 524 525 633
f 525 634 633
f 525 526 634
f 526 635 634
f 526 527 635
f 527 636 635
f 527 528 636
f 528 637 636
f 528 529 637
f 529 638 637
f 529 530 638
f 530 639 638
f 530 531 639
f 531 640 639
f 531 532 640
f 532 641 640
f 532 533 641
f 533 642 641
f 533 534 642
f 534 643 642
f 534 535 643
f 535 644 643
f 535 536 644
f 536 645 644
f 536 537 645
f 537 646 645
f 537 538 646
f 538 647 646
f 538 539 647
f 539 648 647
f 539 540 648
f 540 649 648
f 540 541 649
f 541 650 649
f 541 542 650
f 542 651 650
f 542 543 651
f 543 652 651
f 543 544 652
f 544 653 652
f 544 545 653
f 545 654 653
f 545 546 654
f 546 655 654
f 546 547 655
f 547 656 655
f 547 548 656
f 548 657 656
f 548 549 657
f 549 658 657
f 549 550 658
f 550 659 658
f 550 551 659
f 551 660 659
f 551 552 660
f 552 661 660
f 552 553 661
f 553 662 661
f 553 554 662
f 554 663 662
f 554 555 663
f 555 664 663
f 555 556 664
f 556 665 664
f 556 557 665
f 557 666 665
f 557 558 666
f 558 667 666
f 558 559 667
f 559 668 667
f 559 560 668
f 560 669 668
f 560 561 669
f 561 670 669
f 561 562 670
f 562 671 670
f 562 563 671
f 563 672 671
f 563 564 672
f 564 673 672
f 564 565 673
f 565 674 673
f 565 566 674
f 566 675 674
f 566 567 675
f 567 676 675
f 567 568 676
f 568 677 676
f 569 680 679
f 569 570 680
f 570 681 680
f 570 571 681
f 571 682 681
f 571 572 682
f 572 683 682
f 572 573 683
f 573 684 683
f 573 574 684
f 574 685 684
f 574 575 685
f 575 686 685
f 575 576 686
f 576 687 686
f 576 577 687
f 577 688 687
f 577 578 688
f 578 689 688
f 578 579 689
f 579 690 689
f 579 580 690
f 580 691 690
f 580 581 691
f 581 692 691
f 581 582 692
f 582 693 692
f 582 583 693
f 583 694 693
f 583 584 694
f 584 695 694
f 584 585 695
f 585 696 695
f 585 586 696
f 586 697 696
f 586 587 697
f 587 698 697
f 587 588 698
f 588 699 698
f 588 589 699
f 589 700 699
f 589 590 700
f 590 701 700
f 590 591 701
f 591 702 701
f 592 706 705
f 592 593 706
f 593 707 706
f 593 594 707
f 594 708 707
f 594 595 708
f 595 709 708
f 595 596 709
f 596 710 709
f 596 597 710
f 597 711 710
f 597 598 711
f 598 712 711
f 598 599 712
f 599 713 712
f 599 600 713
f 600 714 713
f 600 601 714
f 601 715 714
f 601 602 715
f 602 716 715
f 602 603 716
f 603 717 716
f 603 604 717
f 604 718 717
f 604 605 718
f 605 719 718
f 605 606 719
f 606 720 719
f 606 607 720
f 607 721 720
f 607 608 721
f 608 722 721
f 608 609 722
f 609 723 722
f 609 610 723
f 610 724 723
f 610 611 724
f 611 725 724
f 611 612 725
f 612 726 725
f 612 613 726
f 613 727 726
f 613 614 727
f 614 728 727
f 614 615 728
f 615 729 728
f 615 616 729
f 616 730 729
f 616 617 730
f 617 731 730
f 617 618 731
f 618 732 731
f 618 619 732
f 619 733 732
f 619 620 733
f 620 734 733
f 620 621 734
f 621 735 734
f 621 622 735
f 622 736 735
f 622 623 736
f 623 737 736
f 623 624 737
f 624 738 737
f 624 625 738
f 625 739 738
f 625 626 739
f 626 740 739
f 626 627 740
f 627 741 740
f 627 628 741
f 628 742 741
f 628 629 742
f 629 743 742
f 629 630 743
f 630 744 743
f 630 631 744
f 631 745 744
f 631 632 745
f 632 746 745
f 632 633 746
f 633 747 746
f 633 634 747
f 634 748 747
f 634 635 748
f 635 749 748
f 635 636 749
f 636 750 749
f 636 637 750
f 637 751 750
f 637 638 751
f 638 752 751
f 638 639 752
f 639 753 752
f 639 640 753
f 640 754 753
f 640 641 754
f 641 755 754
f 641 642 755
f 642 756 755
f 642 643 756
f 643 757 756
f 643 644 757
f 644 758 757
f 644 645 758
f 645 759 758
f 645 646 759
f 646 760 759
f 646 647 760
f 647 761 760
f 647 648 761
f 648 762 761
f 648 649 762
f 649 763 762
f 649 650 763
f 650 764 763
f 650 651 764
f 651 765 764
f 651 652 765
f 652 766 765
f 652 653 766
f 653 767 766
f 653 654 767
f 654 768 767
f 654 655 768
f 655 769 768
f 655 656 769
f 656 770 769
f 656 657 770
f 657 771 770
f 657 658 771
f 658 772 771
f 658 659 772
f 659 773 772
f 659 660 773
f 660 774 773
f 660 661 774
f 661 775 774
f 661 662 775
f 662 776 775
f 662 663 776
f 663 777 776
f 663 664 777
f 664 778 777
f 664 665 778
f 665 779 778
f 665 666 779
f 666 780 779
f 666 667 780
f 667 781 780
f 667 668 781
f 668 782 781
f 668 669 782
f 669 783 782
f 669 670 783
f 670 784 783
f 670 671 784
f 671 785 784
f 671 672 785
f 672 786 785
f 672 673 786
f 673 787 786
f 673 674 787
f 674 788 787
f 674 675 788
f 675 789 788
f 675 676 789
f 676 790 789
f 676 677 790
f 677 791 790
f 678 796 795
f 678 679 796
f 679 797 796
f 679 680 797
f 680 798 797
f 680 681 798
f 681 799 798
f 681 682 799
f 682 800 799
f 682 683 800
f 683 801 800
f 683 684 801
f 684 802 801
f 684 685 802
f 685 803 802
f 685 686 803
f 686 804 803
f 686 687 804
f 687 805 804
f 687 688 805
f 688 806 805
f 688 689 806
f 689 807 806
f 689 690 807
f 690 808 807
f 690 691 808
f 691 809 808
f 691 692 809
f 692 810 809
f 692 693 810
f 693 811 810
f 693 694 811
f 694 812 811
f 694 695 812
f 695 813 812
f 695 696 813
f 696 814 813
f 696 697 814
f 697 815 814
f 697 698 815
f 698 816 815
f 698 699 816
f 699 817 816
f 699 700 817
f 700 818 817
f 700 701 818
f 701 819 818
f 701 702 819
f 702 820 819
f 702 703 820
f 703 821 820
f 704 823 822
f 704 705 823
f 705 824 823
f 705 706 824
f 706 825 824
f 706 707 825
f 707 826 825
f 707 708 826
f 708 827 826
f 708 709 827
f 709 828 827
f 709 710 828
f 710 829 828
f 710 711 829
f 711 830 829
f 711 712 830
f 712 831 830
f 712 713 831
f 713 832 831
f 713 714 832
f 714 833 832
f 714 715 833
f 715 834 833
f 715 716 834
f 716 835 834
f 716 717 835
f 717 836 835
f 717 718 836
f 718 837 836
f 718 719 837
f 719 838 837
f 719 720 838
f 720 839 838
f 720 721 839
f 721 840 839
f 721 722 840
f 722 841 840
f 722 723 841
f 723 842 841
f 723 724 842
f 724 843 842
f 724 725 843
f 725 844 843
f 725 726 844
f 726 845 844
f 726 727 845
f 727 846 845
f 727 728 846
f 728 847 846
f 728 729 847
f 729 848 847
f 729 730 848
f 730 849 848
f 730 731 849
f 731 850 849
f 731 732 850
f 732 851 850
f 732 733 851
f 733 852 851
f 733 734 852
f 734 853 852
f 734 735 853
f 735 854 853
f 735 736 854
f 736 855 854
f 736 737 855
f 737 856 855
f 737 738 856
f 738 857 856
f 738 739 857
f 739 858 857
f 739 740 858
f 740 859 858
f 740 741 859
f 741 860 859
f 741 742 860
f 742 861 860
f 742 743 861
f 743 862 861
f 743 744 862
f 744 863 862
f 744 745 863
f 745 864 863
f 745 746 864
f 746 865 864
f 746 747 865
f 747 866 865
f 747 748 866
f 748 867 866
f 748 749 867
f 749 868 867
f 749 750 868
f 750 869 868
f 750 751 869
f 751 870 869
f 751 752 870
f 752 871 870
f 752 753 871
f 753 872 871
f 753 754 872
f 754 873 872
f 754 755 873
f 755 874 873
f 755 756 874
f 756 875 874
f 756 757 875
f 757 876 875
f 757 758 876
f 758 877 876
f 758 759 877
f 759 878 877
f 759 760 878
f 760 879 878
f 760 761 879
f 761 880 879
f 761 762 880
f 762 881 880
f 762 763 881
f 763 882 881
f 763 764 882
f 764 883 882
f 764 765 883
f 765 884 883
f 765 766 884
f 766 885 884
f 766 767 885
f 767 886 885
f 767 768 886
f 768 887 886
f 768 769 887
f 769 888 887
f 769 770 888
f 770 889 888
f 770 771 889
f 771 890 889
f 771 772 890
f 772 891 890
f 772 773 891
f 773 892 891
f 773 774 892
f 774 893 892
f 774 775 893
f 775 894 893
f 775 776 894
f 776 895 894
f 776 777 895
f 777 896 895
f 777 778 896
f 778 897 896
f 778 779 897
f 779 898 897
f 779 780 898
f 780 899 898
f 780 781 899
f 781 900 899
f 781 782 900
f 782 901 900
f 782 783 901
f 783 902 901
f 783 784 902
f 784 903 902
f 784 785 903
f 785 904 903
f 785 786 904
f 786 905 904
f 786 787 905
f 787 906 905
f 787 788 906
f 788 907 906
f 788 789 907
f 789 908 907
f 789 790 908
f 790 909 908
f 790 791 909
f 791 910 909
f 791 792 910
f 792 911 910
f 793 914 913
f 793 794 914
f 794 915 914
f 794 795 915
f 795 916 915
f 795 796 916
f 796 917 916
f 796 797 917
f 797 918 917
f 797 798 918
f 798 919 918
f 798 799 919
f 799 920 919
f 799 800 920
f 800 921 920
f 800 801 921
f 801 922 921
f 801 802 922
f 802 923 922
f 802 803 923
f 803 924 923
f 803 804 924
f 804 925 924
f 804 805 925
f 805 926 925
f 805 806 926
f 806 927 926
f 806 807 927
f 807 928 927
f 807 808 928
f 808 929 928
f 808 809 929
f 809 930 929
f 809 810 930
f 810 931 930
f 810 811 931
f 811 932 931
f 811 812 932
f 812 933 932
f 812 813 933
f 813 934 933
f 813 814 934
f 814 935 934
f 814 815 935
f 815 936 935
f 815 816 936
f 816 937 936
f 816 817 937
f 817 938 937
f 817 818 938
f 818 939 938
f 818 819 939
f 819 940 939
f 819 820 940
f 822 823 941
f 823 942 941
f 823 824 942
f 824 943 942
f 824 825 943
f 825 944 943
f 825 826 944
f 826 945 944
f 826 827 945
f 827 946 945
f 827 828 946
f 828 947 946
f 828 829 947
f 829 948 947
f 829 830 948
f 830 949 948
f 830 831 949
f 831 950 949
f 831 832 950
f 832 951 950
f 832 833 951
f 833 952 951
f 833 834 952
f 834 953 952
f 834 835 953
f 835 954 953
f 835 836 954
f 836 955 954
f 836 837 955
f 837 956 955
f 837 838 956
f 838 957 956
f 838 839 957
f 839 958 957
f 839 840 958
f 840 959 958
f 840 841 959
f 841 960 959
f 841 842 960
f 842 961 960
f 842 843 961
f 843 962 961
f 843 844 962
f 844 963 962
f 844 845 963
f 845 964 963
f 845 846 964
f 846 965 964
f 846 847 965
f 847 966 965
f 847 848 966
f 848 967 966
f 848 849 967
f 849 968 967
f 849 850 968
f 850 969 968
f 850 851 969
f 851 970 969
f 851 852 970
f 852 971 970
f 852 853 971
f 853 972 971
f 853 854 972
f 854 973 972
f 854 855 973
f 855 974 973
f 855 856 974
f 856 975 974
f 856 857 975
f 857 976 975
f 857 858 976
f 858 977 976
f 858 859 977
f 859 978 977
f 859 860 978
f 860 979 978
f 860 861 979
f 861 980 979
f 861 862 980
f 862 981 980
f 862 863 981
f 863 982 981
f 863 864 982
f 864 983 982
f 864 865 983
f 865 984 983
f 865 866 984
f 866 985 984
f 866 867 985
f 867 986 985
f 867 868 986
f 868 987 986
f 868 869 987
f 869 988 987
f 869 870 988
f 870 989 988
f 870 871 989
f 871 990 989
f 871 872 990
f 872 991 990
f 872 873 991
f 873 992 991
f 873 874 992
f 874 993 992
f 874 875 993
f 875 994 993
f 875 876 994
f 876 995 994
f 876 877 995
f 877 996 995
f 877 878 996
f 878 997 996
f 878 879 997
f 879 998 997
f 879 880 998
f 880 999 998
f 880 881 999
f 881 1000 999
f 881 882 1000
f 882 1001 1000
f 882 883 1001
f 883 1002 1001
f 883 884 1002
f 884 1003 1002
f 884 885 1003
f 885 1004 1003
f 885 886 1004
f 886 1005 1004
f 886 887 1005
f 887 1006 1005
f 887 888 1006
f 888 1007 1006
f 888 889 1007
f 889 1008 1007
f 889 890 1008
f 890 1009 1008
f 890 891 1009
f 891 1010 1009
f 891 892 1010
f 892 1011 1010
f 892 893 1011
f 893 1012 1011
f 893 894 1012
f 894 1013 1012
f 894 895 1013
f 895 1014 1013
f 895 896 1014
f 896 1015 1014
f 896 897 1015
f 897 1016 1015
f 897 898 1016
f 898 1017 1016
f 898 899 1017
f 899 1018 1017
f 899 900 1018
f 900 1019 1018
f 900 901 1019
f 901 1020 1019
f 901 902 1020
f 902 1021 1020
f 902 903 1021
f 903 1022 1021
f 903 904 1022
f 904 1023 1022
f 904 905 1023
f 905 1024 1023
f 905 906 1024
f 906 1025 1024
f 906 907 1025
f 907 1026 1025
f 907 908 1026
f 908 1027 1026
f 908 909 1027
f 909 1028 1027
f 909 910 1028
f 910 1029 1028
f 910 911 1029
f 911 1030 1029
f 912 913 1032
f 913 1033 1032
f 913 914 1033
f 914 1034 1033
f 914 915 1034
f 915 1035 1034
f 915 916 1035
f 916 1036 1035
f 916 917 1036
f 917 1037 1036
f 917 918 1037
f 918 1038 1037
f 918 919 1038
f 919 1039 1038
f 919 920 1039
f 920 1040 1039
f 920 921 1040
f 921 1041 1040
f 921 922 1041
f 922 1042 1041
f 922 923 1042
f 923 1043 1042
f 923 924 1043
f 924 1044 1043
f 924 925 1044
f 925 1045 1044
f 925 926 1045
f 926 1046 1045
f 926 927 1046
f 927 1047 1046
f 927 928 1047
f 928 1048 1047
f 928 929 1048
f 929 1049 1048
f 929 930 1049
f 930 1050 1049
f 930 931 1050
f 931 1051 1050
f 931 932 1051
f 932 1052 1051
f 932 933 1052
f 933 1053 1052
f 933 934 1053
f 934 1054 1053
f 934 935 1054
f 935 1055 1054
f 935 936 1055
f 936 1056 1055
f 936 937 1056
f 937 1057 1056
f 937 938 1057
f 938 1058 1057
f 938 939 1058
f 939 1059 1058
f 939 940 1059
f 941 1061 1060
f 941 942 1061
f 942 1062 1061
f 942 943 1062
f 943 1063 1062
f 943 944 1063
f 944 1064 1063
f 944 945 1064
f 945 1065 1064
f 945 946 1065
f 946 1066 1065
f 946 947 1066
f 947 1067 1066
f 947 948 1067
f 948 1068 1067
f 948 949 1068
f 949 1069 1068
f 949 950 1069
f 950 1070 1069
f 950 951 1070
f 951 1071 1070
f 951 952 1071
f 952 1072 1071
f 952 953 1072
f 953 1073 1072
f 953 954 1073
f 954 1074 1073
f 954 955 1074
f 955 1075 1074
f 955 956 1075
f 956 1076 1075
f 956 957 1076
f 957 1077 1076
f 957 958 1077
f 958 1078 1077
f 958 959 1078
f 959 1079 1078
f 959 960 1079
f 960 1080 1079
f 960 961 1080
f 961 1081 1080
f 961 962 1081
f 962 1082 1081
f 962 963 1082
f 963 1083 1082
f 963 964 1083
f 964 1084 1083
f 964 965 1084
f 965 1085 1084
f 965 966 1085
f 966 1086 1085
f 966 967 1086
f 967 1087 1086
f 967 968 1087
f 968 1088 1087
f 968 969 1088
f 969 1089 1088
f 969 970 1089
f 970 1090 1089
f 970 971 1090
f 971 1091 1090
f 971 972 1091
f 972 1092 1091
f 972 973 1092
f 973 1093 1092
f 973 974 1093
f 974 1094 1093
f 974 975 1094
f 975 1095 1094
f 975 976 1095
f 976 1096 1095
f 976 977 1096
f 977 1097 1096
f 977 978 1097
f 978 1098 1097
f 978 979 1098
f 979 1099 1098
f 979 980 1099
f 980 1100 1099
f 980 981 1100
f 981 1101 1100
f 981 982 1101
f 982 1102 1101
f 982 983 1102
f 983 1103 1102
f 983 984 1103
f 984 1104 1103
f 984 985 1104
f 985 1105 1104
f 985 986 1105
f 986 1106 1105
f 986 987 1106
f 987 1107 1106
f 987 988 1107
f 988 1108 1107
f 988 989 1108
f 989 1109 1108
f 989 990 1109
f 990 1110 1109
f 990 991 1110
f 991 1111 1110
f 991 992 1111
f 992 1112 1111
f 992 993 1112
f 993 1113 1112
f 993 994 1113
f 994 1114 1113
f 994 995 1114
f 995 1115 1114
f 995 996 1115
f 996 1116 1115
f 996 997 1116
f 997 1117 1116
f 997 998 1117
f 998 1118 1117
f 998 999 1118
f 999 1119 1118
f 999 1000 1119
f 1000 1120 1119
f 1000 1001 1120
f 1001 1121 1120
f 1001 1002 1121
f 1002 1122 1121
f 1002 1003 1122
f 1003 1123 1122
f 1003 1004 1123
f 1004 1124 1123
f 1004 1005 1124
f 1005 1125 1124
f 1005 1006 1125
f 1006 1126 1125
f 1006 1007 1126
f 1007 1127 1126
f 1007 1008 1127
f 1008 1128 1127
f 1008 1009 1128
f 1009 1129 1128
f 1009 1010 1129
f 1010 1130 1129
f 1010 1011 1130
f 1011 1131 1130
f 1011 1012 1131
f 1012 1132 1131
f 1012 1013 1132
f 1013 1133 1132
f 1013 1014 1133
f 1014 1134 1133
f 1014 1015 1134
f 1015 1135 1134
f 1015 1016 1135
f 1016 1136 1135
f 1016 1017 1136
f 1017 1137 1136
f 1017 1018 1137
f 1018 1138 1137
f 1018 1019 1138
f 1019 1139 1138
f 1019 1020 1139
f 1020 1140 1139
f 1020 1021 1140
f 1021 1141 1140
f 1021 1022 1141
f 1022 1142 1141
f 1022 1023 1142
f 1023 1143 1142
f 1023 1024 1143
f 1024 1144 1143
f 1024 1025 1144
f 1025 1145 1144
f 1025 1026 1145
f 1026 1146 1145
f 1026 1027 1146
f 1027 1147 1146
f 1027 1028 1147
f 1028 1148 1147
f 1028 1029 1148
f 1029 1149 1148
f 1029 1030 1149
f 1030 1150 1149
f 1030 1031 1150
f 1032 1152 1151
f 1032 1033 1152
f 1033 1153 1152
f 1033 1034 1153
f 1034 1154 1153
f 1034 1035 1154
f 1035 1155 1154
f 1035 1036 1155
f 1036 1156 1155
f 1036 1037 1156
f 1037 1157 1156
f 1037 1038 1157
f 1038 1158 1157
f 1038 1039 1158
f 1039 1159 1158
f 1039 1040 1159
f 1040 1160 1159
f 1040 1041 1160
f 1041 1161 1160
f 1041 1042 1161
f 1042 1162 1161
f 1042 1043 1162
f 1043 1163 1162
f 1043 1044 1163
f 1044 1164 1163
f 1044 1045 1164
f 1045 1165 1164
f 1045 1046 1165
f 1046 1166 1165
f 1046 1047 1166
f 1047 1167 1166
f 1047 1048 1167
f 1048 1168 1167
f 1048 1049 1168
f 1049 1169 1168
f 1049 1050 1169
f 1050 1170 1169
f 1050 1051 1170
f 1051 1171 1170
f 1051 1052 1171
f 1052 1172 1171
f 1052 1053 1172
f 1053 1173 1172
f 1053 1054 1173
f 1054 1174 1173
f 1054 1055 1174
f 1055 1175 1174
f 1055 1056 1175
f 1056 1176 1175
f 1056 1057 1176
f 1062 1063 1177
f 1063 1178 1177
f 1063 1064 1178
f 1064 1179 1178
f 1064 1065 1179
f 1065 1180 1179
f 1065 1066 1180
f 1066 1181 1180
f 1066 1067 1181
f 1067 1182 1181
f 1067 1068 1182
f 1068 1183 1182
f 1068 1069 1183
f 1069 1184 1183
f 1069 1070 1184
f 1070 1185 1184
f 1070 1071 1185
f 1071 1186 1185
f 1071 1072 1186
f 1072 1187 1186
f 1072 1073 1187
f 1073 1188 1187
f 1073 1074 1188
f 1074 1189 1188
f 1074 1075 1189
f 1075 1190 1189
f 1075 1076 1190
f 1076 1191 1190
f 1076 1077 1191
f 1077 1192 1191
f 1077 1078 1192
f 1078 1193 1192
f 1078 1079 1193
f 1079 1194 1193
f 1079 1080 1194
f 1080 1195 1194
f 1080 1081 1195
f 1081 1196 1195
f 1081 1082 1196
f 1082 1197 1196
f 1082 1083 1197
f 1083 1198 1197
f 1083 1084 1198
f 1084 1199 1198
f 1084 1085 1199
f 1085 1200 1199
f 1085 1086 1200
f 1086 1201 1200
f 1086 1087 1201
f 1087 1202 1201
f 1087 1088 1202
f 1088 1203 1202
f 1088 1089 1203
f 1089 1204 1203
f 1089 1090 1204
f 1090 1205 1204
f 1090 1091 1205
f 1091 1206 1205
f 1091 1092 1206
f 1092 1207 1206
f 1092 1093 1207
f 1093 1208 1207
f 1093 1094 1208
f 1094 1209 1208
f 1094 1095 1209
f 1095 1210 1209
f 1095 1096 1210
f 1096 1211 1210
f 1096 1097 1211
f 1097 1212 1211
f 1097 1098 1212
f 1098 1213 1212
f 1098 1099 1213
f 1099 1214 1213
f 1099 1100 1214
f 1100 1215 1214
f 1100 1101 1215
f 1101 1216 1215
f 1101 1102 1216
f 1102 1217 1216
f 1102 1103 1217
f 1103 1218 1217
f 1103 1104 1218
f 1104 1219 1218
f 1104 1105 1219
f 1105 1220 1219
f 1105 1106 1220
f 1106 1221 1220
f 1106 1107 1221
f 1107 1222 1221
f 1107 1108 1222
f 1108 1223 1222
f 1108 1109 1223
f 1109 1224 1223
f 1109 1110 1224
f 1110 1225 1224
f 1110 1111 1225
f 1111 1226 1225
f 1111 1112 1226
f 1112 1227 1226
f 1112 1113 1227
f 1113 1228 1227
f 1113 1114 1228
f 1114 1229 1228
f 1114 1115 1229
f 1115 1230 1229
f 1115 1116 1230
f 1116 1231 1230
f 1116 1117 1231
f 1117 1232 1231
f 1117 1118 1232
f 1118 1233 1232
f 1118 1119 1233
f 1119 1234 1233
f 1119 1120 1234
f 1120 1235 1234
f 1120 1121 1235
f 1121 1236 1235
f 1121 1122 1236
f 1122 1237 1236
f 1122 1123 1237
f 1123 1238 1237
f 1123 1124 1238
f 1124 1239 1238
f 1124 1125 1239
f 1125 1240 1239
f 1125 1126 1240
f 1126 1241 1240
f 1126 1127 1241
f 1127 1242 1241
f 1127 1128 1242
f 1128 1243 1242
f 1128 1129 1243
f 1129 1244 1243
f 1129 1130 1244
f 1130 1245 1244
f 1130 1131 1245
f 1131 1246 1245
f 1131 1132 1246
f 1132 1247 1246
f 1132 1133 1247
f 1133 1248 1247
f 1133 1134 1248
f 1134 1249 1248
f 1134 1135 1249
f 1135 1250 1249
f 1135 1136 1250
f 1136 1251 1250
f 1136 1137 1251
f 1137 1252 1251
f 1137 1138 1252
f 1138 1253 1252
f 1138 1139 1253
f 1139 1254 1253
f 1139 1140 1254
f 1140 1255 1254
f 1140 1141 1255
f 1141 1256 1255
f 1141 1142 1256
f 1142 1257 1256
f 1142 1143 1257
f 1143 1258 1257
f 1143 1144 1258
f 1144 1259 1258
f 1144 1145 1259
f 1145 1260 1259
f 1145 1146 1260
f 1146 1261 1260
f 1146 1147 1261
f 1147 1262 1261
f 1147 1148 1262
f 1148 1263 1262
f 1148 1149 1263
f 1149 1264 1263
f 1149 1150 1264
f 1150 1265 1264
f 1151 1268 1267
f 1151 1152 1268
f 1152 1269 1268
f 1152 1153 1269
f 1153 1270 1269
f 1153 1154 1270
f 1154 1271 1270
f 1154 1155 1271
f 1155 1272 1271
f 1155 1156 1272
f 1156 1273 1272
f 1156 1157 1273
f 1157 1274 1273
f 1157 1158 1274
f 1158 1275 1274
f 1158 1159 1275
f 1159 1276 1275
f 1159 1160 1276
f 1160 1277 1276
f 1160 1161 1277
f 1161 1278 1277
f 1161 1162 1278
f 1162 1279 1278
f 1162 1163 1279
f 1163 1280 1279
f 1163 1164 1280
f 1164 1281 1280
f 1164 1165 1281
f 1165 1282 1281
f 1165 1166 1282
f 1166 1283 1282
f 1166 1167 1283
f 1167 1284 1283
f 1167 1168 1284
f 1168 1285 1284
f 1168 1169 1285
f 1169 1286 1285
f 1169 1170 1286
f 1170 1287 1286
f 1170 1171 1287
f 1171 1288 1287
f 1171 1172 1288
f 1172 1289 1288
f 1172 1173 1289
f 1173 1290 1289
f 1173 1174 1290
f 1174 1291 1290
f 1174 1175 1291
f 1175 1292 1291
f 1175 1176 1292
f 1176 1293 1292
f 1179 1180 1294
f 1180 1295 1294
f 1180 1181 1295
f 1181 1296 1295
f 1181 1182 1296
f 1182 1297 1296
f 1182 1183 1297
f 1183 1298 1297
f 1183 1184 1298
f 1184 1299 1298
f 1184 1185 1299
f 1185 1300 1299
f 1185 1186 1300
f 1186 1301 1300
f 1186 1187 1301
f 1187 1302 1301
f 1187 1188 1302
f 1188 1303 1302
f 1188 1189 1303
f 1189 1304 1303
f 1189 1190 1304
f 1190 1305 1304
f 1190 1191 1305
f 1191 1306 1305
f 1191 1192 1306
f 1192 1307 1306
f 1192 1193 1307
f 1193 1308 1307
f 1193 1194 1308
f 1194 1309 1308
f 1194 1195 1309
f 1195 1310 1309
f 1195 1196 1310
f 1196 1311 1310
f 1196 1197 1311
f 1197 1312 1311
f 1197 1198 1312
f 1198 1313 1312
f 1198 1199 1313
f 1199 1314 1313
f 1199 1200 1314
f 1200 1315 1314
f 1200 1201 1315
f 1201 1316 1315
f 1201 1202 1316
f 1202 1317 1316
f 1202 1203 1317
f 1203 1318 1317
f 1203 1204 1318
f 1204 1319 1318
f 1204 1205 1319
f 1205 1320 1319
f 1205 1206 1320
f 1206 1321 1320
f 1206 1207 1321
f 1207 1322 1321
f 1207 1208 1322
f 1208 1323 1322
f 1208 1209 1323
f 1209 1324 1323
f 1209 1210 1324
f 1210 1325 1324
f 1210 1211 1325
f 1211 1326 1325
f 1211 1212 1326
f 1212 1327 1326
f 1212 1213 1327
f 1213 1328 1327
f 1213 1214 1328
f 1214 1329 1328
f 1214 1215 1329
f 1215 1330 1329
f 1215 1216 1330
f 1216 1331 1330
f 1216 1217 1331
f 1217 1332 1331
f 1217 1218 1332
f 1218 1333 1332
f 1218 1219 1333
f 1219 1334 1333
f 1219 1220 1334
f 1220 1335 1334
f 1220 1221 1335
f 1221 1336 1335
f 1221 1222 1336
f 1222 1337 1336
f 1222 1223 1337
f 1223 1338 1337
f 1223 1224 1338
f 1224 1339 1338
f 1224 1225 1339
f 1225 1340 1339
f 1225 1226 1340
f 1226 1341 1340
f 1226 1227 1341
f 1227 1342 1341
f 1227 1228 1342
f 1228 1343 1342
f 1228 1229 1343
f 1229 1344 1343
f 1229 1230 1344
f 1230 1345 1344
f 1230 1231 1345
f 1231 1346 1345
f 1231 1232 1346
f 1232 1347 1346
f 1232 1233 1347
f 1233 1348 1347
f 1233 1234 1348
f 1234 1349 1348
f 1234 1235 1349
f 1235 1350 1349
f 1235 1236 1350
f 1236 1351 1350
f 1236 1237 1351
f 1237 1352 1351
f 1237 1238 1352
f 1238 1353 1352
f 1238 1239 1353
f 1239 1354 1353
f 1239 1240 1354
f 1240 1355 1354
f 1240 1241 1355
f 1241 1356 1355
f 1241 1242 1356
f 1242 1357 1356
f 1242 1243 1357
f 1243 1358 1357
f 1243 1244 1358
f 1244 1359 1358
f 1244 1245 1359
f 1245 1360 1359
f 1245 1246 1360
f 1246 1361 1360
f 1246 1247 1361
f 1247 1362 1361
f 1247 1248 1362
f 1248 1363 1362
f 1248 1249 1363
f 1249 1364 1363
f 1249 1250 1364
f 1250 1365 1364
f 1250 1251 1365
f 1251 1366 1365
f 1251 1252 1366
f 1252 1367 1366
f 1252 1253 1367
f 1253 1368 1367
f 1253 1254 1368
f 1254 1369 1368
f 1254 1255 1369
f 1255 1370 1369
f 1255 1256 1370
f 1256 1371 1370
f 1256 1257 1371
f 1257 1372 1371
f 1257 1258 1372
f 1258 1373 1372
f 1258 1259 1373
f 1259 1374 1373
f 1259 1260 1374
f 1260 1375 1374
f 1260 1261 1375
f 1261 1376 1375
f 1261 1262 1376
f 1262 1377 1376
f 1262 1263 1377
f 1263 1378 1377
f 1263 1264 1378
f 1264 1379 1378
f 1264 1265 1379
f 1266 1382 1381
f 1266 1267 1382
f 1267 1383 1382
f 1267 1268 1383
f 1268 1384 1383
f 1268 1269 1384
f 1269 1385 1384
f 1269 1270 1385
f 1270 1386 1385
f 1270 1271 1386
f 1271 1387 1386
f 1271 1272 1387
f 1272 1388 1387
f 1272 1273 1388
f 1273 1389 1388
f 1273 1274 1389
f 1274 1390 1389
f 1274 1275 1390
f 1275 1391 1390
f 1275 1276 1391
f 1276 1392 1391
f 1276 1277 1392
f 1277 1393 1392
f 1277 1278 1393
f 1278 1394 1393
f 1278 1279 1394
f 1279 1395 1394
f 1279 1280 1395
f 1280 1396 1395
f 1280 1281 1396
f 1281 1397 1396
f 1281 1282 1397
f 1282 1398 1397
f 1282 1283 1398
f 1283 1399 1398
f 1283 1284 1399
f 1284 1400 1399
f 1284 1285 1400
f 1285 1401 1400
f 1285 1286 1401
f 1286 1402 1401
f 1286 1287 1402
f 1287 1403 1402
f 1287 1288 1403
f 1288 1404 1403
f 1288 1289 1404
f 1289 1405 1404
f 1289 1290 1405
f 1290 1406 1405
f 1290 1291 1406
f 1291 1407 1406
f 1291 1292 1407
f 1300 1301 1408
f 1301 1409 1408
f 1301 1302 1409
f 1302 1410 1409
f 1302 1303 1410
f 1303 1411 1410
f 1303 1304 1411
f 1304 1412 1411
f 1304 1305 1412
f 1305 1413 1412
f 1305 1306 1413
f 1306 1414 1413
f 1306 1307 1414
f 1307 1415 1414
f 1307 1308 1415
f 1308 1416 1415
f 1308 1309 1416
f 1309 1417 1416
f 1309 1310 1417
f 1310 1418 1417
f 1310 1311 1418
f 1311 1419 1418
f 1311 1312 1419
f 1312 1420 1419
f 1312 1313 1420
f 1313 1421 1420
f 1313 1314 1421
f 1314 1422 1421
f 1314 1315 1422
f 1315 1423 1422
f 1315 1316 1423
f 1316 1424 1423
f 1316 1317 1424
f 1317 1425 1424
f 1317 1318 1425
f 1318 1426 1425
f 1318 1319 1426
f 1319 1427 1426
f 1319 1320 1427
f 1320 1428 1427
f 1320 1321 1428
f 1321 1429 1428
f 1321 1322 1429
f 1322 1430 1429
f 1322 1323 1430
f 1323 1431 1430
f 1323 1324 1431
f 1324 1432 1431
f 1324 1325 1432
f 1325 1433 1432
f 1325 1326 1433
f 1326 1434 1433
f 1326 1327 1434
f 1327 1435 1434
f 1327 1328 1435
f 1328 1436 1435
f 1328 1329 1436
f 1329 1437 1436
f 1329 1330 1437
f 1330 1438 1437
f 1330 1331 1438
f 1331 1439 1438
f 1331 1332 1439
f 1332 1440 1439
f 1332 1333 1440
f 1333 1441 1440
f 1333 1334 1441
f 1334 1442 1441
f 1334 1335 1442
f 1335 1443 1442
f 1335 1336 1443
f 1336 1444 1443
f 1336 1337 1444
f 1337 1445 1444
f 1337 1338 1445
f 1338 1446 1445
f 1338 1339 1446
f 1339 1447 1446
f 1339 1340 1447
f 1340 1448 1447
f 1340 1341 1448
f 1341 1449 1448
f 1341 1342 1449
f 1342 1450 1449
f 1342 1343 1450
f 1343 1451 1450
f 1343 1344 1451
f 1344 1452 1451
f 1344 1345 1452
f 1345 1453 1452
f 1345 1346 1453
f 1346 1454 1453
f 1346 1347 1454
f 1347 1455 1454
f 1347 1348 1455
f 1348 1456 1455
f 1348 1349 1456
f 1349 1457 1456
f 1349 1350 1457
f 1350 1458 1457
f 1350 1351 1458
f 1351 1459 1458
f 1351 1352 1459
f 1352 1460 1459
f 1352 1353 1460
f 1353 1461 1460
f 1353 1354 1461
f 1354 1462 1461
f 1354 1355 1462
f 1355 1463 1462
f 1355 1356 1463
f 1356 1464 1463
f 1356 1357 1464
f 1357 1465 1464
f 1357 1358 1465
f 1358 1466 1465
f 1358 1359 1466
f 1359 1467 1466
f 1359 1360 1467
f 1360 1468 1467
f 1360 1361 1468
f 1361 1469 1468
f 1361 1362 1469
f 1362 1470 1469
f 1362 1363 1470
f 1363 1471 1470
f 1363 1364 1471
f 1364 1472 1471
f 1364 1365 1472
f 1365 1473 1472
f 1365 1366 1473
f 1366 1474 1473
f 1366 1367 1474
f 1367 1475 1474
f 1367 1368 1475
f 1368 1476 1475
f 1368 1369 1476
f 1369 1477 1476
f 1369 1370 1477
f 1370 1478 1477
f 1370 1371 1478
f 1371 1479 1478
f 1371 1372 1479
f 1372 1480 1479
f 1372 1373 1480
f 1373 1481 1480
f 1373 1374 1481
f 1374 1482 1481
f 1374 1375 1482
f 1375 1483 1482
f 1375 1376 1483
f 1376 1484 1483
f 1376 1377 1484
f 1377 1485 1484
f 1377 1378 1485
f 1378 1486 1485
f 1378 1379 1486
f 1379 1487 1486
f 1380 1498 1497
f 1381 1501 1500
f 1381 1382 1501
f 1382 1502 1501
f 1382 1383 1502
f 1383 1503 1502
f 1383 1384 1503
f 1384 1504 1503
f 1384 1385 1504
f 1385 1505 1504
f 1385 1386 1505
f 1386 1506 1505
f 1386 1387 1506
f 1387 1507 1506
f 1387 1388 1507
f 1388 1508 1507
f 1388 1389 1508
f 1389 1509 1508
f 1389 1390 1509
f 1390 1510 1509
f 1390 1391 1510
f 1391 1511 1510
f 1391 1392 1511
f 1392 1512 1511
f 1392 1393 1512
f 1393 1513 1512
f 1393 1394 1513
f 1394 1514 1513
f 1394 1395 1514
f 1395 1515 1514
f 1395 1396 1515
f 1396 1516 1515
f 1396 1397 1516
f 1397 1517 1516
f 1397 1398 1517
f 1398 1518 1517
f 1398 1399 1518
f 1399 1519 1518
f 1399 1400 1519
f 1400 1520 1519
f 1400 1401 1520
f 1401 1521 1520
f 1401 1402 1521
f 1402 1522 1521
f 1402 1403 1522
f 1403 1523 1522
f 1403 1404 1523
f 1404 1524 1523
f 1404 1405 1524
f 1405 1525 1524
f 1405 1406 1525
f 1406 1526 1525
f 1406 1407 1526
f 1413 1414 1527
f 1414 1528 1527
f 1414 1415 1528
f 1415 1529 1528
f 1415 1416 1529
f 1416 1530 1529
f 1416 1417 1530
f 1417 1531 1530
f 1417 1418 1531
f 1418 1532 1531
f 1418 1419 1532
f 1419 1533 1532
f 1419 1420 1533
f 1420 1534 1533
f 1420 1421 1534
f 1421 1535 1534
f 1421 1422 1535
f 1422 1536 1535
f 1422 1423 1536
f 1423 1537 1536
f 1423 1424 1537
f 1424 1538 1537
f 1424 1425 1538
f 1425 1539 1538
f 1425 1426 1539
f 1426 1540 1539
f 1426 1427 1540
f 1427 1541 1540
f 1427 1428 1541
f 1428 1542 1541
f 1428 1429 1542
f 1429 1543 1542
f 1429 1430 1543
f 1430 1544 1543
f 1430 1431 1544
f 1431 1545 1544
f 1431 1432 1545
f 1432 1546 1545
f 1432 1433 1546
f 1433 1547 1546
f 1433 1434 1547
f 1434 1548 1547
f 1434 1435 1548
f 1435 1549 1548
f 1435 1436 1549
f 1436 1550 1549
f 1436 1437 1550
f 1437 1551 1550
f 1437 1438 1551
f 1438 1552 1551
f 1438 1439 1552
f 1439 1553 1552
f 1439 1440 1553
f 1440 1554 1553
f 1440 1441 1554
f 1441 1555 1554
f 1441 1442 1555
f 1442 1556 1555
f 1442 1443 1556
f 1443 1557 1556
f 1443 1444 1557
f 1444 1558 1557
f 1444 1445 1558
f 1445 1559 1558
f 1445 1446 1559
f 1446 1560 1559
f 1446 1447 1560
f 1447 1561 1560
f 1447 1448 1561
f 1448 1562 1561
f 1448 1449 1562
f 1449 1563 1562
f 1449 1450 1563
f 1450 1564 1563
f 1450 1451 1564
f 1451 1565 1564
f 1451 1452 1565
f 1452 1566 1565
f 1452 1453 1566
f 1453 1567 1566
f 1453 1454 1567
f 1454 1568 1567
f 1454 1455 1568
f 1455 1569 1568
f 1455 1456 1569
f 1456 1570 1569
f 1456 1457 1570
f 1457 1571 1570
f 1457 1458 1571
f 1458 1572 1571
f 1458 1459 1572
f 1459 1573 1572
f 1459 1460 1573
f 1460 1574 1573
f 1460 1461 1574
f 1461 1575 1574
f 1461 1462 1575
f 1462 1576 1575
f 1462 1463 1576
f 1463 1577 1576
f 1463 1464 1577
f 1464 1578 1577
f 1464 1465 1578
f 1465 1579 1578
f 1465 1466 1579
f 1466 1580 1579
f 1466 1467 1580
f 1467 1581 1580
f 1467 1468 1581
f 1468 1582 1581
f 1468 1469 1582
f 1469 1583 1582
f 1469 1470 1583
f 1470 1584 1583
f 1470 1471 1584
f 1471 1585 1584
f 1471 1472 1585
f 1472 1586 1585
f 1472 1473 1586
f 1473 1587 1586
f 1473 1474 1587
f 1474 1588 1587
f 1474 1475 1588
f 1475 1589 1588
f 1475 1476 1589
f 1476 1590 1589
f 1476 1477 1590
f 1477 1591 1590
f 1477 1478 1591
f 1478 1592 1591
f 1478 1479 1592
f 1479 1593 1592
f 1479 1480 1593
f 1480 1594 1593
f 1480 1481 1594
f 1481 1595 1594
f 1481 1482 1595
f 1482 1596 1595
f 1482 1483 1596
f 1483 1597 1596
f 1483 1484 1597
f 1484 1598 1597
f 1484 1485 1598
f 1485 1599 1598
f 1485 1486 1599
f 1488 1601 1600
f 1488 1489 1601
f 1489 1602 1601
f 1489 1490 1602
f 1490 1603 1602
f 1490 1491 1603
f 1491 1604 1603
f 1491 1492 1604
f 1492 1605 1604
f 1492 1493 1605
f 1493 1606 1605
f 1493 1494 1606
f 1494 1607 1606
f 1494 1495 1607
f 1495 1608 1607
f 1495 1496 1608
f 1496 1609 1608
f 1497 1614 1613
f 1497 1498 1614
f 1498 1615 1614
f 1498 1499 1615
f 1499 1616 1615
f 1499 1500 1616
f 1500 1617 1616
f 1500 1501 1617
f 1501 1618 1617
f 1501 1502 1618
f 1502 1619 1618
f 1502 1503 1619
f 1503 1620 1619
f 1503 1504 1620
f 1504 1621 1620
f 1504 1505 1621
f 1505 1622 1621
f 1505 1506 1622
f 1506 1623 1622
f 1506 1507 1623
f 1507 1624 1623
f 1507 1508 1624
f 1508 1625 1624
f 1508 1509 1625
f 1509 1626 1625
f 1509 1510 1626
f 1510 1627 1626
f 1510 1511 1627
f 1511 1628 1627
f 1511 1512 1628
f 1512 1629 1628
f 1512 1513 1629
f 1513 1630 1629
f 1513 1514 1630
f 1514 1631 1630
f 1514 1515 1631
f 1515 1632 1631
f 1515 1516 1632
f 1516 1633 1632
f 1516 1517 1633
f 1517 1634 1633
f 1517 1518 1634
f 1518 1635 1634
f 1518 1519 1635
f 1519 1636 1635
f 1519 1520 1636
f 1520 1637 1636
f 1520 1521 1637
f 1521 1638 1637
f 1521 1522 1638
f 1522 1639 1638
f 1522 1523 1639
f 1523 1640 1639
f 1523 1524 1640
f 1524 1641 1640
f 1524 1525 1641
f 1525 1642 1641
f 1525 1526 1642
f 1528 1529 1643
f 1529 1644 1643
f 1529 1530 1644
f 1530 1645 1644
f 1530 1531 1645
f 1531 1646 1645
f 1531 1532 1646
f 1532 1647 1646
f 1532 1533 1647
f 1533 1648 1647
f 1533 1534 1648
f 1534 1649 1648
f 1534 1535 1649
f 1535 1650 1649
f 1535 1536 1650
f 1536 1651 1650
f 1536 1537 1651
f 1537 1652 1651
f 1537 1538 1652
f 1538 1653 1652
f 1538 1539 1653
f 1539 1654 1653
f 1539 1540 1654
f 1540 1655 1654
f 1540 1541 1655
f 1541 1656 1655
f 1541 1542 1656
f 1542 1657 1656
f 1542 1543 1657
f 1543 1658 1657
f 1543 1544 1658
f 1544 1659 1658
f 1544 1545 1659
f 1545 1660 1659
f 1545 1546 1660
f 1546 1661 1660
f 1546 1547 1661
f 1547 1662 1661
f 1547 1548 1662
f 1548 1663 1662
f 1548 1549 1663
f 1549 1664 1663
f 1549 1550 1664
f 1550 1665 1664
f 1550 1551 1665
f 1551 1666 1665
f 1551 1552 1666
f 1552 1667 1666
f 1552 1553 1667
f 1553 1668 1667
f 1553 1554 1668
f 1554 1669 1668
f 1554 1555 1669
f 1555 1670 1669
f 1555 1556 1670
f 1556 1671 1670
f 1556 1557 1671
f 1557 1672 1671
f 1557 1558 1672
f 1558 1673 1672
f 1558 1559 1673
f 1559 1674 1673
f 1559 1560 1674
f 1560 1675 1674
f 1560 1561 1675
f 1561 1676 1675
f 1561 1562 1676
f 1562 1677 1676
f 1562 1563 1677
f 1563 1678 1677
f 1563 1564 1678
f 1564 1679 1678
f 1564 1565 1679
f 1565 1680 1679
f 1565 1566 1680
f 1566 1681 1680
f 1566 1567 1681
f 1567 1682 1681
f 1567 1568 1682
f 1568 1683 1682
f 1568 1569 1683
f 1569 1684 1683
f 1569 1570 1684
f 1570 1685 1684
f 1570 1571 1685
f 1571 1686 1685
f 1571 1572 1686
f 1572 1687 1686
f 1572 1573 1687
f 1573 1688 1687
f 1573 1574 1688
f 1574 1689 1688
f 1574 1575 1689
f 1575 1690 1689
f 1575 1576 1690
f 1576 1691 1690
f 1576 1577 1691
f 1577 1692 1691
f 1577 1578 1692
f 1578 1693 1692
f 1578 1579 1693
f 1579 1694 1693
f 1579 1580 1694
f 1580 1695 1694
f 1580 1581 1695
f 1581 1696 1695
f 1581 1582 1696
f 1582 1697 1696
f 1582 1583 1697
f 1583 1698 1697
f 1583 1584 1698
f 1584 1699 1698
f 1584 1585 1699
f 1585 1700 1699
f 1585 1586 1700
f 1586 1701 1700
f 1586 1587 1701
f 1587 1702 1701
f 1587 1588 1702
f 1588 1703 1702
f 1588 1589 1703
f 1589 1704 1703
f 1589 1590 1704
f 1590 1705 1704
f 1590 1591 1705
f 1591 1706 1705
f 1591 1592 1706
f 1592 1707 1706
f 1592 1593 1707
f 1593 1708 1707
f 1593 1594 1708
f 1594 1709 1708
f 1594 1595 1709
f 1595 1710 1709
f 1595 1596 1710
f 1596 1711 1710
f 1596 1597 1711
f 1597 1712 1711
f 1597 1598 1712
f 1598 1713 1712
f 1598 1599 1713
f 1599 1714 1713
f 1607 1608 1715
f 1613 1614 1716
f 1614 1717 1716
f 1614 1615 1717
f 1615 1718 1717
f 1615 1616 1718
f 1616 1719 1718
f 1616 1617 1719
f 1617 1720 1719
f 1617 1618 1720
f 1618 1721 1720
f 1618 1619 1721
f 1619 1722 1721
f 1619 1620 1722
f 1620 1723 1722
f 1620 1621 1723
f 1621 1724 1723
f 1621 1622 1724
f 1622 1725 1724
f 1622 1623 1725
f 1623 1726 1725
f 1623 1624 1726
f 1624 1727 1726
f 1624 1625 1727
f 1625 1728 1727
f 1625 1626 1728
f 1626 1729 1728
f 1626 1627 1729
f 1627 1730 1729
f 1627 1628 1730
f 1628 1731 1730
f 1628 1629 1731
f 1629 1732 1731
f 1629 1630 1732
f 1630 1733 1732
f 1630 1631 1733
f 1631 1734 1733
f 1631 1632 1734
f 1632 1735 1734
f 1632 1633 1735
f 1633 1736 1735
f 1633 1634 1736
f 1634 1737 1736
f 1634 1635 1737
f 1635 1738 1737
f 1635 1636 1738
f 1636 1739 1738
f 1636 1637 1739
f 1637 1740 1739
f 1637 1638 1740
f 1638 1741 1740
f 1638 1639 1741
f 1639 1742 1741
f 1639 1640 1742
f 1640 1743 1742
f 1640 1641 1743
f 1641 1744 1743
f 1641 1642 1744
f 1643 1748 1747
f 1643 1644 1748
f 1644 1749 1748
f 1644 1645 1749
f 1645 1750 1749
f 1645 1646 1750
f 1646 1751 1750
f 1646 1647 1751
f 1647 1752 1751
f 1647 1648 1752
f 1648 1753 1752
f 1648 1649 1753
f 1649 1754 1753
f 1649 1650 1754
f 1650 1755 1754
f 1650 1651 1755
f 1651 1756 1755
f 1651 1652 1756
f 1652 1757 1756
f 1652 1653 1757
f 1653 1758 1757
f 1653 1654 1758
f 1654 1759 1758
f 1654 1655 1759
f 1655 1760 1759
f 1655 1656 1760
f 1656 1761 1760
f 1656 1657 1761
f 1657 1762 1761
f 1657 1658 1762
f 1658 1763 1762
f 1658 1659 1763
f 1659 1764 1763
f 1659 1660 1764
f 1660 1765 1764
f 1660 1661 1765
f 1661 1766 1765
f 1661 1662 1766
f 1662 1767 1766
f 1662 1663 1767
f 1663 1768 1767
f 1663 1664 1768
f 1664 1769 1768
f 1664 1665 1769
f 1665 1770 1769
f 1665 1666 1770
f 1666 1771 1770
f 1666 1667 1771
f 1667 1772 1771
f 1667 1668 1772
f 1668 1773 1772
f 1668 1669 1773
f 1669 1774 1773
f 1669 1670 1774
f 1670 1775 1774
f 1670 1671 1775
f 1671 1776 1775
f 1671 1672 1776
f 1672 1777 1776
f 1672 1673 1777
f 1673 1778 1777
f 1673 1674 1778
f 1674 1779 1778
f 1674 1675 1779
f 1675 1780 1779
f 1675 1676 1780
f 1676 1781 1780
f 1676 1677 1781
f 1677 1782 1781
f 1677 1678 1782
f 1678 1783 1782
f 1678 1679 1783
f 1679 1784 1783
f 1679 1680 1784
f 1680 1785 1784
f 1680 1681 1785
f 1681 1786 1785
f 1681 1682 1786
f 1682 1787 1786
f 1682 1683 1787
f 1683 1788 1787
f 1683 1684 1788
f 1684 1789 1788
f 1684 1685 1789
f 1685 1790 1789
f 1685 1686 1790
f 1686 1791 1790
f 1686 1687 1791
f 1687 1792 1791
f 1687 1688 1792
f 1688 1793 1792
f 1688 1689 1793
f 1689 1794 1793
f 1689 1690 1794
f 1690 1795 1794
f 1690 1691 1795
f 1691 1796 1795
f 1691 1692 1796
f 1692 1797 1796
f 1692 1693 1797
f 1693 1798 1797
f 1693 1694 1798
f 1694 1799 1798
f 1694 1695 1799
f 1695 1800 1799
f 1695 1696 1800
f 1696 1801 1800
f 1696 1697 1801
f 1697 1802 1801
f 1697 1698 1802
f 1698 1803 1802
f 1698 1699 1803
f 1699 1804 1803
f 1699 1700 1804
f 1700 1805 1804
f 1700 1701 1805
f 1701 1806 1805
f 1701 1702 1806
f 1702 1807 1806
f 1702 1703 1807
f 1703 1808 1807
f 1703 1704 1808
f 1704 1809 1808
f 1704 1705 1809
f 1705 1810 1809
f 1705 1706 1810
f 1706 1811 1810
f 1706 1707 1811
f 1707 1812 1811
f 1707 1708 1812
f 1708 1813 1812
f 1708 1709 1813
f 1709 1814 1813
f 1709 1710 1814
f 1710 1815 1814
f 1710 1711 1815
f 1711 1816 1815
f 1711 1712 1816
f 1712 1817 1816
f 1712 1713 1817
f 1713 1818 1817
f 1713 1714 1818
f 1714 1819 1818
f 1716 1822 1821
f 1716 1717 1822
f 1717 1823 1822
f 1717 1718 1823
f 1718 1824 1823
f 1718 1719 1824
f 1719 1825 1824
f 1719 1720 1825
f 1720 1826 1825
f 1720 1721 1826
f 1721 1827 1826
f 1721 1722 1827
f 1722 1828 1827
f 1722 1723 1828
f 1723 1829 1828
f 1723 1724 1829
f 1724 1830 1829
f 1724 1725 1830
f 1725 1831 1830
f 1725 1726 1831
f 1726 1832 1831
f 1726 1727 1832
f 1727 1833 1832
f 1727 1728 1833
f 1728 1834 1833
f 1728 1729 1834
f 1729 1835 1834
f 1729 1730 1835
f 1730 1836 1835
f 1730 1731 1836
f 1731 1837 1836
f 1731 1732 1837
f 1732 1838 1837
f 1732 1733 1838
f 1733 1839 1838
f 1733 1734 1839
f 1734 1840 1839
f 1734 1735 1840
f 1735 1841 1840
f 1735 1736 1841
f 1736 1842 1841
f 1736 1737 1842
f 1737 1843 1842
f 1737 1738 1843
f 1738 1844 1843
f 1738 1739 1844
f 1739 1845 1844
f 1739 1740 1845
f 1740 1846 1845
f 1740 1741 1846
f 1741 1847 1846
f 1741 1742 1847
f 1742 1848 1847
f 1742 1743 1848
f 1745 1852 1851
f 1745 1746 1852
f 1746 1853 1852
f 1746 1747 1853
f 1747 1854 1853
f 1747 1748 1854
f 1748 1855 1854
f 1748 1749 1855
f 1749 1856 1855
f 1749 1750 1856
f 1750 1857 1856
f 1750 1751 1857
f 1751 1858 1857
f 1751 1752 1858
f 1752 1859 1858
f 1752 1753 1859
f 1753 1860 1859
f 1753 1754 1860
f 1754 1861 1860
f 1754 1755 1861
f 1755 1862 1861
f 1755 1756 1862
f 1756 1863 1862
f 1756 1757 1863
f 1757 1864 1863
f 1757 1758 1864
f 1758 1865 1864
f 1758 1759 1865
f 1759 1866 1865
f 1759 1760 1866
f 1760 1867 1866
f 1760 1761 1867
f 1761 1868 1867
f 1761 1762 1868
f 1762 1869 1868
f 1762 1763 1869
f 1763 1870 1869
f 1763 1764 1870
f 1764 1871 1870
f 1764 1765 1871
f 1765 1872 1871
f 1765 1766 1872
f 1766 1873 1872
f 1766 1767 1873
f 1767 1874 1873
f 1767 1768 1874
f 1768 1875 1874
f 1768 1769 1875
f 1769 1876 1875
f 1769 1770 1876
f 1770 1877 1876
f 1770 1771 1877
f 1771 1878 1877
f 1771 1772 1878
f 1772 1879 1878
f 1772 1773 1879
f 1773 1880 1879
f 1773 1774 1880
f 1774 1881 1880
f 1774 1775 1881
f 1775 1882 1881
f 1775 1776 1882
f 1776 1883 1882
f 1776 1777 1883
f 1777 1884 1883
f 1777 1778 1884
f 1778 1885 1884
f 1778 1779 1885
f 1779 1886 1885
f 1779 1780 1886
f 1780 1887 1886
f 1780 1781 1887
f 1781 1888 1887
f 1781 1782 1888
f 1782 1889 1888
f 1782 1783 1889
f 1783 1890 1889
f 1783 1784 1890
f 1784 1891 1890
f 1784 1785 1891
f 1785 1892 1891
f 1785 1786 1892
f 1786 1893 1892
f 1786 1787 1893
f 1787 1894 1893
f 1787 1788 1894
f 1788 1895 1894
f 1788 1789 1895
f 1789 1896 1895
f 1789 1790 1896
f 1790 1897 1896
f 1790 1791 1897
f 1791 1898 1897
f 1791 1792 1898
f 1792 1899 1898
f 1792 1793 1899
f 1793 1900 1899
f 1793 1794 1900
f 1794 1901 1900
f 1794 1795 1901
f 1795 1902 1901
f 1795 1796 1902
f 1796 1903 1902
f 1796 1797 1903
f 1797 1904 1903
f 1797 1798 1904
f 1798 1905 1904
f 1798 1799 1905
f 1799 1906 1905
f 1799 1800 1906
f 1800 1907 1906
f 1800 1801 1907
f 1801 1908 1907
f 1801 1802 1908
f 1802 1909 1908
f 1802 1803 1909
f 1803 1910 1909
f 1803 1804 1910
f 1804 1911 1910
f 1804 1805 1911
f 1805 1912 1911
f 1805 1806 1912
f 1806 1913 1912
f 1806 1807 1913
f 1807 1914 1913
f 1807 1808 1914
f 1808 1915 1914
f 1808 1809 1915
f 1809 1916 1915
f 1809 1810 1916
f 1810 1917 1916
f 1810 1811 1917
f 1811 1918 1917
f 1811 1812 1918
f 1812 1919 1918
f 1812 1813 1919
f 1813 1920 1919
f 1813 1814 1920
f 1814 1921 1920
f 1814 1815 1921
f 1815 1922 1921
f 1815 1816 1922
f 1816 1923 1922
f 1816 1817 1923
f 1817 1924 1923
f 1817 1818 1924
f 1821 1822 1932
f 1822 1933 1932
f 1822 1823 1933
f 1823 1934 1933
f 1823 1824 1934
f 1824 1935 1934
f 1824 1825 1935
f 1825 1936 1935
f 1825 1826 1936
f 1826 1937 1936
f 1826 1827 1937
f 1827 1938 1937
f 1827 1828 1938
f 1828 1939 1938
f 1828 1829 1939
f 1829 1940 1939
f 1829 1830 1940
f 1830 1941 1940
f 1830 1831 1941
f 1831 1942 1941
f 1831 1832 1942
f 1832 1943 1942
f 1832 1833 1943
f 1833 1944 1943
f 1833 1834 1944
f 1834 1945 1944
f 1834 1835 1945
f 1835 1946 1945
f 1835 1836 1946
f 1836 1947 1946
f 1836 1837 1947
f 1837 1948 1947
f 1837 1838 1948
f 1838 1949 1948
f 1838 1839 1949
f 1839 1950 1949
f 1839 1840 1950
f 1840 1951 1950
f 1840 1841 1951
f 1841 1952 1951
f 1841 1842 1952
f 1842 1953 1952
f 1842 1843 1953
f 1843 1954 1953
f 1843 1844 1954
f 1844 1955 1954
f 1844 1845 1955
f 1845 1956 1955
f 1845 1846 1956
f 1846 1957 1956
f 1846 1847 1957
f 1849 1963 1962
f 1849 1850 1963
f 1850 1964 1963
f 1850 1851 1964
f 1851 1965 1964
f 1851 1852 1965
f 1852 1966 1965
f 1852 1853 1966
f 1853 1967 1966
f 1853 1854 1967
f 1854 1968 1967
f 1854 1855 1968
f 1855 1969 1968
f 1855 1856 1969
f 1856 1970 1969
f 1856 1857 1970
f 1857 1971 1970
f 1857 1858 1971
f 1858 1972 1971
f 1858 1859 1972
f 1859 1973 1972
f 1859 1860 1973
f 1860 1974 1973
f 1860 1861 1974
f 1861 1975 1974
f 1861 1862 1975
f 1862 1976 1975
f 1862 1863 1976
f 1863 1977 1976
f 1863 1864 1977
f 1864 1978 1977
f 1864 1865 1978
f 1865 1979 1978
f 1865 1866 1979
f 1866 1980 1979
f 1866 1867 1980
f 1867 1981 1980
f 1867 1868 1981
f 1868 1982 1981
f 1868 1869 1982
f 1869 1983 1982
f 1869 1870 1983
f 1870 1984 1983
f 1870 1871 1984
f 1871 1985 1984
f 1871 1872 1985
f 1872 1986 1985
f 1872 1873 1986
f 1873 1987 1986
f 1873 1874 1987
f 1874 1988 1987
f 1874 1875 1988
f 1875 1989 1988
f 1875 1876 1989
f 1876 1990 1989
f 1876 1877 1990
f 1877 1991 1990
f 1877 1878 1991
f 1878 1992 1991
f 1878 1879 1992
f 1879 1993 1992
f 1879 1880 1993
f 1880 1994 1993
f 1880 1881 1994
f 1881 1995 1994
f 1881 1882 1995
f 1882 1996 1995
f 1882 1883 1996
f 1883 1997 1996
f 1883 1884 1997
f 1884 1998 1997
f 1884 1885 1998
f 1885 1999 1998
f 1885 1886 1999
f 1886 2000 1999
f 1886 1887 2000
f 1887 2001 2000
f 1887 1888 2001
f 1888 2002 2001
f 1888 1889 2002
f 1889 2003 2002
f 1889 1890 2003
f 1890 2004 2003
f 1890 1891 2004
f 1891 2005 2004
f 1891 1892 2005
f 1892 2006 2005
f 1892 1893 2006
f 1893 2007 2006
f 1893 1894 2007
f 1894 2008 2007
f 1894 1895 2008
f 1895 2009 2008
f 1895 1896 2009
f 1896 2010 2009
f 1896 1897 2010
f 1897 2011 2010
f 1897 1898 2011
f 1898 2012 2011
f 1898 1899 2012
f 1899 2013 2012
f 1899 1900 2013
f 1900 2014 2013
f 1900 1901 2014
f 1901 2015 2014
f 1901 1902 2015
f 1902 2016 2015
f 1902 1903 2016
f 1903 2017 2016
f 1903 1904 2017
f 1904 2018 2017
f 1904 1905 2018
f 1905 2019 2018
f 1905 1906 2019
f 1906 2020 2019
f 1906 1907 2020
f 1907 2021 2020
f 1907 1908 2021
f 1908 2022 2021
f 1908 1909 2022
f 1909 2023 2022
f 1909 1910 2023
f 1910 2024 2023
f 1910 1911 2024
f 1911 2025 2024
f 1911 1912 2025
f 1912 2026 2025
f 1912 1913 2026
f 1913 2027 2026
f 1913 1914 2027
f 1914 2028 2027
f 1914 1915 2028
f 1915 2029 2028
f 1915 1916 2029
f 1916 2030 2029
f 1916 1917 2030
f 1917 2031 2030
f 1917 1918 2031
f 1918 2032 2031
f 1918 1919 2032
f 1919 2033 2032
f 1919 1920 2033
f 1920 2034 2033
f 1920 1921 2034
f 1921 2035 2034
f 1921 1922 2035
f 1922 2036 2035
f 1922 1923 2036
f 1923 2037 2036
f 1923 1924 2037
f 1924 2038 2037
f 1925 2040 2039
f 1925 1926 2040
f 1926 2041 2040
f 1927 2043 2042
f 1927 1928 2043
f 1928 2044 2043
f 1928 1929 2044
f 1929 2045 2044
f 1932 2048 2047
f 1932 1933 2048
f 1933 2049 2048
f 1933 1934 2049
f 1934 2050 2049
f 1934 1935 2050
f 1935 2051 2050
f 1935 1936 2051
f 1936 2052 2051
f 1936 1937 2052
f 1937 2053 2052
f 1937 1938 2053
f 1938 2054 2053
f 1938 1939 2054
f 1939 2055 2054
f 1939 1940 2055
f 1940 2056 2055
f 1940 1941 2056
f 1941 2057 2056
f 1941 1942 2057
f 1942 2058 2057
f 1942 1943 2058
f 1943 2059 2058
f 1943 1944 2059
f 1944 2060 2059
f 1944 1945 2060
f 1945 2061 2060
f 1945 1946 2061
f 1946 2062 2061
f 1946 1947 2062
f 1947 2063 2062
f 1947 1948 2063
f 1948 2064 2063
f 1948 1949 2064
f 1949 2065 2064
f 1949 1950 2065
f 1950 2066 2065
f 1950 1951 2066
f 1951 2067 2066
f 1951 1952 2067
f 1952 2068 2067
f 1952 1953 2068
f 1953 2069 2068
f 1953 1954 2069
f 1954 2070 2069
f 1954 1955 2070
f 1955 2071 2070
f 1955 1956 2071
f 1956 2072 2071
f 1956 1957 2072
f 1958 2075 2074
f 1958 1959 2075
f 1959 2076 2075
f 1959 1960 2076
f 1960 2077 2076
f 1960 1961 2077
f 1961 2078 2077
f 1961 1962 2078
f 1962 2079 2078
f 1962 1963 2079
f 1963 2080 2079
f 1963 1964 2080
f 1964 2081 2080
f 1964 1965 2081
f 1965 2082 2081
f 1965 1966 2082
f 1966 2083 2082
f 1966 1967 2083
f 1967 2084 2083
f 1967 1968 2084
f 1968 2085 2084
f 1968 1969 2085
f 1969 2086 2085
f 1969 1970 2086
f 1970 2087 2086
f 1970 1971 2087
f 1971 2088 2087
f 1971 1972 2088
f 1972 2089 2088
f 1972 1973 2089
f 1973 2090 2089
f 1973 1974 2090
f 1974 2091 2090
f 1974 1975 2091
f 1975 2092 2091
f 1975 1976 2092
f 1976 2093 2092
f 1976 1977 2093
f 1977 2094 2093
f 1977 1978 2094
f 1978 2095 2094
f 1978 1979 2095
f 1979 2096 2095
f 1979 1980 2096
f 1980 2097 2096
f 1980 1981 2097
f 1981 2098 2097
f 1981 1982 2098
f 1982 2099 2098
f 1982 1983 2099
f 1983 2100 2099
f 1983 1984 2100
f 1984 2101 2100
f 1984 1985 2101
f 1985 2102 2101
f 1985 1986 2102
f 1986 2103 2102
f 1986 1987 2103
f 1987 2104 2103
f 1987 1988 2104
f 1988 2105 2104
f 1988 1989 2105
f 1989 2106 2105
f 1989 1990 2106
f 1990 2107 2106
f 1990 1991 2107
f 1991 2108 2107
f 1991 1992 2108
f 1992 2109 2108
f 1992 1993 2109
f 1993 2110 2109
f 1993 1994 2110
f 1994 2111 2110
f 1994 1995 2111
f 1995 2112 2111
f 1995 1996 2112
f 1996 2113 2112
f 1996 1997 2113
f 1997 2114 2113
f 1997 1998 2114
f 1998 2115 2114
f 1998 1999 2115
f 1999 2116 2115
f 1999 2000 2116
f 2000 2117 2116
f 2000 2001 2117
f 2001 2118 2117
f 2001 2002 2118
f 2002 2119 2118
f 2002 2003 2119
f 2003 2120 2119
f 2003 2004 2120
f 2004 2121 2120
f 2004 2005 2121
f 2005 2122 2121
f 2005 2006 2122
f 2006 2123 2122
f 2006 2007 2123
f 2007 2124 2123
f 2007 2008 2124
f 2008 2125 2124
f 2008 2009 2125
f 2009 2126 2125
f 2009 2010 2126
f 2010 2127 2126
f 2010 2011 2127
f 2011 2128 2127
f 2011 2012 2128
f 2012 2129 2128
f 2012 2013 2129
f 2013 2130 2129
f 2013 2014 2130
f 2014 2131 2130
f 2014 2015 2131
f 2015 2132 2131
f 2015 2016 2132
f 2016 2133 2132
f 2016 2017 2133
f 2017 2134 2133
f 2017 2018 2134
f 2018 2135 2134
f 2018 2019 2135
f 2019 2136 2135
f 2019 2020 2136
f 2020 2137 2136
f 2020 2021 2137
f 2021 2138 2137
f 2021 2022 2138
f 2022 2139 2138
f 2022 2023 2139
f 2023 2140 2139
f 2023 2024 2140
f 2024 2141 2140
f 2024 2025 2141
f 2025 2142 2141
f 2025 2026 2142
f 2026 2143 2142
f 2026 2027 2143
f 2027 2144 2143
f 2027 2028 2144
f 2028 2145 2144
f 2028 2029 2145
f 2029 2146 2145
f 2029 2030 2146
f 2030 2147 2146
f 2030 2031 2147
f 2031 2148 2147
f 2031 2032 2148
f 2032 2149 2148
f 2032 2033 2149
f 2033 2150 2149
f 2033 2034 2150
f 2034 2151 2150
f 2034 2035 2151
f 2035 2152 2151
f 2035 2036 2152
f 2036 2153 2152
f 2036 2037 2153
f 2037 2154 2153
f 2037 2038 2154
f 2038 2155 2154
f 2038 2039 2155
f 2039 2156 2155
f 2039 2040 2156
f 2040 2157 2156
f 2040 2041 2157
f 2041 2158 2157
f 2041 2042 2158
f 2042 2159 2158
f 2042 2043 2159
f 2043 2160 2159
f 2043 2044 2160
f 2044 2161 2160
f 2044 2045 2161
f 2045 2162 2161
f 2045 2046 2162
f 2046 2163 2162
f 2047 2048 2166
f 2048 2167 2166
f 2048 2049 2167
f 2049 2168 2167
f 2049 2050 2168
f 2050 2169 2168
f 2050 2051 2169
f 2051 2170 2169
f 2051 2052 2170
f 2052 2171 2170
f 2052 2053 2171
f 2053 2172 2171
f 2053 2054 2172
f 2054 2173 2172
f 2054 2055 2173
f 2055 2174 2173
f 2055 2056 2174
f 2056 2175 2174
f 2056 2057 2175
f 2057 2176 2175
f 2057 2058 2176
f 2058 2177 2176
f 2058 2059 2177
f 2059 2178 2177
f 2059 2060 2178
f 2060 2179 2178
f 2060 2061 2179
f 2061 2180 2179
f 2061 2062 2180
f 2062 2181 2180
f 2062 2063 2181
f 2063 2182 2181
f 2063 2064 2182
f 2064 2183 2182
f 2064 2065 2183
f 2065 2184 2183
f 2065 2066 2184
f 2066 2185 2184
f 2066 2067 2185
f 2067 2186 2185
f 2067 2068 2186
f 2068 2187 2186
f 2068 2069 2187
f 2069 2188 2187
f 2069 2070 2188
f 2070 2189 2188
f 2070 2071 2189
f 2071 2190 2189
f 2071 2072 2190
f 2073 2195 2194
f 2073 2074 2195
f 2074 2196 2195
f 2074 2075 2196
f 2075 2197 2196
f 2075 2076 2197
f 2076 2198 2197
f 2076 2077 2198
f 2077 2199 2198
f 2077 2078 2199
f 2078 2200 2199
f 2078 2079 2200
f 2079 2201 2200
f 2079 2080 2201
f 2080 2202 2201
f 2080 2081 2202
f 2081 2203 2202
f 2081 2082 2203
f 2082 2204 2203
f 2082 2083 2204
f 2083 2205 2204
f 2083 2084 2205
f 2084 2206 2205
f 2084 2085 2206
f 2085 2207 2206
f 2085 2086 2207
f 2086 2208 2207
f 2086 2087 2208
f 2087 2209 2208
f 2087 2088 2209
f 2088 2210 2209
f 2088 2089 2210
f 2089 2211 2210
f 2089 2090 2211
f 2090 2212 2211
f 2090 2091 2212
f 2091 2213 2212
f 2091 2092 2213
f 2092 2214 2213
f 2092 2093 2214
f 2093 2215 2214
f 2093 2094 2215
f 2094 2216 2215
f 2094 2095 2216
f 2095 2217 2216
f 2095 2096 2217
f 2096 2218 2217
f 2096 2097 2218
f 2097 2219 2218
f 2097 2098 2219
f 2098 2220 2219
f 2098 2099 2220
f 2099 2221 2220
f 2099 2100 2221
f 2100 2222 2221
f 2100 2101 2222
f 2101 2223 2222
f 2101 2102 2223
f 2102 2224 2223
f 2102 2103 2224
f 2103 2225 2224
f 2103 2104 2225
f 2104 2226 2225
f 2104 2105 2226
f 2105 2227 2226
f 2105 2106 2227
f 2106 2228 2227
f 2106 2107 2228
f 2107 2229 2228
f 2107 2108 2229
f 2108 2230 2229
f 2108 2109 2230
f 2109 2231 2230
f 2109 2110 2231
f 2110 2232 2231
f 2110 2111 2232
f 2111 2233 2232
f 2111 2112 2233
f 2112 2234 2233
f 2112 2113 2234
f 2113 2235 2234
f 2113 2114 2235
f 2114 2236 2235
f 2114 2115 2236
f 2115 2237 2236
f 2115 2116 2237
f 2116 2238 2237
f 2116 2117 2238
f 2117 2239 2238
f 2117 2118 2239
f 2118 2240 2239
f 2118 2119 2240
f 2119 2241 2240
f 2119 2120 2241
f 2120 2242 2241
f 2120 2121 2242
f 2121 2243 2242
f 2121 2122 2243
f 2122 2244 2243
f 2122 2123 2244
f 2123 2245 2244
f 2123 2124 2245
f 2124 2246 2245
f 2124 2125 2246
f 2125 2247 2246
f 2125 2126 2247
f 2126 2248 2247
f 2126 2127 2248
f 2127 2249 2248
f 2127 2128 2249
f 2128 2250 2249
f 2128 2129 2250
f 2129 2251 2250
f 2129 2130 2251
f 2130 2252 2251
f 2130 2131 2252
f 2131 2253 2252
f 2131 2132 2253
f 2132 2254 2253
f 2132 2133 2254
f 2133 2255 2254
f 2133 2134 2255
f 2134 2256 2255
f 2134 2135 2256
f 2135 2257 2256
f 2135 2136 2257
f 2136 2258 2257
f 2136 2137 2258
f 2137 2259 2258
f 2137 2138 2259
f 2138 2260 2259
f 2138 2139 2260
f 2139 2261 2260
f 2139 2140 2261
f 2140 2262 2261
f 2140 2141 2262
f 2141 2263 2262
f 2141 2142 2263
f 2142 2264 2263
f 2142 2143 2264
f 2143 2265 2264
f 2143 2144 2265
f 2144 2266 2265
f 2144 2145 2266
f 2145 2267 2266
f 2145 2146 2267
f 2146 2268 2267
f 2146 2147 2268
f 2147 2269 2268
f 2147 2148 2269
f 2148 2270 2269
f 2148 2149 2270
f 2149 2271 2270
f 2149 2150 2271
f 2150 2272 2271
f 2150 2151 2272
f 2151 2273 2272
f 2151 2152 2273
f 2152 2274 2273
f 2152 2153 2274
f 2153 2275 2274
f 2153 2154 2275
f 2154 2276 2275
f 2154 2155 2276
f 2155 2277 2276
f 2155 2156 2277
f 2156 2278 2277
f 2156 2157 2278
f 2157 2279 2278
f 2157 2158 2279
f 2158 2280 2279
f 2158 2159 2280
f 2159 2281 2280
f 2159 2160 2281
f 2160 2282 2281
f 2160 2161 2282
f 2161 2283 2282
f 2161 2162 2283
f 2162 2284 2283
f 2162 2163 2284
f 2163 2285 2284
f 2163 2164 2285
f 2164 2286 2285
f 2164 2165 2286
f 2165 2287 2286
f 2166 2167 2291
f 2167 2292 2291
f 2167 2168 2292
f 2168 2293 2292
f 2168 2169 2293
f 2169 2294 2293
f 2169 2170 2294
f 2170 2295 2294
f 2170 2171 2295
f 2171 2296 2295
f 2171 2172 2296
f 2172 2297 2296
f 2172 2173 2297
f 2173 2298 2297
f 2173 2174 2298
f 2174 2299 2298
f 2174 2175 2299
f 2175 2300 2299
f 2175 2176 2300
f 2176 2301 2300
f 2176 2177 2301
f 2177 2302 2301
f 2177 2178 2302
f 2178 2303 2302
f 2178 2179 2303
f 2179 2304 2303
f 2179 2180 2304
f 2180 2305 2304
f 2180 2181 2305
f 2181 2306 2305
f 2181 2182 2306
f 2182 2307 2306
f 2182 2183 2307
f 2183 2308 2307
f 2183 2184 2308
f 2184 2309 2308
f 2184 2185 2309
f 2185 2310 2309
f 2185 2186 2310
f 2186 2311 2310
f 2186 2187 2311
f 2187 2312 2311
f 2187 2188 2312
f 2188 2313 2312
f 2188 2189 2313
f 2189 2314 2313
f 2189 2190 2314
f 2191 2316 2315
f 2191 2192 2316
f 2192 2317 2316
f 2192 2193 2317
f 2193 2318 2317
f 2193 2194 2318
f 2194 2319 2318
f 2194 2195 2319
f 2195 2320 2319
f 2195 2196 2320
f 2196 2321 2320
f 2196 2197 2321
f 2197 2322 2321
f 2197 2198 2322
f 2198 2323 2322
f 2198 2199 2323
f 2199 2324 2323
f 2199 2200 2324
f 2200 2325 2324
f 2200 2201 2325
f 2201 2326 2325
f 2201 2202 2326
f 2202 2327 2326
f 2202 2203 2327
f 2203 2328 2327
f 2203 2204 2328
f 2204 2329 2328
f 2204 2205 2329
f 2205 2330 2329
f 2205 2206 2330
f 2206 2331 2330
f 2206 2207 2331
f 2207 2332 2331
f 2207 2208 2332
f 2208 2333 2332
f 2208 2209 2333
f 2209 2334 2333
f 2209 2210 2334
f 2210 2335 2334
f 2210 2211 2335
f 2211 2336 2335
f 2211 2212 2336
f 2212 2337 2336
f 2212 2213 2337
f 2213 2338 2337
f 2213 2214 2338
f 2214 2339 2338
f 2214 2215 2339
f 2215 2340 2339
f 2215 2216 2340
f 2216 2341 2340
f 2216 2217 2341
f 2217 2342 2341
f 2217 2218 2342
f 2218 2343 2342
f 2218 2219 2343
f 2219 2344 2343
f 2219 2220 2344
f 2220 2345 2344
f 2220 2221 2345
f 2221 2346 2345
f 2221 2222 2346
f 2222 2347 2346
f 2222 2223 2347
f 2223 2348 2347
f 2223 2224 2348
f 2224 2349 2348
f 2224 2225 2349
f 2225 2350 2349
f 2225 2226 2350
f 2226 2351 2350
f 2226 2227 2351
f 2227 2352 2351
f 2227 2228 2352
f 2228 2353 2352
f 2228 2229 2353
f 2229 2354 2353
f 2229 2230 2354
f 2230 2355 2354
f 2230 2231 2355
f 2231 2356 2355
f 2231 2232 2356
f 2232 2357 2356
f 2232 2233 2357
f 2233 2358 2357
f 2233 2234 2358
f 2234 2359 2358
f 2234 2235 2359
f 2235 2360 2359
f 2235 2236 2360
f 2236 2361 2360
f 2236 2237 2361
f 2237 2362 2361
f 2237 2238 2362
f 2238 2363 2362
f 2238 2239 2363
f 2239 2364 2363
f 2239 2240 2364
f 2240 2365 2364
f 2240 2241 2365
f 2241 2366 2365
f 2241 2242 2366
f 2242 2367 2366
f 2242 2243 2367
f 2243 2368 2367
f 2243 2244 2368
f 2244 2369 2368
f 2244 2245 2369
f 2245 2370 2369
f 2245 2246 2370
f 2246 2371 2370
f 2246 2247 2371
f 2247 2372 2371
f 2247 2248 2372
f 2248 2373 2372
f 2248 2249 2373
f 2249 2374 2373
f 2249 2250 2374
f 2250 2375 2374
f 2250 2251 2375
f 2251 2376 2375
f 2251 2252 2376
f 2252 2377 2376
f 2252 2253 2377
f 2253 2378 2377
f 2253 2254 2378
f 2254 2379 2378
f 2254 2255 2379
f 2255 2380 2379
f 2255 2256 2380
f 2256 2381 2380
f 2256 2257 2381
f 2257 2382 2381
f 2257 2258 2382
f 2258 2383 2382
f 2258 2259 2383
f 2259 2384 2383
f 2259 2260 2384
f 2260 2385 2384
f 2260 2261 2385
f 2261 2386 2385
f 2261 2262 2386
f 2262 2387 2386
f 2262 2263 2387
f 2263 2388 2387
f 2263 2264 2388
f 2264 2389 2388
f 2264 2265 2389
f 2265 2390 2389
f 2265 2266 2390
f 2266 2391 2390
f 2266 2267 2391
f 2267 2392 2391
f 2267 2268 2392
f 2268 2393 2392
f 2268 2269 2393
f 2269 2394 2393
f 2269 2270 2394
f 2270 2395 2394
f 2270 2271 2395
f 2271 2396 2395
f 2271 2272 2396
f 2272 2397 2396
f 2272 2273 2397
f 2273 2398 2397
f 2273 2274 2398
f 2274 2399 2398
f 2274 2275 2399
f 2275 2400 2399
f 2275 2276 2400
f 2276 2401 2400
f 2276 2277 2401
f 2277 2402 2401
f 2277 2278 2402
f 2278 2403 2402
f 2278 2279 2403
f 2279 2404 2403
f 2279 2280 2404
f 2280 2405 2404
f 2280 2281 2405
f 2281 2406 2405
f 2281 2282 2406
f 2282 2407 2406
f 2282 2283 2407
f 2283 2408 2407
f 2283 2284 2408
f 2284 2409 2408
f 2284 2285 2409
f 2285 2410 2409
f 2285 2286 2410
f 2286 2411 2410
f 2286 2287 2411
f 2287 2412 2411
f 2287 2288 2412
f 2288 2413 2412
f 2289 2290 2420
f 2290 2421 2420
f 2291 2292 2424
f 2292 2425 2424
f 2292 2293 2425
f 2293 2426 2425
f 2293 2294 2426
f 2294 2427 2426
f 2294 2295 2427
f 2295 2428 2427
f 2295 2296 2428
f 2296 2429 2428
f 2296 2297 2429
f 2297 2430 2429
f 2297 2298 2430
f 2298 2431 2430
f 2298 2299 2431
f 2299 2432 2431
f 2299 2300 2432
f 2300 2433 2432
f 2300 2301 2433
f 2301 2434 2433
f 2301 2302 2434
f 2302 2435 2434
f 2302 2303 2435
f 2303 2436 2435
f 2303 2304 2436
f 2304 2437 2436
f 2304 2305 2437
f 2305 2438 2437
f 2305 2306 2438
f 2306 2439 2438
f 2306 2307 2439
f 2307 2440 2439
f 2307 2308 2440
f 2308 2441 2440
f 2308 2309 2441
f 2309 2442 2441
f 2309 2310 2442
f 2310 2443 2442
f 2310 2311 2443
f 2311 2444 2443
f 2311 2312 2444
f 2312 2445 2444
f 2312 2313 2445
f 2313 2446 2445
f 2313 2314 2446
f 2314 2447 2446
f 2315 2450 2449
f 2315 2316 2450
f 2316 2451 2450
f 2316 2317 2451
f 2317 2452 2451
f 2317 2318 2452
f 2318 2453 2452
f 2318 2319 2453
f 2319 2454 2453
f 2319 2320 2454
f 2320 2455 2454
f 2320 2321 2455
f 2321 2456 2455
f 2321 2322 2456
f 2322 2457 2456
f 2322 2323 2457
f 2323 2458 2457
f 2323 2324 2458
f 2324 2459 2458
f 2324 2325 2459
f 2325 2460 2459
f 2325 2326 2460
f 2326 2461 2460
f 2326 2327 2461
f 2327 2462 2461
f 2327 2328 2462
f 2328 2463 2462
f 2328 2329 2463
f 2329 2464 2463
f 2329 2330 2464
f 2330 2465 2464
f 2330 2331 2465
f 2331 2466 2465
f 2331 2332 2466
f 2332 2467 2466
f 2332 2333 2467
f 2333 2468 2467
f 2333 2334 2468
f 2334 2469 2468
f 2334 2335 2469
f 2335 2470 2469
f 2335 2336 2470
f 2336 2471 2470
f 2336 2337 2471
f 2337 2472 2471
f 2337 2338 2472
f 2338 2473 2472
f 2338 2339 2473
f 2339 2474 2473
f 2339 2340 2474
f 2340 2475 2474
f 2340 2341 2475
f 2341 2476 2475
f 2341 2342 2476
f 2342 2477 2476
f 2342 2343 2477
f 2343 2478 2477
f 2343 2344 2478
f 2344 2479 2478
f 2344 2345 2479
f 2345 2480 2479
f 2345 2346 2480
f 2346 2481 2480
f 2346 2347 2481
f 2347 2482 2481
f 2347 2348 2482
f 2348 2483 2482
f 2348 2349 2483
f 2349 2484 2483
f 2349 2350 2484
f 2350 2485 2484
f 2350 2351 2485
f 2351 2486 2485
f 2351 2352 2486
f 2352 2487 2486
f 2352 2353 2487
f 2353 2488 2487
f 2353 2354 2488
f 2354 2489 2488
f 2354 2355 2489
f 2355 2490 2489
f 2355 2356 2490
f 2356 2491 2490
f 2356 2357 2491
f 2357 2492 2491
f 2357 2358 2492
f 2358 2493 2492
f 2358 2359 2493
f 2359 2494 2493
f 2359 2360 2494
f 2360 2495 2494
f 2360 2361 2495
f 2361 2496 2495
f 2361 2362 2496
f 2362 2497 2496
f 2362 2363 2497
f 2363 2498 2497
f 2363 2364 2498
f 2364 2499 2498
f 2364 2365 2499
f 2365 2500 2499
f 2365 2366 2500
f 2366 2501 2500
f 2366 2367 2501
f 2367 2502 2501
f 2367 2368 2502
f 2368 2503 2502
f 2368 2369 2503
f 2369 2504 2503
f 2369 2370 2504
f 2370 2505 2504
f 2370 2371 2505
f 2371 2506 2505
f 2371 2372 2506
f 2372 2507 2506
f 2372 2373 2507
f 2373 2508 2507
f 2373 2374 2508
f 2374 2509 2508
f 2374 2375 2509
f 2375 2510 2509
f 2375 2376 2510
f 2376 2511 2510
f 2376 2377 2511
f 2377 2512 2511
f 2377 2378 2512
f 2378 2513 2512
f 2378 2379 2513
f 2379 2514 2513
f 2379 2380 2514
f 2380 2515 2514
f 2380 2381 2515
f 2381 2516 2515
f 2381 2382 2516
f 2382 2517 2516
f 2382 2383 2517
f 2383 2518 2517
f 2383 2384 2518
f 2384 2519 2518
f 2384 2385 2519
f 2385 2520 2519
f 2385 2386 2520
f 2386 2521 2520
f 2386 2387 2521
f 2387 2522 2521
f 2387 2388 2522
f 2388 2523 2522
f 2388 2389 2523
f 2389 2524 2523
f 2389 2390 2524
f 2390 2525 2524
f 2390 2391 2525
f 2391 2526 2525
f 2391 2392 2526
f 2392 2527 2526
f 2392 2393 2527
f 2393 2528 2527
f 2393 2394 2528
f 2394 2529 2528
f 2394 2395 2529
f 2395 2530 2529
f 2395 2396 2530
f 2396 2531 2530
f 2396 2397 2531
f 2398 2399 2532
f 2399 2533 2532
f 2399 2400 2533
f 2400 2534 2533
f 2400 2401 2534
f 2401 2535 2534
f 2401 2402 2535
f 2402 2536 2535
f 2402 2403 2536
f 2403 2537 2536
f 2403 2404 2537
f 2404 2538 2537
f 2404 2405 2538
f 2405 2539 2538
f 2405 2406 2539
f 2406 2540 2539
f 2406 2407 2540
f 2407 2541 2540
f 2407 2408 2541
f 2408 2542 2541
f 2408 2409 2542
f 2409 2543 2542
f 2409 2410 2543
f 2410 2544 2543
f 2410 2411 2544
f 2411 2545 2544
f 2411 2412 2545
f 2412 2546 2545
f 2412 2413 2546
f 2413 2547 2546
f 2413 2414 2547
f 2414 2548 2547
f 2414 2415 2548
f 2415 2549 2548
f 2415 2416 2549
f 2416 2550 2549
f 2416 2417 2550
f 2417 2551 2550
f 2417 2418 2551
f 2418 2552 2551
f 2418 2419 2552
f 2419 2553 2552
f 2420 2421 2554
f 2421 2555 2554
f 2421 2422 2555
f 2422 2556 2555
f 2422 2423 2556
f 2423 2557 2556
f 2424 2559 2558
f 2424 2425 2559
f 2425 2560 2559
f 2425 2426 2560
f 2426 2561 2560
f 2426 2427 2561
f 2427 2562 2561
f 2427 2428 2562
f 2428 2563 2562
f 2428 2429 2563
f 2429 2564 2563
f 2429 2430 2564
f 2430 2565 2564
f 2430 2431 2565
f 2431 2566 2565
f 2431 2432 2566
f 2432 2567 2566
f 2432 2433 2567
f 2433 2568 2567
f 2433 2434 2568
f 2434 2569 2568
f 2434 2435 2569
f 2435 2570 2569
f 2435 2436 2570
f 2436 2571 2570
f 2436 2437 2571
f 2437 2572 2571
f 2437 2438 2572
f 2438 2573 2572
f 2438 2439 2573
f 2439 2574 2573
f 2439 2440 2574
f 2440 2575 2574
f 2440 2441 2575
f 2441 2576 2575
f 2441 2442 2576
f 2442 2577 2576
f 2442 2443 2577
f 2443 2578 2577
f 2443 2444 2578
f 2444 2579 2578
f 2444 2445 2579
f 2445 2580 2579
f 2445 2446 2580
f 2448 2582 2581
f 2448 2449 2582
f 2449 2583 2582
f 2449 2450 2583
f 2450 2584 2583
f 2450 2451 2584
f 2451 2585 2584
f 2451 2452 2585
f 2452 2586 2585
f 2452 2453 2586
f 2453 2587 2586
f 2453 2454 2587
f 2454 2588 2587
f 2454 2455 2588
f 2455 2589 2588
f 2455 2456 2589
f 2456 2590 2589
f 2456 2457 2590
f 2457 2591 2590
f 2457 2458 2591
f 2458 2592 2591
f 2458 2459 2592
f 2459 2593 2592
f 2459 2460 2593
f 2460 2594 2593
f 2460 2461 2594
f 2461 2595 2594
f 2461 2462 2595
f 2462 2596 2595
f 2462 2463 2596
f 2463 2597 2596
f 2463 2464 2597
f 2464 2598 2597
f 2464 2465 2598
f 2465 2599 2598
f 2465 2466 2599
f 2466 2600 2599
f 2466 2467 2600
f 2467 2601 2600
f 2467 2468 2601
f 2468 2602 2601
f 2468 2469 2602
f 2469 2603 2602
f 2469 2470 2603
f 2470 2604 2603
f 2470 2471 2604
f 2471 2605 2604
f 2471 2472 2605
f 2472 2606 2605
f 2472 2473 2606
f 2473 2607 2606
f 2473 2474 2607
f 2474 2608 2607
f 2474 2475 2608
f 2475 2609 2608
f 2475 2476 2609
f 2476 2610 2609
f 2476 2477 2610
f 2477 2611 2610
f 2477 2478 2611
f 2478 2612 2611
f 2478 2479 2612
f 2479 2613 2612
f 2479 2480 2613
f 2480 2614 2613
f 2480 2481 2614
f 2481 2615 2614
f 2481 2482 2615
f 2482 2616 2615
f 2482 2483 2616
f 2483 2617 2616
f 2483 2484 2617
f 2484 2618 2617
f 2484 2485 2618
f 2485 2619 2618
f 2485 2486 2619
f 2486 2620 2619
f 2486 2487 2620
f 2487 2621 2620
f 2487 2488 2621
f 2488 2622 2621
f 2488 2489 2622
f 2489 2623 2622
f 2489 2490 2623
f 2490 2624 2623
f 2490 2491 2624
f 2491 2625 2624
f 2491 2492 2625
f 2492 2626 2625
f 2492 2493 2626
f 2493 2627 2626
f 2493 2494 2627
f 2494 2628 2627
f 2494 2495 2628
f 2495 2629 2628
f 2495 2496 2629
f 2496 2630 2629
f 2496 2497 2630
f 2497 2631 2630
f 2497 2498 2631
f 2498 2632 2631
f 2498 2499 2632
f 2499 2633 2632
f 2499 2500 2633
f 2500 2634 2633
f 2500 2501 2634
f 2501 2635 2634
f 2501 2502 2635
f 2502 2636 2635
f 2502 2503 2636
f 2503 2637 2636
f 2503 2504 2637
f 2504 2638 2637
f 2504 2505 2638
f 2505 2639 2638
f 2505 2506 2639
f 2506 2640 2639
f 2506 2507 2640
f 2507 2641 2640
f 2507 2508 2641
f 2508 2642 2641
f 2508 2509 2642
f 2509 2643 2642
f 2509 2510 2643
f 2510 2644 2643
f 2510 2511 2644
f 2511 2645 2644
f 2511 2512 2645
f 2512 2646 2645
f 2512 2513 2646
f 2513 2647 2646
f 2513 2514 2647
f 2514 2648 2647
f 2514 2515 2648
f 2515 2649 2648
f 2515 2516 2649
f 2516 2650 2649
f 2516 2517 2650
f 2517 2651 2650
f 2517 2518 2651
f 2518 2652 2651
f 2518 2519 2652
f 2519 2653 2652
f 2519 2520 2653
f 2520 2654 2653
f 2520 2521 2654
f 2521 2655 2654
f 2521 2522 2655
f 2522 2656 2655
f 2522 2523 2656
f 2523 2657 2656
f 2523 2524 2657
f 2524 2658 2657
f 2524 2525 2658
f 2525 2659 2658
f 2525 2526 2659
f 2526 2660 2659
f 2526 2527 2660
f 2527 2661 2660
f 2527 2528 2661
f 2528 2662 2661
f 2528 2529 2662
f 2529 2663 2662
f 2529 2530 2663
f 2530 2664 2663
f 2530 2531 2664
f 2532 2666 2665
f 2532 2533 2666
f 2533 2667 2666
f 2533 2534 2667
f 2534 2668 2667
f 2534 2535 2668
f 2535 2669 2668
f 2535 2536 2669
f 2536 2670 2669
f 2536 2537 2670
f 2537 2671 2670
f 2537 2538 2671
f 2538 2672 2671
f 2538 2539 2672
f 2539 2673 2672
f 2539 2540 2673
f 2540 2674 2673
f 2540 2541 2674
f 2541 2675 2674
f 2541 2542 2675
f 2542 2676 2675
f 2542 2543 2676
f 2543 2677 2676
f 2543 2544 2677
f 2544 2678 2677
f 2544 2545 2678
f 2545 2679 2678
f 2545 2546 2679
f 2546 2680 2679
f 2546 2547 2680
f 2547 2681 2680
f 2547 2548 2681
f 2548 2682 2681
f 2548 2549 2682
f 2549 2683 2682
f 2549 2550 2683
f 2550 2684 2683
f 2550 2551 2684
f 2551 2685 2684
f 2551 2552 2685
f 2552 2686 2685
f 2552 2553 2686
f 2553 2687 2686
f 2554 2555 2690
f 2555 2691 2690
f 2555 2556 2691
f 2556 2692 2691
f 2556 2557 2692
f 2557 2693 2692
f 2558 2695 2694
f 2558 2559 2695
f 2559 2696 2695
f 2559 2560 2696
f 2560 2697 2696
f 2560 2561 2697
f 2561 2698 2697
f 2561 2562 2698
f 2562 2699 2698
f 2562 2563 2699
f 2563 2700 2699
f 2563 2564 2700
f 2564 2701 2700
f 2564 2565 2701
f 2565 2702 2701
f 2565 2566 2702
f 2566 2703 2702
f 2566 2567 2703
f 2567 2704 2703
f 2567 2568 2704
f 2568 2705 2704
f 2568 2569 2705
f 2569 2706 2705
f 2569 2570 2706
f 2570 2707 2706
f 2570 2571 2707
f 2571 2708 2707
f 2571 2572 2708
f 2572 2709 2708
f 2572 2573 2709
f 2573 2710 2709
f 2573 2574 2710
f 2574 2711 2710
f 2574 2575 2711
f 2575 2712 2711
f 2575 2576 2712
f 2576 2713 2712
f 2576 2577 2713
f 2577 2714 2713
f 2577 2578 2714
f 2578 2715 2714
f 2578 2579 2715
f 2579 2716 2715
f 2579 2580 2716
f 2581 2718 2717
f 2581 2582 2718
f 2582 2719 2718
f 2582 2583 2719
f 2583 2720 2719
f 2583 2584 2720
f 2584 2721 2720
f 2584 2585 2721
f 2585 2722 2721
f 2585 2586 2722
f 2586 2723 2722
f 2586 2587 2723
f 2587 2724 2723
f 2587 2588 2724
f 2588 2725 2724
f 2588 2589 2725
f 2589 2726 2725
f 2589 2590 2726
f 2590 2727 2726
f 2590 2591 2727
f 2591 2728 2727
f 2591 2592 2728
f 2592 2729 2728
f 2592 2593 2729
f 2593 2730 2729
f 2593 2594 2730
f 2594 2731 2730
f 2594 2595 2731
f 2595 2732 2731
f 2595 2596 2732
f 2596 2733 2732
f 2596 2597 2733
f 2597 2734 2733
f 2597 2598 2734
f 2598 2735 2734
f 2598 2599 2735
f 2599 2736 2735
f 2599 2600 2736
f 2600 2737 2736
f 2600 2601 2737
f 2601 2738 2737
f 2601 2602 2738
f 2602 2739 2738
f 2602 2603 2739
f 2603 2740 2739
f 2603 2604 2740
f 2604 2741 2740
f 2604 2605 2741
f 2605 2742 2741
f 2605 2606 2742
f 2606 2743 2742
f 2606 2607 2743
f 2607 2744 2743
f 2607 2608 2744
f 2608 2745 2744
f 2608 2609 2745
f 2609 2746 2745
f 2609 2610 2746
f 2610 2747 2746
f 2610 2611 2747
f 2611 2748 2747
f 2611 2612 2748
f 2612 2749 2748
f 2612 2613 2749
f 2613 2750 2749
f 2613 2614 2750
f 2614 2751 2750
f 2614 2615 2751
f 2615 2752 2751
f 2615 2616 2752
f 2616 2753 2752
f 2616 2617 2753
f 2617 2754 2753
f 2617 2618 2754
f 2618 2755 2754
f 2618 2619 2755
f 2619 2756 2755
f 2619 2620 2756
f 2620 2757 2756
f 2620 2621 2757
f 2621 2758 2757
f 2621 2622 2758
f 2622 2759 2758
f 2622 2623 2759
f 2623 2760 2759
f 2623 2624 2760
f 2624 2761 2760
f 2624 2625 2761
f 2625 2762 2761
f 2625 2626 2762
f 2626 2763 2762
f 2626 2627 2763
f 2627 2764 2763
f 2627 2628 2764
f 2628 2765 2764
f 2628 2629 2765
f 2629 2766 2765
f 2629 2630 2766
f 2630 2767 2766
f 2630 2631 2767
f 2631 2768 2767
f 2631 2632 2768
f 2632 2769 2768
f 2632 2633 2769
f 2633 2770 2769
f 2633 2634 2770
f 2634 2771 2770
f 2634 2635 2771
f 2635 2772 2771
f 2635 2636 2772
f 2636 2773 2772
f 2636 2637 2773
f 2637 2774 2773
f 2637 2638 2774
f 2638 2775 2774
f 2638 2639 2775
f 2639 2776 2775
f 2639 2640 2776
f 2640 2777 2776
f 2640 2641 2777
f 2641 2778 2777
f 2641 2642 2778
f 2642 2779 2778
f 2642 2643 2779
f 2643 2780 2779
f 2643 2644 2780
f 2644 2781 2780
f 2644 2645 2781
f 2645 2782 2781
f 2645 2646 2782
f 2646 2783 2782
f 2646 2647 2783
f 2647 2784 2783
f 2647 2648 2784
f 2648 2785 2784
f 2648 2649 2785
f 2649 2786 2785
f 2649 2650 2786
f 2650 2787 2786
f 2650 2651 2787
f 2651 2788 2787
f 2651 2652 2788
f 2652 2789 2788
f 2652 2653 2789
f 2653 2790 2789
f 2653 2654 2790
f 2654 2791 2790
f 2654 2655 2791
f 2655 2792 2791
f 2655 2656 2792
f 2656 2793 2792
f 2656 2657 2793
f 2657 2794 2793
f 2657 2658 2794
f 2658 2795 2794
f 2658 2659 2795
f 2659 2796 2795
f 2659 2660 2796
f 2660 2797 2796
f 2660 2661 2797
f 2661 2798 2797
f 2661 2662 2798
f 2662 2799 2798
f 2662 2663 2799
f 2663 2800 2799
f 2663 2664 2800
f 2664 2801 2800
f 2665 2803 2802
f 2665 2666 2803
f 2666 2804 2803
f 2666 2667 2804
f 2667 2805 2804
f 2667 2668 2805
f 2668 2806 2805
f 2668 2669 2806
f 2669 2807 2806
f 2669 2670 2807
f 2670 2808 2807
f 2670 2671 2808
f 2671 2809 2808
f 2671 2672 2809
f 2672 2810 2809
f 2672 2673 2810
f 2673 2811 2810
f 2673 2674 2811
f 2674 2812 2811
f 2674 2675 2812
f 2675 2813 2812
f 2675 2676 2813
f 2676 2814 2813
f 2676 2677 2814
f 2677 2815 2814
f 2677 2678 2815
f 2678 2816 2815
f 2678 2679 2816
f 2679 2817 2816
f 2679 2680 2817
f 2680 2818 2817
f 2680 2681 2818
f 2681 2819 2818
f 2681 2682 2819
f 2682 2820 2819
f 2682 2683 2820
f 2683 2821 2820
f 2683 2684 2821
f 2684 2822 2821
f 2684 2685 2822
f 2685 2823 2822
f 2685 2686 2823
f 2686 2824 2823
f 2686 2687 2824
f 2687 2825 2824
f 2687 2688 2825
f 2688 2826 2825
f 2688 2689 2826
f 2689 2827 2826
f 2690 2691 2828
f 2691 2829 2828
f 2691 2692 2829
f 2692 2830 2829
f 2692 2693 2830
f 2693 2831 2830
f 2693 2694 2831
f 2694 2832 2831
f 2694 2695 2832
f 2695 2833 2832
f 2695 2696 2833
f 2696 2834 2833
f 2696 2697 2834
f 2697 2835 2834
f 2697 2698 2835
f 2698 2836 2835
f 2698 2699 2836
f 2699 2837 2836
f 2699 2700 2837
f 2700 2838 2837
f 2700 2701 2838
f 2701 2839 2838
f 2701 2702 2839
f 2702 2840 2839
f 2702 2703 2840
f 2703 2841 2840
f 2703 2704 2841
f 2704 2842 2841
f 2704 2705 2842
f 2705 2843 2842
f 2705 2706 2843
f 2706 2844 2843
f 2706 2707 2844
f 2707 2845 2844
f 2707 2708 2845
f 2708 2846 2845
f 2708 2709 2846
f 2709 2847 2846
f 2709 2710 2847
f 2710 2848 2847
f 2710 2711 2848
f 2711 2849 2848
f 2711 2712 2849
f 2712 2850 2849
f 2712 2713 2850
f 2713 2851 2850
f 2713 2714 2851
f 2714 2852 2851
f 2714 2715 2852
f 2715 2853 2852
f 2715 2716 2853
f 2717 2718 2854
f 2718 2855 2854
f 2718 2719 2855
f 2719 2856 2855
f 2719 2720 2856
f 2720 2857 2856
f 2720 2721 2857
f 2721 2858 2857
f 2721 2722 2858
f 2722 2859 2858
f 2722 2723 2859
f 2723 2860 2859
f 2723 2724 2860
f 2724 2861 2860
f 2724 2725 2861
f 2725 2862 2861
f 2725 2726 2862
f 2726 2863 2862
f 2726 2727 2863
f 2727 2864 2863
f 2727 2728 2864
f 2728 2865 2864
f 2728 2729 2865
f 2729 2866 2865
f 2729 2730 2866
f 2730 2867 2866
f 2730 2731 2867
f 2731 2868 2867
f 2731 2732 2868
f 2732 2869 2868
f 2732 2733 2869
f 2733 2870 2869
f 2733 2734 2870
f 2734 2871 2870
f 2734 2735 2871
f 2735 2872 2871
f 2735 2736 2872
f 2736 2873 2872
f 2736 2737 2873
f 2737 2874 2873
f 2737 2738 2874
f 2738 2875 2874
f 2738 2739 2875
f 2739 2876 2875
f 2739 2740 2876
f 2740 2877 2876
f 2740 2741 2877
f 2741 2878 2877
f 2741 2742 2878
f 2742 2879 2878
f 2742 2743 2879
f 2743 2880 2879
f 2743 2744 2880
f 2744 2881 2880
f 2744 2745 2881
f 2745 2882 2881
f 2745 2746 2882
f 2746 2883 2882
f 2746 2747 2883
f 2747 2884 2883
f 2747 2748 2884
f 2748 2885 2884
f 2748 2749 2885
f 2749 2886 2885
f 2749 2750 2886
f 2750 2887 2886
f 2750 2751 2887
f 2751 2888 2887
f 2751 2752 2888
f 2752 2889 2888
f 2752 2753 2889
f 2753 2890 2889
f 2753 2754 2890
f 2754 2891 2890
f 2754 2755 2891
f 2755 2892 2891
f 2755 2756 2892
f 2756 2893 2892
f 2756 2757 2893
f 2757 2894 2893
f 2757 2758 2894
f 2758 2895 2894
f 2758 2759 2895
f 2759 2896 2895
f 2759 2760 2896
f 2760 2897 2896
f 2760 2761 2897
f 2761 2898 2897
f 2761 2762 2898
f 2762 2899 2898
f 2762 2763 2899
f 2763 2900 2899
f 2763 2764 2900
f 2764 2901 2900
f 2764 2765 2901
f 2765 2902 2901
f 2765 2766 2902
f 2766 2903 2902
f 2766 2767 2903
f 2767 2904 2903
f 2767 2768 2904
f 2768 2905 2904
f 2768 2769 2905
f 2769 2906 2905
f 2769 2770 2906
f 2770 2907 2906
f 2770 2771 2907
f 2771 2908 2907
f 2771 2772 2908
f 2772 2909 2908
f 2772 2773 2909
f 2773 2910 2909
f 2773 2774 2910
f 2774 2911 2910
f 2774 2775 2911
f 2775 2912 2911
f 2775 2776 2912
f 2776 2913 2912
f 2776 2777 2913
f 2777 2914 2913
f 2777 2778 2914
f 2778 2915 2914
f 2778 2779 2915
f 2779 2916 2915
f 2779 2780 2916
f 2780 2917 2916
f 2780 2781 2917
f 2781 2918 2917
f 2781 2782 2918
f 2782 2919 2918
f 2782 2783 2919
f 2783 2920 2919
f 2783 2784 2920
f 2784 2921 2920
f 2784 2785 2921
f 2785 2922 2921
f 2785 2786 2922
f 2786 2923 2922
f 2786 2787 2923
f 2788 2789 2924
f 2789 2925 2924
f 2789 2790 2925
f 2790 2926 2925
f 2790 2791 2926
f 2791 2927 2926
f 2791 2792 2927
f 2792 2928 2927
f 2792 2793 2928
f 2793 2929 2928
f 2793 2794 2929
f 2794 2930 2929
f 2794 2795 2930
f 2795 2931 2930
f 2795 2796 2931
f 2796 2932 2931
f 2796 2797 2932
f 2797 2933 2932
f 2797 2798 2933
f 2798 2934 2933
f 2798 2799 2934
f 2799 2935 2934
f 2799 2800 2935
f 2800 2936 2935
f 2800 2801 2936
f 2801 2937 2936
f 2801 2802 2937
f 2802 2938 2937
f 2802 2803 2938
f 2803 2939 2938
f 2803 2804 2939
f 2804 2940 2939
f 2804 2805 2940
f 2805 2941 2940
f 2805 2806 2941
f 2806 2942 2941
f 2806 2807 2942
f 2807 2943 2942
f 2807 2808 2943
f 2808 2944 2943
f 2808 2809 2944
f 2809 2945 2944
f 2809 2810 2945
f 2810 2946 2945
f 2810 2811 2946
f 2811 2947 2946
f 2811 2812 2947
f 2812 2948 2947
f 2812 2813 2948
f 2813 2949 2948
f 2813 2814 2949
f 2814 2950 2949
f 2814 2815 2950
f 2815 2951 2950
f 2815 2816 2951
f 2816 2952 2951
f 2816 2817 2952
f 2817 2953 2952
f 2817 2818 2953
f 2818 2954 2953
f 2818 2819 2954
f 2819 2955 2954
f 2819 2820 2955
f 2820 2956 2955
f 2820 2821 2956
f 2821 2957 2956
f 2821 2822 2957
f 2822 2958 2957
f 2822 2823 2958
f 2823 2959 2958
f 2823 2824 2959
f 2824 2960 2959
f 2824 2825 2960
f 2825 2961 2960
f 2825 2826 2961
f 2826 2962 2961
f 2826 2827 2962
f 2827 2963 2962
f 2829 2830 2965
f 2830 2966 2965
f 2830 2831 2966
f 2831 2967 2966
f 2831 2832 2967
f 2832 2968 2967
f 2832 2833 2968
f 2833 2969 2968
f 2833 2834 2969
f 2834 2970 2969
f 2834 2835 2970
f 2835 2971 2970
f 2835 2836 2971
f 2836 2972 2971
f 2836 2837 2972
f 2837 2973 2972
f 2837 2838 2973
f 2838 2974 2973
f 2838 2839 2974
f 2839 2975 2974
f 2839 2840 2975
f 2840 2976 2975
f 2840 2841 2976
f 2841 2977 2976
f 2841 2842 2977
f 2842 2978 2977
f 2842 2843 2978
f 2843 2979 2978
f 2843 2844 2979
f 2844 2980 2979
f 2844 2845 2980
f 2845 2981 2980
f 2845 2846 2981
f 2846 2982 2981
f 2846 2847 2982
f 2847 2983 2982
f 2847 2848 2983
f 2848 2984 2983
f 2848 2849 2984
f 2849 2985 2984
f 2849 2850 2985
f 2850 2986 2985
f 2850 2851 2986
f 2851 2987 2986
f 2851 2852 2987
f 2852 2988 2987
f 2852 2853 2988
f 2854 2855 2991
f 2855 2992 2991
f 2855 2856 2992
f 2856 2993 2992
f 2856 2857 2993
f 2857 2994 2993
f 2857 2858 2994
f 2858 2995 2994
f 2858 2859 2995
f 2859 2996 2995
f 2859 2860 2996
f 2860 2997 2996
f 2860 2861 2997
f 2861 2998 2997
f 2861 2862 2998
f 2862 2999 2998
f 2862 2863 2999
f 2863 3000 2999
f 2863 2864 3000
f 2864 3001 3000
f 2864 2865 3001
f 2865 3002 3001
f 2865 2866 3002
f 2866 3003 3002
f 2866 2867 3003
f 2867 3004 3003
f 2867 2868 3004
f 2868 3005 3004
f 2868 2869 3005
f 2869 3006 3005
f 2869 2870 3006
f 2870 3007 3006
f 2870 2871 3007
f 2871 3008 3007
f 2871 2872 3008
f 2872 3009 3008
f 2872 2873 3009
f 2873 3010 3009
f 2873 2874 3010
f 2874 3011 3010
f 2874 2875 3011
f 2875 3012 3011
f 2875 2876 3012
f 2876 3013 3012
f 2876 2877 3013
f 2877 3014 3013
f 2877 2878 3014
f 2878 3015 3014
f 2878 2879 3015
f 2879 3016 3015
f 2879 2880 3016
f 2880 3017 3016
f 2880 2881 3017
f 2881 3018 3017
f 2881 2882 3018
f 2882 3019 3018
f 2882 2883 3019
f 2883 3020 3019
f 2883 2884 3020
f 2884 3021 3020
f 2884 2885 3021
f 2885 3022 3021
f 2885 2886 3022
f 2886 3023 3022
f 2886 2887 3023
f 2887 3024 3023
f 2887 2888 3024
f 2888 3025 3024
f 2888 2889 3025
f 2889 3026 3025
f 2889 2890 3026
f 2890 3027 3026
f 2890 2891 3027
f 2891 3028 3027
f 2891 2892 3028
f 2892 3029 3028
f 2892 2893 3029
f 2893 3030 3029
f 2893 2894 3030
f 2894 3031 3030
f 2894 2895 3031
f 2895 3032 3031
f 2895 2896 3032
f 2896 3033 3032
f 2896 2897 3033
f 2897 3034 3033
f 2897 2898 3034
f 2898 3035 3034
f 2898 2899 3035
f 2899 3036 3035
f 2899 2900 3036
f 2900 3037 3036
f 2900 2901 3037
f 2901 3038 3037
f 2901 2902 3038
f 2902 3039 3038
f 2902 2903 3039
f 2903 3040 3039
f 2903 2904 3040
f 2904 3041 3040
f 2904 2905 3041
f 2905 3042 3041
f 2905 2906 3042
f 2906 3043 3042
f 2906 2907 3043
f 2907 3044 3043
f 2907 2908 3044
f 2908 3045 3044
f 2908 2909 3045
f 2909 3046 3045
f 2909 2910 3046
f 2910 3047 3046
f 2910 2911 3047
f 2911 3048 3047
f 2911 2912 3048
f 2912 3049 3048
f 2912 2913 3049
f 2913 3050 3049
f 2913 2914 3050
f 2914 3051 3050
f 2914 2915 3051
f 2915 3052 3051
f 2915 2916 3052
f 2916 3053 3052
f 2916 2917 3053
f 2917 3054 3053
f 2917 2918 3054
f 2918 3055 3054
f 2918 2919 3055
f 2919 3056 3055
f 2919 2920 3056
f 2920 3057 3056
f 2920 2921 3057
f 2921 3058 3057
f 2921 2922 3058
f 2922 3059 3058
f 2922 2923 3059
f 2923 3060 3059
f 2924 3062 3061
f 2924 2925 3062
f 2925 3063 3062
f 2925 2926 3063
f 2926 3064 3063
f 2926 2927 3064
f 2927 3065 3064
f 2927 2928 3065
f 2928 3066 3065
f 2928 2929 3066
f 2929 3067 3066
f 2929 2930 3067
f 2930 3068 3067
f 2930 2931 3068
f 2931 3069 3068
f 2931 2932 3069
f 2932 3070 3069
f 2932 2933 3070
f 2933 3071 3070
f 2933 2934 3071
f 2934 3072 3071
f 2934 2935 3072
f 2935 3073 3072
f 2935 2936 3073
f 2936 3074 3073
f 2936 2937 3074
f 2937 3075 3074
f 2937 2938 3075
f 2938 3076 3075
f 2938 2939 3076
f 2939 3077 3076
f 2939 2940 3077
f 2940 3078 3077
f 2940 2941 3078
f 2941 3079 3078
f 2941 2942 3079
f 2942 3080 3079
f 2942 2943 3080
f 2943 3081 3080
f 2943 2944 3081
f 2944 3082 3081
f 2944 2945 3082
f 2945 3083 3082
f 2945 2946 3083
f 2946 3084 3083
f 2946 2947 3084
f 2947 3085 3084
f 2947 2948 3085
f 2948 3086 3085
f 2948 2949 3086
f 2949 3087 3086
f 2949 2950 3087
f 2950 3088 3087
f 2950 2951 3088
f 2951 3089 3088
f 2951 2952 3089
f 2952 3090 3089
f 2952 2953 3090
f 2953 3091 3090
f 2953 2954 3091
f 2954 3092 3091
f 2954 2955 3092
f 2955 3093 3092
f 2955 2956 3093
f 2956 3094 3093
f 2956 2957 3094
f 2957 3095 3094
f 2957 2958 3095
f 2958 3096 3095
f 2958 2959 3096
f 2959 3097 3096
f 2959 2960 3097
f 2960 3098 3097
f 2960 2961 3098
f 2961 3099 3098
f 2961 2962 3099
f 2962 3100 3099
f 2962 2963 3100
f 2963 3101 3100
f 2963 2964 3101
f 2964 3102 3101
f 2965 2966 3104
f 2966 3105 3104
f 2966 2967 3105
f 2967 3106 3105
f 2967 2968 3106
f 2968 3107 3106
f 2968 2969 3107
f 2969 3108 3107
f 2969 2970 3108
f 2970 3109 3108
f 2970 2971 3109
f 2971 3110 3109
f 2971 2972 3110
f 2972 3111 3110
f 2972 2973 3111
f 2973 3112 3111
f 2973 2974 3112
f 2974 3113 3112
f 2974 2975 3113
f 2975 3114 3113
f 2975 2976 3114
f 2976 3115 3114
f 2976 2977 3115
f 2977 3116 3115
f 2977 2978 3116
f 2978 3117 3116
f 2978 2979 3117
f 2979 3118 3117
f 2979 2980 3118
f 2980 3119 3118
f 2980 2981 3119
f 2981 3120 3119
f 2981 2982 3120
f 2982 3121 3120
f 2982 2983 3121
f 2983 3122 3121
f 2983 2984 3122
f 2984 3123 3122
f 2984 2985 3123
f 2985 3124 3123
f 2985 2986 3124
f 2986 3125 3124
f 2986 2987 3125
f 2993 2994 3127
f 2994 3128 3127
f 2994 2995 3128
f 2995 3129 3128
f 2995 2996 3129
f 2996 3130 3129
f 2996 2997 3130
f 2997 3131 3130
f 2997 2998 3131
f 2998 3132 3131
f 2998 2999 3132
f 2999 3133 3132
f 2999 3000 3133
f 3000 3134 3133
f 3000 3001 3134
f 3001 3135 3134
f 3001 3002 3135
f 3002 3136 3135
f 3002 3003 3136
f 3003 3137 3136
f 3003 3004 3137
f 3004 3138 3137
f 3004 3005 3138
f 3005 3139 3138
f 3005 3006 3139
f 3006 3140 3139
f 3006 3007 3140
f 3007 3141 3140
f 3007 3008 3141
f 3008 3142 3141
f 3008 3009 3142
f 3009 3143 3142
f 3009 3010 3143
f 3010 3144 3143
f 3010 3011 3144
f 3011 3145 3144
f 3011 3012 3145
f 3012 3146 3145
f 3012 3013 3146
f 3013 3147 3146
f 3013 3014 3147
f 3014 3148 3147
f 3014 3015 3148
f 3015 3149 3148
f 3015 3016 3149
f 3016 3150 3149
f 3016 3017 3150
f 3017 3151 3150
f 3017 3018 3151
f 3018 3152 3151
f 3018 3019 3152
f 3019 3153 3152
f 3019 3020 3153
f 3020 3154 3153
f 3020 3021 3154
f 3021 3155 3154
f 3021 3022 3155
f 3022 3156 3155
f 3022 3023 3156
f 3023 3157 3156
f 3023 3024 3157
f 3024 3158 3157
f 3024 3025 3158
f 3025 3159 3158
f 3025 3026 3159
f 3026 3160 3159
f 3026 3027 3160
f 3027 3161 3160
f 3027 3028 3161
f 3028 3162 3161
f 3028 3029 3162
f 3029 3163 3162
f 3029 3030 3163
f 3030 3164 3163
f 3030 3031 3164
f 3031 3165 3164
f 3031 3032 3165
f 3032 3166 3165
f 3032 3033 3166
f 3033 3167 3166
f 3033 3034 3167
f 3034 3168 3167
f 3034 3035 3168
f 3035 3169 3168
f 3035 3036 3169
f 3036 3170 3169
f 3036 3037 3170
f 3037 3171 3170
f 3037 3038 3171
f 3038 3172 3171
f 3038 3039 3172
f 3039 3173 3172
f 3039 3040 3173
f 3040 3174 3173
f 3040 3041 3174
f 3041 3175 3174
f 3041 3042 3175
f 3042 3176 3175
f 3042 3043 3176
f 3043 3177 3176
f 3043 3044 3177
f 3044 3178 3177
f 3044 3045 3178
f 3045 3179 3178
f 3045 3046 3179
f 3046 3180 3179
f 3046 3047 3180
f 3047 3181 3180
f 3047 3048 3181
f 3048 3182 3181
f 3048 3049 3182
f 3049 3183 3182
f 3049 3050 3183
f 3050 3184 3183
f 3050 3051 3184
f 3051 3185 3184
f 3051 3052 3185
f 3052 3186 3185
f 3052 3053 3186
f 3053 3187 3186
f 3053 3054 3187
f 3054 3188 3187
f 3054 3055 3188
f 3055 3189 3188
f 3055 3056 3189
f 3056 3190 3189
f 3056 3057 3190
f 3057 3191 3190
f 3057 3058 3191
f 3058 3192 3191
f 3058 3059 3192
f 3059 3193 3192
f 3059 3060 3193
f 3060 3194 3193
f 3060 3061 3194
f 3061 3195 3194
f 3061 3062 3195
f 3062 3196 3195
f 3062 3063 3196
f 3063 3197 3196
f 3063 3064 3197
f 3064 3198 3197
f 3064 3065 3198
f 3065 3199 3198
f 3065 3066 3199
f 3066 3200 3199
f 3066 3067 3200
f 3067 3201 3200
f 3067 3068 3201
f 3068 3202 3201
f 3068 3069 3202
f 3069 3203 3202
f 3069 3070 3203
f 3070 3204 3203
f 3070 3071 3204
f 3071 3205 3204
f 3071 3072 3205
f 3072 3206 3205
f 3072 3073 3206
f 3073 3207 3206
f 3073 3074 3207
f 3074 3208 3207
f 3074 3075 3208
f 3075 3209 3208
f 3075 3076 3209
f 3076 3210 3209
f 3076 3077 3210
f 3077 3211 3210
f 3077 3078 3211
f 3078 3212 3211
f 3078 3079 3212
f 3079 3213 3212
f 3079 3080 3213
f 3080 3214 3213
f 3080 3081 3214
f 3081 3215 3214
f 3081 3082 3215
f 3082 3216 3215
f 3082 3083 3216
f 3083 3217 3216
f 3083 3084 3217
f 3084 3218 3217
f 3084 3085 3218
f 3085 3219 3218
f 3085 3086 3219
f 3086 3220 3219
f 3086 3087 3220
f 3087 3221 3220
f 3087 3088 3221
f 3088 3222 3221
f 3088 3089 3222
f 3089 3223 3222
f 3089 3090 3223
f 3090 3224 3223
f 3090 3091 3224
f 3091 3225 3224
f 3091 3092 3225
f 3092 3226 3225
f 3092 3093 3226
f 3093 3227 3226
f 3093 3094 3227
f 3094 3228 3227
f 3094 3095 3228
f 3095 3229 3228
f 3095 3096 3229
f 3096 3230 3229
f 3096 3097 3230
f 3097 3231 3230
f 3097 3098 3231
f 3098 3232 3231
f 3098 3099 3232
f 3099 3233 3232
f 3099 3100 3233
f 3100 3234 3233
f 3100 3101 3234
f 3101 3235 3234
f 3101 3102 3235
f 3102 3236 3235
f 3104 3105 3241
f 3105 3242 3241
f 3105 3106 3242
f 3106 3243 3242
f 3106 3107 3243
f 3107 3244 3243
f 3107 3108 3244
f 3108 3245 3244
f 3108 3109 3245
f 3109 3246 3245
f 3109 3110 3246
f 3110 3247 3246
f 3110 3111 3247
f 3111 3248 3247
f 3111 3112 3248
f 3112 3249 3248
f 3112 3113 3249
f 3113 3250 3249
f 3113 3114 3250
f 3114 3251 3250
f 3114 3115 3251
f 3115 3252 3251
f 3115 3116 3252
f 3116 3253 3252
f 3116 3117 3253
f 3117 3254 3253
f 3117 3118 3254
f 3118 3255 3254
f 3118 3119 3255
f 3119 3256 3255
f 3119 3120 3256
f 3120 3257 3256
f 3120 3121 3257
f 3121 3258 3257
f 3121 3122 3258
f 3122 3259 3258
f 3122 3123 3259
f 3123 3260 3259
f 3123 3124 3260
f 3124 3261 3260
f 3124 3125 3261
f 3133 3134 3262
f 3134 3263 3262
f 3134 3135 3263
f 3135 3264 3263
f 3135 3136 3264
f 3136 3265 3264
f 3136 3137 3265
f 3137 3266 3265
f 3137 3138 3266
f 3138 3267 3266
f 3138 3139 3267
f 3139 3268 3267
f 3139 3140 3268
f 3140 3269 3268
f 3140 3141 3269
f 3141 3270 3269
f 3141 3142 3270
f 3142 3271 3270
f 3142 3143 3271
f 3151 3152 3272
f 3152 3273 3272
f 3152 3153 3273
f 3153 3274 3273
f 3153 3154 3274
f 3154 3275 3274
f 3154 3155 3275
f 3155 3276 3275
f 3155 3156 3276
f 3156 3277 3276
f 3156 3157 3277
f 3157 3278 3277
f 3157 3158 3278
f 3158 3279 3278
f 3158 3159 3279
f 3159 3280 3279
f 3159 3160 3280
f 3160 3281 3280
f 3160 3161 3281
f 3161 3282 3281
f 3161 3162 3282
f 3162 3283 3282
f 3162 3163 3283
f 3163 3284 3283
f 3163 3164 3284
f 3164 3285 3284
f 3164 3165 3285
f 3165 3286 3285
f 3165 3166 3286
f 3166 3287 3286
f 3166 3167 3287
f 3167 3288 3287
f 3167 3168 3288
f 3168 3289 3288
f 3168 3169 3289
f 3169 3290 3289
f 3169 3170 3290
f 3170 3291 3290
f 3170 3171 3291
f 3171 3292 3291
f 3171 3172 3292
f 3172 3293 3292
f 3172 3173 3293
f 3173 3294 3293
f 3173 3174 3294
f 3174 3295 3294
f 3174 3175 3295
f 3175 3296 3295
f 3175 3176 3296
f 3176 3297 3296
f 3176 3177 3297
f 3177 3298 3297
f 3177 3178 3298
f 3178 3299 3298
f 3178 3179 3299
f 3179 3300 3299
f 3179 3180 3300
f 3180 3301 3300
f 3180 3181 3301
f 3181 3302 3301
f 3181 3182 3302
f 3182 3303 3302
f 3182 3183 3303
f 3183 3304 3303
f 3183 3184 3304
f 3184 3305 3304
f 3184 3185 3305
f 3185 3306 3305
f 3185 3186 3306
f 3186 3307 3306
f 3186 3187 3307
f 3187 3308 3307
f 3187 3188 3308
f 3188 3309 3308
f 3188 3189 3309
f 3189 3310 3309
f 3189 3190 3310
f 3190 3311 3310
f 3190 3191 3311
f 3191 3312 3311
f 3191 3192 3312
f 3192 3313 3312
f 3192 3193 3313
f 3193 3314 3313
f 3193 3194 3314
f 3194 3315 3314
f 3194 3195 3315
f 3195 3316 3315
f 3195 3196 3316
f 3196 3317 3316
f 3196 3197 3317
f 3197 3318 3317
f 3197 3198 3318
f 3198 3319 3318
f 3198 3199 3319
f 3199 3320 3319
f 3199 3200 3320
f 3200 3321 3320
f 3200 3201 3321
f 3201 3322 3321
f 3201 3202 3322
f 3202 3323 3322
f 3202 3203 3323
f 3203 3324 3323
f 3203 3204 3324
f 3204 3325 3324
f 3204 3205 3325
f 3205 3326 3325
f 3205 3206 3326
f 3206 3327 3326
f 3206 3207 3327
f 3207 3328 3327
f 3207 3208 3328
f 3208 3329 3328
f 3208 3209 3329
f 3209 3330 3329
f 3209 3210 3330
f 3210 3331 3330
f 3210 3211 3331
f 3211 3332 3331
f 3211 3212 3332
f 3212 3333 3332
f 3212 3213 3333
f 3213 3334 3333
f 3213 3214 3334
f 3214 3335 3334
f 3214 3215 3335
f 3215 3336 3335
f 3215 3216 3336
f 3216 3337 3336
f 3216 3217 3337
f 3217 3338 3337
f 3217 3218 3338
f 3218 3339 3338
f 3218 3219 3339
f 3219 3340 3339
f 3219 3220 3340
f 3220 3341 3340
f 3220 3221 3341
f 3221 3342 3341
f 3221 3222 3342
f 3222 3343 3342
f 3222 3223 3343
f 3223 3344 3343
f 3223 3224 3344
f 3224 3345 3344
f 3224 3225 3345
f 3225 3346 3345
f 3225 3226 3346
f 3226 3347 3346
f 3226 3227 3347
f 3227 3348 3347
f 3227 3228 3348
f 3228 3349 3348
f 3228 3229 3349
f 3229 3350 3349
f 3229 3230 3350
f 3230 3351 3350
f 3230 3231 3351
f 3231 3352 3351
f 3231 3232 3352
f 3232 3353 3352
f 3232 3233 3353
f 3233 3354 3353
f 3233 3234 3354
f 3234 3355 3354
f 3234 3235 3355
f 3235 3356 3355
f 3235 3236 3356
f 3236 3357 3356
f 3236 3237 3357
f 3238 3359 3358
f 3238 3239 3359
f 3239 3360 3359
f 3239 3240 3360
f 3240 3361 3360
f 3242 3243 3363
f 3243 3364 3363
f 3243 3244 3364
f 3244 3365 3364
f 3244 3245 3365
f 3245 3366 3365
f 3245 3246 3366
f 3246 3367 3366
f 3246 3247 3367
f 3247 3368 3367
f 3247 3248 3368
f 3248 3369 3368
f 3248 3249 3369
f 3249 3370 3369
f 3249 3250 3370
f 3250 3371 3370
f 3250 3251 3371
f 3251 3372 3371
f 3251 3252 3372
f 3252 3373 3372
f 3252 3253 3373
f 3253 3374 3373
f 3253 3254 3374
f 3254 3375 3374
f 3254 3255 3375
f 3255 3376 3375
f 3255 3256 3376
f 3256 3377 3376
f 3256 3257 3377
f 3257 3378 3377
f 3257 3258 3378
f 3258 3379 3378
f 3258 3259 3379
f 3259 3380 3379
f 3259 3260 3380
f 3272 3387 3386
f 3272 3273 3387
f 3273 3388 3387
f 3273 3274 3388
f 3274 3389 3388
f 3274 3275 3389
f 3275 3390 3389
f 3275 3276 3390
f 3276 3391 3390
f 3276 3277 3391
f 3277 3392 3391
f 3277 3278 3392
f 3278 3393 3392
f 3278 3279 3393
f 3279 3394 3393
f 3279 3280 3394
f 3280 3395 3394
f 3280 3281 3395
f 3281 3396 3395
f 3281 3282 3396
f 3282 3397 3396
f 3282 3283 3397
f 3283 3398 3397
f 3283 3284 3398
f 3284 3399 3398
f 3284 3285 3399
f 3285 3400 3399
f 3285 3286 3400
f 3286 3401 3400
f 3286 3287 3401
f 3287 3402 3401
f 3287 3288 3402
f 3288 3403 3402
f 3288 3289 3403
f 3289 3404 3403
f 3289 3290 3404
f 3290 3405 3404
f 3290 3291 3405
f 3291 3406 3405
f 3291 3292 3406
f 3292 3407 3406
f 3292 3293 3407
f 3293 3408 3407
f 3293 3294 3408
f 3294 3409 3408
f 3294 3295 3409
f 3295 3410 3409
f 3295 3296 3410
f 3296 3411 3410
f 3296 3297 3411
f 3297 3412 3411
f 3297 3298 3412
f 3298 3413 3412
f 3298 3299 3413
f 3299 3414 3413
f 3299 3300 3414
f 3300 3415 3414
f 3300 3301 3415
f 3301 3416 3415
f 3301 3302 3416
f 3302 3417 3416
f 3302 3303 3417
f 3303 3418 3417
f 3303 3304 3418
f 3304 3419 3418
f 3304 3305 3419
f 3305 3420 3419
f 3305 3306 3420
f 3306 3421 3420
f 3306 3307 3421
f 3307 3422 3421
f 3307 3308 3422
f 3308 3423 3422
f 3308 3309 3423
f 3309 3424 3423
f 3309 3310 3424
f 3310 3425 3424
f 3310 3311 3425
f 3311 3426 3425
f 3311 3312 3426
f 3312 3427 3426
f 3312 3313 3427
f 3313 3428 3427
f 3313 3314 3428
f 3314 3429 3428
f 3314 3315 3429
f 3315 3430 3429
f 3315 3316 3430
f 3316 3431 3430
f 3316 3317 3431
f 3317 3432 3431
f 3317 3318 3432
f 3318 3433 3432
f 3318 3319 3433
f 3319 3434 3433
f 3319 3320 3434
f 3320 3435 3434
f 3320 3321 3435
f 3321 3436 3435
f 3321 3322 3436
f 3322 3437 3436
f 3322 3323 3437
f 3323 3438 3437
f 3323 3324 3438
f 3324 3439 3438
f 3324 3325 3439
f 3325 3440 3439
f 3325 3326 3440
f 3326 3441 3440
f 3326 3327 3441
f 3327 3442 3441
f 3327 3328 3442
f 3328 3443 3442
f 3328 3329 3443
f 3329 3444 3443
f 3329 3330 3444
f 3330 3445 3444
f 3330 3331 3445
f 3331 3446 3445
f 3331 3332 3446
f 3332 3447 3446
f 3332 3333 3447
f 3333 3448 3447
f 3333 3334 3448
f 3334 3449 3448
f 3334 3335 3449
f 3335 3450 3449
f 3335 3336 3450
f 3336 3451 3450
f 3336 3337 3451
f 3337 3452 3451
f 3337 3338 3452
f 3338 3453 3452
f 3338 3339 3453
f 3339 3454 3453
f 3339 3340 3454
f 3340 3455 3454
f 3340 3341 3455
f 3341 3456 3455
f 3341 3342 3456
f 3342 3457 3456
f 3342 3343 3457
f 3343 3458 3457
f 3343 3344 3458
f 3344 3459 3458
f 3344 3345 3459
f 3345 3460 3459
f 3345 3346 3460
f 3346 3461 3460
f 3346 3347 3461
f 3347 3462 3461
f 3347 3348 3462
f 3348 3463 3462
f 3348 3349 3463
f 3349 3464 3463
f 3349 3350 3464
f 3350 3465 3464
f 3350 3351 3465
f 3351 3466 3465
f 3351 3352 3466
f 3352 3467 3466
f 3352 3353 3467
f 3353 3468 3467
f 3353 3354 3468
f 3354 3469 3468
f 3354 3355 3469
f 3355 3470 3469
f 3355 3356 3470
f 3356 3471 3470
f 3356 3357 3471
f 3357 3472 3471
f 3358 3359 3476
f 3359 3477 3476
f 3359 3360 3477
f 3360 3478 3477
f 3360 3361 3478
f 3361 3479 3478
f 3361 3362 3479
f 3362 3480 3479
f 3364 3365 3483
f 3365 3484 3483
f 3365 3366 3484
f 3366 3485 3484
f 3366 3367 3485
f 3367 3486 3485
f 3367 3368 3486
f 3368 3487 3486
f 3368 3369 3487
f 3369 3488 3487
f 3369 3370 3488
f 3370 3489 3488
f 3370 3371 3489
f 3371 3490 3489
f 3371 3372 3490
f 3372 3491 3490
f 3372 3373 3491
f 3373 3492 3491
f 3373 3374 3492
f 3374 3493 3492
f 3374 3375 3493
f 3375 3494 3493
f 3375 3376 3494
f 3376 3495 3494
f 3376 3377 3495
f 3377 3496 3495
f 3377 3378 3496
f 3378 3497 3496
f 3378 3379 3497
f 3379 3498 3497
f 3379 3380 3498
f 3380 3499 3498
f 3383 3504 3503
f 3383 3384 3504
f 3384 3505 3504
f 3386 3510 3509
f 3386 3387 3510
f 3387 3511 3510
f 3387 3388 3511
f 3388 3512 3511
f 3388 3389 3512
f 3389 3513 3512
f 3389 3390 3513
f 3390 3514 3513
f 3390 3391 3514
f 3391 3515 3514
f 3391 3392 3515
f 3392 3516 3515
f 3392 3393 3516
f 3393 3517 3516
f 3393 3394 3517
f 3394 3518 3517
f 3394 3395 3518
f 3395 3519 3518
f 3395 3396 3519
f 3396 3520 3519
f 3396 3397 3520
f 3397 3521 3520
f 3397 3398 3521
f 3398 3522 3521
f 3398 3399 3522
f 3399 3523 3522
f 3399 3400 3523
f 3400 3524 3523
f 3400 3401 3524
f 3401 3525 3524
f 3401 3402 3525
f 3402 3526 3525
f 3402 3403 3526
f 3403 3527 3526
f 3403 3404 3527
f 3404 3528 3527
f 3404 3405 3528
f 3405 3529 3528
f 3405 3406 3529
f 3406 3530 3529
f 3406 3407 3530
f 3407 3531 3530
f 3407 3408 3531
f 3408 3532 3531
f 3408 3409 3532
f 3409 3533 3532
f 3409 3410 3533
f 3410 3534 3533
f 3410 3411 3534
f 3411 3535 3534
f 3411 3412 3535
f 3412 3536 3535
f 3412 3413 3536
f 3413 3537 3536
f 3413 3414 3537
f 3414 3538 3537
f 3414 3415 3538
f 3415 3539 3538
f 3415 3416 3539
f 3416 3540 3539
f 3416 3417 3540
f 3417 3541 3540
f 3417 3418 3541
f 3418 3542 3541
f 3418 3419 3542
f 3420 3421 3543
f 3421 3544 3543
f 3421 3422 3544
f 3422 3545 3544
f 3422 3423 3545
f 3423 3546 3545
f 3423 3424 3546
f 3424 3547 3546
f 3424 3425 3547
f 3425 3548 3547
f 3425 3426 3548
f 3426 3549 3548
f 3426 3427 3549
f 3427 3550 3549
f 3427 3428 3550
f 3428 3551 3550
f 3428 3429 3551
f 3429 3552 3551
f 3429 3430 3552
f 3430 3553 3552
f 3430 3431 3553
f 3431 3554 3553
f 3431 3432 3554
f 3432 3555 3554
f 3432 3433 3555
f 3433 3556 3555
f 3433 3434 3556
f 3434 3557 3556
f 3434 3435 3557
f 3435 3558 3557
f 3435 3436 3558
f 3436 3559 3558
f 3436 3437 3559
f 3437 3560 3559
f 3437 3438 3560
f 3438 3561 3560
f 3438 3439 3561
f 3439 3562 3561
f 3439 3440 3562
f 3440 3563 3562
f 3440 3441 3563
f 3441 3564 3563
f 3441 3442 3564
f 3442 3565 3564
f 3442 3443 3565
f 3443 3566 3565
f 3443 3444 3566
f 3444 3567 3566
f 3444 3445 3567
f 3445 3568 3567
f 3445 3446 3568
f 3446 3569 3568
f 3446 3447 3569
f 3447 3570 3569
f 3447 3448 3570
f 3448 3571 3570
f 3448 3449 3571
f 3449 3572 3571
f 3449 3450 3572
f 3450 3573 3572
f 3450 3451 3573
f 3451 3574 3573
f 3451 3452 3574
f 3452 3575 3574
f 3452 3453 3575
f 3453 3576 3575
f 3453 3454 3576
f 3454 3577 3576
f 3454 3455 3577
f 3455 3578 3577
f 3455 3456 3578
f 3456 3579 3578
f 3456 3457 3579
f 3457 3580 3579
f 3457 3458 3580
f 3458 3581 3580
f 3458 3459 3581
f 3459 3582 3581
f 3459 3460 3582
f 3460 3583 3582
f 3460 3461 3583
f 3461 3584 3583
f 3461 3462 3584
f 3462 3585 3584
f 3462 3463 3585
f 3463 3586 3585
f 3463 3464 3586
f 3464 3587 3586
f 3464 3465 3587
f 3465 3588 3587
f 3465 3466 3588
f 3466 3589 3588
f 3466 3467 3589
f 3467 3590 3589
f 3467 3468 3590
f 3468 3591 3590
f 3468 3469 3591
f 3469 3592 3591
f 3469 3470 3592
f 3470 3593 3592
f 3470 3471 3593
f 3471 3594 3593
f 3471 3472 3594
f 3472 3595 3594
f 3472 3473 3595
f 3473 3596 3595
f 3473 3474 3596
f 3474 3597 3596
f 3474 3475 3597
f 3475 3598 3597
f 3476 3601 3600
f 3476 3477 3601
f 3477 3602 3601
f 3477 3478 3602
f 3478 3603 3602
f 3478 3479 3603
f 3479 3604 3603
f 3479 3480 3604
f 3480 3605 3604
f 3480 3481 3605
f 3481 3606 3605
f 3481 3482 3606
f 3482 3607 3606
f 3483 3484 3610
f 3484 3611 3610
f 3484 3485 3611
f 3485 3612 3611
f 3485 3486 3612
f 3486 3613 3612
f 3486 3487 3613
f 3487 3614 3613
f 3487 3488 3614
f 3488 3615 3614
f 3488 3489 3615
f 3489 3616 3615
f 3489 3490 3616
f 3490 3617 3616
f 3490 3491 3617
f 3491 3618 3617
f 3491 3492 3618
f 3492 3619 3618
f 3492 3493 3619
f 3493 3620 3619
f 3493 3494 3620
f 3494 3621 3620
f 3494 3495 3621
f 3495 3622 3621
f 3495 3496 3622
f 3496 3623 3622
f 3496 3497 3623
f 3497 3624 3623
f 3497 3498 3624
f 3498 3625 3624
f 3498 3499 3625
f 3499 3626 3625
f 3501 3502 3632
f 3502 3633 3632
f 3502 3503 3633
f 3503 3634 3633
f 3503 3504 3634
f 3504 3635 3634
f 3504 3505 3635
f 3505 3636 3635
f 3505 3506 3636
f 3506 3637 3636
f 3507 3640 3639
f 3507 3508 3640
f 3508 3641 3640
f 3508 3509 3641
f 3509 3642 3641
f 3509 3510 3642
f 3510 3643 3642
f 3510 3511 3643
f 3511 3644 3643
f 3511 3512 3644
f 3512 3645 3644
f 3512 3513 3645
f 3513 3646 3645
f 3513 3514 3646
f 3514 3647 3646
f 3514 3515 3647
f 3515 3648 3647
f 3515 3516 3648
f 3516 3649 3648
f 3516 3517 3649
f 3517 3650 3649
f 3517 3518 3650
f 3518 3651 3650
f 3518 3519 3651
f 3519 3652 3651
f 3519 3520 3652
f 3520 3653 3652
f 3520 3521 3653
f 3521 3654 3653
f 3521 3522 3654
f 3522 3655 3654
f 3522 3523 3655
f 3523 3656 3655
f 3523 3524 3656
f 3524 3657 3656
f 3524 3525 3657
f 3525 3658 3657
f 3525 3526 3658
f 3526 3659 3658
f 3526 3527 3659
f 3527 3660 3659
f 3527 3528 3660
f 3528 3661 3660
f 3528 3529 3661
f 3529 3662 3661
f 3529 3530 3662
f 3530 3663 3662
f 3530 3531 3663
f 3531 3664 3663
f 3531 3532 3664
f 3532 3665 3664
f 3532 3533 3665
f 3533 3666 3665
f 3533 3534 3666
f 3534 3667 3666
f 3534 3535 3667
f 3535 3668 3667
f 3535 3536 3668
f 3536 3669 3668
f 3536 3537 3669
f 3537 3670 3669
f 3537 3538 3670
f 3538 3671 3670
f 3538 3539 3671
f 3539 3672 3671
f 3539 3540 3672
f 3541 3542 3673
f 3542 3674 3673
f 3543 3676 3675
f 3543 3544 3676
f 3544 3677 3676
f 3544 3545 3677
f 3545 3678 3677
f 3545 3546 3678
f 3546 3679 3678
f 3546 3547 3679
f 3547 3680 3679
f 3547 3548 3680
f 3548 3681 3680
f 3548 3549 3681
f 3549 3682 3681
f 3549 3550 3682
f 3550 3683 3682
f 3550 3551 3683
f 3551 3684 3683
f 3551 3552 3684
f 3552 3685 3684
f 3552 3553 3685
f 3553 3686 3685
f 3553 3554 3686
f 3554 3687 3686
f 3554 3555 3687
f 3555 3688 3687
f 3555 3556 3688
f 3556 3689 3688
f 3556 3557 3689
f 3557 3690 3689
f 3557 3558 3690
f 3558 3691 3690
f 3558 3559 3691
f 3559 3692 3691
f 3559 3560 3692
f 3560 3693 3692
f 3560 3561 3693
f 3561 3694 3693
f 3561 3562 3694
f 3562 3695 3694
f 3562 3563 3695
f 3563 3696 3695
f 3563 3564 3696
f 3564 3697 3696
f 3564 3565 3697
f 3565 3698 3697
f 3565 3566 3698
f 3566 3699 3698
f 3566 3567 3699
f 3567 3700 3699
f 3567 3568 3700
f 3568 3701 3700
f 3568 3569 3701
f 3569 3702 3701
f 3569 3570 3702
f 3570 3703 3702
f 3570 3571 3703
f 3571 3704 3703
f 3571 3572 3704
f 3572 3705 3704
f 3572 3573 3705
f 3573 3706 3705
f 3573 3574 3706
f 3574 3707 3706
f 3574 3575 3707
f 3575 3708 3707
f 3575 3576 3708
f 3576 3709 3708
f 3576 3577 3709
f 3577 3710 3709
f 3577 3578 3710
f 3578 3711 3710
f 3578 3579 3711
f 3579 3712 3711
f 3579 3580 3712
f 3580 3713 3712
f 3580 3581 3713
f 3581 3714 3713
f 3581 3582 3714
f 3582 3715 3714
f 3582 3583 3715
f 3583 3716 3715
f 3583 3584 3716
f 3584 3717 3716
f 3584 3585 3717
f 3585 3718 3717
f 3585 3586 3718
f 3586 3719 3718
f 3586 3587 3719
f 3587 3720 3719
f 3587 3588 3720
f 3588 3721 3720
f 3588 3589 3721
f 3589 3722 3721
f 3589 3590 3722
f 3590 3723 3722
f 3590 3591 3723
f 3591 3724 3723
f 3591 3592 3724
f 3592 3725 3724
f 3592 3593 3725
f 3593 3726 3725
f 3593 3594 3726
f 3594 3727 3726
f 3594 3595 3727
f 3595 3728 3727
f 3595 3596 3728
f 3596 3729 3728
f 3596 3597 3729
f 3597 3730 3729
f 3597 3598 3730
f 3598 3731 3730
f 3598 3599 3731
f 3599 3732 3731
f 3599 3600 3732
f 3600 3733 3732
f 3600 3601 3733
f 3601 3734 3733
f 3601 3602 3734
f 3602 3735 3734
f 3602 3603 3735
f 3603 3736 3735
f 3603 3604 3736
f 3604 3737 3736
f 3604 3605 3737
f 3605 3738 3737
f 3605 3606 3738
f 3606 3739 3738
f 3606 3607 3739
f 3607 3740 3739
f 3607 3608 3740
f 3608 3741 3740
f 3609 3743 3742
f 3613 3614 3744
f 3614 3745 3744
f 3614 3615 3745
f 3616 3617 3746
f 3617 3747 3746
f 3617 3618 3747
f 3618 3748 3747
f 3618 3619 3748
f 3619 3749 3748
f 3619 3620 3749
f 3620 3750 3749
f 3620 3621 3750
f 3621 3751 3750
f 3621 3622 3751
f 3622 3752 3751
f 3622 3623 3752
f 3627 3628 3753
f 3628 3754 3753
f 3628 3629 3754
f 3629 3755 3754
f 3629 3630 3755
f 3630 3756 3755
f 3630 3631 3756
f 3631 3757 3756
f 3633 3634 3760
f 3634 3761 3760
f 3634 3635 3761
f 3635 3762 3761
f 3635 3636 3762
f 3636 3763 3762
f 3636 3637 3763
f 3637 3764 3763
f 3638 3770 3769
f 3638 3639 3770
f 3639 3771 3770
f 3639 3640 3771
f 3640 3772 3771
f 3640 3641 3772
f 3641 3773 3772
f 3641 3642 3773
f 3642 3774 3773
f 3642 3643 3774
f 3643 3775 3774
f 3643 3644 3775
f 3644 3776 3775
f 3644 3645 3776
f 3645 3777 3776
f 3645 3646 3777
f 3646 3778 3777
f 3646 3647 3778
f 3647 3779 3778
f 3647 3648 3779
f 3648 3780 3779
f 3648 3649 3780
f 3649 3781 3780
f 3649 3650 3781
f 3650 3782 3781
f 3650 3651 3782
f 3651 3783 3782
f 3651 3652 3783
f 3652 3784 3783
f 3652 3653 3784
f 3653 3785 3784
f 3653 3654 3785
f 3654 3786 3785
f 3654 3655 3786
f 3655 3787 3786
f 3655 3656 3787
f 3656 3788 3787
f 3656 3657 3788
f 3657 3789 3788
f 3657 3658 3789
f 3658 3790 3789
f 3658 3659 3790
f 3659 3791 3790
f 3659 3660 3791
f 3660 3792 3791
f 3660 3661 3792
f 3661 3793 3792
f 3661 3662 3793
f 3662 3794 3793
f 3662 3663 3794
f 3663 3795 3794
f 3663 3664 3795
f 3664 3796 3795
f 3664 3665 3796
f 3665 3797 3796
f 3665 3666 3797
f 3666 3798 3797
f 3666 3667 3798
f 3667 3799 3798
f 3667 3668 3799
f 3668 3800 3799
f 3668 3669 3800
f 3669 3801 3800
f 3669 3670 3801
f 3670 3802 3801
f 3670 3671 3802
f 3671 3803 3802
f 3671 3672 3803
f 3672 3804 3803
f 3673 3806 3805
f 3673 3674 3806
f 3674 3807 3806
f 3674 3675 3807
f 3675 3808 3807
f 3675 3676 3808
f 3677 3678 3809
f 3678 3810 3809
f 3678 3679 3810
f 3679 3811 3810
f 3679 3680 3811
f 3680 3812 3811
f 3680 3681 3812
f 3681 3813 3812
f 3681 3682 3813
f 3682 3814 3813
f 3682 3683 3814
f 3683 3815 3814
f 3683 3684 3815
f 3684 3816 3815
f 3684 3685 3816
f 3685 3817 3816
f 3685 3686 3817
f 3686 3818 3817
f 3686 3687 3818
f 3687 3819 3818
f 3687 3688 3819
f 3688 3820 3819
f 3688 3689 3820
f 3689 3821 3820
f 3689 3690 3821
f 3690 3822 3821
f 3690 3691 3822
f 3691 3823 3822
f 3691 3692 3823
f 3692 3824 3823
f 3692 3693 3824
f 3693 3825 3824
f 3693 3694 3825
f 3694 3826 3825
f 3694 3695 3826
f 3695 3827 3826
f 3695 3696 3827
f 3696 3828 3827
f 3696 3697 3828
f 3697 3829 3828
f 3697 3698 3829
f 3698 3830 3829
f 3698 3699 3830
f 3699 3831 3830
f 3699 3700 3831
f 3700 3832 3831
f 3700 3701 3832
f 3701 3833 3832
f 3701 3702 3833
f 3702 3834 3833
f 3702 3703 3834
f 3703 3835 3834
f 3703 3704 3835
f 3704 3836 3835
f 3704 3705 3836
f 3705 3837 3836
f 3705 3706 3837
f 3706 3838 3837
f 3706 3707 3838
f 3707 3839 3838
f 3707 3708 3839
f 3708 3840 3839
f 3708 3709 3840
f 3709 3841 3840
f 3709 3710 3841
f 3710 3842 3841
f 3710 3711 3842
f 3711 3843 3842
f 3711 3712 3843
f 3712 3844 3843
f 3712 3713 3844
f 3713 3845 3844
f 3713 3714 3845
f 3714 3846 3845
f 3714 3715 3846
f 3715 3847 3846
f 3715 3716 3847
f 3716 3848 3847
f 3716 3717 3848
f 3717 3849 3848
f 3717 3718 3849
f 3718 3850 3849
f 3718 3719 3850
f 3719 3851 3850
f 3719 3720 3851
f 3720 3852 3851
f 3720 3721 3852
f 3721 3853 3852
f 3721 3722 3853
f 3722 3854 3853
f 3722 3723 3854
f 3723 3855 3854
f 3723 3724 3855
f 3724 3856 3855
f 3724 3725 3856
f 3725 3857 3856
f 3725 3726 3857
f 3726 3858 3857
f 3726 3727 3858
f 3727 3859 3858
f 3727 3728 3859
f 3728 3860 3859
f 3728 3729 3860
f 3729 3861 3860
f 3729 3730 3861
f 3730 3862 3861
f 3730 3731 3862
f 3731 3863 3862
f 3731 3732 3863
f 3732 3864 3863
f 3732 3733 3864
f 3733 3865 3864
f 3733 3734 3865
f 3734 3866 3865
f 3734 3735 3866
f 3735 3867 3866
f 3735 3736 3867
f 3736 3868 3867
f 3736 3737 3868
f 3737 3869 3868
f 3737 3738 3869
f 3738 3870 3869
f 3738 3739 3870
f 3739 3871 3870
f 3739 3740 3871
f 3740 3872 3871
f 3740 3741 3872
f 3741 3873 3872
f 3741 3742 3873
f 3742 3874 3873
f 3742 3743 3874
f 3743 3875 3874
f 3744 3745 3879
f 3746 3881 3880
f 3746 3747 3881
f 3747 3882 3881
f 3747 3748 3882
f 3754 3755 3886
f 3755 3887 3886
f 3755 3756 3887
f 3756 3888 3887
f 3756 3757 3888
f 3757 3889 3888
f 3757 3758 3889
f 3758 3890 3889
f 3760 3893 3892
f 3760 3761 3893
f 3761 3894 3893
f 3761 3762 3894
f 3762 3895 3894
f 3762 3763 3895
f 3763 3896 3895
f 3763 3764 3896
f 3764 3897 3896
f 3764 3765 3897
f 3765 3898 3897
f 3765 3766 3898
f 3766 3899 3898
f 3766 3767 3899
f 3768 3903 3902
f 3768 3769 3903
f 3769 3904 3903
f 3769 3770 3904
f 3770 3905 3904
f 3770 3771 3905
f 3771 3906 3905
f 3771 3772 3906
f 3772 3907 3906
f 3772 3773 3907
f 3773 3908 3907
f 3773 3774 3908
f 3774 3909 3908
f 3774 3775 3909
f 3775 3910 3909
f 3775 3776 3910
f 3776 3911 3910
f 3776 3777 3911
f 3777 3912 3911
f 3777 3778 3912
f 3778 3913 3912
f 3778 3779 3913
f 3779 3914 3913
f 3779 3780 3914
f 3780 3915 3914
f 3780 3781 3915
f 3781 3916 3915
f 3781 3782 3916
f 3782 3917 3916
f 3782 3783 3917
f 3783 3918 3917
f 3783 3784 3918
f 3784 3919 3918
f 3784 3785 3919
f 3785 3920 3919
f 3785 3786 3920
f 3786 3921 3920
f 3786 3787 3921
f 3787 3922 3921
f 3787 3788 3922
f 3788 3923 3922
f 3788 3789 3923
f 3789 3924 3923
f 3789 3790 3924
f 3790 3925 3924
f 3790 3791 3925
f 3791 3926 3925
f 3791 3792 3926
f 3792 3927 3926
f 3792 3793 3927
f 3793 3928 3927
f 3793 3794 3928
f 3794 3929 3928
f 3794 3795 3929
f 3795 3930 3929
f 3795 3796 3930
f 3796 3931 3930
f 3796 3797 3931
f 3797 3932 3931
f 3797 3798 3932
f 3798 3933 3932
f 3798 3799 3933
f 3799 3934 3933
f 3799 3800 3934
f 3800 3935 3934
f 3800 3801 3935
f 3801 3936 3935
f 3801 3802 3936
f 3804 3805 3937
f 3805 3938 3937
f 3805 3806 3938
f 3806 3939 3938
f 3806 3807 3939
f 3807 3940 3939
f 3807 3808 3940
f 3808 3941 3940
f 3809 3943 3942
f 3809 3810 3943
f 3810 3944 3943
f 3810 3811 3944
f 3811 3945 3944
f 3811 3812 3945
f 3812 3946 3945
f 3812 3813 3946
f 3813 3947 3946
f 3813 3814 3947
f 3815 3816 3948
f 3816 3949 3948
f 3816 3817 3949
f 3817 3950 3949
f 3817 3818 3950
f 3818 3951 3950
f 3818 3819 3951
f 3819 3952 3951
f 3819 3820 3952
f 3820 3953 3952
f 3820 3821 3953
f 3821 3954 3953
f 3821 3822 3954
f 3822 3955 3954
f 3822 3823 3955
f 3823 3956 3955
f 3823 3824 3956
f 3824 3957 3956
f 3824 3825 3957
f 3825 3958 3957
f 3825 3826 3958
f 3826 3959 3958
f 3826 3827 3959
f 3827 3960 3959
f 3827 3828 3960
f 3828 3961 3960
f 3828 3829 3961
f 3829 3962 3961
f 3829 3830 3962
f 3830 3963 3962
f 3830 3831 3963
f 3831 3964 3963
f 3831 3832 3964
f 3832 3965 3964
f 3832 3833 3965
f 3833 3966 3965
f 3833 3834 3966
f 3834 3967 3966
f 3834 3835 3967
f 3835 3968 3967
f 3835 3836 3968
f 3836 3969 3968
f 3836 3837 3969
f 3837 3970 3969
f 3837 3838 3970
f 3838 3971 3970
f 3838 3839 3971
f 3839 3972 3971
f 3839 3840 3972
f 3840 3973 3972
f 3840 3841 3973
f 3841 3974 3973
f 3841 3842 3974
f 3842 3975 3974
f 3842 3843 3975
f 3843 3976 3975
f 3843 3844 3976
f 3844 3977 3976
f 3844 3845 3977
f 3845 3978 3977
f 3845 3846 3978
f 3846 3979 3978
f 3846 3847 3979
f 3847 3980 3979
f 3847 3848 3980
f 3848 3981 3980
f 3848 3849 3981
f 3849 3982 3981
f 3849 3850 3982
f 3850 3983 3982
f 3850 3851 3983
f 3851 3984 3983
f 3851 3852 3984
f 3852 3985 3984
f 3852 3853 3985
f 3853 3986 3985
f 3853 3854 3986
f 3854 3987 3986
f 3854 3855 3987
f 3855 3988 3987
f 3855 3856 3988
f 3856 3989 3988
f 3856 3857 3989
f 3857 3990 3989
f 3857 3858 3990
f 3858 3991 3990
f 3858 3859 3991
f 3859 3992 3991
f 3859 3860 3992
f 3860 3993 3992
f 3860 3861 3993
f 3861 3994 3993
f 3861 3862 3994
f 3862 3995 3994
f 3862 3863 3995
f 3863 3996 3995
f 3863 3864 3996
f 3864 3997 3996
f 3864 3865 3997
f 3865 3998 3997
f 3865 3866 3998
f 3866 3999 3998
f 3866 3867 3999
f 3867 4000 3999
f 3867 3868 4000
f 3868 4001 4000
f 3868 3869 4001
f 3869 4002 4001
f 3869 3870 4002
f 3870 4003 4002
f 3870 3871 4003
f 3871 4004 4003
f 3871 3872 4004
f 3872 4005 4004
f 3872 3873 4005
f 3873 4006 4005
f 3873 3874 4006
f 3874 4007 4006
f 3874 3875 4007
f 3875 4008 4007
f 3875 3876 4008
f 3876 4009 4008
f 3876 3877 4009
f 3877 4010 4009
f 3877 3878 4010
f 3878 4011 4010
f 3879 4013 4012
f 3880 4015 4014
f 3880 3881 4015
f 3881 4016 4015
f 3881 3882 4016
f 3882 4017 4016
f 3883 4022 4021
f 3883 3884 4022
f 3884 4023 4022
f 3884 3885 4023
f 3885 4024 4023
f 3888 3889 4028
f 3889 4029 4028
f 3889 3890 4029
f 3890 4030 4029
f 3892 3893 4032
f 3893 4033 4032
f 3893 3894 4033
f 3894 4034 4033
f 3894 3895 4034
f 3895 4035 4034
f 3895 3896 4035
f 3896 4036 4035
f 3896 3897 4036
f 3897 4037 4036
f 3897 3898 4037
f 3898 4038 4037
f 3898 3899 4038
f 3899 4039 4038
f 3900 4041 4040
f 3901 4046 4045
f 3901 3902 4046
f 3902 4047 4046
f 3902 3903 4047
f 3903 4048 4047
f 3903 3904 4048
f 3904 4049 4048
f 3904 3905 4049
f 3905 4050 4049
f 3905 3906 4050
f 3906 4051 4050
f 3906 3907 4051
f 3907 4052 4051
f 3907 3908 4052
f 3908 4053 4052
f 3908 3909 4053
f 3909 4054 4053
f 3909 3910 4054
f 3910 4055 4054
f 3910 3911 4055
f 3911 4056 4055
f 3911 3912 4056
f 3912 4057 4056
f 3912 3913 4057
f 3913 4058 4057
f 3913 3914 4058
f 3914 4059 4058
f 3914 3915 4059
f 3915 4060 4059
f 3915 3916 4060
f 3916 4061 4060
f 3916 3917 4061
f 3917 4062 4061
f 3917 3918 4062
f 3918 4063 4062
f 3918 3919 4063
f 3919 4064 4063
f 3919 3920 4064
f 3920 4065 4064
f 3920 3921 4065
f 3921 4066 4065
f 3921 3922 4066
f 3922 4067 4066
f 3922 3923 4067
f 3923 4068 4067
f 3923 3924 4068
f 3924 4069 4068
f 3924 3925 4069
f 3925 4070 4069
f 3925 3926 4070
f 3926 4071 4070
f 3926 3927 4071
f 3927 4072 4071
f 3927 3928 4072
f 3928 4073 4072
f 3928 3929 4073
f 3929 4074 4073
f 3929 3930 4074
f 3930 4075 4074
f 3930 3931 4075
f 3931 4076 4075
f 3931 3932 4076
f 3932 4077 4076
f 3932 3933 4077
f 3933 4078 4077
f 3933 3934 4078
f 3934 4079 4078
f 3934 3935 4079
f 3935 4080 4079
f 3935 3936 4080
f 3936 4081 4080
f 3937 4083 4082
f 3937 3938 4083
f 3938 4084 4083
f 3938 3939 4084
f 3939 4085 4084
f 3939 3940 4085
f 3940 4086 4085
f 3940 3941 4086
f 3942 3943 4087
f 3943 4088 4087
f 3943 3944 4088
f 3944 4089 4088
f 3944 3945 4089
f 3945 4090 4089
f 3945 3946 4090
f 3946 4091 4090
f 3946 3947 4091
f 3947 4092 4091
f 3948 4094 4093
f 3948 3949 4094
f 3949 4095 4094
f 3949 3950 4095
f 3950 4096 4095
f 3950 3951 4096
f 3951 4097 4096
f 3951 3952 4097
f 3952 4098 4097
f 3952 3953 4098
f 3953 4099 4098
f 3953 3954 4099
f 3954 4100 4099
f 3954 3955 4100
f 3955 4101 4100
f 3955 3956 4101
f 3956 4102 4101
f 3956 3957 4102
f 3957 4103 4102
f 3957 3958 4103
f 3958 4104 4103
f 3958 3959 4104
f 3959 4105 4104
f 3959 3960 4105
f 3960 4106 4105
f 3960 3961 4106
f 3961 4107 4106
f 3961 3962 4107
f 3962 4108 4107
f 3962 3963 4108
f 3963 4109 4108
f 3963 3964 4109
f 3964 4110 4109
f 3964 3965 4110
f 3965 4111 4110
f 3965 3966 4111
f 3966 4112 4111
f 3966 3967 4112
f 3967 4113 4112
f 3967 3968 4113
f 3968 4114 4113
f 3968 3969 4114
f 3969 4115 4114
f 3969 3970 4115
f 3970 4116 4115
f 3970 3971 4116
f 3971 4117 4116
f 3971 3972 4117
f 3972 4118 4117
f 3972 3973 4118
f 3973 4119 4118
f 3973 3974 4119
f 3974 4120 4119
f 3974 3975 4120
f 3975 4121 4120
f 3975 3976 4121
f 3976 4122 4121
f 3976 3977 4122
f 3977 4123 4122
f 3977 3978 4123
f 3978 4124 4123
f 3978 3979 4124
f 3979 4125 4124
f 3979 3980 4125
f 3980 4126 4125
f 3980 3981 4126
f 3981 4127 4126
f 3981 3982 4127
f 3982 4128 4127
f 3982 3983 4128
f 3983 4129 4128
f 3983 3984 4129
f 3984 4130 4129
f 3984 3985 4130
f 3985 4131 4130
f 3985 3986 4131
f 3986 4132 4131
f 3986 3987 4132
f 3987 4133 4132
f 3987 3988 4133
f 3988 4134 4133
f 3988 3989 4134
f 3989 4135 4134
f 3989 3990 4135
f 3990 4136 4135
f 3990 3991 4136
f 3991 4137 4136
f 3991 3992 4137
f 3992 4138 4137
f 3992 3993 4138
f 3993 4139 4138
f 3993 3994 4139
f 3994 4140 4139
f 3994 3995 4140
f 3995 4141 4140
f 3995 3996 4141
f 3996 4142 4141
f 3996 3997 4142
f 3997 4143 4142
f 3997 3998 4143
f 3998 4144 4143
f 3998 3999 4144
f 3999 4145 4144
f 3999 4000 4145
f 4000 4146 4145
f 4000 4001 4146
f 4001 4147 4146
f 4001 4002 4147
f 4002 4148 4147
f 4002 4003 4148
f 4003 4149 4148
f 4003 4004 4149
f 4004 4150 4149
f 4004 4005 4150
f 4005 4151 4150
f 4005 4006 4151
f 4006 4152 4151
f 4006 4007 4152
f 4007 4153 4152
f 4007 4008 4153
f 4008 4154 4153
f 4008 4009 4154
f 4009 4155 4154
f 4009 4010 4155
f 4010 4156 4155
f 4010 4011 4156
f 4011 4157 4156
f 4011 4012 4157
f 4012 4158 4157
f 4012 4013 4158
f 4013 4159 4158
f 4013 4014 4159
f 4014 4160 4159
f 4014 4015 4160
f 4015 4161 4160
f 4015 4016 4161
f 4016 4162 4161
f 4016 4017 4162
f 4017 4163 4162
f 4017 4018 4163
f 4018 4164 4163
f 4018 4019 4164
f 4020 4021 4165
f 4021 4166 4165
f 4021 4022 4166
f 4022 4167 4166
f 4022 4023 4167
f 4023 4168 4167
f 4023 4024 4168
f 4024 4169 4168
f 4024 4025 4169
f 4025 4170 4169
f 4025 4026 4170
f 4026 4171 4170
f 4026 4027 4171
f 4027 4172 4171
f 4028 4029 4173
f 4029 4174 4173
f 4029 4030 4174
f 4030 4175 4174
f 4030 4031 4175
f 4031 4176 4175
f 4032 4178 4177
f 4032 4033 4178
f 4033 4179 4178
f 4033 4034 4179
f 4034 4180 4179
f 4034 4035 4180
f 4035 4181 4180
f 4035 4036 4181
f 4036 4182 4181
f 4036 4037 4182
f 4037 4183 4182
f 4037 4038 4183
f 4038 4184 4183
f 4038 4039 4184
f 4039 4185 4184
f 4039 4040 4185
f 4040 4186 4185
f 4040 4041 4186
f 4041 4187 4186
f 4041 4042 4187
f 4042 4188 4187
f 4044 4191 4190
f 4044 4045 4191
f 4045 4192 4191
f 4045 4046 4192
f 4046 4193 4192
f 4046 4047 4193
f 4047 4194 4193
f 4047 4048 4194
f 4048 4195 4194
f 4048 4049 4195
f 4049 4196 4195
f 4049 4050 4196
f 4050 4197 4196
f 4050 4051 4197
f 4051 4198 4197
f 4051 4052 4198
f 4052 4199 4198
f 4052 4053 4199
f 4053 4200 4199
f 4053 4054 4200
f 4054 4201 4200
f 4054 4055 4201
f 4055 4202 4201
f 4055 4056 4202
f 4056 4203 4202
f 4056 4057 4203
f 4057 4204 4203
f 4057 4058 4204
f 4058 4205 4204
f 4058 4059 4205
f 4059 4206 4205
f 4059 4060 4206
f 4060 4207 4206
f 4060 4061 4207
f 4061 4208 4207
f 4061 4062 4208
f 4062 4209 4208
f 4062 4063 4209
f 4063 4210 4209
f 4063 4064 4210
f 4064 4211 4210
f 4064 4065 4211
f 4065 4212 4211
f 4065 4066 4212
f 4066 4213 4212
f 4066 4067 4213
f 4067 4214 4213
f 4067 4068 4214
f 4068 4215 4214
f 4068 4069 4215
f 4069 4216 4215
f 4069 4070 4216
f 4070 4217 4216
f 4070 4071 4217
f 4071 4218 4217
f 4071 4072 4218
f 4072 4219 4218
f 4072 4073 4219
f 4073 4220 4219
f 4073 4074 4220
f 4074 4221 4220
f 4074 4075 4221
f 4075 4222 4221
f 4075 4076 4222
f 4076 4223 4222
f 4076 4077 4223
f 4080 4081 4224
f 4081 4225 4224
f 4083 4084 4227
f 4084 4228 4227
f 4084 4085 4228
f 4085 4229 4228
f 4085 4086 4229
f 4088 4089 4230
f 4090 4091 4231
f 4091 4232 4231
f 4091 4092 4232
f 4092 4233 4232
f 4092 4093 4233
f 4093 4234 4233
f 4093 4094 4234
f 4094 4235 4234
f 4094 4095 4235
f 4095 4236 4235
f 4095 4096 4236
f 4096 4237 4236
f 4096 4097 4237
f 4097 4238 4237
f 4097 4098 4238
f 4098 4239 4238
f 4098 4099 4239
f 4099 4240 4239
f 4099 4100 4240
f 4100 4241 4240
f 4100 4101 4241
f 4101 4242 4241
f 4101 4102 4242
f 4102 4243 4242
f 4102 4103 4243
f 4103 4244 4243
f 4103 4104 4244
f 4104 4245 4244
f 4104 4105 4245
f 4105 4246 4245
f 4105 4106 4246
f 4107 4108 4247
f 4108 4248 4247
f 4108 4109 4248
f 4109 4249 4248
f 4109 4110 4249
f 4110 4250 4249
f 4110 4111 4250
f 4111 4251 4250
f 4111 4112 4251
f 4112 4252 4251
f 4112 4113 4252
f 4113 4253 4252
f 4113 4114 4253
f 4114 4254 4253
f 4114 4115 4254
f 4115 4255 4254
f 4115 4116 4255
f 4116 4256 4255
f 4116 4117 4256
f 4117 4257 4256
f 4117 4118 4257
f 4118 4258 4257
f 4118 4119 4258
f 4119 4259 4258
f 4119 4120 4259
f 4120 4260 4259
f 4120 4121 4260
f 4121 4261 4260
f 4121 4122 4261
f 4122 4262 4261
f 4122 4123 4262
f 4123 4263 4262
f 4123 4124 4263
f 4124 4264 4263
f 4124 4125 4264
f 4125 4265 4264
f 4125 4126 4265
f 4126 4266 4265
f 4126 4127 4266
f 4127 4267 4266
f 4127 4128 4267
f 4128 4268 4267
f 4128 4129 4268
f 4129 4269 4268
f 4129 4130 4269
f 4130 4270 4269
f 4130 4131 4270
f 4131 4271 4270
f 4131 4132 4271
f 4132 4272 4271
f 4132 4133 4272
f 4133 4273 4272
f 4133 4134 4273
f 4134 4274 4273
f 4134 4135 4274
f 4135 4275 4274
f 4135 4136 4275
f 4136 4276 4275
f 4136 4137 4276
f 4137 4277 4276
f 4137 4138 4277
f 4138 4278 4277
f 4138 4139 4278
f 4139 4279 4278
f 4139 4140 4279
f 4140 4280 4279
f 4140 4141 4280
f 4141 4281 4280
f 4141 4142 4281
f 4142 4282 4281
f 4142 4143 4282
f 4143 4283 4282
f 4143 4144 4283
f 4144 4284 4283
f 4144 4145 4284
f 4145 4285 4284
f 4145 4146 4285
f 4146 4286 4285
f 4146 4147 4286
f 4147 4287 4286
f 4147 4148 4287
f 4148 4288 4287
f 4148 4149 4288
f 4149 4289 4288
f 4149 4150 4289
f 4150 4290 4289
f 4150 4151 4290
f 4151 4291 4290
f 4151 4152 4291
f 4152 4292 4291
f 4152 4153 4292
f 4153 4293 4292
f 4153 4154 4293
f 4154 4294 4293
f 4154 4155 4294
f 4155 4295 4294
f 4155 4156 4295
f 4156 4296 4295
f 4156 4157 4296
f 4157 4297 4296
f 4157 4158 4297
f 4158 4298 4297
f 4158 4159 4298
f 4159 4299 4298
f 4159 4160 4299
f 4160 4300 4299
f 4160 4161 4300
f 4161 4301 4300
f 4161 4162 4301
f 4162 4302 4301
f 4162 4163 4302
f 4163 4303 4302
f 4163 4164 4303
f 4164 4304 4303
f 4166 4167 4305
f 4167 4306 4305
f 4167 4168 4306
f 4168 4307 4306
f 4168 4169 4307
f 4169 4308 4307
f 4169 4170 4308
f 4170 4309 4308
f 4170 4171 4309
f 4171 4310 4309
f 4171 4172 4310
f 4172 4311 4310
f 4174 4175 4314
f 4175 4315 4314
f 4175 4176 4315
f 4176 4316 4315
f 4177 4318 4317
f 4177 4178 4318
f 4178 4319 4318
f 4178 4179 4319
f 4179 4320 4319
f 4179 4180 4320
f 4180 4321 4320
f 4180 4181 4321
f 4181 4322 4321
f 4181 4182 4322
f 4182 4323 4322
f 4182 4183 4323
f 4183 4324 4323
f 4183 4184 4324
f 4184 4325 4324
f 4184 4185 4325
f 4185 4326 4325
f 4185 4186 4326
f 4186 4327 4326
f 4186 4187 4327
f 4187 4328 4327
f 4187 4188 4328
f 4189 4331 4330
f 4189 4190 4331
f 4190 4332 4331
f 4190 4191 4332
f 4191 4333 4332
f 4191 4192 4333
f 4192 4334 4333
f 4192 4193 4334
f 4193 4335 4334
f 4193 4194 4335
f 4194 4336 4335
f 4194 4195 4336
f 4195 4337 4336
f 4195 4196 4337
f 4196 4338 4337
f 4196 4197 4338
f 4197 4339 4338
f 4197 4198 4339
f 4198 4340 4339
f 4198 4199 4340
f 4199 4341 4340
f 4199 4200 4341
f 4200 4342 4341
f 4200 4201 4342
f 4201 4343 4342
f 4201 4202 4343
f 4202 4344 4343
f 4202 4203 4344
f 4203 4345 4344
f 4203 4204 4345
f 4204 4346 4345
f 4204 4205 4346
f 4205 4347 4346
f 4205 4206 4347
f 4206 4348 4347
f 4206 4207 4348
f 4207 4349 4348
f 4207 4208 4349
f 4208 4350 4349
f 4208 4209 4350
f 4209 4351 4350
f 4209 4210 4351
f 4210 4352 4351
f 4210 4211 4352
f 4211 4353 4352
f 4211 4212 4353
f 4212 4354 4353
f 4212 4213 4354
f 4221 4222 4355
f 4222 4356 4355
f 4222 4223 4356
f 4232 4233 4359
f 4233 4360 4359
f 4233 4234 4360
f 4234 4361 4360
f 4234 4235 4361
f 4236 4237 4362
f 4237 4363 4362
f 4237 4238 4363
f 4238 4364 4363
f 4238 4239 4364
f 4239 4365 4364
f 4239 4240 4365
f 4240 4366 4365
f 4240 4241 4366
f 4241 4367 4366
f 4241 4242 4367
f 4242 4368 4367
f 4242 4243 4368
f 4243 4369 4368
f 4243 4244 4369
f 4244 4370 4369
f 4244 4245 4370
f 4245 4371 4370
f 4245 4246 4371
f 4246 4372 4371
f 4247 4374 4373
f 4247 4248 4374
f 4249 4250 4375
f 4250 4376 4375
f 4250 4251 4376
f 4251 4377 4376
f 4251 4252 4377
f 4252 4378 4377
f 4252 4253 4378
f 4253 4379 4378
f 4253 4254 4379
f 4254 4380 4379
f 4254 4255 4380
f 4255 4381 4380
f 4255 4256 4381
f 4256 4382 4381
f 4256 4257 4382
f 4257 4383 4382
f 4257 4258 4383
f 4258 4384 4383
f 4258 4259 4384
f 4259 4385 4384
f 4259 4260 4385
f 4260 4386 4385
f 4260 4261 4386
f 4261 4387 4386
f 4261 4262 4387
f 4262 4388 4387
f 4262 4263 4388
f 4263 4389 4388
f 4263 4264 4389
f 4264 4390 4389
f 4264 4265 4390
f 4265 4391 4390
f 4265 4266 4391
f 4266 4392 4391
f 4266 4267 4392
f 4267 4393 4392
f 4267 4268 4393
f 4268 4394 4393
f 4268 4269 4394
f 4269 4395 4394
f 4269 4270 4395
f 4270 4396 4395
f 4270 4271 4396
f 4271 4397 4396
f 4271 4272 4397
f 4272 4398 4397
f 4272 4273 4398
f 4273 4399 4398
f 4273 4274 4399
f 4274 4400 4399
f 4274 4275 4400
f 4275 4401 4400
f 4275 4276 4401
f 4276 4402 4401
f 4276 4277 4402
f 4277 4403 4402
f 4277 4278 4403
f 4278 4404 4403
f 4278 4279 4404
f 4279 4405 4404
f 4279 4280 4405
f 4280 4406 4405
f 4280 4281 4406
f 4281 4407 4406
f 4281 4282 4407
f 4282 4408 4407
f 4282 4283 4408
f 4283 4409 4408
f 4283 4284 4409
f 4284 4410 4409
f 4284 4285 4410
f 4285 4411 4410
f 4285 4286 4411
f 4286 4412 4411
f 4286 4287 4412
f 4287 4413 4412
f 4287 4288 4413
f 4288 4414 4413
f 4288 4289 4414
f 4289 4415 4414
f 4289 4290 4415
f 4290 4416 4415
f 4290 4291 4416
f 4291 4417 4416
f 4291 4292 4417
f 4292 4418 4417
f 4292 4293 4418
f 4293 4419 4418
f 4293 4294 4419
f 4294 4420 4419
f 4294 4295 4420
f 4295 4421 4420
f 4295 4296 4421
f 4296 4422 4421
f 4296 4297 4422
f 4297 4423 4422
f 4297 4298 4423
f 4298 4424 4423
f 4298 4299 4424
f 4299 4425 4424
f 4299 4300 4425
f 4300 4426 4425
f 4300 4301 4426
f 4301 4427 4426
f 4301 4302 4427
f 4302 4428 4427
f 4302 4303 4428
f 4303 4429 4428
f 4303 4304 4429
f 4304 4430 4429
f 4305 4306 4432
f 4306 4433 4432
f 4306 4307 4433
f 4307 4434 4433
f 4307 4308 4434
f 4308 4435 4434
f 4308 4309 4435
f 4309 4436 4435
f 4309 4310 4436
f 4310 4437 4436
f 4310 4311 4437
f 4312 4313 4438
f 4313 4439 4438
f 4314 4441 4440
f 4314 4315 4441
f 4315 4442 4441
f 4315 4316 4442
f 4316 4443 4442
f 4316 4317 4443
f 4317 4444 4443
f 4317 4318 4444
f 4318 4445 4444
f 4318 4319 4445
f 4319 4446 4445
f 4319 4320 4446
f 4320 4447 4446
f 4320 4321 4447
f 4321 4448 4447
f 4321 4322 4448
f 4322 4449 4448
f 4322 4323 4449
f 4323 4450 4449
f 4323 4324 4450
f 4324 4451 4450
f 4324 4325 4451
f 4325 4452 4451
f 4325 4326 4452
f 4326 4453 4452
f 4326 4327 4453
f 4327 4454 4453
f 4327 4328 4454
f 4328 4455 4454
f 4329 4330 4456
f 4330 4457 4456
f 4330 4331 4457
f 4331 4458 4457
f 4331 4332 4458
f 4332 4459 4458
f 4332 4333 4459
f 4333 4460 4459
f 4333 4334 4460
f 4334 4461 4460
f 4334 4335 4461
f 4335 4462 4461
f 4335 4336 4462
f 4336 4463 4462
f 4336 4337 4463
f 4337 4464 4463
f 4337 4338 4464
f 4338 4465 4464
f 4338 4339 4465
f 4339 4466 4465
f 4339 4340 4466
f 4340 4467 4466
f 4340 4341 4467
f 4341 4468 4467
f 4341 4342 4468
f 4342 4469 4468
f 4342 4343 4469
f 4343 4470 4469
f 4343 4344 4470
f 4344 4471 4470
f 4344 4345 4471
f 4345 4472 4471
f 4345 4346 4472
f 4346 4473 4472
f 4346 4347 4473
f 4347 4474 4473
f 4347 4348 4474
f 4348 4475 4474
f 4348 4349 4475
f 4349 4476 4475
f 4349 4350 4476
f 4350 4477 4476
f 4350 4351 4477
f 4351 4478 4477
f 4351 4352 4478
f 4352 4479 4478
f 4352 4353 4479
f 4355 4485 4484
f 4355 4356 4485
f 4356 4486 4485
f 4358 4495 4494
f 4359 4360 4499
f 4360 4500 4499
f 4360 4361 4500
f 4362 4502 4501
f 4362 4363 4502
f 4363 4503 4502
f 4363 4364 4503
f 4364 4504 4503
f 4364 4365 4504
f 4365 4505 4504
f 4365 4366 4505
f 4366 4506 4505
f 4366 4367 4506
f 4367 4507 4506
f 4367 4368 4507
f 4368 4508 4507
f 4368 4369 4508
f 4369 4509 4508
f 4369 4370 4509
f 4370 4510 4509
f 4370 4371 4510
f 4371 4511 4510
f 4371 4372 4511
f 4372 4512 4511
f 4372 4373 4512
f 4373 4513 4512
f 4373 4374 4513
f 4374 4514 4513
f 4375 4516 4515
f 4375 4376 4516
f 4376 4517 4516
f 4376 4377 4517
f 4377 4518 4517
f 4377 4378 4518
f 4378 4519 4518
f 4378 4379 4519
f 4379 4520 4519
f 4379 4380 4520
f 4380 4521 4520
f 4380 4381 4521
f 4381 4522 4521
f 4381 4382 4522
f 4382 4523 4522
f 4382 4383 4523
f 4383 4524 4523
f 4383 4384 4524
f 4384 4525 4524
f 4384 4385 4525
f 4385 4526 4525
f 4385 4386 4526
f 4386 4527 4526
f 4386 4387 4527
f 4387 4528 4527
f 4387 4388 4528
f 4388 4529 4528
f 4388 4389 4529
f 4389 4530 4529
f 4389 4390 4530
f 4390 4531 4530
f 4390 4391 4531
f 4391 4532 4531
f 4391 4392 4532
f 4392 4533 4532
f 4392 4393 4533
f 4393 4534 4533
f 4393 4394 4534
f 4394 4535 4534
f 4394 4395 4535
f 4395 4536 4535
f 4395 4396 4536
f 4396 4537 4536
f 4396 4397 4537
f 4397 4538 4537
f 4397 4398 4538
f 4398 4539 4538
f 4398 4399 4539
f 4399 4540 4539
f 4399 4400 4540
f 4400 4541 4540
f 4400 4401 4541
f 4401 4542 4541
f 4401 4402 4542
f 4402 4543 4542
f 4402 4403 4543
f 4403 4544 4543
f 4403 4404 4544
f 4404 4545 4544
f 4404 4405 4545
f 4405 4546 4545
f 4405 4406 4546
f 4406 4547 4546
f 4406 4407 4547
f 4407 4548 4547
f 4407 4408 4548
f 4408 4549 4548
f 4408 4409 4549
f 4409 4550 4549
f 4409 4410 4550
f 4410 4551 4550
f 4410 4411 4551
f 4411 4552 4551
f 4411 4412 4552
f 4412 4553 4552
f 4412 4413 4553
f 4413 4554 4553
f 4413 4414 4554
f 4414 4555 4554
f 4414 4415 4555
f 4415 4556 4555
f 4415 4416 4556
f 4416 4557 4556
f 4416 4417 4557
f 4417 4558 4557
f 4417 4418 4558
f 4418 4559 4558
f 4418 4419 4559
f 4419 4560 4559
f 4419 4420 4560
f 4420 4561 4560
f 4420 4421 4561
f 4421 4562 4561
f 4421 4422 4562
f 4422 4563 4562
f 4422 4423 4563
f 4423 4564 4563
f 4423 4424 4564
f 4424 4565 4564
f 4424 4425 4565
f 4425 4566 4565
f 4425 4426 4566
f 4426 4567 4566
f 4426 4427 4567
f 4427 4568 4567
f 4427 4428 4568
f 4428 4569 4568
f 4428 4429 4569
f 4429 4570 4569
f 4429 4430 4570
f 4430 4571 4570
f 4430 4431 4571
f 4431 4572 4571
f 4434 4435 4574
f 4436 4437 4575
f 4437 4576 4575
f 4438 4578 4577
f 4438 4439 4578
f 4439 4579 4578
f 4439 4440 4579
f 4440 4580 4579
f 4440 4441 4580
f 4442 4443 4581
f 4443 4582 4581
f 4443 4444 4582
f 4444 4583 4582
f 4444 4445 4583
f 4445 4584 4583
f 4445 4446 4584
f 4446 4585 4584
f 4446 4447 4585
f 4447 4586 4585
f 4447 4448 4586
f 4448 4587 4586
f 4448 4449 4587
f 4449 4588 4587
f 4449 4450 4588
f 4450 4589 4588
f 4450 4451 4589
f 4451 4590 4589
f 4451 4452 4590
f 4452 4591 4590
f 4452 4453 4591
f 4453 4592 4591
f 4453 4454 4592
f 4454 4593 4592
f 4454 4455 4593
f 4455 4594 4593
f 4456 4597 4596
f 4456 4457 4597
f 4457 4598 4597
f 4457 4458 4598
f 4458 4599 4598
f 4458 4459 4599
f 4459 4600 4599
f 4459 4460 4600
f 4460 4601 4600
f 4460 4461 4601
f 4461 4602 4601
f 4461 4462 4602
f 4462 4603 4602
f 4462 4463 4603
f 4463 4604 4603
f 4463 4464 4604
f 4464 4605 4604
f 4464 4465 4605
f 4465 4606 4605
f 4465 4466 4606
f 4466 4607 4606
f 4466 4467 4607
f 4467 4608 4607
f 4467 4468 4608
f 4468 4609 4608
f 4468 4469 4609
f 4469 4610 4609
f 4469 4470 4610
f 4470 4611 4610
f 4470 4471 4611
f 4471 4612 4611
f 4471 4472 4612
f 4472 4613 4612
f 4472 4473 4613
f 4473 4614 4613
f 4473 4474 4614
f 4474 4615 4614
f 4474 4475 4615
f 4475 4616 4615
f 4475 4476 4616
f 4483 4484 4617
f 4486 4487 4618
f 4487 4619 4618
f 4490 4491 4623
f 4491 4624 4623
f 4491 4492 4624
f 4492 4625 4624
f 4493 4627 4626
f 4493 4494 4627
f 4494 4628 4627
f 4494 4495 4628
f 4495 4629 4628
f 4495 4496 4629
f 4496 4630 4629
f 4496 4497 4630
f 4497 4631 4630
f 4497 4498 4631
f 4498 4632 4631
f 4499 4634 4633
f 4499 4500 4634
f 4500 4635 4634
f 4501 4637 4636
f 4501 4502 4637
f 4502 4638 4637
f 4502 4503 4638
f 4503 4639 4638
f 4503 4504 4639
f 4504 4640 4639
f 4504 4505 4640
f 4505 4641 4640
f 4505 4506 4641
f 4506 4642 4641
f 4506 4507 4642
f 4507 4643 4642
f 4507 4508 4643
f 4508 4644 4643
f 4508 4509 4644
f 4509 4645 4644
f 4509 4510 4645
f 4510 4646 4645
f 4510 4511 4646
f 4511 4647 4646
f 4511 4512 4647
f 4512 4648 4647
f 4512 4513 4648
f 4513 4649 4648
f 4513 4514 4649
f 4514 4650 4649
f 4514 4515 4650
f 4515 4651 4650
f 4515 4516 4651
f 4516 4652 4651
f 4516 4517 4652
f 4517 4653 4652
f 4517 4518 4653
f 4518 4654 4653
f 4518 4519 4654
f 4519 4655 4654
f 4519 4520 4655
f 4520 4656 4655
f 4520 4521 4656
f 4521 4657 4656
f 4521 4522 4657
f 4522 4658 4657
f 4522 4523 4658
f 4523 4659 4658
f 4523 4524 4659
f 4524 4660 4659
f 4524 4525 4660
f 4525 4661 4660
f 4525 4526 4661
f 4526 4662 4661
f 4526 4527 4662
f 4527 4663 4662
f 4527 4528 4663
f 4528 4664 4663
f 4528 4529 4664
f 4529 4665 4664
f 4529 4530 4665
f 4530 4666 4665
f 4530 4531 4666
f 4531 4667 4666
f 4531 4532 4667
f 4532 4668 4667
f 4532 4533 4668
f 4533 4669 4668
f 4533 4534 4669
f 4534 4670 4669
f 4534 4535 4670
f 4535 4671 4670
f 4535 4536 4671
f 4536 4672 4671
f 4536 4537 4672
f 4537 4673 4672
f 4537 4538 4673
f 4538 4674 4673
f 4538 4539 4674
f 4539 4675 4674
f 4539 4540 4675
f 4540 4676 4675
f 4540 4541 4676
f 4541 4677 4676
f 4541 4542 4677
f 4542 4678 4677
f 4542 4543 4678
f 4543 4679 4678
f 4543 4544 4679
f 4544 4680 4679
f 4544 4545 4680
f 4545 4681 4680
f 4545 4546 4681
f 4546 4682 4681
f 4546 4547 4682
f 4547 4683 4682
f 4547 4548 4683
f 4548 4684 4683
f 4548 4549 4684
f 4549 4685 4684
f 4549 4550 4685
f 4550 4686 4685
f 4550 4551 4686
f 4551 4687 4686
f 4551 4552 4687
f 4552 4688 4687
f 4552 4553 4688
f 4553 4689 4688
f 4553 4554 4689
f 4554 4690 4689
f 4554 4555 4690
f 4555 4691 4690
f 4555 4556 4691
f 4556 4692 4691
f 4556 4557 4692
f 4557 4693 4692
f 4557 4558 4693
f 4558 4694 4693
f 4558 4559 4694
f 4559 4695 4694
f 4559 4560 4695
f 4560 4696 4695
f 4560 4561 4696
f 4561 4697 4696
f 4561 4562 4697
f 4562 4698 4697
f 4562 4563 4698
f 4563 4699 4698
f 4563 4564 4699
f 4564 4700 4699
f 4564 4565 4700
f 4565 4701 4700
f 4565 4566 4701
f 4566 4702 4701
f 4566 4567 4702
f 4567 4703 4702
f 4567 4568 4703
f 4568 4704 4703
f 4568 4569 4704
f 4569 4705 4704
f 4569 4570 4705
f 4570 4706 4705
f 4570 4571 4706
f 4571 4707 4706
f 4571 4572 4707
f 4572 4708 4707
f 4572 4573 4708
f 4573 4709 4708
f 4574 4712 4711
f 4575 4714 4713
f 4575 4576 4714
f 4576 4715 4714
f 4576 4577 4715
f 4577 4716 4715
f 4577 4578 4716
f 4578 4717 4716
f 4578 4579 4717
f 4579 4718 4717
f 4579 4580 4718
f 4580 4719 4718
f 4581 4721 4720
f 4581 4582 4721
f 4583 4584 4722
f 4584 4723 4722
f 4584 4585 4723
f 4585 4724 4723
f 4585 4586 4724
f 4586 4725 4724
f 4586 4587 4725
f 4587 4726 4725
f 4587 4588 4726
f 4588 4727 4726
f 4588 4589 4727
f 4589 4728 4727
f 4589 4590 4728
f 4590 4729 4728
f 4590 4591 4729
f 4591 4730 4729
f 4591 4592 4730
f 4592 4731 4730
f 4592 4593 4731
f 4593 4732 4731
f 4593 4594 4732
f 4594 4733 4732
f 4594 4595 4733
f 4595 4734 4733
f 4597 4598 4738
f 4598 4739 4738
f 4598 4599 4739
f 4599 4740 4739
f 4599 4600 4740
f 4600 4741 4740
f 4600 4601 4741
f 4601 4742 4741
f 4601 4602 4742
f 4602 4743 4742
f 4602 4603 4743
f 4603 4744 4743
f 4603 4604 4744
f 4604 4745 4744
f 4604 4605 4745
f 4605 4746 4745
f 4605 4606 4746
f 4606 4747 4746
f 4606 4607 4747
f 4607 4748 4747
f 4607 4608 4748
f 4608 4749 4748
f 4608 4609 4749
f 4609 4750 4749
f 4609 4610 4750
f 4610 4751 4750
f 4610 4611 4751
f 4611 4752 4751
f 4611 4612 4752
f 4612 4753 4752
f 4612 4613 4753
f 4617 4759 4758
f 4618 4762 4761
f 4618 4619 4762
f 4619 4763 4762
f 4619 4620 4763
f 4620 4764 4763
f 4620 4621 4764
f 4621 4765 4764
f 4622 4767 4766
f 4623 4769 4768
f 4623 4624 4769
f 4624 4770 4769
f 4624 4625 4770
f 4625 4771 4770
f 4625 4626 4771
f 4627 4628 4772
f 4628 4773 4772
f 4628 4629 4773
f 4629 4774 4773
f 4629 4630 4774
f 4630 4775 4774
f 4630 4631 4775
f 4631 4776 4775
f 4631 4632 4776
f 4632 4777 4776
f 4632 4633 4777
f 4633 4778 4777
f 4633 4634 4778
f 4634 4779 4778
f 4634 4635 4779
f 4635 4780 4779
f 4635 4636 4780
f 4636 4781 4780
f 4636 4637 4781
f 4637 4782 4781
f 4637 4638 4782
f 4638 4783 4782
f 4638 4639 4783
f 4639 4784 4783
f 4639 4640 4784
f 4640 4785 4784
f 4640 4641 4785
f 4641 4786 4785
f 4641 4642 4786
f 4642 4787 4786
f 4642 4643 4787
f 4643 4788 4787
f 4643 4644 4788
f 4644 4789 4788
f 4644 4645 4789
f 4645 4790 4789
f 4645 4646 4790
f 4646 4791 4790
f 4646 4647 4791
f 4647 4792 4791
f 4647 4648 4792
f 4648 4793 4792
f 4648 4649 4793
f 4649 4794 4793
f 4649 4650 4794
f 4650 4795 4794
f 4650 4651 4795
f 4651 4796 4795
f 4651 4652 4796
f 4652 4797 4796
f 4652 4653 4797
f 4653 4798 4797
f 4653 4654 4798
f 4654 4799 4798
f 4654 4655 4799
f 4655 4800 4799
f 4655 4656 4800
f 4656 4801 4800
f 4656 4657 4801
f 4657 4802 4801
f 4657 4658 4802
f 4658 4803 4802
f 4658 4659 4803
f 4659 4804 4803
f 4659 4660 4804
f 4660 4805 4804
f 4660 4661 4805
f 4661 4806 4805
f 4661 4662 4806
f 4662 4807 4806
f 4662 4663 4807
f 4663 4808 4807
f 4663 4664 4808
f 4664 4809 4808
f 4664 4665 4809
f 4665 4810 4809
f 4665 4666 4810
f 4666 4811 4810
f 4666 4667 4811
f 4667 4812 4811
f 4667 4668 4812
f 4668 4813 4812
f 4668 4669 4813
f 4669 4814 4813
f 4669 4670 4814
f 4670 4815 4814
f 4670 4671 4815
f 4671 4816 4815
f 4671 4672 4816
f 4672 4817 4816
f 4672 4673 4817
f 4673 4818 4817
f 4673 4674 4818
f 4674 4819 4818
f 4674 4675 4819
f 4675 4820 4819
f 4675 4676 4820
f 4676 4821 4820
f 4676 4677 4821
f 4677 4822 4821
f 4677 4678 4822
f 4678 4823 4822
f 4678 4679 4823
f 4679 4824 4823
f 4679 4680 4824
f 4680 4825 4824
f 4680 4681 4825
f 4681 4826 4825
f 4681 4682 4826
f 4682 4827 4826
f 4682 4683 4827
f 4683 4828 4827
f 4683 4684 4828
f 4684 4829 4828
f 4684 4685 4829
f 4685 4830 4829
f 4685 4686 4830
f 4686 4831 4830
f 4686 4687 4831
f 4687 4832 4831
f 4687 4688 4832
f 4688 4833 4832
f 4688 4689 4833
f 4689 4834 4833
f 4689 4690 4834
f 4690 4835 4834
f 4690 4691 4835
f 4691 4836 4835
f 4691 4692 4836
f 4692 4837 4836
f 4692 4693 4837
f 4693 4838 4837
f 4693 4694 4838
f 4694 4839 4838
f 4694 4695 4839
f 4695 4840 4839
f 4695 4696 4840
f 4696 4841 4840
f 4696 4697 4841
f 4697 4842 4841
f 4697 4698 4842
f 4698 4843 4842
f 4698 4699 4843
f 4699 4844 4843
f 4699 4700 4844
f 4700 4845 4844
f 4700 4701 4845
f 4701 4846 4845
f 4701 4702 4846
f 4702 4847 4846
f 4702 4703 4847
f 4703 4848 4847
f 4703 4704 4848
f 4704 4849 4848
f 4704 4705 4849
f 4705 4850 4849
f 4705 4706 4850
f 4706 4851 4850
f 4706 4707 4851
f 4707 4852 4851
f 4707 4708 4852
f 4708 4853 4852
f 4708 4709 4853
f 4709 4854 4853
f 4709 4710 4854
f 4710 4855 4854
f 4710 4711 4855
f 4711 4856 4855
f 4711 4712 4856
f 4712 4857 4856
f 4712 4713 4857
f 4713 4858 4857
f 4713 4714 4858
f 4715 4716 4859
f 4716 4860 4859
f 4716 4717 4860
f 4717 4861 4860
f 4717 4718 4861
f 4718 4862 4861
f 4718 4719 4862
f 4719 4863 4862
f 4719 4720 4863
f 4720 4864 4863
f 4720 4721 4864
f 4721 4865 4864
f 4722 4867 4866
f 4722 4723 4867
f 4723 4868 4867
f 4723 4724 4868
f 4724 4869 4868
f 4724 4725 4869
f 4725 4870 4869
f 4725 4726 4870
f 4726 4871 4870
f 4726 4727 4871
f 4727 4872 4871
f 4727 4728 4872
f 4728 4873 4872
f 4728 4729 4873
f 4729 4874 4873
f 4729 4730 4874
f 4730 4875 4874
f 4730 4731 4875
f 4731 4876 4875
f 4731 4732 4876
f 4732 4877 4876
f 4732 4733 4877
f 4733 4878 4877
f 4733 4734 4878
f 4734 4879 4878
f 4734 4735 4879
f 4735 4880 4879
f 4735 4736 4880
f 4736 4881 4880
f 4736 4737 4881
f 4737 4882 4881
f 4738 4739 4884
f 4739 4885 4884
f 4739 4740 4885
f 4740 4886 4885
f 4740 4741 4886
f 4741 4887 4886
f 4741 4742 4887
f 4742 4888 4887
f 4742 4743 4888
f 4743 4889 4888
f 4743 4744 4889
f 4744 4890 4889
f 4744 4745 4890
f 4745 4891 4890
f 4745 4746 4891
f 4746 4892 4891
f 4746 4747 4892
f 4747 4893 4892
f 4747 4748 4893
f 4755 4756 4894
f 4756 4895 4894
f 4756 4757 4895
f 4757 4896 4895
f 4757 4758 4896
f 4758 4897 4896
f 4758 4759 4897
f 4759 4898 4897
f 4759 4760 4898
f 4760 4899 4898
f 4760 4761 4899
f 4761 4900 4899
f 4761 4762 4900
f 4762 4901 4900
f 4762 4763 4901
f 4763 4902 4901
f 4763 4764 4902
f 4764 4903 4902
f 4764 4765 4903
f 4765 4904 4903
f 4765 4766 4904
f 4766 4905 4904
f 4766 4767 4905
f 4767 4906 4905
f 4767 4768 4906
f 4768 4907 4906
f 4768 4769 4907
f 4769 4908 4907
f 4769 4770 4908
f 4770 4909 4908
f 4770 4771 4909
f 4771 4910 4909
f 4772 4912 4911
f 4772 4773 4912
f 4773 4913 4912
f 4773 4774 4913
f 4774 4914 4913
f 4774 4775 4914
f 4775 4915 4914
f 4775 4776 4915
f 4776 4916 4915
f 4776 4777 4916
f 4777 4917 4916
f 4777 4778 4917
f 4778 4918 4917
f 4778 4779 4918
f 4779 4919 4918
f 4779 4780 4919
f 4780 4920 4919
f 4780 4781 4920
f 4781 4921 4920
f 4781 4782 4921
f 4782 4922 4921
f 4782 4783 4922
f 4783 4923 4922
f 4783 4784 4923
f 4784 4924 4923
f 4784 4785 4924
f 4785 4925 4924
f 4785 4786 4925
f 4786 4926 4925
f 4786 4787 4926
f 4787 4927 4926
f 4787 4788 4927
f 4788 4928 4927
f 4788 4789 4928
f 4789 4929 4928
f 4789 4790 4929
f 4790 4930 4929
f 4790 4791 4930
f 4791 4931 4930
f 4791 4792 4931
f 4792 4932 4931
f 4792 4793 4932
f 4793 4933 4932
f 4793 4794 4933
f 4794 4934 4933
f 4794 4795 4934
f 4795 4935 4934
f 4795 4796 4935
f 4796 4936 4935
f 4796 4797 4936
f 4797 4937 4936
f 4797 4798 4937
f 4798 4938 4937
f 4798 4799 4938
f 4799 4939 4938
f 4799 4800 4939
f 4800 4940 4939
f 4800 4801 4940
f 4801 4941 4940
f 4801 4802 4941
f 4802 4942 4941
f 4802 4803 4942
f 4803 4943 4942
f 4803 4804 4943
f 4804 4944 4943
f 4804 4805 4944
f 4805 4945 4944
f 4805 4806 4945
f 4806 4946 4945
f 4806 4807 4946
f 4807 4947 4946
f 4807 4808 4947
f 4808 4948 4947
f 4808 4809 4948
f 4809 4949 4948
f 4809 4810 4949
f 4810 4950 4949
f 4810 4811 4950
f 4811 4951 4950
f 4811 4812 4951
f 4812 4952 4951
f 4812 4813 4952
f 4813 4953 4952
f 4813 4814 4953
f 4814 4954 4953
f 4814 4815 4954
f 4815 4955 4954
f 4815 4816 4955
f 4816 4956 4955
f 4816 4817 4956
f 4817 4957 4956
f 4817 4818 4957
f 4818 4958 4957
f 4818 4819 4958
f 4819 4959 4958
f 4819 4820 4959
f 4820 4960 4959
f 4820 4821 4960
f 4821 4961 4960
f 4821 4822 4961
f 4822 4962 4961
f 4822 4823 4962
f 4823 4963 4962
f 4823 4824 4963
f 4824 4964 4963
f 4824 4825 4964
f 4825 4965 4964
f 4825 4826 4965
f 4826 4966 4965
f 4826 4827 4966
f 4827 4967 4966
f 4827 4828 4967
f 4828 4968 4967
f 4828 4829 4968
f 4829 4969 4968
f 4829 4830 4969
f 4830 4970 4969
f 4830 4831 4970
f 4831 4971 4970
f 4831 4832 4971
f 4832 4972 4971
f 4832 4833 4972
f 4833 4973 4972
f 4833 4834 4973
f 4834 4974 4973
f 4834 4835 4974
f 4835 4975 4974
f 4835 4836 4975
f 4836 4976 4975
f 4836 4837 4976
f 4837 4977 4976
f 4837 4838 4977
f 4838 4978 4977
f 4838 4839 4978
f 4839 4979 4978
f 4839 4840 4979
f 4840 4980 4979
f 4840 4841 4980
f 4841 4981 4980
f 4841 4842 4981
f 4842 4982 4981
f 4842 4843 4982
f 4843 4983 4982
f 4843 4844 4983
f 4844 4984 4983
f 4844 4845 4984
f 4845 4985 4984
f 4845 4846 4985
f 4846 4986 4985
f 4846 4847 4986
f 4847 4987 4986
f 4847 4848 4987
f 4848 4988 4987
f 4848 4849 4988
f 4849 4989 4988
f 4849 4850 4989
f 4850 4990 4989
f 4850 4851 4990
f 4851 4991 4990
f 4851 4852 4991
f 4852 4992 4991
f 4852 4853 4992
f 4853 4993 4992
f 4853 4854 4993
f 4854 4994 4993
f 4854 4855 4994
f 4855 4995 4994
f 4855 4856 4995
f 4856 4996 4995
f 4856 4857 4996
f 4857 4997 4996
f 4857 4858 4997
f 4858 4998 4997
f 4859 5000 4999
f 4859 4860 5000
f 4860 5001 5000
f 4860 4861 5001
f 4861 5002 5001
f 4861 4862 5002
f 4862 5003 5002
f 4862 4863 5003
f 4863 5004 5003
f 4863 4864 5004
f 4864 5005 5004
f 4864 4865 5005
f 4865 5006 5005
f 4865 4866 5006
f 4866 5007 5006
f 4866 4867 5007
f 4867 5008 5007
f 4867 4868 5008
f 4868 5009 5008
f 4868 4869 5009
f 4869 5010 5009
f 4869 4870 5010
f 4870 5011 5010
f 4870 4871 5011
f 4871 5012 5011
f 4871 4872 5012
f 4872 5013 5012
f 4872 4873 5013
f 4873 5014 5013
f 4873 4874 5014
f 4874 5015 5014
f 4874 4875 5015
f 4875 5016 5015
f 4875 4876 5016
f 4876 5017 5016
f 4876 4877 5017
f 4877 5018 5017
f 4877 4878 5018
f 4878 5019 5018
f 4878 4879 5019
f 4879 5020 5019
f 4879 4880 5020
f 4880 5021 5020
f 4880 4881 5021
f 4882 4883 5022
f 4883 5023 5022
f 4889 4890 5024
f 4898 4899 5025
f 4899 5026 5025
f 4899 4900 5026
f 4900 5027 5026
f 4900 4901 5027
f 4901 5028 5027
f 4901 4902 5028
f 4902 5029 5028
f 4902 4903 5029
f 4903 5030 5029
f 4903 4904 5030
f 4904 5031 5030
f 4904 4905 5031
f 4905 5032 5031
f 4905 4906 5032
f 4906 5033 5032
f 4906 4907 5033
f 4907 5034 5033
f 4907 4908 5034
f 4908 5035 5034
f 4908 4909 5035
f 4909 5036 5035
f 4909 4910 5036
f 4910 5037 5036
f 4910 4911 5037
f 4911 5038 5037
f 4911 4912 5038
f 4912 5039 5038
f 4912 4913 5039
f 4913 5040 5039
f 4913 4914 5040
f 4914 5041 5040
f 4914 4915 5041
f 4915 5042 5041
f 4915 4916 5042
f 4916 5043 5042
f 4916 4917 5043
f 4917 5044 5043
f 4917 4918 5044
f 4918 5045 5044
f 4918 4919 5045
f 4919 5046 5045
f 4919 4920 5046
f 4920 5047 5046
f 4920 4921 5047
f 4921 5048 5047
f 4921 4922 5048
f 4922 5049 5048
f 4922 4923 5049
f 4923 5050 5049
f 4923 4924 5050
f 4924 5051 5050
f 4924 4925 5051
f 4925 5052 5051
f 4925 4926 5052
f 4926 5053 5052
f 4926 4927 5053
f 4927 5054 5053
f 4927 4928 5054
f 4928 5055 5054
f 4928 4929 5055
f 4929 5056 5055
f 4929 4930 5056
f 4930 5057 5056
f 4930 4931 5057
f 4931 5058 5057
f 4931 4932 5058
f 4932 5059 5058
f 4932 4933 5059
f 4933 5060 5059
f 4933 4934 5060
f 4934 5061 5060
f 4934 4935 5061
f 4935 5062 5061
f 4935 4936 5062
f 4936 5063 5062
f 4936 4937 5063
f 4937 5064 5063
f 4937 4938 5064
f 4938 5065 5064
f 4938 4939 5065
f 4939 5066 5065
f 4939 4940 5066
f 4940 5067 5066
f 4940 4941 5067
f 4941 5068 5067
f 4941 4942 5068
f 4942 5069 5068
f 4942 4943 5069
f 4943 5070 5069
f 4943 4944 5070
f 4944 5071 5070
f 4944 4945 5071
f 4945 5072 5071
f 4945 4946 5072
f 4946 5073 5072
f 4946 4947 5073
f 4947 5074 5073
f 4947 4948 5074
f 4948 5075 5074
f 4948 4949 5075
f 4949 5076 5075
f 4949 4950 5076
f 4950 5077 5076
f 4950 4951 5077
f 4951 5078 5077
f 4951 4952 5078
f 4952 5079 5078
f 4952 4953 5079
f 4953 5080 5079
f 4953 4954 5080
f 4954 5081 5080
f 4954 4955 5081
f 4955 5082 5081
f 4955 4956 5082
f 4956 5083 5082
f 4956 4957 5083
f 4957 5084 5083
f 4957 4958 5084
f 4958 5085 5084
f 4958 4959 5085
f 4959 5086 5085
f 4959 4960 5086
f 4960 5087 5086
f 4960 4961 5087
f 4961 5088 5087
f 4961 4962 5088
f 4962 5089 5088
f 4962 4963 5089
f 4963 5090 5089
f 4963 4964 5090
f 4964 5091 5090
f 4964 4965 5091
f 4965 5092 5091
f 4965 4966 5092
f 4966 5093 5092
f 4966 4967 5093
f 4967 5094 5093
f 4967 4968 5094
f 4968 5095 5094
f 4968 4969 5095
f 4969 5096 5095
f 4969 4970 5096
f 4970 5097 5096
f 4970 4971 5097
f 4971 5098 5097
f 4971 4972 5098
f 4972 5099 5098
f 4972 4973 5099
f 4973 5100 5099
f 4973 4974 5100
f 4974 5101 5100
f 4974 4975 5101
f 4975 5102 5101
f 4975 4976 5102
f 4976 5103 5102
f 4976 4977 5103
f 4977 5104 5103
f 4977 4978 5104
f 4978 5105 5104
f 4978 4979 5105
f 4979 5106 5105
f 4979 4980 5106
f 4980 5107 5106
f 4980 4981 5107
f 4981 5108 5107
f 4981 4982 5108
f 4982 5109 5108
f 4982 4983 5109
f 4983 5110 5109
f 4983 4984 5110
f 4984 5111 5110
f 4984 4985 5111
f 4985 5112 5111
f 4985 4986 5112
f 4986 5113 5112
f 4986 4987 5113
f 4987 5114 5113
f 4987 4988 5114
f 4988 5115 5114
f 4988 4989 5115
f 4989 5116 5115
f 4989 4990 5116
f 4990 5117 5116
f 4990 4991 5117
f 4991 5118 5117
f 4991 4992 5118
f 4992 5119 5118
f 4992 4993 5119
f 4993 5120 5119
f 4993 4994 5120
f 4994 5121 5120
f 4994 4995 5121
f 4995 5122 5121
f 4995 4996 5122
f 4996 5123 5122
f 4996 4997 5123
f 4997 5124 5123
f 4997 4998 5124
f 4998 5125 5124
f 4998 4999 5125
f 4999 5126 5125
f 4999 5000 5126
f 5000 5127 5126
f 5000 5001 5127
f 5001 5128 5127
f 5001 5002 5128
f 5003 5004 5129
f 5004 5130 5129
f 5004 5005 5130
f 5005 5131 5130
f 5005 5006 5131
f 5006 5132 5131
f 5006 5007 5132
f 5007 5133 5132
f 5007 5008 5133
f 5008 5134 5133
f 5008 5009 5134
f 5009 5135 5134
f 5009 5010 5135
f 5010 5136 5135
f 5010 5011 5136
f 5011 5137 5136
f 5011 5012 5137
f 5012 5138 5137
f 5012 5013 5138
f 5013 5139 5138
f 5013 5014 5139
f 5014 5140 5139
f 5014 5015 5140
f 5015 5141 5140
f 5015 5016 5141
f 5016 5142 5141
f 5016 5017 5142
f 5017 5143 5142
f 5017 5018 5143
f 5018 5144 5143
f 5018 5019 5144
f 5019 5145 5144
f 5019 5020 5145
f 5020 5146 5145
f 5020 5021 5146
f 5021 5147 5146
f 5022 5149 5148
f 5022 5023 5149
f 5023 5150 5149
f 5025 5154 5153
f 5025 5026 5154
f 5026 5155 5154
f 5026 5027 5155
f 5027 5156 5155
f 5027 5028 5156
f 5028 5157 5156
f 5028 5029 5157
f 5029 5158 5157
f 5029 5030 5158
f 5030 5159 5158
f 5030 5031 5159
f 5031 5160 5159
f 5031 5032 5160
f 5032 5161 5160
f 5032 5033 5161
f 5033 5162 5161
f 5033 5034 5162
f 5034 5163 5162
f 5034 5035 5163
f 5035 5164 5163
f 5035 5036 5164
f 5036 5165 5164
f 5036 5037 5165
f 5037 5166 5165
f 5037 5038 5166
f 5038 5167 5166
f 5038 5039 5167
f 5039 5168 5167
f 5039 5040 5168
f 5040 5169 5168
f 5040 5041 5169
f 5041 5170 5169
f 5041 5042 5170
f 5042 5171 5170
f 5042 5043 5171
f 5043 5172 5171
f 5043 5044 5172
f 5044 5173 5172
f 5044 5045 5173
f 5045 5174 5173
f 5045 5046 5174
f 5046 5175 5174
f 5046 5047 5175
f 5047 5176 5175
f 5047 5048 5176
f 5048 5177 5176
f 5048 5049 5177
f 5049 5178 5177
f 5049 5050 5178
f 5050 5179 5178
f 5050 5051 5179
f 5051 5180 5179
f 5051 5052 5180
f 5052 5181 5180
f 5052 5053 5181
f 5053 5182 5181
f 5053 5054 5182
f 5054 5183 5182
f 5054 5055 5183
f 5055 5184 5183
f 5055 5056 5184
f 5056 5185 5184
f 5056 5057 5185
f 5057 5186 5185
f 5057 5058 5186
f 5058 5187 5186
f 5058 5059 5187
f 5059 5188 5187
f 5059 5060 5188
f 5060 5189 5188
f 5060 5061 5189
f 5061 5190 5189
f 5061 5062 5190
f 5062 5191 5190
f 5062 5063 5191
f 5063 5192 5191
f 5063 5064 5192
f 5064 5193 5192
f 5064 5065 5193
f 5065 5194 5193
f 5065 5066 5194
f 5066 5195 5194
f 5066 5067 5195
f 5067 5196 5195
f 5067 5068 5196
f 5068 5197 5196
f 5068 5069 5197
f 5069 5198 5197
f 5069 5070 5198
f 5070 5199 5198
f 5070 5071 5199
f 5071 5200 5199
f 5071 5072 5200
f 5072 5201 5200
f 5072 5073 5201
f 5073 5202 5201
f 5073 5074 5202
f 5074 5203 5202
f 5074 5075 5203
f 5075 5204 5203
f 5075 5076 5204
f 5076 5205 5204
f 5076 5077 5205
f 5077 5206 5205
f 5077 5078 5206
f 5078 5207 5206
f 5078 5079 5207
f 5079 5208 5207
f 5079 5080 5208
f 5080 5209 5208
f 5080 5081 5209
f 5081 5210 5209
f 5081 5082 5210
f 5082 5211 5210
f 5082 5083 5211
f 5083 5212 5211
f 5083 5084 5212
f 5084 5213 5212
f 5084 5085 5213
f 5085 5214 5213
f 5085 5086 5214
f 5086 5215 5214
f 5086 5087 5215
f 5087 5216 5215
f 5087 5088 5216
f 5088 5217 5216
f 5088 5089 5217
f 5089 5218 5217
f 5089 5090 5218
f 5090 5219 5218
f 5090 5091 5219
f 5091 5220 5219
f 5091 5092 5220
f 5092 5221 5220
f 5092 5093 5221
f 5093 5222 5221
f 5093 5094 5222
f 5094 5223 5222
f 5094 5095 5223
f 5095 5224 5223
f 5095 5096 5224
f 5096 5225 5224
f 5096 5097 5225
f 5097 5226 5225
f 5097 5098 5226
f 5098 5227 5226
f 5098 5099 5227
f 5099 5228 5227
f 5099 5100 5228
f 5100 5229 5228
f 5100 5101 5229
f 5101 5230 5229
f 5101 5102 5230
f 5102 5231 5230
f 5102 5103 5231
f 5103 5232 5231
f 5103 5104 5232
f 5104 5233 5232
f 5104 5105 5233
f 5105 5234 5233
f 5105 5106 5234
f 5106 5235 5234
f 5106 5107 5235
f 5107 5236 5235
f 5107 5108 5236
f 5108 5237 5236
f 5108 5109 5237
f 5109 5238 5237
f 5109 5110 5238
f 5110 5239 5238
f 5110 5111 5239
f 5111 5240 5239
f 5111 5112 5240
f 5112 5241 5240
f 5112 5113 5241
f 5113 5242 5241
f 5113 5114 5242
f 5114 5243 5242
f 5114 5115 5243
f 5115 5244 5243
f 5115 5116 5244
f 5116 5245 5244
f 5116 5117 5245
f 5117 5246 5245
f 5117 5118 5246
f 5118 5247 5246
f 5118 5119 5247
f 5119 5248 5247
f 5119 5120 5248
f 5120 5249 5248
f 5120 5121 5249
f 5121 5250 5249
f 5121 5122 5250
f 5122 5251 5250
f 5122 5123 5251
f 5123 5252 5251
f 5123 5124 5252
f 5124 5253 5252
f 5124 5125 5253
f 5125 5254 5253
f 5125 5126 5254
f 5126 5255 5254
f 5126 5127 5255
f 5127 5256 5255
f 5127 5128 5256
f 5128 5257 5256
f 5129 5259 5258
f 5129 5130 5259
f 5130 5260 5259
f 5130 5131 5260
f 5131 5261 5260
f 5131 5132 5261
f 5132 5262 5261
f 5132 5133 5262
f 5133 5263 5262
f 5133 5134 5263
f 5134 5264 5263
f 5134 5135 5264
f 5135 5265 5264
f 5135 5136 5265
f 5136 5266 5265
f 5136 5137 5266
f 5137 5267 5266
f 5137 5138 5267
f 5138 5268 5267
f 5138 5139 5268
f 5139 5269 5268
f 5139 5140 5269
f 5140 5270 5269
f 5140 5141 5270
f 5141 5271 5270
f 5141 5142 5271
f 5142 5272 5271
f 5142 5143 5272
f 5143 5273 5272
f 5143 5144 5273
f 5144 5274 5273
f 5144 5145 5274
f 5145 5275 5274
f 5145 5146 5275
f 5146 5276 5275
f 5146 5147 5276
f 5147 5277 5276
f 5147 5148 5277
f 5148 5278 5277
f 5148 5149 5278
f 5149 5279 5278
f 5149 5150 5279
f 5150 5280 5279
f 5150 5151 5280
f 5151 5281 5280
f 5157 5158 5286
f 5158 5287 5286
f 5158 5159 5287
f 5159 5288 5287
f 5159 5160 5288
f 5160 5289 5288
f 5160 5161 5289
f 5161 5290 5289
f 5161 5162 5290
f 5162 5291 5290
f 5162 5163 5291
f 5163 5292 5291
f 5163 5164 5292
f 5164 5293 5292
f 5164 5165 5293
f 5165 5294 5293
f 5165 5166 5294
f 5166 5295 5294
f 5166 5167 5295
f 5167 5296 5295
f 5167 5168 5296
f 5168 5297 5296
f 5168 5169 5297
f 5169 5298 5297
f 5169 5170 5298
f 5170 5299 5298
f 5170 5171 5299
f 5171 5300 5299
f 5171 5172 5300
f 5172 5301 5300
f 5172 5173 5301
f 5173 5302 5301
f 5173 5174 5302
f 5174 5303 5302
f 5174 5175 5303
f 5175 5304 5303
f 5175 5176 5304
f 5176 5305 5304
f 5176 5177 5305
f 5177 5306 5305
f 5177 5178 5306
f 5178 5307 5306
f 5178 5179 5307
f 5179 5308 5307
f 5179 5180 5308
f 5180 5309 5308
f 5180 5181 5309
f 5181 5310 5309
f 5181 5182 5310
f 5182 5311 5310
f 5182 5183 5311
f 5183 5312 5311
f 5183 5184 5312
f 5184 5313 5312
f 5184 5185 5313
f 5185 5314 5313
f 5185 5186 5314
f 5186 5315 5314
f 5186 5187 5315
f 5187 5316 5315
f 5187 5188 5316
f 5188 5317 5316
f 5188 5189 5317
f 5189 5318 5317
f 5189 5190 5318
f 5190 5319 5318
f 5190 5191 5319
f 5191 5320 5319
f 5191 5192 5320
f 5192 5321 5320
f 5192 5193 5321
f 5193 5322 5321
f 5193 5194 5322
f 5194 5323 5322
f 5194 5195 5323
f 5195 5324 5323
f 5195 5196 5324
f 5196 5325 5324
f 5196 5197 5325
f 5197 5326 5325
f 5197 5198 5326
f 5198 5327 5326
f 5198 5199 5327
f 5199 5328 5327
f 5199 5200 5328
f 5200 5329 5328
f 5200 5201 5329
f 5201 5330 5329
f 5201 5202 5330
f 5202 5331 5330
f 5202 5203 5331
f 5203 5332 5331
f 5203 5204 5332
f 5204 5333 5332
f 5204 5205 5333
f 5205 5334 5333
f 5205 5206 5334
f 5206 5335 5334
f 5206 5207 5335
f 5207 5336 5335
f 5207 5208 5336
f 5208 5337 5336
f 5208 5209 5337
f 5209 5338 5337
f 5209 5210 5338
f 5210 5339 5338
f 5210 5211 5339
f 5211 5340 5339
f 5211 5212 5340
f 5212 5341 5340
f 5212 5213 5341
f 5213 5342 5341
f 5213 5214 5342
f 5214 5343 5342
f 5214 5215 5343
f 5215 5344 5343
f 5215 5216 5344
f 5216 5345 5344
f 5216 5217 5345
f 5217 5346 5345
f 5217 5218 5346
f 5218 5347 5346
f 5218 5219 5347
f 5219 5348 5347
f 5219 5220 5348
f 5220 5349 5348
f 5220 5221 5349
f 5221 5350 5349
f 5221 5222 5350
f 5222 5351 5350
f 5222 5223 5351
f 5223 5352 5351
f 5223 5224 5352
f 5224 5353 5352
f 5224 5225 5353
f 5225 5354 5353
f 5225 5226 5354
f 5226 5355 5354
f 5226 5227 5355
f 5227 5356 5355
f 5227 5228 5356
f 5228 5357 5356
f 5228 5229 5357
f 5229 5358 5357
f 5229 5230 5358
f 5230 5359 5358
f 5230 5231 5359
f 5231 5360 5359
f 5231 5232 5360
f 5232 5361 5360
f 5232 5233 5361
f 5233 5362 5361
f 5233 5234 5362
f 5234 5363 5362
f 5234 5235 5363
f 5235 5364 5363
f 5235 5236 5364
f 5236 5365 5364
f 5236 5237 5365
f 5237 5366 5365
f 5237 5238 5366
f 5238 5367 5366
f 5238 5239 5367
f 5239 5368 5367
f 5239 5240 5368
f 5240 5369 5368
f 5240 5241 5369
f 5241 5370 5369
f 5241 5242 5370
f 5242 5371 5370
f 5242 5243 5371
f 5243 5372 5371
f 5243 5244 5372
f 5244 5373 5372
f 5244 5245 5373
f 5245 5374 5373
f 5245 5246 5374
f 5246 5375 5374
f 5246 5247 5375
f 5247 5376 5375
f 5247 5248 5376
f 5248 5377 5376
f 5248 5249 5377
f 5249 5378 5377
f 5249 5250 5378
f 5250 5379 5378
f 5250 5251 5379
f 5251 5380 5379
f 5251 5252 5380
f 5252 5381 5380
f 5252 5253 5381
f 5253 5382 5381
f 5253 5254 5382
f 5254 5383 5382
f 5254 5255 5383
f 5255 5384 5383
f 5255 5256 5384
f 5256 5385 5384
f 5256 5257 5385
f 5257 5386 5385
f 5257 5258 5386
f 5258 5387 5386
f 5258 5259 5387
f 5259 5388 5387
f 5259 5260 5388
f 5260 5389 5388
f 5260 5261 5389
f 5262 5263 5390
f 5263 5391 5390
f 5263 5264 5391
f 5264 5392 5391
f 5264 5265 5392
f 5265 5393 5392
f 5265 5266 5393
f 5266 5394 5393
f 5266 5267 5394
f 5267 5395 5394
f 5267 5268 5395
f 5268 5396 5395
f 5268 5269 5396
f 5269 5397 5396
f 5269 5270 5397
f 5270 5398 5397
f 5270 5271 5398
f 5271 5399 5398
f 5271 5272 5399
f 5272 5400 5399
f 5272 5273 5400
f 5273 5401 5400
f 5273 5274 5401
f 5274 5402 5401
f 5274 5275 5402
f 5275 5403 5402
f 5275 5276 5403
f 5276 5404 5403
f 5276 5277 5404
f 5277 5405 5404
f 5277 5278 5405
f 5278 5406 5405
f 5278 5279 5406
f 5279 5407 5406
f 5279 5280 5407
f 5280 5408 5407
f 5280 5281 5408
f 5281 5409 5408
f 5283 5413 5412
f 5283 5284 5413
f 5284 5414 5413
f 5284 5285 5414
f 5285 5415 5414
f 5288 5289 5417
f 5289 5418 5417
f 5289 5290 5418
f 5290 5419 5418
f 5290 5291 5419
f 5291 5420 5419
f 5291 5292 5420
f 5292 5421 5420
f 5292 5293 5421
f 5293 5422 5421
f 5293 5294 5422
f 5294 5423 5422
f 5294 5295 5423
f 5295 5424 5423
f 5295 5296 5424
f 5296 5425 5424
f 5296 5297 5425
f 5297 5426 5425
f 5297 5298 5426
f 5298 5427 5426
f 5298 5299 5427
f 5299 5428 5427
f 5299 5300 5428
f 5300 5429 5428
f 5300 5301 5429
f 5301 5430 5429
f 5301 5302 5430
f 5302 5431 5430
f 5302 5303 5431
f 5303 5432 5431
f 5303 5304 5432
f 5304 5433 5432
f 5304 5305 5433
f 5305 5434 5433
f 5305 5306 5434
f 5306 5435 5434
f 5306 5307 5435
f 5307 5436 5435
f 5307 5308 5436
f 5308 5437 5436
f 5308 5309 5437
f 5309 5438 5437
f 5309 5310 5438
f 5310 5439 5438
f 5310 5311 5439
f 5311 5440 5439
f 5311 5312 5440
f 5312 5441 5440
f 5312 5313 5441
f 5313 5442 5441
f 5313 5314 5442
f 5314 5443 5442
f 5314 5315 5443
f 5315 5444 5443
f 5315 5316 5444
f 5316 5445 5444
f 5316 5317 5445
f 5317 5446 5445
f 5317 5318 5446
f 5318 5447 5446
f 5318 5319 5447
f 5319 5448 5447
f 5319 5320 5448
f 5320 5449 5448
f 5320 5321 5449
f 5321 5450 5449
f 5321 5322 5450
f 5322 5451 5450
f 5322 5323 5451
f 5323 5452 5451
f 5323 5324 5452
f 5324 5453 5452
f 5324 5325 5453
f 5325 5454 5453
f 5325 5326 5454
f 5326 5455 5454
f 5326 5327 5455
f 5327 5456 5455
f 5327 5328 5456
f 5328 5457 5456
f 5328 5329 5457
f 5329 5458 5457
f 5329 5330 5458
f 5330 5459 5458
f 5330 5331 5459
f 5331 5460 5459
f 5331 5332 5460
f 5332 5461 5460
f 5332 5333 5461
f 5333 5462 5461
f 5333 5334 5462
f 5334 5463 5462
f 5334 5335 5463
f 5335 5464 5463
f 5335 5336 5464
f 5336 5465 5464
f 5336 5337 5465
f 5337 5466 5465
f 5337 5338 5466
f 5338 5467 5466
f 5338 5339 5467
f 5339 5468 5467
f 5339 5340 5468
f 5340 5469 5468
f 5340 5341 5469
f 5341 5470 5469
f 5341 5342 5470
f 5342 5471 5470
f 5342 5343 5471
f 5343 5472 5471
f 5343 5344 5472
f 5344 5473 5472
f 5344 5345 5473
f 5345 5474 5473
f 5345 5346 5474
f 5346 5475 5474
f 5346 5347 5475
f 5347 5476 5475
f 5347 5348 5476
f 5348 5477 5476
f 5348 5349 5477
f 5349 5478 5477
f 5349 5350 5478
f 5350 5479 5478
f 5350 5351 5479
f 5351 5480 5479
f 5351 5352 5480
f 5352 5481 5480
f 5352 5353 5481
f 5353 5482 5481
f 5353 5354 5482
f 5354 5483 5482
f 5354 5355 5483
f 5355 5484 5483
f 5355 5356 5484
f 5356 5485 5484
f 5356 5357 5485
f 5357 5486 5485
f 5357 5358 5486
f 5358 5487 5486
f 5358 5359 5487
f 5359 5488 5487
f 5359 5360 5488
f 5360 5489 5488
f 5360 5361 5489
f 5361 5490 5489
f 5361 5362 5490
f 5362 5491 5490
f 5362 5363 5491
f 5363 5492 5491
f 5363 5364 5492
f 5364 5493 5492
f 5364 5365 5493
f 5365 5494 5493
f 5365 5366 5494
f 5366 5495 5494
f 5366 5367 5495
f 5367 5496 5495
f 5367 5368 5496
f 5368 5497 5496
f 5368 5369 5497
f 5369 5498 5497
f 5369 5370 5498
f 5370 5499 5498
f 5370 5371 5499
f 5371 5500 5499
f 5371 5372 5500
f 5372 5501 5500
f 5372 5373 5501
f 5373 5502 5501
f 5373 5374 5502
f 5374 5503 5502
f 5374 5375 5503
f 5375 5504 5503
f 5375 5376 5504
f 5376 5505 5504
f 5376 5377 5505
f 5377 5506 5505
f 5377 5378 5506
f 5378 5507 5506
f 5378 5379 5507
f 5379 5508 5507
f 5379 5380 5508
f 5380 5509 5508
f 5380 5381 5509
f 5381 5510 5509
f 5381 5382 5510
f 5382 5511 5510
f 5382 5383 5511
f 5383 5512 5511
f 5383 5384 5512
f 5384 5513 5512
f 5384 5385 5513
f 5385 5514 5513
f 5385 5386 5514
f 5386 5515 5514
f 5386 5387 5515
f 5387 5516 5515
f 5387 5388 5516
f 5388 5517 5516
f 5388 5389 5517
f 5389 5518 5517
f 5390 5520 5519
f 5390 5391 5520
f 5391 5521 5520
f 5391 5392 5521
f 5392 5522 5521
f 5392 5393 5522
f 5393 5523 5522
f 5393 5394 5523
f 5394 5524 5523
f 5394 5395 5524
f 5395 5525 5524
f 5395 5396 5525
f 5396 5526 5525
f 5396 5397 5526
f 5397 5527 5526
f 5397 5398 5527
f 5398 5528 5527
f 5398 5399 5528
f 5399 5529 5528
f 5399 5400 5529
f 5400 5530 5529
f 5400 5401 5530
f 5401 5531 5530
f 5401 5402 5531
f 5402 5532 5531
f 5402 5403 5532
f 5403 5533 5532
f 5403 5404 5533
f 5404 5534 5533
f 5404 5405 5534
f 5405 5535 5534
f 5405 5406 5535
f 5406 5536 5535
f 5406 5407 5536
f 5407 5537 5536
f 5407 5408 5537
f 5408 5538 5537
f 5408 5409 5538
f 5409 5539 5538
f 5423 5424 5540
f 5424 5541 5540
f 5424 5425 5541
f 5425 5542 5541
f 5425 5426 5542
f 5426 5543 5542
f 5426 5427 5543
f 5427 5544 5543
f 5427 5428 5544
f 5428 5545 5544
f 5428 5429 5545
f 5429 5546 5545
f 5429 5430 5546
f 5430 5547 5546
f 5430 5431 5547
f 5431 5548 5547
f 5431 5432 5548
f 5432 5549 5548
f 5432 5433 5549
f 5433 5550 5549
f 5433 5434 5550
f 5434 5551 5550
f 5434 5435 5551
f 5435 5552 5551
f 5435 5436 5552
f 5436 5553 5552
f 5436 5437 5553
f 5437 5554 5553
f 5437 5438 5554
f 5438 5555 5554
f 5438 5439 5555
f 5439 5556 5555
f 5439 5440 5556
f 5440 5557 5556
f 5440 5441 5557
f 5441 5558 5557
f 5441 5442 5558
f 5442 5559 5558
f 5442 5443 5559
f 5443 5560 5559
f 5443 5444 5560
f 5444 5561 5560
f 5444 5445 5561
f 5445 5562 5561
f 5445 5446 5562
f 5446 5563 5562
f 5446 5447 5563
f 5447 5564 5563
f 5447 5448 5564
f 5448 5565 5564
f 5448 5449 5565
f 5449 5566 5565
f 5449 5450 5566
f 5450 5567 5566
f 5450 5451 5567
f 5451 5568 5567
f 5451 5452 5568
f 5452 5569 5568
f 5452 5453 5569
f 5453 5570 5569
f 5453 5454 5570
f 5454 5571 5570
f 5454 5455 5571
f 5455 5572 5571
f 5455 5456 5572
f 5456 5573 5572
f 5456 5457 5573
f 5457 5574 5573
f 5457 5458 5574
f 5458 5575 5574
f 5458 5459 5575
f 5459 5576 5575
f 5459 5460 5576
f 5460 5577 5576
f 5460 5461 5577
f 5461 5578 5577
f 5461 5462 5578
f 5462 5579 5578
f 5462 5463 5579
f 5463 5580 5579
f 5463 5464 5580
f 5464 5581 5580
f 5464 5465 5581
f 5465 5582 5581
f 5465 5466 5582
f 5466 5583 5582
f 5466 5467 5583
f 5467 5584 5583
f 5467 5468 5584
f 5468 5585 5584
f 5468 5469 5585
f 5469 5586 5585
f 5469 5470 5586
f 5470 5587 5586
f 5470 5471 5587
f 5471 5588 5587
f 5471 5472 5588
f 5472 5589 5588
f 5472 5473 5589
f 5473 5590 5589
f 5473 5474 5590
f 5474 5591 5590
f 5474 5475 5591
f 5475 5592 5591
f 5475 5476 5592
f 5476 5593 5592
f 5476 5477 5593
f 5477 5594 5593
f 5477 5478 5594
f 5478 5595 5594
f 5478 5479 5595
f 5479 5596 5595
f 5479 5480 5596
f 5480 5597 5596
f 5480 5481 5597
f 5481 5598 5597
f 5481 5482 5598
f 5482 5599 5598
f 5482 5483 5599
f 5483 5600 5599
f 5483 5484 5600
f 5484 5601 5600
f 5484 5485 5601
f 5485 5602 5601
f 5485 5486 5602
f 5486 5603 5602
f 5486 5487 5603
f 5487 5604 5603
f 5487 5488 5604
f 5488 5605 5604
f 5488 5489 5605
f 5489 5606 5605
f 5489 5490 5606
f 5490 5607 5606
f 5490 5491 5607
f 5491 5608 5607
f 5491 5492 5608
f 5492 5609 5608
f 5492 5493 5609
f 5493 5610 5609
f 5493 5494 5610
f 5494 5611 5610
f 5494 5495 5611
f 5495 5612 5611
f 5495 5496 5612
f 5496 5613 5612
f 5496 5497 5613
f 5497 5614 5613
f 5497 5498 5614
f 5498 5615 5614
f 5498 5499 5615
f 5499 5616 5615
f 5499 5500 5616
f 5500 5617 5616
f 5500 5501 5617
f 5501 5618 5617
f 5501 5502 5618
f 5502 5619 5618
f 5502 5503 5619
f 5503 5620 5619
f 5503 5504 5620
f 5504 5621 5620
f 5504 5505 5621
f 5505 5622 5621
f 5505 5506 5622
f 5506 5623 5622
f 5506 5507 5623
f 5507 5624 5623
f 5507 5508 5624
f 5508 5625 5624
f 5508 5509 5625
f 5509 5626 5625
f 5509 5510 5626
f 5510 5627 5626
f 5510 5511 5627
f 5511 5628 5627
f 5511 5512 5628
f 5512 5629 5628
f 5512 5513 5629
f 5513 5630 5629
f 5513 5514 5630
f 5514 5631 5630
f 5514 5515 5631
f 5515 5632 5631
f 5515 5516 5632
f 5516 5633 5632
f 5516 5517 5633
f 5517 5634 5633
f 5517 5518 5634
f 5518 5635 5634
f 5518 5519 5635
f 5519 5636 5635
f 5519 5520 5636
f 5520 5637 5636
f 5520 5521 5637
f 5521 5638 5637
f 5521 5522 5638
f 5522 5639 5638
f 5522 5523 5639
f 5523 5640 5639
f 5523 5524 5640
f 5524 5641 5640
f 5524 5525 5641
f 5525 5642 5641
f 5525 5526 5642
f 5526 5643 5642
f 5526 5527 5643
f 5527 5644 5643
f 5527 5528 5644
f 5528 5645 5644
f 5528 5529 5645
f 5529 5646 5645
f 5529 5530 5646
f 5530 5647 5646
f 5530 5531 5647
f 5531 5648 5647
f 5531 5532 5648
f 5532 5649 5648
f 5532 5533 5649
f 5533 5650 5649
f 5533 5534 5650
f 5534 5651 5650
f 5534 5535 5651
f 5535 5652 5651
f 5535 5536 5652
f 5536 5653 5652
f 5536 5537 5653
f 5537 5654 5653
f 5537 5538 5654
f 5538 5655 5654
f 5538 5539 5655
f 5539 5656 5655
f 5540 5662 5661
f 5540 5541 5662
f 5541 5663 5662
f 5541 5542 5663
f 5542 5664 5663
f 5542 5543 5664
f 5543 5665 5664
f 5543 5544 5665
f 5544 5666 5665
f 5544 5545 5666
f 5545 5667 5666
f 5545 5546 5667
f 5546 5668 5667
f 5546 5547 5668
f 5547 5669 5668
f 5547 5548 5669
f 5548 5670 5669
f 5548 5549 5670
f 5549 5671 5670
f 5549 5550 5671
f 5550 5672 5671
f 5550 5551 5672
f 5551 5673 5672
f 5551 5552 5673
f 5552 5674 5673
f 5552 5553 5674
f 5553 5675 5674
f 5553 5554 5675
f 5554 5676 5675
f 5554 5555 5676
f 5555 5677 5676
f 5555 5556 5677
f 5556 5678 5677
f 5556 5557 5678
f 5557 5679 5678
f 5557 5558 5679
f 5558 5680 5679
f 5558 5559 5680
f 5559 5681 5680
f 5559 5560 5681
f 5560 5682 5681
f 5560 5561 5682
f 5561 5683 5682
f 5561 5562 5683
f 5562 5684 5683
f 5562 5563 5684
f 5563 5685 5684
f 5563 5564 5685
f 5564 5686 5685
f 5564 5565 5686
f 5565 5687 5686
f 5565 5566 5687
f 5566 5688 5687
f 5566 5567 5688
f 5567 5689 5688
f 5567 5568 5689
f 5568 5690 5689
f 5568 5569 5690
f 5569 5691 5690
f 5569 5570 5691
f 5570 5692 5691
f 5570 5571 5692
f 5571 5693 5692
f 5571 5572 5693
f 5572 5694 5693
f 5572 5573 5694
f 5573 5695 5694
f 5573 5574 5695
f 5574 5696 5695
f 5574 5575 5696
f 5575 5697 5696
f 5575 5576 5697
f 5576 5698 5697
f 5576 5577 5698
f 5577 5699 5698
f 5577 5578 5699
f 5578 5700 5699
f 5578 5579 5700
f 5579 5701 5700
f 5579 5580 5701
f 5580 5702 5701
f 5580 5581 5702
f 5581 5703 5702
f 5581 5582 5703
f 5582 5704 5703
f 5582 5583 5704
f 5583 5705 5704
f 5583 5584 5705
f 5584 5706 5705
f 5584 5585 5706
f 5585 5707 5706
f 5585 5586 5707
f 5586 5708 5707
f 5586 5587 5708
f 5587 5709 5708
f 5587 5588 5709
f 5588 5710 5709
f 5588 5589 5710
f 5589 5711 5710
f 5589 5590 5711
f 5590 5712 5711
f 5590 5591 5712
f 5591 5713 5712
f 5591 5592 5713
f 5592 5714 5713
f 5592 5593 5714
f 5593 5715 5714
f 5593 5594 5715
f 5594 5716 5715
f 5594 5595 5716
f 5595 5717 5716
f 5595 5596 5717
f 5596 5718 5717
f 5596 5597 5718
f 5597 5719 5718
f 5597 5598 5719
f 5598 5720 5719
f 5598 5599 5720
f 5599 5721 5720
f 5599 5600 5721
f 5600 5722 5721
f 5600 5601 5722
f 5601 5723 5722
f 5601 5602 5723
f 5602 5724 5723
f 5602 5603 5724
f 5603 5725 5724
f 5603 5604 5725
f 5604 5726 5725
f 5604 5605 5726
f 5605 5727 5726
f 5605 5606 5727
f 5606 5728 5727
f 5606 5607 5728
f 5607 5729 5728
f 5607 5608 5729
f 5608 5730 5729
f 5608 5609 5730
f 5609 5731 5730
f 5609 5610 5731
f 5610 5732 5731
f 5610 5611 5732
f 5611 5733 5732
f 5611 5612 5733
f 5612 5734 5733
f 5612 5613 5734
f 5613 5735 5734
f 5613 5614 5735
f 5617 5618 5736
f 5618 5737 5736
f 5618 5619 5737
f 5619 5738 5737
f 5619 5620 5738
f 5620 5739 5738
f 5620 5621 5739
f 5621 5740 5739
f 5621 5622 5740
f 5622 5741 5740
f 5622 5623 5741
f 5623 5742 5741
f 5623 5624 5742
f 5624 5743 5742
f 5624 5625 5743
f 5625 5744 5743
f 5625 5626 5744
f 5626 5745 5744
f 5626 5627 5745
f 5627 5746 5745
f 5627 5628 5746
f 5628 5747 5746
f 5628 5629 5747
f 5629 5748 5747
f 5629 5630 5748
f 5633 5634 5749
f 5634 5750 5749
f 5634 5635 5750
f 5635 5751 5750
f 5635 5636 5751
f 5636 5752 5751
f 5636 5637 5752
f 5637 5753 5752
f 5637 5638 5753
f 5638 5754 5753
f 5638 5639 5754
f 5639 5755 5754
f 5639 5640 5755
f 5640 5756 5755
f 5640 5641 5756
f 5641 5757 5756
f 5641 5642 5757
f 5642 5758 5757
f 5642 5643 5758
f 5643 5759 5758
f 5643 5644 5759
f 5644 5760 5759
f 5644 5645 5760
f 5645 5761 5760
f 5645 5646 5761
f 5646 5762 5761
f 5646 5647 5762
f 5647 5763 5762
f 5647 5648 5763
f 5648 5764 5763
f 5648 5649 5764
f 5649 5765 5764
f 5649 5650 5765
f 5650 5766 5765
f 5650 5651 5766
f 5651 5767 5766
f 5651 5652 5767
f 5652 5768 5767
f 5652 5653 5768
f 5653 5769 5768
f 5653 5654 5769
f 5654 5770 5769
f 5654 5655 5770
f 5655 5771 5770
f 5655 5656 5771
f 5667 5668 5772
f 5668 5773 5772
f 5668 5669 5773
f 5669 5774 5773
f 5669 5670 5774
f 5670 5775 5774
f 5670 5671 5775
f 5671 5776 5775
f 5671 5672 5776
f 5672 5777 5776
f 5672 5673 5777
f 5673 5778 5777
f 5673 5674 5778
f 5674 5779 5778
f 5674 5675 5779
f 5675 5780 5779
f 5675 5676 5780
f 5676 5781 5780
f 5676 5677 5781
f 5677 5782 5781
f 5677 5678 5782
f 5678 5783 5782
f 5678 5679 5783
f 5679 5784 5783
f 5679 5680 5784
f 5680 5785 5784
f 5680 5681 5785
f 5681 5786 5785
f 5681 5682 5786
f 5682 5787 5786
f 5682 5683 5787
f 5683 5788 5787
f 5683 5684 5788
f 5684 5789 5788
f 5684 5685 5789
f 5685 5790 5789
f 5685 5686 5790
f 5686 5791 5790
f 5686 5687 5791
f 5687 5792 5791
f 5687 5688 5792
f 5688 5793 5792
f 5688 5689 5793
f 5689 5794 5793
f 5689 5690 5794
f 5690 5795 5794
f 5690 5691 5795
f 5691 5796 5795
f 5691 5692 5796
f 5692 5797 5796
f 5692 5693 5797
f 5693 5798 5797
f 5693 5694 5798
f 5694 5799 5798
f 5694 5695 5799
f 5695 5800 5799
f 5695 5696 5800
f 5696 5801 5800
f 5696 5697 5801
f 5697 5802 5801
f 5697 5698 5802
f 5698 5803 5802
f 5698 5699 5803
f 5699 5804 5803
f 5699 5700 5804
f 5700 5805 5804
f 5700 5701 5805
f 5701 5806 5805
f 5701 5702 5806
f 5702 5807 5806
f 5702 5703 5807
f 5703 5808 5807
f 5703 5704 5808
f 5704 5809 5808
f 5704 5705 5809
f 5705 5810 5809
f 5705 5706 5810
f 5706 5811 5810
f 5706 5707 5811
f 5707 5812 5811
f 5707 5708 5812
f 5708 5813 5812
f 5708 5709 5813
f 5709 5814 5813
f 5709 5710 5814
f 5710 5815 5814
f 5710 5711 5815
f 5711 5816 5815
f 5711 5712 5816
f 5712 5817 5816
f 5712 5713 5817
f 5713 5818 5817
f 5713 5714 5818
f 5714 5819 5818
f 5714 5715 5819
f 5715 5820 5819
f 5715 5716 5820
f 5716 5821 5820
f 5716 5717 5821
f 5717 5822 5821
f 5717 5718 5822
f 5718 5823 5822
f 5718 5719 5823
f 5719 5824 5823
f 5719 5720 5824
f 5720 5825 5824
f 5720 5721 5825
f 5721 5826 5825
f 5721 5722 5826
f 5722 5827 5826
f 5722 5723 5827
f 5723 5828 5827
f 5723 5724 5828
f 5724 5829 5828
f 5724 5725 5829
f 5725 5830 5829
f 5725 5726 5830
f 5726 5831 5830
f 5726 5727 5831
f 5727 5832 5831
f 5727 5728 5832
f 5728 5833 5832
f 5728 5729 5833
f 5729 5834 5833
f 5729 5730 5834
f 5730 5835 5834
f 5730 5731 5835
f 5731 5836 5835
f 5731 5732 5836
f 5732 5837 5836
f 5732 5733 5837
f 5733 5838 5837
f 5733 5734 5838
f 5734 5839 5838
f 5734 5735 5839
f 5735 5840 5839
f 5736 5844 5843
f 5736 5737 5844
f 5737 5845 5844
f 5737 5738 5845
f 5738 5846 5845
f 5738 5739 5846
f 5739 5847 5846
f 5739 5740 5847
f 5740 5848 5847
f 5740 5741 5848
f 5741 5849 5848
f 5741 5742 5849
f 5742 5850 5849
f 5742 5743 5850
f 5744 5745 5851
f 5745 5852 5851
f 5745 5746 5852
f 5746 5853 5852
f 5746 5747 5853
f 5747 5854 5853
f 5747 5748 5854
f 5753 5754 5855
f 5754 5856 5855
f 5754 5755 5856
f 5755 5857 5856
f 5755 5756 5857
f 5756 5858 5857
f 5756 5757 5858
f 5757 5859 5858
f 5757 5758 5859
f 5758 5860 5859
f 5758 5759 5860
f 5759 5861 5860
f 5759 5760 5861
f 5760 5862 5861
f 5760 5761 5862
f 5761 5863 5862
f 5761 5762 5863
f 5762 5864 5863
f 5762 5763 5864
f 5763 5865 5864
f 5763 5764 5865
f 5764 5866 5865
f 5764 5765 5866
f 5765 5867 5866
f 5765 5766 5867
f 5766 5868 5867
f 5766 5767 5868
f 5767 5869 5868
f 5767 5768 5869
f 5768 5870 5869
f 5768 5769 5870
f 5769 5871 5870
f 5769 5770 5871
f 5770 5872 5871
f 5770 5771 5872
f 5771 5873 5872
f 5772 5876 5875
f 5772 5773 5876
f 5773 5877 5876
f 5773 5774 5877
f 5774 5878 5877
f 5774 5775 5878
f 5775 5879 5878
f 5775 5776 5879
f 5776 5880 5879
f 5776 5777 5880
f 5777 5881 5880
f 5777 5778 5881
f 5778 5882 5881
f 5778 5779 5882
f 5779 5883 5882
f 5779 5780 5883
f 5780 5884 5883
f 5780 5781 5884
f 5781 5885 5884
f 5781 5782 5885
f 5782 5886 5885
f 5782 5783 5886
f 5783 5887 5886
f 5783 5784 5887
f 5784 5888 5887
f 5784 5785 5888
f 5785 5889 5888
f 5785 5786 5889
f 5786 5890 5889
f 5786 5787 5890
f 5787 5891 5890
f 5787 5788 5891
f 5788 5892 5891
f 5788 5789 5892
f 5789 5893 5892
f 5789 5790 5893
f 5790 5894 5893
f 5790 5791 5894
f 5791 5895 5894
f 5791 5792 5895
f 5792 5896 5895
f 5792 5793 5896
f 5793 5897 5896
f 5793 5794 5897
f 5794 5898 5897
f 5794 5795 5898
f 5795 5899 5898
f 5795 5796 5899
f 5796 5900 5899
f 5796 5797 5900
f 5797 5901 5900
f 5797 5798 5901
f 5798 5902 5901
f 5798 5799 5902
f 5799 5903 5902
f 5799 5800 5903
f 5800 5904 5903
f 5800 5801 5904
f 5801 5905 5904
f 5801 5802 5905
f 5802 5906 5905
f 5802 5803 5906
f 5803 5907 5906
f 5803 5804 5907
f 5804 5908 5907
f 5804 5805 5908
f 5805 5909 5908
f 5805 5806 5909
f 5806 5910 5909
f 5806 5807 5910
f 5807 5911 5910
f 5807 5808 5911
f 5808 5912 5911
f 5808 5809 5912
f 5809 5913 5912
f 5809 5810 5913
f 5810 5914 5913
f 5810 5811 5914
f 5811 5915 5914
f 5811 5812 5915
f 5812 5916 5915
f 5812 5813 5916
f 5813 5917 5916
f 5813 5814 5917
f 5814 5918 5917
f 5814 5815 5918
f 5815 5919 5918
f 5815 5816 5919
f 5816 5920 5919
f 5816 5817 5920
f 5817 5921 5920
f 5817 5818 5921
f 5818 5922 5921
f 5818 5819 5922
f 5819 5923 5922
f 5819 5820 5923
f 5820 5924 5923
f 5820 5821 5924
f 5821 5925 5924
f 5821 5822 5925
f 5822 5926 5925
f 5822 5823 5926
f 5823 5927 5926
f 5823 5824 5927
f 5824 5928 5927
f 5824 5825 5928
f 5825 5929 5928
f 5825 5826 5929
f 5826 5930 5929
f 5826 5827 5930
f 5827 5931 5930
f 5827 5828 5931
f 5828 5932 5931
f 5828 5829 5932
f 5829 5933 5932
f 5829 5830 5933
f 5830 5934 5933
f 5830 5831 5934
f 5831 5935 5934
f 5831 5832 5935
f 5832 5936 5935
f 5832 5833 5936
f 5833 5937 5936
f 5833 5834 5937
f 5834 5938 5937
f 5834 5835 5938
f 5835 5939 5938
f 5835 5836 5939
f 5836 5940 5939
f 5836 5837 5940
f 5837 5941 5940
f 5837 5838 5941
f 5838 5942 5941
f 5838 5839 5942
f 5839 5943 5942
f 5839 5840 5943
f 5840 5944 5943
f 5840 5841 5944
f 5841 5945 5944
f 5841 5842 5945
f 5842 5946 5945
f 5842 5843 5946
f 5843 5947 5946
f 5843 5844 5947
f 5844 5948 5947
f 5844 5845 5948
f 5845 5949 5948
f 5845 5846 5949
f 5846 5950 5949
f 5846 5847 5950
f 5847 5951 5950
f 5847 5848 5951
f 5848 5952 5951
f 5848 5849 5952
f 5851 5954 5953
f 5851 5852 5954
f 5853 5854 5955
f 5854 5956 5955
f 5856 5857 5958
f 5857 5959 5958
f 5857 5858 5959
f 5858 5960 5959
f 5858 5859 5960
f 5859 5961 5960
f 5859 5860 5961
f 5860 5962 5961
f 5860 5861 5962
f 5861 5963 5962
f 5861 5862 5963
f 5862 5964 5963
f 5862 5863 5964
f 5863 5965 5964
f 5863 5864 5965
f 5864 5966 5965
f 5864 5865 5966
f 5865 5967 5966
f 5865 5866 5967
f 5866 5968 5967
f 5866 5867 5968
f 5867 5969 5968
f 5867 5868 5969
f 5868 5970 5969
f 5868 5869 5970
f 5869 5971 5970
f 5869 5870 5971
f 5870 5972 5971
f 5870 5871 5972
f 5871 5973 5972
f 5871 5872 5973
f 5872 5974 5973
f 5872 5873 5974
f 5873 5975 5974
f 5873 5874 5975
f 5877 5878 5977
f 5878 5978 5977
f 5878 5879 5978
f 5879 5979 5978
f 5879 5880 5979
f 5880 5980 5979
f 5880 5881 5980
f 5881 5981 5980
f 5881 5882 5981
f 5883 5884 5982
f 5885 5886 5983
f 5886 5984 5983
f 5886 5887 5984
f 5887 5985 5984
f 5887 5888 5985
f 5888 5986 5985
f 5888 5889 5986
f 5889 5987 5986
f 5889 5890 5987
f 5890 5988 5987
f 5890 5891 5988
f 5891 5989 5988
f 5891 5892 5989
f 5892 5990 5989
f 5892 5893 5990
f 5893 5991 5990
f 5893 5894 5991
f 5894 5992 5991
f 5894 5895 5992
f 5895 5993 5992
f 5895 5896 5993
f 5896 5994 5993
f 5896 5897 5994
f 5897 5995 5994
f 5897 5898 5995
f 5898 5996 5995
f 5898 5899 5996
f 5899 5997 5996
f 5899 5900 5997
f 5900 5998 5997
f 5900 5901 5998
f 5901 5999 5998
f 5901 5902 5999
f 5902 6000 5999
f 5902 5903 6000
f 5903 6001 6000
f 5903 5904 6001
f 5904 6002 6001
f 5904 5905 6002
f 5905 6003 6002
f 5905 5906 6003
f 5906 6004 6003
f 5906 5907 6004
f 5907 6005 6004
f 5907 5908 6005
f 5908 6006 6005
f 5908 5909 6006
f 5909 6007 6006
f 5909 5910 6007
f 5910 6008 6007
f 5910 5911 6008
f 5911 6009 6008
f 5911 5912 6009
f 5912 6010 6009
f 5912 5913 6010
f 5913 6011 6010
f 5913 5914 6011
f 5914 6012 6011
f 5914 5915 6012
f 5915 6013 6012
f 5915 5916 6013
f 5916 6014 6013
f 5916 5917 6014
f 5917 6015 6014
f 5917 5918 6015
f 5918 6016 6015
f 5918 5919 6016
f 5919 6017 6016
f 5919 5920 6017
f 5920 6018 6017
f 5920 5921 6018
f 5921 6019 6018
f 5921 5922 6019
f 5922 6020 6019
f 5922 5923 6020
f 5923 6021 6020
f 5923 5924 6021
f 5924 6022 6021
f 5924 5925 6022
f 5925 6023 6022
f 5925 5926 6023
f 5926 6024 6023
f 5926 5927 6024
f 5927 6025 6024
f 5927 5928 6025
f 5928 6026 6025
f 5928 5929 6026
f 5929 6027 6026
f 5929 5930 6027
f 5930 6028 6027
f 5930 5931 6028
f 5931 6029 6028
f 5931 5932 6029
f 5932 6030 6029
f 5932 5933 6030
f 5933 6031 6030
f 5933 5934 6031
f 5934 6032 6031
f 5934 5935 6032
f 5935 6033 6032
f 5935 5936 6033
f 5936 6034 6033
f 5936 5937 6034
f 5937 6035 6034
f 5937 5938 6035
f 5938 6036 6035
f 5938 5939 6036
f 5939 6037 6036
f 5939 5940 6037
f 5940 6038 6037
f 5940 5941 6038
f 5941 6039 6038
f 5941 5942 6039
f 5942 6040 6039
f 5942 5943 6040
f 5943 6041 6040
f 5943 5944 6041
f 5944 6042 6041
f 5944 5945 6042
f 5945 6043 6042
f 5945 5946 6043
f 5946 6044 6043
f 5946 5947 6044
f 5947 6045 6044
f 5947 5948 6045
f 5948 6046 6045
f 5948 5949 6046
f 5949 6047 6046
f 5949 5950 6047
f 5950 6048 6047
f 5950 5951 6048
f 5951 6049 6048
f 5951 5952 6049
f 5952 6050 6049
f 5956 5957 6052
f 5957 6053 6052
f 5959 5960 6062
f 5960 6063 6062
f 5960 5961 6063
f 5961 6064 6063
f 5961 5962 6064
f 5962 6065 6064
f 5962 5963 6065
f 5963 6066 6065
f 5963 5964 6066
f 5964 6067 6066
f 5964 5965 6067
f 5965 6068 6067
f 5965 5966 6068
f 5966 6069 6068
f 5966 5967 6069
f 5967 6070 6069
f 5967 5968 6070
f 5968 6071 6070
f 5968 5969 6071
f 5969 6072 6071
f 5969 5970 6072
f 5970 6073 6072
f 5970 5971 6073
f 5971 6074 6073
f 5971 5972 6074
f 5972 6075 6074
f 5972 5973 6075
f 5973 6076 6075
f 5973 5974 6076
f 5974 6077 6076
f 5974 5975 6077
f 5975 6078 6077
f 5982 6083 6082
f 5983 6085 6084
f 5983 5984 6085
f 5984 6086 6085
f 5984 5985 6086
f 5985 6087 6086
f 5985 5986 6087
f 5986 6088 6087
f 5986 5987 6088
f 5987 6089 6088
f 5987 5988 6089
f 5988 6090 6089
f 5988 5989 6090
f 5989 6091 6090
f 5989 5990 6091
f 5990 6092 6091
f 5990 5991 6092
f 5991 6093 6092
f 5991 5992 6093
f 5992 6094 6093
f 5992 5993 6094
f 5993 6095 6094
f 5993 5994 6095
f 5994 6096 6095
f 5994 5995 6096
f 5995 6097 6096
f 5995 5996 6097
f 5996 6098 6097
f 5996 5997 6098
f 5997 6099 6098
f 5997 5998 6099
f 5998 6100 6099
f 5998 5999 6100
f 5999 6101 6100
f 5999 6000 6101
f 6000 6102 6101
f 6000 6001 6102
f 6001 6103 6102
f 6001 6002 6103
f 6002 6104 6103
f 6002 6003 6104
f 6003 6105 6104
f 6003 6004 6105
f 6004 6106 6105
f 6004 6005 6106
f 6005 6107 6106
f 6005 6006 6107
f 6006 6108 6107
f 6006 6007 6108
f 6007 6109 6108
f 6007 6008 6109
f 6008 6110 6109
f 6008 6009 6110
f 6009 6111 6110
f 6009 6010 6111
f 6010 6112 6111
f 6010 6011 6112
f 6011 6113 6112
f 6011 6012 6113
f 6012 6114 6113
f 6012 6013 6114
f 6013 6115 6114
f 6013 6014 6115
f 6014 6116 6115
f 6014 6015 6116
f 6015 6117 6116
f 6015 6016 6117
f 6016 6118 6117
f 6016 6017 6118
f 6017 6119 6118
f 6017 6018 6119
f 6018 6120 6119
f 6018 6019 6120
f 6019 6121 6120
f 6019 6020 6121
f 6020 6122 6121
f 6020 6021 6122
f 6021 6123 6122
f 6021 6022 6123
f 6022 6124 6123
f 6022 6023 6124
f 6023 6125 6124
f 6023 6024 6125
f 6024 6126 6125
f 6024 6025 6126
f 6025 6127 6126
f 6025 6026 6127
f 6026 6128 6127
f 6026 6027 6128
f 6027 6129 6128
f 6027 6028 6129
f 6028 6130 6129
f 6028 6029 6130
f 6029 6131 6130
f 6029 6030 6131
f 6030 6132 6131
f 6030 6031 6132
f 6031 6133 6132
f 6031 6032 6133
f 6032 6134 6133
f 6032 6033 6134
f 6033 6135 6134
f 6033 6034 6135
f 6034 6136 6135
f 6034 6035 6136
f 6035 6137 6136
f 6035 6036 6137
f 6036 6138 6137
f 6036 6037 6138
f 6037 6139 6138
f 6037 6038 6139
f 6038 6140 6139
f 6038 6039 6140
f 6039 6141 6140
f 6039 6040 6141
f 6040 6142 6141
f 6040 6041 6142
f 6041 6143 6142
f 6041 6042 6143
f 6042 6144 6143
f 6042 6043 6144
f 6043 6145 6144
f 6043 6044 6145
f 6044 6146 6145
f 6044 6045 6146
f 6045 6147 6146
f 6045 6046 6147
f 6046 6148 6147
f 6046 6047 6148
f 6047 6149 6148
f 6047 6048 6149
f 6048 6150 6149
f 6048 6049 6150
f 6049 6151 6150
f 6049 6050 6151
f 6050 6152 6151
f 6050 6051 6152
f 6051 6153 6152
f 6052 6159 6158
f 6052 6053 6159
f 6053 6160 6159
f 6053 6054 6160
f 6054 6161 6160
f 6054 6055 6161
f 6055 6162 6161
f 6055 6056 6162
f 6056 6163 6162
f 6056 6057 6163
f 6057 6164 6163
f 6057 6058 6164
f 6058 6165 6164
f 6058 6059 6165
f 6059 6166 6165
f 6059 6060 6166
f 6060 6167 6166
f 6060 6061 6167
f 6061 6168 6167
f 6063 6064 6170
f 6064 6171 6170
f 6064 6065 6171
f 6065 6172 6171
f 6065 6066 6172
f 6066 6173 6172
f 6066 6067 6173
f 6067 6174 6173
f 6067 6068 6174
f 6068 6175 6174
f 6068 6069 6175
f 6069 6176 6175
f 6069 6070 6176
f 6070 6177 6176
f 6070 6071 6177
f 6071 6178 6177
f 6071 6072 6178
f 6072 6179 6178
f 6072 6073 6179
f 6073 6180 6179
f 6073 6074 6180
f 6074 6181 6180
f 6074 6075 6181
f 6075 6182 6181
f 6075 6076 6182
f 6076 6183 6182
f 6076 6077 6183
f 6077 6184 6183
f 6077 6078 6184
f 6078 6185 6184
f 6079 6188 6187
f 6079 6080 6188
f 6083 6084 6189
f 6086 6087 6190
f 6087 6191 6190
f 6087 6088 6191
f 6088 6192 6191
f 6088 6089 6192
f 6089 6193 6192
f 6089 6090 6193
f 6090 6194 6193
f 6090 6091 6194
f 6091 6195 6194
f 6091 6092 6195
f 6092 6196 6195
f 6092 6093 6196
f 6093 6197 6196
f 6093 6094 6197
f 6094 6198 6197
f 6094 6095 6198
f 6095 6199 6198
f 6095 6096 6199
f 6096 6200 6199
f 6096 6097 6200
f 6097 6201 6200
f 6097 6098 6201
f 6098 6202 6201
f 6098 6099 6202
f 6099 6203 6202
f 6099 6100 6203
f 6100 6204 6203
f 6100 6101 6204
f 6101 6205 6204
f 6101 6102 6205
f 6102 6206 6205
f 6102 6103 6206
f 6103 6207 6206
f 6103 6104 6207
f 6104 6208 6207
f 6104 6105 6208
f 6105 6209 6208
f 6105 6106 6209
f 6106 6210 6209
f 6106 6107 6210
f 6107 6211 6210
f 6107 6108 6211
f 6108 6212 6211
f 6108 6109 6212
f 6109 6213 6212
f 6109 6110 6213
f 6110 6214 6213
f 6110 6111 6214
f 6111 6215 6214
f 6111 6112 6215
f 6112 6216 6215
f 6112 6113 6216
f 6113 6217 6216
f 6113 6114 6217
f 6114 6218 6217
f 6114 6115 6218
f 6115 6219 6218
f 6115 6116 6219
f 6116 6220 6219
f 6116 6117 6220
f 6117 6221 6220
f 6117 6118 6221
f 6118 6222 6221
f 6118 6119 6222
f 6119 6223 6222
f 6119 6120 6223
f 6120 6224 6223
f 6120 6121 6224
f 6121 6225 6224
f 6121 6122 6225
f 6122 6226 6225
f 6122 6123 6226
f 6123 6227 6226
f 6123 6124 6227
f 6124 6228 6227
f 6124 6125 6228
f 6125 6229 6228
f 6125 6126 6229
f 6126 6230 6229
f 6126 6127 6230
f 6127 6231 6230
f 6127 6128 6231
f 6128 6232 6231
f 6128 6129 6232
f 6129 6233 6232
f 6129 6130 6233
f 6130 6234 6233
f 6130 6131 6234
f 6131 6235 6234
f 6131 6132 6235
f 6132 6236 6235
f 6132 6133 6236
f 6133 6237 6236
f 6133 6134 6237
f 6134 6238 6237
f 6134 6135 6238
f 6135 6239 6238
f 6135 6136 6239
f 6136 6240 6239
f 6136 6137 6240
f 6137 6241 6240
f 6137 6138 6241
f 6138 6242 6241
f 6138 6139 6242
f 6139 6243 6242
f 6139 6140 6243
f 6140 6244 6243
f 6140 6141 6244
f 6141 6245 6244
f 6141 6142 6245
f 6142 6246 6245
f 6142 6143 6246
f 6143 6247 6246
f 6143 6144 6247
f 6147 6148 6248
f 6148 6249 6248
f 6148 6149 6249
f 6149 6250 6249
f 6149 6150 6250
f 6150 6251 6250
f 6150 6151 6251
f 6151 6252 6251
f 6151 6152 6252
f 6152 6253 6252
f 6152 6153 6253
f 6153 6254 6253
f 6153 6154 6254
f 6154 6255 6254
f 6154 6155 6255
f 6155 6256 6255
f 6155 6156 6256
f 6156 6257 6256
f 6156 6157 6257
f 6157 6258 6257
f 6157 6158 6258
f 6158 6259 6258
f 6158 6159 6259
f 6159 6260 6259
f 6159 6160 6260
f 6160 6261 6260
f 6160 6161 6261
f 6161 6262 6261
f 6161 6162 6262
f 6162 6263 6262
f 6162 6163 6263
f 6163 6264 6263
f 6163 6164 6264
f 6164 6265 6264
f 6164 6165 6265
f 6165 6266 6265
f 6165 6166 6266
f 6166 6267 6266
f 6166 6167 6267
f 6167 6268 6267
f 6167 6168 6268
f 6168 6269 6268
f 6168 6169 6269
f 6169 6270 6269
f 6170 6272 6271
f 6170 6171 6272
f 6173 6174 6273
f 6174 6274 6273
f 6174 6175 6274
f 6175 6275 6274
f 6175 6176 6275
f 6176 6276 6275
f 6176 6177 6276
f 6177 6277 6276
f 6177 6178 6277
f 6178 6278 6277
f 6178 6179 6278
f 6179 6279 6278
f 6179 6180 6279
f 6180 6280 6279
f 6180 6181 6280
f 6181 6281 6280
f 6181 6182 6281
f 6182 6282 6281
f 6182 6183 6282
f 6183 6283 6282
f 6183 6184 6283
f 6184 6284 6283
f 6184 6185 6284
f 6185 6285 6284
f 6185 6186 6285
f 6186 6286 6285
f 6186 6187 6286
f 6187 6287 6286
f 6187 6188 6287
f 6190 6293 6292
f 6190 6191 6293
f 6191 6294 6293
f 6191 6192 6294
f 6192 6295 6294
f 6192 6193 6295
f 6193 6296 6295
f 6193 6194 6296
f 6194 6297 6296
f 6194 6195 6297
f 6195 6298 6297
f 6195 6196 6298
f 6196 6299 6298
f 6196 6197 6299
f 6197 6300 6299
f 6197 6198 6300
f 6198 6301 6300
f 6198 6199 6301
f 6199 6302 6301
f 6199 6200 6302
f 6200 6303 6302
f 6200 6201 6303
f 6201 6304 6303
f 6201 6202 6304
f 6202 6305 6304
f 6202 6203 6305
f 6203 6306 6305
f 6203 6204 6306
f 6204 6307 6306
f 6204 6205 6307
f 6205 6308 6307
f 6205 6206 6308
f 6206 6309 6308
f 6206 6207 6309
f 6207 6310 6309
f 6207 6208 6310
f 6208 6311 6310
f 6208 6209 6311
f 6209 6312 6311
f 6209 6210 6312
f 6210 6313 6312
f 6210 6211 6313
f 6211 6314 6313
f 6211 6212 6314
f 6212 6315 6314
f 6212 6213 6315
f 6213 6316 6315
f 6213 6214 6316
f 6214 6317 6316
f 6214 6215 6317
f 6215 6318 6317
f 6215 6216 6318
f 6216 6319 6318
f 6216 6217 6319
f 6217 6320 6319
f 6217 6218 6320
f 6218 6321 6320
f 6218 6219 6321
f 6219 6322 6321
f 6219 6220 6322
f 6220 6323 6322
f 6220 6221 6323
f 6221 6324 6323
f 6221 6222 6324
f 6222 6325 6324
f 6222 6223 6325
f 6223 6326 6325
f 6223 6224 6326
f 6224 6327 6326
f 6224 6225 6327
f 6225 6328 6327
f 6225 6226 6328
f 6226 6329 6328
f 6226 6227 6329
f 6227 6330 6329
f 6227 6228 6330
f 6228 6331 6330
f 6228 6229 6331
f 6229 6332 6331
f 6229 6230 6332
f 6230 6333 6332
f 6230 6231 6333
f 6231 6334 6333
f 6231 6232 6334
f 6232 6335 6334
f 6232 6233 6335
f 6234 6235 6336
f 6235 6337 6336
f 6235 6236 6337
f 6236 6338 6337
f 6236 6237 6338
f 6237 6339 6338
f 6237 6238 6339
f 6238 6340 6339
f 6238 6239 6340
f 6239 6341 6340
f 6239 6240 6341
f 6240 6342 6341
f 6240 6241 6342
f 6241 6343 6342
f 6241 6242 6343
f 6242 6344 6343
f 6242 6243 6344
f 6243 6345 6344
f 6243 6244 6345
f 6244 6346 6345
f 6244 6245 6346
f 6245 6347 6346
f 6245 6246 6347
f 6246 6348 6347
f 6246 6247 6348
f 6247 6349 6348
f 6248 6353 6352
f 6248 6249 6353
f 6249 6354 6353
f 6249 6250 6354
f 6250 6355 6354
f 6250 6251 6355
f 6251 6356 6355
f 6251 6252 6356
f 6252 6357 6356
f 6252 6253 6357
f 6253 6358 6357
f 6253 6254 6358
f 6254 6359 6358
f 6254 6255 6359
f 6255 6360 6359
f 6255 6256 6360
f 6256 6361 6360
f 6256 6257 6361
f 6257 6362 6361
f 6257 6258 6362
f 6258 6363 6362
f 6258 6259 6363
f 6259 6364 6363
f 6259 6260 6364
f 6260 6365 6364
f 6260 6261 6365
f 6261 6366 6365
f 6261 6262 6366
f 6262 6367 6366
f 6262 6263 6367
f 6263 6368 6367
f 6263 6264 6368
f 6264 6369 6368
f 6264 6265 6369
f 6265 6370 6369
f 6265 6266 6370
f 6266 6371 6370
f 6266 6267 6371
f 6267 6372 6371
f 6267 6268 6372
f 6268 6373 6372
f 6268 6269 6373
f 6269 6374 6373
f 6269 6270 6374
f 6270 6375 6374
f 6270 6271 6375
f 6271 6376 6375
f 6271 6272 6376
f 6272 6377 6376
f 6273 6379 6378
f 6273 6274 6379
f 6274 6380 6379
f 6274 6275 6380
f 6275 6381 6380
f 6275 6276 6381
f 6276 6382 6381
f 6276 6277 6382
f 6277 6383 6382
f 6277 6278 6383
f 6278 6384 6383
f 6278 6279 6384
f 6279 6385 6384
f 6279 6280 6385
f 6280 6386 6385
f 6280 6281 6386
f 6281 6387 6386
f 6281 6282 6387
f 6282 6388 6387
f 6282 6283 6388
f 6283 6389 6388
f 6283 6284 6389
f 6284 6390 6389
f 6284 6285 6390
f 6285 6391 6390
f 6285 6286 6391
f 6286 6392 6391
f 6286 6287 6392
f 6287 6393 6392
f 6289 6396 6395
f 6289 6290 6396
f 6296 6297 6397
f 6297 6398 6397
f 6297 6298 6398
f 6298 6399 6398
f 6298 6299 6399
f 6299 6400 6399
f 6299 6300 6400
f 6300 6401 6400
f 6300 6301 6401
f 6301 6402 6401
f 6301 6302 6402
f 6302 6403 6402
f 6302 6303 6403
f 6303 6404 6403
f 6303 6304 6404
f 6304 6405 6404
f 6304 6305 6405
f 6305 6406 6405
f 6305 6306 6406
f 6306 6407 6406
f 6306 6307 6407
f 6307 6408 6407
f 6307 6308 6408
f 6308 6409 6408
f 6308 6309 6409
f 6309 6410 6409
f 6309 6310 6410
f 6310 6411 6410
f 6310 6311 6411
f 6311 6412 6411
f 6311 6312 6412
f 6312 6413 6412
f 6312 6313 6413
f 6313 6414 6413
f 6313 6314 6414
f 6314 6415 6414
f 6314 6315 6415
f 6315 6416 6415
f 6315 6316 6416
f 6316 6417 6416
f 6316 6317 6417
f 6317 6418 6417
f 6317 6318 6418
f 6318 6419 6418
f 6318 6319 6419
f 6319 6420 6419
f 6319 6320 6420
f 6320 6421 6420
f 6320 6321 6421
f 6321 6422 6421
f 6321 6322 6422
f 6322 6423 6422
f 6322 6323 6423
f 6323 6424 6423
f 6323 6324 6424
f 6324 6425 6424
f 6324 6325 6425
f 6325 6426 6425
f 6325 6326 6426
f 6326 6427 6426
f 6326 6327 6427
f 6327 6428 6427
f 6327 6328 6428
f 6328 6429 6428
f 6328 6329 6429
f 6329 6430 6429
f 6329 6330 6430
f 6330 6431 6430
f 6330 6331 6431
f 6331 6432 6431
f 6331 6332 6432
f 6332 6433 6432
f 6332 6333 6433
f 6333 6434 6433
f 6333 6334 6434
f 6334 6435 6434
f 6334 6335 6435
f 6335 6436 6435
f 6336 6438 6437
f 6336 6337 6438
f 6337 6439 6438
f 6337 6338 6439
f 6338 6440 6439
f 6338 6339 6440
f 6339 6441 6440
f 6339 6340 6441
f 6340 6442 6441
f 6340 6341 6442
f 6341 6443 6442
f 6341 6342 6443
f 6342 6444 6443
f 6342 6343 6444
f 6343 6445 6444
f 6343 6344 6445
f 6344 6446 6445
f 6344 6345 6446
f 6345 6447 6446
f 6345 6346 6447
f 6346 6448 6447
f 6346 6347 6448
f 6347 6449 6448
f 6347 6348 6449
f 6348 6450 6449
f 6348 6349 6450
f 6349 6451 6450
f 6349 6350 6451
f 6350 6452 6451
f 6350 6351 6452
f 6351 6453 6452
f 6351 6352 6453
f 6352 6454 6453
f 6352 6353 6454
f 6353 6455 6454
f 6353 6354 6455
f 6354 6456 6455
f 6354 6355 6456
f 6355 6457 6456
f 6355 6356 6457
f 6356 6458 6457
f 6356 6357 6458
f 6357 6459 6458
f 6357 6358 6459
f 6358 6460 6459
f 6358 6359 6460
f 6359 6461 6460
f 6359 6360 6461
f 6361 6362 6462
f 6364 6365 6463
f 6368 6369 6464
f 6369 6465 6464
f 6369 6370 6465
f 6370 6466 6465
f 6370 6371 6466
f 6371 6467 6466
f 6371 6372 6467
f 6372 6468 6467
f 6372 6373 6468
f 6373 6469 6468
f 6373 6374 6469
f 6374 6470 6469
f 6374 6375 6470
f 6375 6471 6470
f 6375 6376 6471
f 6376 6472 6471
f 6376 6377 6472
f 6377 6473 6472
f 6378 6475 6474
f 6378 6379 6475
f 6379 6476 6475
f 6379 6380 6476
f 6381 6382 6477
f 6382 6478 6477
f 6382 6383 6478
f 6383 6479 6478
f 6383 6384 6479
f 6384 6480 6479
f 6384 6385 6480
f 6385 6481 6480
f 6385 6386 6481
f 6386 6482 6481
f 6386 6387 6482
f 6387 6483 6482
f 6387 6388 6483
f 6388 6484 6483
f 6388 6389 6484
f 6389 6485 6484
f 6389 6390 6485
f 6390 6486 6485
f 6390 6391 6486
f 6391 6487 6486
f 6391 6392 6487
f 6392 6488 6487
f 6392 6393 6488
f 6393 6489 6488
f 6395 6396 6491
f 6396 6492 6491
f 6399 6400 6495
f 6400 6496 6495
f 6400 6401 6496
f 6401 6497 6496
f 6401 6402 6497
f 6402 6498 6497
f 6402 6403 6498
f 6403 6499 6498
f 6403 6404 6499
f 6404 6500 6499
f 6404 6405 6500
f 6405 6501 6500
f 6405 6406 6501
f 6406 6502 6501
f 6406 6407 6502
f 6407 6503 6502
f 6407 6408 6503
f 6408 6504 6503
f 6408 6409 6504
f 6409 6505 6504
f 6409 6410 6505
f 6410 6506 6505
f 6410 6411 6506
f 6411 6507 6506
f 6411 6412 6507
f 6412 6508 6507
f 6412 6413 6508
f 6413 6509 6508
f 6413 6414 6509
f 6414 6510 6509
f 6414 6415 6510
f 6415 6511 6510
f 6415 6416 6511
f 6416 6512 6511
f 6416 6417 6512
f 6417 6513 6512
f 6417 6418 6513
f 6418 6514 6513
f 6418 6419 6514
f 6419 6515 6514
f 6419 6420 6515
f 6420 6516 6515
f 6420 6421 6516
f 6421 6517 6516
f 6421 6422 6517
f 6422 6518 6517
f 6422 6423 6518
f 6423 6519 6518
f 6423 6424 6519
f 6424 6520 6519
f 6424 6425 6520
f 6425 6521 6520
f 6425 6426 6521
f 6426 6522 6521
f 6426 6427 6522
f 6427 6523 6522
f 6427 6428 6523
f 6428 6524 6523
f 6428 6429 6524
f 6429 6525 6524
f 6429 6430 6525
f 6430 6526 6525
f 6430 6431 6526
f 6431 6527 6526
f 6431 6432 6527
f 6432 6528 6527
f 6432 6433 6528
f 6433 6529 6528
f 6433 6434 6529
f 6434 6530 6529
f 6434 6435 6530
f 6435 6531 6530
f 6435 6436 6531
f 6436 6532 6531
f 6436 6437 6532
f 6437 6533 6532
f 6437 6438 6533
f 6438 6534 6533
f 6438 6439 6534
f 6439 6535 6534
f 6439 6440 6535
f 6440 6536 6535
f 6440 6441 6536
f 6441 6537 6536
f 6441 6442 6537
f 6442 6538 6537
f 6442 6443 6538
f 6443 6539 6538
f 6443 6444 6539
f 6444 6540 6539
f 6444 6445 6540
f 6445 6541 6540
f 6445 6446 6541
f 6446 6542 6541
f 6446 6447 6542
f 6447 6543 6542
f 6447 6448 6543
f 6448 6544 6543
f 6448 6449 6544
f 6449 6545 6544
f 6449 6450 6545
f 6454 6455 6546
f 6455 6547 6546
f 6455 6456 6547
f 6456 6548 6547
f 6456 6457 6548
f 6457 6549 6548
f 6457 6458 6549
f 6458 6550 6549
f 6458 6459 6550
f 6459 6551 6550
f 6459 6460 6551
f 6460 6552 6551
f 6460 6461 6552
f 6461 6553 6552
f 6463 6557 6556
f 6464 6561 6560
f 6464 6465 6561
f 6465 6562 6561
f 6465 6466 6562
f 6466 6563 6562
f 6466 6467 6563
f 6467 6564 6563
f 6467 6468 6564
f 6468 6565 6564
f 6468 6469 6565
f 6469 6566 6565
f 6469 6470 6566
f 6470 6567 6566
f 6470 6471 6567
f 6471 6568 6567
f 6471 6472 6568
f 6473 6474 6569
f 6474 6570 6569
f 6474 6475 6570
f 6475 6571 6570
f 6475 6476 6571
f 6476 6572 6571
f 6477 6574 6573
f 6477 6478 6574
f 6478 6575 6574
f 6478 6479 6575
f 6479 6576 6575
f 6479 6480 6576
f 6480 6577 6576
f 6480 6481 6577
f 6481 6578 6577
f 6481 6482 6578
f 6482 6579 6578
f 6482 6483 6579
f 6483 6580 6579
f 6483 6484 6580
f 6484 6581 6580
f 6484 6485 6581
f 6485 6582 6581
f 6485 6486 6582
f 6486 6583 6582
f 6486 6487 6583
f 6487 6584 6583
f 6487 6488 6584
f 6488 6585 6584
f 6488 6489 6585
f 6491 6588 6587
f 6491 6492 6588
f 6492 6589 6588
f 6492 6493 6589
f 6497 6498 6590
f 6500 6501 6591
f 6501 6592 6591
f 6501 6502 6592
f 6502 6593 6592
f 6502 6503 6593
f 6503 6594 6593
f 6503 6504 6594
f 6504 6595 6594
f 6504 6505 6595
f 6505 6596 6595
f 6505 6506 6596
f 6506 6597 6596
f 6506 6507 6597
f 6507 6598 6597
f 6507 6508 6598
f 6508 6599 6598
f 6508 6509 6599
f 6509 6600 6599
f 6509 6510 6600
f 6510 6601 6600
f 6510 6511 6601
f 6511 6602 6601
f 6511 6512 6602
f 6512 6603 6602
f 6512 6513 6603
f 6513 6604 6603
f 6513 6514 6604
f 6514 6605 6604
f 6514 6515 6605
f 6515 6606 6605
f 6515 6516 6606
f 6516 6607 6606
f 6516 6517 6607
f 6517 6608 6607
f 6517 6518 6608
f 6518 6609 6608
f 6518 6519 6609
f 6519 6610 6609
f 6519 6520 6610
f 6520 6611 6610
f 6520 6521 6611
f 6521 6612 6611
f 6521 6522 6612
f 6522 6613 6612
f 6522 6523 6613
f 6523 6614 6613
f 6523 6524 6614
f 6524 6615 6614
f 6524 6525 6615
f 6525 6616 6615
f 6525 6526 6616
f 6526 6617 6616
f 6526 6527 6617
f 6527 6618 6617
f 6527 6528 6618
f 6528 6619 6618
f 6528 6529 6619
f 6529 6620 6619
f 6529 6530 6620
f 6530 6621 6620
f 6530 6531 6621
f 6531 6622 6621
f 6531 6532 6622
f 6532 6623 6622
f 6532 6533 6623
f 6533 6624 6623
f 6533 6534 6624
f 6534 6625 6624
f 6534 6535 6625
f 6535 6626 6625
f 6535 6536 6626
f 6536 6627 6626
f 6536 6537 6627
f 6537 6628 6627
f 6537 6538 6628
f 6538 6629 6628
f 6538 6539 6629
f 6539 6630 6629
f 6539 6540 6630
f 6540 6631 6630
f 6540 6541 6631
f 6541 6632 6631
f 6541 6542 6632
f 6542 6633 6632
f 6542 6543 6633
f 6543 6634 6633
f 6543 6544 6634
f 6544 6635 6634
f 6544 6545 6635
f 6545 6636 6635
f 6546 6639 6638
f 6546 6547 6639
f 6547 6640 6639
f 6547 6548 6640
f 6548 6641 6640
f 6548 6549 6641
f 6549 6642 6641
f 6549 6550 6642
f 6550 6643 6642
f 6550 6551 6643
f 6551 6644 6643
f 6551 6552 6644
f 6552 6645 6644
f 6552 6553 6645
f 6553 6646 6645
f 6554 6648 6647
f 6554 6555 6648
f 6555 6649 6648
f 6555 6556 6649
f 6556 6650 6649
f 6556 6557 6650
f 6557 6651 6650
f 6557 6558 6651
f 6558 6652 6651
f 6558 6559 6652
f 6559 6653 6652
f 6559 6560 6653
f 6560 6654 6653
f 6560 6561 6654
f 6561 6655 6654
f 6561 6562 6655
f 6562 6656 6655
f 6562 6563 6656
f 6563 6657 6656
f 6563 6564 6657
f 6564 6658 6657
f 6564 6565 6658
f 6565 6659 6658
f 6565 6566 6659
f 6566 6660 6659
f 6566 6567 6660
f 6567 6661 6660
f 6567 6568 6661
f 6568 6662 6661
f 6569 6664 6663
f 6569 6570 6664
f 6570 6665 6664
f 6570 6571 6665
f 6571 6666 6665
f 6571 6572 6666
f 6573 6574 6667
f 6574 6668 6667
f 6574 6575 6668
f 6575 6669 6668
f 6575 6576 6669
f 6576 6670 6669
f 6576 6577 6670
f 6577 6671 6670
f 6577 6578 6671
f 6578 6672 6671
f 6578 6579 6672
f 6579 6673 6672
f 6579 6580 6673
f 6580 6674 6673
f 6580 6581 6674
f 6581 6675 6674
f 6581 6582 6675
f 6582 6676 6675
f 6582 6583 6676
f 6583 6677 6676
f 6583 6584 6677
f 6584 6678 6677
f 6584 6585 6678
f 6585 6679 6678
f 6587 6588 6681
f 6588 6682 6681
f 6588 6589 6682
f 6589 6683 6682
f 6591 6592 6686
f 6592 6687 6686
f 6592 6593 6687
f 6593 6688 6687
f 6593 6594 6688
f 6594 6689 6688
f 6594 6595 6689
f 6595 6690 6689
f 6595 6596 6690
f 6596 6691 6690
f 6596 6597 6691
f 6597 6692 6691
f 6597 6598 6692
f 6598 6693 6692
f 6598 6599 6693
f 6599 6694 6693
f 6599 6600 6694
f 6600 6695 6694
f 6600 6601 6695
f 6601 6696 6695
f 6601 6602 6696
f 6602 6697 6696
f 6602 6603 6697
f 6603 6698 6697
f 6603 6604 6698
f 6604 6699 6698
f 6604 6605 6699
f 6605 6700 6699
f 6605 6606 6700
f 6606 6701 6700
f 6606 6607 6701
f 6607 6702 6701
f 6607 6608 6702
f 6608 6703 6702
f 6608 6609 6703
f 6609 6704 6703
f 6609 6610 6704
f 6610 6705 6704
f 6610 6611 6705
f 6611 6706 6705
f 6611 6612 6706
f 6612 6707 6706
f 6612 6613 6707
f 6613 6708 6707
f 6613 6614 6708
f 6614 6709 6708
f 6614 6615 6709
f 6615 6710 6709
f 6615 6616 6710
f 6616 6711 6710
f 6616 6617 6711
f 6617 6712 6711
f 6617 6618 6712
f 6618 6713 6712
f 6618 6619 6713
f 6619 6714 6713
f 6619 6620 6714
f 6620 6715 6714
f 6620 6621 6715
f 6621 6716 6715
f 6621 6622 6716
f 6622 6717 6716
f 6622 6623 6717
f 6623 6718 6717
f 6623 6624 6718
f 6624 6719 6718
f 6624 6625 6719
f 6625 6720 6719
f 6625 6626 6720
f 6626 6721 6720
f 6626 6627 6721
f 6627 6722 6721
f 6627 6628 6722
f 6628 6723 6722
f 6628 6629 6723
f 6629 6724 6723
f 6629 6630 6724
f 6630 6725 6724
f 6630 6631 6725
f 6634 6635 6726
f 6635 6727 6726
f 6635 6636 6727
f 6636 6728 6727
f 6636 6637 6728
f 6637 6729 6728
f 6638 6732 6731
f 6638 6639 6732
f 6639 6733 6732
f 6639 6640 6733
f 6640 6734 6733
f 6640 6641 6734
f 6641 6735 6734
f 6641 6642 6735
f 6642 6736 6735
f 6642 6643 6736
f 6643 6737 6736
f 6643 6644 6737
f 6644 6738 6737
f 6644 6645 6738
f 6645 6739 6738
f 6645 6646 6739
f 6646 6740 6739
f 6646 6647 6740
f 6647 6741 6740
f 6647 6648 6741
f 6648 6742 6741
f 6648 6649 6742
f 6649 6743 6742
f 6649 6650 6743
f 6650 6744 6743
f 6650 6651 6744
f 6651 6745 6744
f 6651 6652 6745
f 6652 6746 6745
f 6652 6653 6746
f 6653 6747 6746
f 6653 6654 6747
f 6654 6748 6747
f 6654 6655 6748
f 6655 6749 6748
f 6655 6656 6749
f 6656 6750 6749
f 6656 6657 6750
f 6657 6751 6750
f 6657 6658 6751
f 6658 6752 6751
f 6658 6659 6752
f 6659 6753 6752
f 6659 6660 6753
f 6660 6754 6753
f 6660 6661 6754
f 6661 6755 6754
f 6661 6662 6755
f 6662 6756 6755
f 6662 6663 6756
f 6663 6757 6756
f 6663 6664 6757
f 6664 6758 6757
f 6664 6665 6758
f 6665 6759 6758
f 6665 6666 6759
f 6666 6760 6759
f 6667 6762 6761
f 6667 6668 6762
f 6671 6672 6763
f 6672 6764 6763
f 6672 6673 6764
f 6673 6765 6764
f 6673 6674 6765
f 6674 6766 6765
f 6674 6675 6766
f 6675 6767 6766
f 6675 6676 6767
f 6676 6768 6767
f 6676 6677 6768
f 6677 6769 6768
f 6677 6678 6769
f 6678 6770 6769
f 6678 6679 6770
f 6679 6771 6770
f 6679 6680 6771
f 6680 6772 6771
f 6681 6682 6774
f 6682 6775 6774
f 6682 6683 6775
f 6683 6776 6775
f 6683 6684 6776
f 6690 6691 6778
f 6691 6779 6778
f 6691 6692 6779
f 6692 6780 6779
f 6692 6693 6780
f 6693 6781 6780
f 6693 6694 6781
f 6694 6782 6781
f 6694 6695 6782
f 6695 6783 6782
f 6695 6696 6783
f 6696 6784 6783
f 6696 6697 6784
f 6697 6785 6784
f 6697 6698 6785
f 6698 6786 6785
f 6698 6699 6786
f 6699 6787 6786
f 6699 6700 6787
f 6700 6788 6787
f 6700 6701 6788
f 6701 6789 6788
f 6701 6702 6789
f 6702 6790 6789
f 6702 6703 6790
f 6703 6791 6790
f 6703 6704 6791
f 6704 6792 6791
f 6704 6705 6792
f 6705 6793 6792
f 6705 6706 6793
f 6706 6794 6793
f 6706 6707 6794
f 6707 6795 6794
f 6707 6708 6795
f 6708 6796 6795
f 6708 6709 6796
f 6709 6797 6796
f 6709 6710 6797
f 6710 6798 6797
f 6710 6711 6798
f 6711 6799 6798
f 6711 6712 6799
f 6712 6800 6799
f 6712 6713 6800
f 6713 6801 6800
f 6713 6714 6801
f 6714 6802 6801
f 6714 6715 6802
f 6715 6803 6802
f 6715 6716 6803
f 6716 6804 6803
f 6716 6717 6804
f 6717 6805 6804
f 6717 6718 6805
f 6718 6806 6805
f 6718 6719 6806
f 6719 6807 6806
f 6719 6720 6807
f 6720 6808 6807
f 6720 6721 6808
f 6721 6809 6808
f 6721 6722 6809
f 6722 6810 6809
f 6722 6723 6810
f 6723 6811 6810
f 6723 6724 6811
f 6724 6812 6811
f 6724 6725 6812
f 6726 6727 6813
f 6727 6814 6813
f 6727 6728 6814
f 6728 6815 6814
f 6728 6729 6815
f 6729 6816 6815
f 6729 6730 6816
f 6730 6817 6816
f 6730 6731 6817
f 6731 6818 6817
f 6731 6732 6818
f 6732 6819 6818
f 6732 6733 6819
f 6733 6820 6819
f 6733 6734 6820
f 6734 6821 6820
f 6734 6735 6821
f 6735 6822 6821
f 6735 6736 6822
f 6736 6823 6822
f 6736 6737 6823
f 6737 6824 6823
f 6737 6738 6824
f 6738 6825 6824
f 6738 6739 6825
f 6739 6826 6825
f 6739 6740 6826
f 6740 6827 6826
f 6740 6741 6827
f 6741 6828 6827
f 6741 6742 6828
f 6742 6829 6828
f 6742 6743 6829
f 6743 6830 6829
f 6743 6744 6830
f 6744 6831 6830
f 6744 6745 6831
f 6745 6832 6831
f 6745 6746 6832
f 6746 6833 6832
f 6746 6747 6833
f 6747 6834 6833
f 6747 6748 6834
f 6748 6835 6834
f 6748 6749 6835
f 6749 6836 6835
f 6749 6750 6836
f 6750 6837 6836
f 6750 6751 6837
f 6751 6838 6837
f 6751 6752 6838
f 6752 6839 6838
f 6752 6753 6839
f 6753 6840 6839
f 6753 6754 6840
f 6754 6841 6840
f 6754 6755 6841
f 6755 6842 6841
f 6755 6756 6842
f 6756 6843 6842
f 6756 6757 6843
f 6757 6844 6843
f 6757 6758 6844
f 6758 6845 6844
f 6758 6759 6845
f 6759 6846 6845
f 6759 6760 6846
f 6760 6847 6846
f 6760 6761 6847
f 6761 6848 6847
f 6761 6762 6848
f 6762 6849 6848
f 6763 6852 6851
f 6763 6764 6852
f 6764 6853 6852
f 6764 6765 6853
f 6765 6854 6853
f 6765 6766 6854
f 6766 6855 6854
f 6766 6767 6855
f 6767 6856 6855
f 6767 6768 6856
f 6768 6857 6856
f 6768 6769 6857
f 6769 6858 6857
f 6769 6770 6858
f 6770 6859 6858
f 6770 6771 6859
f 6774 6775 6862
f 6775 6863 6862
f 6775 6776 6863
f 6776 6864 6863
f 6778 6779 6865
f 6779 6866 6865
f 6779 6780 6866
f 6780 6867 6866
f 6780 6781 6867
f 6781 6868 6867
f 6781 6782 6868
f 6782 6869 6868
f 6782 6783 6869
f 6783 6870 6869
f 6783 6784 6870
f 6784 6871 6870
f 6784 6785 6871
f 6785 6872 6871
f 6785 6786 6872
f 6786 6873 6872
f 6786 6787 6873
f 6787 6874 6873
f 6787 6788 6874
f 6788 6875 6874
f 6788 6789 6875
f 6789 6876 6875
f 6789 6790 6876
f 6790 6877 6876
f 6790 6791 6877
f 6791 6878 6877
f 6791 6792 6878
f 6792 6879 6878
f 6792 6793 6879
f 6793 6880 6879
f 6793 6794 6880
f 6794 6881 6880
f 6794 6795 6881
f 6795 6882 6881
f 6795 6796 6882
f 6796 6883 6882
f 6796 6797 6883
f 6797 6884 6883
f 6797 6798 6884
f 6798 6885 6884
f 6798 6799 6885
f 6799 6886 6885
f 6799 6800 6886
f 6800 6887 6886
f 6800 6801 6887
f 6801 6888 6887
f 6801 6802 6888
f 6802 6889 6888
f 6802 6803 6889
f 6803 6890 6889
f 6803 6804 6890
f 6804 6891 6890
f 6804 6805 6891
f 6805 6892 6891
f 6805 6806 6892
f 6806 6893 6892
f 6806 6807 6893
f 6807 6894 6893
f 6807 6808 6894
f 6808 6895 6894
f 6808 6809 6895
f 6809 6896 6895
f 6809 6810 6896
f 6810 6897 6896
f 6810 6811 6897
f 6813 6900 6899
f 6813 6814 6900
f 6814 6901 6900
f 6814 6815 6901
f 6815 6902 6901
f 6815 6816 6902
f 6816 6903 6902
f 6816 6817 6903
f 6817 6904 6903
f 6817 6818 6904
f 6818 6905 6904
f 6818 6819 6905
f 6819 6906 6905
f 6819 6820 6906
f 6820 6907 6906
f 6820 6821 6907
f 6821 6908 6907
f 6821 6822 6908
f 6822 6909 6908
f 6822 6823 6909
f 6823 6910 6909
f 6823 6824 6910
f 6824 6911 6910
f 6824 6825 6911
f 6825 6912 6911
f 6825 6826 6912
f 6826 6913 6912
f 6826 6827 6913
f 6827 6914 6913
f 6827 6828 6914
f 6828 6915 6914
f 6828 6829 6915
f 6829 6916 6915
f 6829 6830 6916
f 6830 6917 6916
f 6830 6831 6917
f 6831 6918 6917
f 6831 6832 6918
f 6832 6919 6918
f 6832 6833 6919
f 6833 6920 6919
f 6833 6834 6920
f 6834 6921 6920
f 6834 6835 6921
f 6835 6922 6921
f 6835 6836 6922
f 6837 6838 6923
f 6838 6924 6923
f 6838 6839 6924
f 6839 6925 6924
f 6839 6840 6925
f 6840 6926 6925
f 6840 6841 6926
f 6841 6927 6926
f 6841 6842 6927
f 6842 6928 6927
f 6842 6843 6928
f 6843 6929 6928
f 6843 6844 6929
f 6844 6930 6929
f 6844 6845 6930
f 6845 6931 6930
f 6845 6846 6931
f 6846 6932 6931
f 6846 6847 6932
f 6847 6933 6932
f 6847 6848 6933
f 6848 6934 6933
f 6848 6849 6934
f 6849 6935 6934
f 6849 6850 6935
f 6850 6936 6935
f 6851 6938 6937
f 6851 6852 6938
f 6852 6939 6938
f 6852 6853 6939
f 6853 6940 6939
f 6853 6854 6940
f 6854 6941 6940
f 6854 6855 6941
f 6855 6942 6941
f 6855 6856 6942
f 6856 6943 6942
f 6856 6857 6943
f 6857 6944 6943
f 6857 6858 6944
f 6858 6945 6944
f 6858 6859 6945
f 6859 6946 6945
f 6860 6949 6948
f 6860 6861 6949
f 6861 6950 6949
f 6862 6863 6951
f 6863 6952 6951
f 6863 6864 6952
f 6864 6953 6952
f 6869 6870 6954
f 6870 6955 6954
f 6870 6871 6955
f 6871 6956 6955
f 6871 6872 6956
f 6872 6957 6956
f 6872 6873 6957
f 6873 6958 6957
f 6873 6874 6958
f 6874 6959 6958
f 6874 6875 6959
f 6875 6960 6959
f 6875 6876 6960
f 6876 6961 6960
f 6876 6877 6961
f 6877 6962 6961
f 6877 6878 6962
f 6878 6963 6962
f 6878 6879 6963
f 6879 6964 6963
f 6879 6880 6964
f 6880 6965 6964
f 6880 6881 6965
f 6881 6966 6965
f 6881 6882 6966
f 6882 6967 6966
f 6882 6883 6967
f 6883 6968 6967
f 6883 6884 6968
f 6884 6969 6968
f 6884 6885 6969
f 6885 6970 6969
f 6885 6886 6970
f 6886 6971 6970
f 6886 6887 6971
f 6887 6972 6971
f 6887 6888 6972
f 6888 6973 6972
f 6888 6889 6973
f 6889 6974 6973
f 6889 6890 6974
f 6890 6975 6974
f 6890 6891 6975
f 6891 6976 6975
f 6891 6892 6976
f 6892 6977 6976
f 6892 6893 6977
f 6893 6978 6977
f 6893 6894 6978
f 6894 6979 6978
f 6894 6895 6979
f 6895 6980 6979
f 6895 6896 6980
f 6896 6981 6980
f 6896 6897 6981
f 6898 6899 6982
f 6899 6983 6982
f 6899 6900 6983
f 6900 6984 6983
f 6900 6901 6984
f 6901 6985 6984
f 6901 6902 6985
f 6902 6986 6985
f 6902 6903 6986
f 6903 6987 6986
f 6903 6904 6987
f 6904 6988 6987
f 6904 6905 6988
f 6905 6989 6988
f 6905 6906 6989
f 6906 6990 6989
f 6906 6907 6990
f 6907 6991 6990
f 6907 6908 6991
f 6908 6992 6991
f 6908 6909 6992
f 6909 6993 6992
f 6909 6910 6993
f 6910 6994 6993
f 6910 6911 6994
f 6911 6995 6994
f 6911 6912 6995
f 6912 6996 6995
f 6912 6913 6996
f 6913 6997 6996
f 6913 6914 6997
f 6914 6998 6997
f 6914 6915 6998
f 6915 6999 6998
f 6915 6916 6999
f 6916 7000 6999
f 6916 6917 7000
f 6917 7001 7000
f 6917 6918 7001
f 6918 7002 7001
f 6918 6919 7002
f 6919 7003 7002
f 6919 6920 7003
f 6920 7004 7003
f 6920 6921 7004
f 6921 7005 7004
f 6921 6922 7005
f 6922 7006 7005
f 6923 7008 7007
f 6923 6924 7008
f 6924 7009 7008
f 6924 6925 7009
f 6925 7010 7009
f 6925 6926 7010
f 6926 7011 7010
f 6926 6927 7011
f 6927 7012 7011
f 6927 6928 7012
f 6928 7013 7012
f 6928 6929 7013
f 6929 7014 7013
f 6929 6930 7014
f 6930 7015 7014
f 6930 6931 7015
f 6931 7016 7015
f 6931 6932 7016
f 6932 7017 7016
f 6932 6933 7017
f 6933 7018 7017
f 6933 6934 7018
f 6934 7019 7018
f 6934 6935 7019
f 6935 7020 7019
f 6935 6936 7020
f 6936 7021 7020
f 6936 6937 7021
f 6937 7022 7021
f 6937 6938 7022
f 6938 7023 7022
f 6938 6939 7023
f 6939 7024 7023
f 6939 6940 7024
f 6940 7025 7024
f 6940 6941 7025
f 6941 7026 7025
f 6941 6942 7026
f 6942 7027 7026
f 6942 6943 7027
f 6943 7028 7027
f 6943 6944 7028
f 6944 7029 7028
f 6944 6945 7029
f 6945 7030 7029
f 6945 6946 7030
f 6946 7031 7030
f 6946 6947 7031
f 6947 7032 7031
f 6947 6948 7032
f 6949 6950 7033
f 6950 7034 7033
f 6952 6953 7036
f 6953 7037 7036
f 6956 6957 7038
f 6957 7039 7038
f 6957 6958 7039
f 6958 7040 7039
f 6958 6959 7040
f 6959 7041 7040
f 6959 6960 7041
f 6960 7042 7041
f 6960 6961 7042
f 6961 7043 7042
f 6961 6962 7043
f 6962 7044 7043
f 6962 6963 7044
f 6963 7045 7044
f 6963 6964 7045
f 6964 7046 7045
f 6964 6965 7046
f 6965 7047 7046
f 6965 6966 7047
f 6966 7048 7047
f 6966 6967 7048
f 6967 7049 7048
f 6967 6968 7049
f 6968 7050 7049
f 6968 6969 7050
f 6969 7051 7050
f 6969 6970 7051
f 6970 7052 7051
f 6970 6971 7052
f 6971 7053 7052
f 6971 6972 7053
f 6972 7054 7053
f 6972 6973 7054
f 6973 7055 7054
f 6973 6974 7055
f 6974 7056 7055
f 6974 6975 7056
f 6975 7057 7056
f 6975 6976 7057
f 6976 7058 7057
f 6976 6977 7058
f 6977 7059 7058
f 6977 6978 7059
f 6978 7060 7059
f 6978 6979 7060
f 6979 7061 7060
f 6979 6980 7061
f 6982 7063 7062
f 6982 6983 7063
f 6983 7064 7063
f 6983 6984 7064
f 6984 7065 7064
f 6984 6985 7065
f 6985 7066 7065
f 6985 6986 7066
f 6986 7067 7066
f 6986 6987 7067
f 6987 7068 7067
f 6987 6988 7068
f 6989 6990 7069
f 6990 7070 7069
f 6990 6991 7070
f 6991 7071 7070
f 6991 6992 7071
f 6992 7072 7071
f 6992 6993 7072
f 6993 7073 7072
f 6993 6994 7073
f 6994 7074 7073
f 6994 6995 7074
f 6995 7075 7074
f 6995 6996 7075
f 6996 7076 7075
f 6996 6997 7076
f 6997 7077 7076
f 6997 6998 7077
f 6998 7078 7077
f 6998 6999 7078
f 6999 7079 7078
f 6999 7000 7079
f 7000 7080 7079
f 7000 7001 7080
f 7001 7081 7080
f 7001 7002 7081
f 7002 7082 7081
f 7002 7003 7082
f 7003 7083 7082
f 7003 7004 7083
f 7005 7006 7084
f 7006 7085 7084
f 7006 7007 7085
f 7007 7086 7085
f 7007 7008 7086
f 7008 7087 7086
f 7008 7009 7087
f 7009 7088 7087
f 7009 7010 7088
f 7010 7089 7088
f 7010 7011 7089
f 7011 7090 7089
f 7011 7012 7090
f 7012 7091 7090
f 7012 7013 7091
f 7013 7092 7091
f 7013 7014 7092
f 7014 7093 7092
f 7014 7015 7093
f 7015 7094 7093
f 7015 7016 7094
f 7016 7095 7094
f 7016 7017 7095
f 7017 7096 7095
f 7017 7018 7096
f 7018 7097 7096
f 7018 7019 7097
f 7019 7098 7097
f 7019 7020 7098
f 7020 7099 7098
f 7020 7021 7099
f 7021 7100 7099
f 7021 7022 7100
f 7022 7101 7100
f 7022 7023 7101
f 7023 7102 7101
f 7023 7024 7102
f 7024 7103 7102
f 7024 7025 7103
f 7025 7104 7103
f 7025 7026 7104
f 7026 7105 7104
f 7026 7027 7105
f 7027 7106 7105
f 7027 7028 7106
f 7028 7107 7106
f 7028 7029 7107
f 7029 7108 7107
f 7029 7030 7108
f 7030 7109 7108
f 7030 7031 7109
f 7039 7040 7110
f 7040 7111 7110
f 7040 7041 7111
f 7041 7112 7111
f 7041 7042 7112
f 7042 7113 7112
f 7042 7043 7113
f 7043 7114 7113
f 7043 7044 7114
f 7044 7115 7114
f 7044 7045 7115
f 7045 7116 7115
f 7045 7046 7116
f 7046 7117 7116
f 7046 7047 7117
f 7047 7118 7117
f 7047 7048 7118
f 7048 7119 7118
f 7048 7049 7119
f 7049 7120 7119
f 7049 7050 7120
f 7050 7121 7120
f 7050 7051 7121
f 7051 7122 7121
f 7051 7052 7122
f 7052 7123 7122
f 7052 7053 7123
f 7053 7124 7123
f 7053 7054 7124
f 7054 7125 7124
f 7054 7055 7125
f 7055 7126 7125
f 7055 7056 7126
f 7056 7127 7126
f 7056 7057 7127
f 7057 7128 7127
f 7057 7058 7128
f 7058 7129 7128
f 7058 7059 7129
f 7059 7130 7129
f 7059 7060 7130
f 7062 7063 7131
f 7063 7132 7131
f 7063 7064 7132
f 7065 7066 7133
f 7066 7134 7133
f 7066 7067 7134
f 7067 7135 7134
f 7067 7068 7135
f 7068 7136 7135
f 7069 7138 7137
f 7069 7070 7138
f 7070 7139 7138
f 7070 7071 7139
f 7071 7140 7139
f 7071 7072 7140
f 7072 7141 7140
f 7072 7073 7141
f 7073 7142 7141
f 7073 7074 7142
f 7074 7143 7142
f 7074 7075 7143
f 7075 7144 7143
f 7075 7076 7144
f 7076 7145 7144
f 7076 7077 7145
f 7077 7146 7145
f 7077 7078 7146
f 7078 7147 7146
f 7078 7079 7147
f 7079 7148 7147
f 7079 7080 7148
f 7080 7149 7148
f 7080 7081 7149
f 7081 7150 7149
f 7081 7082 7150
f 7082 7151 7150
f 7082 7083 7151
f 7083 7152 7151
f 7084 7154 7153
f 7084 7085 7154
f 7085 7155 7154
f 7085 7086 7155
f 7086 7156 7155
f 7086 7087 7156
f 7087 7157 7156
f 7087 7088 7157
f 7088 7158 7157
f 7088 7089 7158
f 7089 7159 7158
f 7089 7090 7159
f 7090 7160 7159
f 7090 7091 7160
f 7091 7161 7160
f 7091 7092 7161
f 7092 7162 7161
f 7092 7093 7162
f 7093 7163 7162
f 7093 7094 7163
f 7094 7164 7163
f 7094 7095 7164
f 7095 7165 7164
f 7095 7096 7165
f 7096 7166 7165
f 7096 7097 7166
f 7097 7167 7166
f 7097 7098 7167
f 7098 7168 7167
f 7098 7099 7168
f 7099 7169 7168
f 7099 7100 7169
f 7100 7170 7169
f 7100 7101 7170
f 7101 7171 7170
f 7101 7102 7171
f 7102 7172 7171
f 7102 7103 7172
f 7103 7173 7172
f 7103 7104 7173
f 7104 7174 7173
f 7104 7105 7174
f 7105 7175 7174
f 7105 7106 7175
f 7106 7176 7175
f 7106 7107 7176
f 7107 7177 7176
f 7107 7108 7177
f 7108 7178 7177
f 7108 7109 7178
f 7109 7179 7178
f 7112 7113 7180
f 7113 7181 7180
f 7113 7114 7181
f 7114 7182 7181
f 7114 7115 7182
f 7115 7183 7182
f 7115 7116 7183
f 7116 7184 7183
f 7116 7117 7184
f 7117 7185 7184
f 7117 7118 7185
f 7118 7186 7185
f 7118 7119 7186
f 7119 7187 7186
f 7119 7120 7187
f 7120 7188 7187
f 7120 7121 7188
f 7121 7189 7188
f 7121 7122 7189
f 7122 7190 7189
f 7122 7123 7190
f 7123 7191 7190
f 7123 7124 7191
f 7124 7192 7191
f 7124 7125 7192
f 7125 7193 7192
f 7125 7126 7193
f 7126 7194 7193
f 7126 7127 7194
f 7127 7195 7194
f 7127 7128 7195
f 7128 7196 7195
f 7128 7129 7196
f 7133 7198 7197
f 7133 7134 7198
f 7134 7199 7198
f 7134 7135 7199
f 7135 7200 7199
f 7135 7136 7200
f 7136 7201 7200
f 7136 7137 7201
f 7137 7202 7201
f 7137 7138 7202
f 7138 7203 7202
f 7138 7139 7203
f 7139 7204 7203
f 7139 7140 7204
f 7140 7205 7204
f 7140 7141 7205
f 7141 7206 7205
f 7141 7142 7206
f 7142 7207 7206
f 7142 7143 7207
f 7143 7208 7207
f 7143 7144 7208
f 7144 7209 7208
f 7144 7145 7209
f 7145 7210 7209
f 7145 7146 7210
f 7146 7211 7210
f 7146 7147 7211
f 7147 7212 7211
f 7147 7148 7212
f 7148 7213 7212
f 7148 7149 7213
f 7149 7214 7213
f 7149 7150 7214
f 7150 7215 7214
f 7150 7151 7215
f 7152 7153 7216
f 7153 7217 7216
f 7153 7154 7217
f 7154 7218 7217
f 7154 7155 7218
f 7155 7219 7218
f 7155 7156 7219
f 7156 7220 7219
f 7156 7157 7220
f 7157 7221 7220
f 7157 7158 7221
f 7158 7222 7221
f 7158 7159 7222
f 7159 7223 7222
f 7159 7160 7223
f 7160 7224 7223
f 7160 7161 7224
f 7161 7225 7224
f 7161 7162 7225
f 7162 7226 7225
f 7162 7163 7226
f 7163 7227 7226
f 7163 7164 7227
f 7164 7228 7227
f 7164 7165 7228
f 7165 7229 7228
f 7165 7166 7229
f 7166 7230 7229
f 7166 7167 7230
f 7167 7231 7230
f 7167 7168 7231
f 7168 7232 7231
f 7168 7169 7232
f 7169 7233 7232
f 7169 7170 7233
f 7170 7234 7233
f 7170 7171 7234
f 7171 7235 7234
f 7171 7172 7235
f 7172 7236 7235
f 7172 7173 7236
f 7173 7237 7236
f 7173 7174 7237
f 7174 7238 7237
f 7174 7175 7238
f 7175 7239 7238
f 7175 7176 7239
f 7176 7240 7239
f 7176 7177 7240
f 7177 7241 7240
f 7177 7178 7241
f 7178 7242 7241
f 7178 7179 7242
f 7179 7243 7242
f 7188 7189 7244
f 7189 7245 7244
f 7189 7190 7245
f 7195 7196 7246
f 7199 7200 7247
f 7200 7248 7247
f 7200 7201 7248
f 7201 7249 7248
f 7201 7202 7249
f 7202 7250 7249
f 7202 7203 7250
f 7203 7251 7250
f 7203 7204 7251
f 7204 7252 7251
f 7204 7205 7252
f 7205 7253 7252
f 7205 7206 7253
f 7206 7254 7253
f 7206 7207 7254
f 7207 7255 7254
f 7207 7208 7255
f 7208 7256 7255
f 7208 7209 7256
f 7209 7257 7256
f 7209 7210 7257
f 7210 7258 7257
f 7210 7211 7258
f 7211 7259 7258
f 7211 7212 7259
f 7212 7260 7259
f 7212 7213 7260
f 7213 7261 7260
f 7213 7214 7261
f 7214 7262 7261
f 7214 7215 7262
f 7215 7263 7262
f 7216 7217 7264
f 7217 7265 7264
f 7217 7218 7265
f 7218 7266 7265
f 7218 7219 7266
f 7219 7267 7266
f 7219 7220 7267
f 7220 7268 7267
f 7220 7221 7268
f 7221 7269 7268
f 7221 7222 7269
f 7222 7270 7269
f 7222 7223 7270
f 7223 7271 7270
f 7223 7224 7271
f 7224 7272 7271
f 7224 7225 7272
f 7225 7273 7272
f 7225 7226 7273
f 7226 7274 7273
f 7226 7227 7274
f 7227 7275 7274
f 7227 7228 7275
f 7228 7276 7275
f 7228 7229 7276
f 7229 7277 7276
f 7229 7230 7277
f 7230 7278 7277
f 7230 7231 7278
f 7231 7279 7278
f 7231 7232 7279
f 7232 7280 7279
f 7232 7233 7280
f 7233 7281 7280
f 7233 7234 7281
f 7234 7282 7281
f 7234 7235 7282
f 7235 7283 7282
f 7235 7236 7283
f 7236 7284 7283
f 7236 7237 7284
f 7237 7285 7284
f 7237 7238 7285
f 7238 7286 7285
f 7238 7239 7286
f 7239 7287 7286
f 7239 7240 7287
f 7240 7288 7287
f 7240 7241 7288
f 7241 7289 7288
f 7241 7242 7289
f 7242 7290 7289
f 7242 7243 7290
f 7243 7291 7290
f 7251 7252 7296
f 7252 7297 7296
f 7252 7253 7297
f 7253 7298 7297
f 7253 7254 7298
f 7255 7256 7299
f 7256 7300 7299
f 7256 7257 7300
f 7257 7301 7300
f 7257 7258 7301
f 7258 7302 7301
f 7258 7259 7302
f 7259 7303 7302
f 7259 7260 7303
f 7260 7304 7303
f 7260 7261 7304
f 7261 7305 7304
f 7261 7262 7305
f 7262 7306 7305
f 7262 7263 7306
f 7264 7308 7307
f 7264 7265 7308
f 7265 7309 7308
f 7265 7266 7309
f 7266 7310 7309
f 7266 7267 7310
f 7267 7311 7310
f 7267 7268 7311
f 7268 7312 7311
f 7268 7269 7312
f 7269 7313 7312
f 7269 7270 7313
f 7270 7314 7313
f 7270 7271 7314
f 7271 7315 7314
f 7271 7272 7315
f 7272 7316 7315
f 7272 7273 7316
f 7273 7317 7316
f 7273 7274 7317
f 7274 7318 7317
f 7274 7275 7318
f 7275 7319 7318
f 7275 7276 7319
f 7276 7320 7319
f 7276 7277 7320
f 7277 7321 7320
f 7277 7278 7321
f 7278 7322 7321
f 7278 7279 7322
f 7279 7323 7322
f 7279 7280 7323
f 7280 7324 7323
f 7280 7281 7324
f 7281 7325 7324
f 7281 7282 7325
f 7282 7326 7325
f 7282 7283 7326
f 7283 7327 7326
f 7283 7284 7327
f 7284 7328 7327
f 7284 7285 7328
f 7285 7329 7328
f 7285 7286 7329
f 7286 7330 7329
f 7286 7287 7330
f 7287 7331 7330
f 7287 7288 7331
f 7288 7332 7331
f 7288 7289 7332
f 7289 7333 7332
f 7289 7290 7333
f 7290 7334 7333
f 7290 7291 7334
f 7291 7335 7334
f 7291 7292 7335
f 7292 7336 7335
f 7292 7293 7336
f 7293 7337 7336
f 7295 7340 7339
f 7302 7303 7341
f 7303 7342 7341
f 7303 7304 7342
f 7304 7343 7342
f 7304 7305 7343
f 7305 7344 7343
f 7305 7306 7344
f 7306 7345 7344
f 7307 7308 7346
f 7308 7347 7346
f 7308 7309 7347
f 7309 7348 7347
f 7309 7310 7348
f 7310 7349 7348
f 7310 7311 7349
f 7311 7350 7349
f 7311 7312 7350
f 7312 7351 7350
f 7312 7313 7351
f 7313 7352 7351
f 7313 7314 7352
f 7314 7353 7352
f 7314 7315 7353
f 7315 7354 7353
f 7315 7316 7354
f 7316 7355 7354
f 7316 7317 7355
f 7317 7356 7355
f 7317 7318 7356
f 7318 7357 7356
f 7318 7319 7357
f 7319 7358 7357
f 7319 7320 7358
f 7320 7359 7358
f 7320 7321 7359
f 7321 7360 7359
f 7321 7322 7360
f 7322 7361 7360
f 7322 7323 7361
f 7323 7362 7361
f 7323 7324 7362
f 7324 7363 7362
f 7324 7325 7363
f 7325 7364 7363
f 7325 7326 7364
f 7326 7365 7364
f 7326 7327 7365
f 7327 7366 7365
f 7327 7328 7366
f 7328 7367 7366
f 7328 7329 7367
f 7329 7368 7367
f 7329 7330 7368
f 7330 7369 7368
f 7330 7331 7369
f 7331 7370 7369
f 7331 7332 7370
f 7332 7371 7370
f 7332 7333 7371
f 7333 7372 7371
f 7333 7334 7372
f 7334 7373 7372
f 7334 7335 7373
f 7335 7374 7373
f 7335 7336 7374
f 7336 7375 7374
f 7336 7337 7375
f 7337 7376 7375
f 7338 7378 7377
f 7339 7380 7379
f 7339 7340 7380
f 7346 7383 7382
f 7346 7347 7383
f 7347 7384 7383
f 7347 7348 7384
f 7348 7385 7384
f 7348 7349 7385
f 7349 7386 7385
f 7349 7350 7386
f 7350 7387 7386
f 7350 7351 7387
f 7351 7388 7387
f 7351 7352 7388
f 7352 7389 7388
f 7352 7353 7389
f 7353 7390 7389
f 7353 7354 7390
f 7354 7391 7390
f 7354 7355 7391
f 7355 7392 7391
f 7355 7356 7392
f 7356 7393 7392
f 7356 7357 7393
f 7357 7394 7393
f 7357 7358 7394
f 7358 7395 7394
f 7358 7359 7395
f 7359 7396 7395
f 7359 7360 7396
f 7360 7397 7396
f 7360 7361 7397
f 7361 7398 7397
f 7361 7362 7398
f 7362 7399 7398
f 7362 7363 7399
f 7363 7400 7399
f 7363 7364 7400
f 7364 7401 7400
f 7364 7365 7401
f 7365 7402 7401
f 7365 7366 7402
f 7366 7403 7402
f 7366 7367 7403
f 7367 7404 7403
f 7367 7368 7404
f 7368 7405 7404
f 7368 7369 7405
f 7369 7406 7405
f 7369 7370 7406
f 7370 7407 7406
f 7370 7371 7407
f 7371 7408 7407
f 7371 7372 7408
f 7372 7409 7408
f 7372 7373 7409
f 7373 7410 7409
f 7373 7374 7410
f 7374 7411 7410
f 7374 7375 7411
f 7375 7412 7411
f 7375 7376 7412
f 7376 7413 7412
f 7376 7377 7413
f 7378 7379 7414
f 7379 7415 7414
f 7379 7380 7415
f 7382 7383 7416
f 7383 7417 7416
f 7383 7384 7417
f 7384 7418 7417
f 7384 7385 7418
f 7385 7419 7418
f 7385 7386 7419
f 7386 7420 7419
f 7386 7387 7420
f 7387 7421 7420
f 7387 7388 7421
f 7388 7422 7421
f 7388 7389 7422
f 7389 7423 7422
f 7389 7390 7423
f 7390 7424 7423
f 7390 7391 7424
f 7391 7425 7424
f 7391 7392 7425
f 7392 7426 7425
f 7392 7393 7426
f 7393 7427 7426
f 7393 7394 7427
f 7394 7428 7427
f 7394 7395 7428
f 7395 7429 7428
f 7395 7396 7429
f 7396 7430 7429
f 7396 7397 7430
f 7397 7431 7430
f 7397 7398 7431
f 7398 7432 7431
f 7398 7399 7432
f 7399 7433 7432
f 7399 7400 7433
f 7400 7434 7433
f 7400 7401 7434
f 7401 7435 7434
f 7401 7402 7435
f 7402 7436 7435
f 7402 7403 7436
f 7403 7437 7436
f 7403 7404 7437
f 7404 7438 7437
f 7404 7405 7438
f 7405 7439 7438
f 7405 7406 7439
f 7406 7440 7439
f 7406 7407 7440
f 7407 7441 7440
f 7407 7408 7441
f 7408 7442 7441
f 7408 7409 7442
f 7409 7443 7442
f 7409 7410 7443
f 7410 7444 7443
f 7410 7411 7444
f 7411 7445 7444
f 7411 7412 7445
f 7412 7446 7445
f 7412 7413 7446
f 7413 7447 7446
f 7414 7449 7448
f 7414 7415 7449
f 7415 7450 7449
f 7416 7453 7452
f 7416 7417 7453
f 7417 7454 7453
f 7417 7418 7454
f 7418 7455 7454
f 7418 7419 7455
f 7419 7456 7455
f 7419 7420 7456
f 7420 7457 7456
f 7420 7421 7457
f 7421 7458 7457
f 7421 7422 7458
f 7422 7459 7458
f 7422 7423 7459
f 7423 7460 7459
f 7423 7424 7460
f 7424 7461 7460
f 7424 7425 7461
f 7425 7462 7461
f 7425 7426 7462
f 7426 7463 7462
f 7426 7427 7463
f 7427 7464 7463
f 7427 7428 7464
f 7428 7465 7464
f 7428 7429 7465
f 7429 7466 7465
f 7429 7430 7466
f 7430 7467 7466
f 7430 7431 7467
f 7431 7468 7467
f 7431 7432 7468
f 7432 7469 7468
f 7432 7433 7469
f 7433 7470 7469
f 7433 7434 7470
f 7434 7471 7470
f 7434 7435 7471
f 7435 7472 7471
f 7435 7436 7472
f 7436 7473 7472
f 7436 7437 7473
f 7437 7474 7473
f 7437 7438 7474
f 7438 7475 7474
f 7438 7439 7475
f 7439 7476 7475
f 7439 7440 7476
f 7440 7477 7476
f 7440 7441 7477
f 7441 7478 7477
f 7441 7442 7478
f 7442 7479 7478
f 7442 7443 7479
f 7443 7480 7479
f 7443 7444 7480
f 7444 7481 7480
f 7444 7445 7481
f 7445 7482 7481
f 7445 7446 7482
f 7446 7483 7482
f 7446 7447 7483
f 7447 7484 7483
f 7447 7448 7484
f 7448 7485 7484
f 7448 7449 7485
f 7449 7486 7485
f 7449 7450 7486
f 7452 7453 7487
f 7453 7488 7487
f 7453 7454 7488
f 7454 7489 7488
f 7454 7455 7489
f 7455 7490 7489
f 7455 7456 7490
f 7456 7491 7490
f 7456 7457 7491
f 7457 7492 7491
f 7457 7458 7492
f 7458 7493 7492
f 7458 7459 7493
f 7459 7494 7493
f 7459 7460 7494
f 7460 7495 7494
f 7460 7461 7495
f 7461 7496 7495
f 7461 7462 7496
f 7462 7497 7496
f 7462 7463 7497
f 7463 7498 7497
f 7463 7464 7498
f 7464 7499 7498
f 7464 7465 7499
f 7465 7500 7499
f 7465 7466 7500
f 7466 7501 7500
f 7466 7467 7501
f 7467 7502 7501
f 7467 7468 7502
f 7468 7503 7502
f 7468 7469 7503
f 7469 7504 7503
f 7469 7470 7504
f 7470 7505 7504
f 7470 7471 7505
f 7471 7506 7505
f 7471 7472 7506
f 7472 7507 7506
f 7472 7473 7507
f 7473 7508 7507
f 7473 7474 7508
f 7474 7509 7508
f 7474 7475 7509
f 7475 7510 7509
f 7475 7476 7510
f 7476 7511 7510
f 7476 7477 7511
f 7477 7512 7511
f 7477 7478 7512
f 7478 7513 7512
f 7478 7479 7513
f 7479 7514 7513
f 7479 7480 7514
f 7480 7515 7514
f 7480 7481 7515
f 7481 7516 7515
f 7481 7482 7516
f 7482 7517 7516
f 7482 7483 7517
f 7483 7518 7517
f 7483 7484 7518
f 7484 7519 7518
f 7484 7485 7519
f 7485 7520 7519
f 7485 7486 7520
f 7487 7488 7524
f 7488 7525 7524
f 7488 7489 7525
f 7489 7526 7525
f 7489 7490 7526
f 7490 7527 7526
f 7490 7491 7527
f 7491 7528 7527
f 7491 7492 7528
f 7492 7529 7528
f 7492 7493 7529
f 7493 7530 7529
f 7493 7494 7530
f 7494 7531 7530
f 7494 7495 7531
f 7495 7532 7531
f 7495 7496 7532
f 7496 7533 7532
f 7496 7497 7533
f 7497 7534 7533
f 7497 7498 7534
f 7498 7535 7534
f 7498 7499 7535
f 7499 7536 7535
f 7499 7500 7536
f 7500 7537 7536
f 7500 7501 7537
f 7501 7538 7537
f 7501 7502 7538
f 7502 7539 7538
f 7502 7503 7539
f 7503 7540 7539
f 7503 7504 7540
f 7504 7541 7540
f 7504 7505 7541
f 7505 7542 7541
f 7505 7506 7542
f 7506 7543 7542
f 7506 7507 7543
f 7507 7544 7543
f 7507 7508 7544
f 7508 7545 7544
f 7508 7509 7545
f 7509 7546 7545
f 7509 7510 7546
f 7510 7547 7546
f 7510 7511 7547
f 7511 7548 7547
f 7511 7512 7548
f 7512 7549 7548
f 7512 7513 7549
f 7513 7550 7549
f 7513 7514 7550
f 7514 7551 7550
f 7514 7515 7551
f 7515 7552 7551
f 7515 7516 7552
f 7516 7553 7552
f 7516 7517 7553
f 7517 7554 7553
f 7517 7518 7554
f 7518 7555 7554
f 7518 7519 7555
f 7521 7557 7556
f 7521 7522 7557
f 7522 7558 7557
f 7522 7523 7558
f 7524 7525 7559
f 7525 7560 7559
f 7525 7526 7560
f 7526 7561 7560
f 7526 7527 7561
f 7527 7562 7561
f 7527 7528 7562
f 7528 7563 7562
f 7528 7529 7563
f 7529 7564 7563
f 7529 7530 7564
f 7530 7565 7564
f 7530 7531 7565
f 7531 7566 7565
f 7531 7532 7566
f 7532 7567 7566
f 7532 7533 7567
f 7533 7568 7567
f 7533 7534 7568
f 7534 7569 7568
f 7534 7535 7569
f 7535 7570 7569
f 7535 7536 7570
f 7536 7571 7570
f 7536 7537 7571
f 7537 7572 7571
f 7537 7538 7572
f 7538 7573 7572
f 7538 7539 7573
f 7539 7574 7573
f 7539 7540 7574
f 7540 7575 7574
f 7540 7541 7575
f 7541 7576 7575
f 7541 7542 7576
f 7542 7577 7576
f 7542 7543 7577
f 7543 7578 7577
f 7543 7544 7578
f 7544 7579 7578
f 7544 7545 7579
f 7545 7580 7579
f 7545 7546 7580
f 7546 7581 7580
f 7546 7547 7581
f 7547 7582 7581
f 7547 7548 7582
f 7548 7583 7582
f 7548 7549 7583
f 7549 7584 7583
f 7549 7550 7584
f 7550 7585 7584
f 7550 7551 7585
f 7551 7586 7585
f 7551 7552 7586
f 7552 7587 7586
f 7552 7553 7587
f 7553 7588 7587
f 7553 7554 7588
f 7554 7589 7588
f 7554 7555 7589
f 7555 7590 7589
f 7557 7558 7592
f 7558 7593 7592
f 7559 7560 7594
f 7560 7595 7594
f 7560 7561 7595
f 7561 7596 7595
f 7561 7562 7596
f 7562 7597 7596
f 7562 7563 7597
f 7563 7598 7597
f 7563 7564 7598
f 7564 7599 7598
f 7564 7565 7599
f 7565 7600 7599
f 7565 7566 7600
f 7566 7601 7600
f 7566 7567 7601
f 7567 7602 7601
f 7567 7568 7602
f 7568 7603 7602
f 7568 7569 7603
f 7569 7604 7603
f 7569 7570 7604
f 7570 7605 7604
f 7570 7571 7605
f 7571 7606 7605
f 7571 7572 7606
f 7572 7607 7606
f 7572 7573 7607
f 7573 7608 7607
f 7573 7574 7608
f 7574 7609 7608
f 7574 7575 7609
f 7575 7610 7609
f 7575 7576 7610
f 7576 7611 7610
f 7576 7577 7611
f 7577 7612 7611
f 7577 7578 7612
f 7578 7613 7612
f 7578 7579 7613
f 7579 7614 7613
f 7579 7580 7614
f 7580 7615 7614
f 7580 7581 7615
f 7581 7616 7615
f 7581 7582 7616
f 7582 7617 7616
f 7582 7583 7617
f 7583 7618 7617
f 7583 7584 7618
f 7584 7619 7618
f 7584 7585 7619
f 7585 7620 7619
f 7585 7586 7620
f 7586 7621 7620
f 7586 7587 7621
f 7587 7622 7621
f 7587 7588 7622
f 7588 7623 7622
f 7588 7589 7623
f 7589 7624 7623
f 7589 7590 7624
f 7590 7625 7624
f 7590 7591 7625
f 7591 7626 7625
f 7592 7628 7627
f 7592 7593 7628
f 7594 7595 7629
f 7595 7630 7629
f 7595 7596 7630
f 7596 7631 7630
f 7596 7597 7631
f 7597 7632 7631
f 7597 7598 7632
f 7598 7633 7632
f 7598 7599 7633
f 7599 7634 7633
f 7599 7600 7634
f 7600 7635 7634
f 7600 7601 7635
f 7601 7636 7635
f 7601 7602 7636
f 7602 7637 7636
f 7602 7603 7637
f 7603 7638 7637
f 7603 7604 7638
f 7604 7639 7638
f 7604 7605 7639
f 7605 7640 7639
f 7605 7606 7640
f 7606 7641 7640
f 7606 7607 7641
f 7607 7642 7641
f 7607 7608 7642
f 7608 7643 7642
f 7608 7609 7643
f 7609 7644 7643
f 7609 7610 7644
f 7610 7645 7644
f 7610 7611 7645
f 7611 7646 7645
f 7611 7612 7646
f 7612 7647 7646
f 7612 7613 7647
f 7613 7648 7647
f 7613 7614 7648
f 7614 7649 7648
f 7614 7615 7649
f 7615 7650 7649
f 7615 7616 7650
f 7616 7651 7650
f 7616 7617 7651
f 7617 7652 7651
f 7617 7618 7652
f 7618 7653 7652
f 7618 7619 7653
f 7619 7654 7653
f 7619 7620 7654
f 7620 7655 7654
f 7620 7621 7655
f 7621 7656 7655
f 7621 7622 7656
f 7622 7657 7656
f 7622 7623 7657
f 7623 7658 7657
f 7623 7624 7658
f 7624 7659 7658
f 7624 7625 7659
f 7625 7660 7659
f 7625 7626 7660
f 7626 7661 7660
f 7627 7663 7662
f 7627 7628 7663
f 7628 7664 7663
f 7629 7630 7666
f 7630 7667 7666
f 7630 7631 7667
f 7631 7668 7667
f 7631 7632 7668
f 7632 7669 7668
f 7632 7633 7669
f 7633 7670 7669
f 7633 7634 7670
f 7634 7671 7670
f 7634 7635 7671
f 7635 7672 7671
f 7635 7636 7672
f 7636 7673 7672
f 7636 7637 7673
f 7637 7674 7673
f 7637 7638 7674
f 7638 7675 7674
f 7638 7639 7675
f 7639 7676 7675
f 7639 7640 7676
f 7640 7677 7676
f 7640 7641 7677
f 7641 7678 7677
f 7641 7642 7678
f 7642 7679 7678
f 7642 7643 7679
f 7643 7680 7679
f 7643 7644 7680
f 7644 7681 7680
f 7644 7645 7681
f 7645 7682 7681
f 7645 7646 7682
f 7646 7683 7682
f 7646 7647 7683
f 7647 7684 7683
f 7647 7648 7684
f 7648 7685 7684
f 7648 7649 7685
f 7649 7686 7685
f 7649 7650 7686
f 7650 7687 7686
f 7650 7651 7687
f 7651 7688 7687
f 7651 7652 7688
f 7652 7689 7688
f 7652 7653 7689
f 7653 7690 7689
f 7653 7654 7690
f 7654 7691 7690
f 7654 7655 7691
f 7655 7692 7691
f 7655 7656 7692
f 7656 7693 7692
f 7656 7657 7693
f 7657 7694 7693
f 7657 7658 7694
f 7658 7695 7694
f 7658 7659 7695
f 7659 7696 7695
f 7659 7660 7696
f 7660 7697 7696
f 7660 7661 7697
f 7661 7698 7697
f 7661 7662 7698
f 7662 7699 7698
f 7662 7663 7699
f 7663 7700 7699
f 7663 7664 7700
f 7664 7701 7700
f 7664 7665 7701
f 7666 7667 7703
f 7667 7704 7703
f 7667 7668 7704
f 7668 7705 7704
f 7668 7669 7705
f 7669 7706 7705
f 7669 7670 7706
f 7670 7707 7706
f 7670 7671 7707
f 7671 7708 7707
f 7671 7672 7708
f 7672 7709 7708
f 7672 7673 7709
f 7673 7710 7709
f 7673 7674 7710
f 7674 7711 7710
f 7674 7675 7711
f 7675 7712 7711
f 7675 7676 7712
f 7676 7713 7712
f 7676 7677 7713
f 7677 7714 7713
f 7677 7678 7714
f 7678 7715 7714
f 7678 7679 7715
f 7679 7716 7715
f 7679 7680 7716
f 7680 7717 7716
f 7680 7681 7717
f 7681 7718 7717
f 7681 7682 7718
f 7682 7719 7718
f 7682 7683 7719
f 7683 7720 7719
f 7683 7684 7720
f 7684 7721 7720
f 7684 7685 7721
f 7685 7722 7721
f 7685 7686 7722
f 7686 7723 7722
f 7686 7687 7723
f 7687 7724 7723
f 7687 7688 7724
f 7688 7725 7724
f 7688 7689 7725
f 7689 7726 7725
f 7689 7690 7726
f 7690 7727 7726
f 7690 7691 7727
f 7691 7728 7727
f 7691 7692 7728
f 7692 7729 7728
f 7692 7693 7729
f 7693 7730 7729
f 7693 7694 7730
f 7694 7731 7730
f 7694 7695 7731
f 7695 7732 7731
f 7695 7696 7732
f 7696 7733 7732
f 7696 7697 7733
f 7697 7734 7733
f 7697 7698 7734
f 7698 7735 7734
f 7698 7699 7735
f 7699 7736 7735
f 7699 7700 7736
f 7700 7737 7736
f 7700 7701 7737
f 7701 7738 7737
f 7703 7743 7742
f 7703 7704 7743
f 7704 7744 7743
f 7704 7705 7744
f 7705 7745 7744
f 7705 7706 7745
f 7706 7746 7745
f 7706 7707 7746
f 7707 7747 7746
f 7707 7708 7747
f 7708 7748 7747
f 7708 7709 7748
f 7709 7749 7748
f 7709 7710 7749
f 7710 7750 7749
f 7710 7711 7750
f 7711 7751 7750
f 7711 7712 7751
f 7712 7752 7751
f 7712 7713 7752
f 7713 7753 7752
f 7713 7714 7753
f 7714 7754 7753
f 7714 7715 7754
f 7715 7755 7754
f 7715 7716 7755
f 7716 7756 7755
f 7716 7717 7756
f 7717 7757 7756
f 7717 7718 7757
f 7718 7758 7757
f 7718 7719 7758
f 7719 7759 7758
f 7719 7720 7759
f 7720 7760 7759
f 7720 7721 7760
f 7721 7761 7760
f 7721 7722 7761
f 7722 7762 7761
f 7722 7723 7762
f 7723 7763 7762
f 7723 7724 7763
f 7724 7764 7763
f 7724 7725 7764
f 7725 7765 7764
f 7725 7726 7765
f 7726 7766 7765
f 7726 7727 7766
f 7727 7767 7766
f 7727 7728 7767
f 7728 7768 7767
f 7728 7729 7768
f 7729 7769 7768
f 7729 7730 7769
f 7730 7770 7769
f 7730 7731 7770
f 7731 7771 7770
f 7731 7732 7771
f 7732 7772 7771
f 7732 7733 7772
f 7733 7773 7772
f 7733 7734 7773
f 7734 7774 7773
f 7734 7735 7774
f 7735 7775 7774
f 7735 7736 7775
f 7736 7776 7775
f 7736 7737 7776
f 7737 7777 7776
f 7737 7738 7777
f 7738 7778 7777
f 7738 7739 7778
f 7739 7779 7778
f 7739 7740 7779
f 7740 7780 7779
f 7740 7741 7780
f 7742 7743 7781
f 7743 7782 7781
f 7743 7744 7782
f 7744 7783 7782
f 7744 7745 7783
f 7745 7784 7783
f 7745 7746 7784
f 7746 7785 7784
f 7746 7747 7785
f 7747 7786 7785
f 7747 7748 7786
f 7748 7787 7786
f 7748 7749 7787
f 7749 7788 7787
f 7749 7750 7788
f 7750 7789 7788
f 7750 7751 7789
f 7751 7790 7789
f 7751 7752 7790
f 7752 7791 7790
f 7752 7753 7791
f 7753 7792 7791
f 7753 7754 7792
f 7754 7793 7792
f 7754 7755 7793
f 7755 7794 7793
f 7755 7756 7794
f 7756 7795 7794
f 7756 7757 7795
f 7757 7796 7795
f 7757 7758 7796
f 7758 7797 7796
f 7758 7759 7797
f 7759 7798 7797
f 7759 7760 7798
f 7760 7799 7798
f 7760 7761 7799
f 7761 7800 7799
f 7761 7762 7800
f 7762 7801 7800
f 7762 7763 7801
f 7763 7802 7801
f 7763 7764 7802
f 7764 7803 7802
f 7764 7765 7803
f 7765 7804 7803
f 7765 7766 7804
f 7766 7805 7804
f 7766 7767 7805
f 7767 7806 7805
f 7767 7768 7806
f 7768 7807 7806
f 7768 7769 7807
f 7769 7808 7807
f 7769 7770 7808
f 7770 7809 7808
f 7770 7771 7809
f 7771 7810 7809
f 7771 7772 7810
f 7772 7811 7810
f 7772 7773 7811
f 7773 7812 7811
f 7773 7774 7812
f 7774 7813 7812
f 7774 7775 7813
f 7775 7814 7813
f 7775 7776 7814
f 7776 7815 7814
f 7776 7777 7815
f 7777 7816 7815
f 7777 7778 7816
f 7778 7817 7816
f 7778 7779 7817
f 7779 7818 7817
f 7779 7780 7818
f 7780 7819 7818
f 7781 7782 7821
f 7782 7822 7821
f 7782 7783 7822
f 7783 7823 7822
f 7783 7784 7823
f 7784 7824 7823
f 7784 7785 7824
f 7785 7825 7824
f 7785 7786 7825
f 7786 7826 7825
f 7786 7787 7826
f 7787 7827 7826
f 7787 7788 7827
f 7788 7828 7827
f 7788 7789 7828
f 7789 7829 7828
f 7789 7790 7829
f 7790 7830 7829
f 7790 7791 7830
f 7791 7831 7830
f 7791 7792 7831
f 7792 7832 7831
f 7792 7793 7832
f 7793 7833 7832
f 7793 7794 7833
f 7794 7834 7833
f 7794 7795 7834
f 7795 7835 7834
f 7795 7796 7835
f 7796 7836 7835
f 7796 7797 7836
f 7797 7837 7836
f 7797 7798 7837
f 7798 7838 7837
f 7798 7799 7838
f 7799 7839 7838
f 7799 7800 7839
f 7800 7840 7839
f 7800 7801 7840
f 7801 7841 7840
f 7801 7802 7841
f 7802 7842 7841
f 7802 7803 7842
f 7803 7843 7842
f 7803 7804 7843
f 7804 7844 7843
f 7804 7805 7844
f 7805 7845 7844
f 7805 7806 7845
f 7806 7846 7845
f 7806 7807 7846
f 7807 7847 7846
f 7807 7808 7847
f 7808 7848 7847
f 7808 7809 7848
f 7809 7849 7848
f 7809 7810 7849
f 7810 7850 7849
f 7810 7811 7850
f 7811 7851 7850
f 7811 7812 7851
f 7812 7852 7851
f 7812 7813 7852
f 7813 7853 7852
f 7813 7814 7853
f 7814 7854 7853
f 7814 7815 7854
f 7815 7855 7854
f 7815 7816 7855
f 7816 7856 7855
f 7816 7817 7856
f 7817 7857 7856
f 7817 7818 7857
f 7818 7858 7857
f 7818 7819 7858
f 7819 7859 7858
f 7819 7820 7859
f 7820 7860 7859
f 7821 7822 7861
f 7822 7862 7861
f 7822 7823 7862
f 7823 7863 7862
f 7823 7824 7863
f 7824 7864 7863
f 7824 7825 7864
f 7825 7865 7864
f 7825 7826 7865
f 7826 7866 7865
f 7826 7827 7866
f 7827 7867 7866
f 7827 7828 7867
f 7828 7868 7867
f 7828 7829 7868
f 7829 7869 7868
f 7829 7830 7869
f 7830 7870 7869
f 7830 7831 7870
f 7831 7871 7870
f 7831 7832 7871
f 7832 7872 7871
f 7832 7833 7872
f 7833 7873 7872
f 7833 7834 7873
f 7834 7874 7873
f 7834 7835 7874
f 7835 7875 7874
f 7835 7836 7875
f 7836 7876 7875
f 7836 7837 7876
f 7837 7877 7876
f 7837 7838 7877
f 7838 7878 7877
f 7838 7839 7878
f 7839 7879 7878
f 7839 7840 7879
f 7840 7880 7879
f 7840 7841 7880
f 7841 7881 7880
f 7841 7842 7881
f 7842 7882 7881
f 7842 7843 7882
f 7843 7883 7882
f 7843 7844 7883
f 7844 7884 7883
f 7844 7845 7884
f 7845 7885 7884
f 7845 7846 7885
f 7846 7886 7885
f 7846 7847 7886
f 7847 7887 7886
f 7847 7848 7887
f 7848 7888 7887
f 7848 7849 7888
f 7849 7889 7888
f 7849 7850 7889
f 7850 7890 7889
f 7850 7851 7890
f 7851 7891 7890
f 7851 7852 7891
f 7852 7892 7891
f 7852 7853 7892
f 7853 7893 7892
f 7853 7854 7893
f 7854 7894 7893
f 7854 7855 7894
f 7855 7895 7894
f 7855 7856 7895
f 7856 7896 7895
f 7856 7857 7896
f 7857 7897 7896
f 7857 7858 7897
f 7858 7898 7897
f 7858 7859 7898
f 7859 7899 7898
f 7859 7860 7899
f 7860 7900 7899
f 7861 7902 7901
f 7861 7862 7902
f 7862 7903 7902
f 7862 7863 7903
f 7863 7904 7903
f 7863 7864 7904
f 7864 7905 7904
f 7864 7865 7905
f 7865 7906 7905
f 7865 7866 7906
f 7866 7907 7906
f 7866 7867 7907
f 7867 7908 7907
f 7867 7868 7908
f 7868 7909 7908
f 7868 7869 7909
f 7869 7910 7909
f 7869 7870 7910
f 7870 7911 7910
f 7870 7871 7911
f 7871 7912 7911
f 7871 7872 7912
f 7872 7913 7912
f 7872 7873 7913
f 7873 7914 7913
f 7873 7874 7914
f 7874 7915 7914
f 7874 7875 7915
f 7875 7916 7915
f 7875 7876 7916
f 7876 7917 7916
f 7876 7877 7917
f 7877 7918 7917
f 7877 7878 7918
f 7878 7919 7918
f 7878 7879 7919
f 7879 7920 7919
f 7879 7880 7920
f 7880 7921 7920
f 7880 7881 7921
f 7881 7922 7921
f 7881 7882 7922
f 7882 7923 7922
f 7882 7883 7923
f 7883 7924 7923
f 7883 7884 7924
f 7884 7925 7924
f 7884 7885 7925
f 7885 7926 7925
f 7885 7886 7926
f 7886 7927 7926
f 7886 7887 7927
f 7887 7928 7927
f 7887 7888 7928
f 7888 7929 7928
f 7888 7889 7929
f 7889 7930 7929
f 7889 7890 7930
f 7890 7931 7930
f 7890 7891 7931
f 7891 7932 7931
f 7891 7892 7932
f 7892 7933 7932
f 7892 7893 7933
f 7893 7934 7933
f 7893 7894 7934
f 7894 7935 7934
f 7894 7895 7935
f 7895 7936 7935
f 7895 7896 7936
f 7896 7937 7936
f 7896 7897 7937
f 7897 7938 7937
f 7897 7898 7938
f 7898 7939 7938
f 7898 7899 7939
f 7899 7940 7939
f 7899 7900 7940
f 7900 7941 7940
f 7902 7903 7942
f 7903 7943 7942
f 7903 7904 7943
f 7904 7944 7943
f 7904 7905 7944
f 7905 7945 7944
f 7905 7906 7945
f 7906 7946 7945
f 7906 7907 7946
f 7907 7947 7946
f 7907 7908 7947
f 7908 7948 7947
f 7908 7909 7948
f 7909 7949 7948
f 7909 7910 7949
f 7910 7950 7949
f 7910 7911 7950
f 7911 7951 7950
f 7911 7912 7951
f 7912 7952 7951
f 7912 7913 7952
f 7913 7953 7952
f 7913 7914 7953
f 7914 7954 7953
f 7914 7915 7954
f 7915 7955 7954
f 7915 7916 7955
f 7916 7956 7955
f 7916 7917 7956
f 7917 7957 7956
f 7917 7918 7957
f 7918 7958 7957
f 7918 7919 7958
f 7919 7959 7958
f 7919 7920 7959
f 7920 7960 7959
f 7920 7921 7960
f 7921 7961 7960
f 7921 7922 7961
f 7922 7962 7961
f 7922 7923 7962
f 7923 7963 7962
f 7923 7924 7963
f 7924 7964 7963
f 7924 7925 7964
f 7925 7965 7964
f 7925 7926 7965
f 7926 7966 7965
f 7926 7927 7966
f 7927 7967 7966
f 7927 7928 7967
f 7928 7968 7967
f 7928 7929 7968
f 7929 7969 7968
f 7929 7930 7969
f 7930 7970 7969
f 7930 7931 7970
f 7931 7971 7970
f 7931 7932 7971
f 7932 7972 7971
f 7932 7933 7972
f 7933 7973 7972
f 7933 7934 7973
f 7934 7974 7973
f 7934 7935 7974
f 7935 7975 7974
f 7935 7936 7975
f 7936 7976 7975
f 7936 7937 7976
f 7937 7977 7976
f 7937 7938 7977
f 7938 7978 7977
f 7938 7939 7978
f 7939 7979 7978
f 7939 7940 7979
f 7940 7980 7979
f 7940 7941 7980
f 7941 7981 7980
f 7942 7943 7983
f 7943 7984 7983
f 7943 7944 7984
f 7944 7985 7984
f 7944 7945 7985
f 7945 7986 7985
f 7945 7946 7986
f 7946 7987 7986
f 7946 7947 7987
f 7947 7988 7987
f 7947 7948 7988
f 7948 7989 7988
f 7948 7949 7989
f 7949 7990 7989
f 7949 7950 7990
f 7950 7991 7990
f 7950 7951 7991
f 7951 7992 7991
f 7951 7952 7992
f 7952 7993 7992
f 7952 7953 7993
f 7953 7994 7993
f 7953 7954 7994
f 7954 7995 7994
f 7954 7955 7995
f 7955 7996 7995
f 7955 7956 7996
f 7956 7997 7996
f 7956 7957 7997
f 7957 7998 7997
f 7957 7958 7998
f 7958 7999 7998
f 7958 7959 7999
f 7959 8000 7999
f 7959 7960 8000
f 7960 8001 8000
f 7960 7961 8001
f 7961 8002 8001
f 7961 7962 8002
f 7962 8003 8002
f 7962 7963 8003
f 7963 8004 8003
f 7963 7964 8004
f 7964 8005 8004
f 7964 7965 8005
f 7965 8006 8005
f 7965 7966 8006
f 7966 8007 8006
f 7966 7967 8007
f 7967 8008 8007
f 7967 7968 8008
f 7968 8009 8008
f 7968 7969 8009
f 7969 8010 8009
f 7969 7970 8010
f 7970 8011 8010
f 7970 7971 8011
f 7971 8012 8011
f 7971 7972 8012
f 7972 8013 8012
f 7972 7973 8013
f 7973 8014 8013
f 7973 7974 8014
f 7974 8015 8014
f 7974 7975 8015
f 7975 8016 8015
f 7975 7976 8016
f 7976 8017 8016
f 7976 7977 8017
f 7977 8018 8017
f 7977 7978 8018
f 7978 8019 8018
f 7978 7979 8019
f 7979 8020 8019
f 7979 7980 8020
f 7980 8021 8020
f 7980 7981 8021
f 7981 8022 8021
f 7981 7982 8022
f 7982 8023 8022
f 7983 7984 8024
f 7984 8025 8024
f 7984 7985 8025
f 7985 8026 8025
f 7985 7986 8026
f 7986 8027 8026
f 7986 7987 8027
f 7987 8028 8027
f 7987 7988 8028
f 7988 8029 8028
f 7988 7989 8029
f 7989 8030 8029
f 7989 7990 8030
f 7990 8031 8030
f 7990 7991 8031
f 7991 8032 8031
f 7991 7992 8032
f 7992 8033 8032
f 7992 7993 8033
f 7993 8034 8033
f 7993 7994 8034
f 7994 8035 8034
f 7994 7995 8035
f 7995 8036 8035
f 7995 7996 8036
f 7996 8037 8036
f 7996 7997 8037
f 7997 8038 8037
f 7997 7998 8038
f 7998 8039 8038
f 7998 7999 8039
f 7999 8040 8039
f 7999 8000 8040
f 8000 8041 8040
f 8000 8001 8041
f 8001 8042 8041
f 8001 8002 8042
f 8002 8043 8042
f 8002 8003 8043
f 8003 8044 8043
f 8003 8004 8044
f 8004 8045 8044
f 8004 8005 8045
f 8005 8046 8045
f 8005 8006 8046
f 8006 8047 8046
f 8006 8007 8047
f 8007 8048 8047
f 8007 8008 8048
f 8008 8049 8048
f 8008 8009 8049
f 8009 8050 8049
f 8009 8010 8050
f 8010 8051 8050
f 8010 8011 8051
f 8011 8052 8051
f 8011 8012 8052
f 8012 8053 8052
f 8012 8013 8053
f 8013 8054 8053
f 8013 8014 8054
f 8014 8055 8054
f 8014 8015 8055
f 8015 8056 8055
f 8015 8016 8056
f 8016 8057 8056
f 8016 8017 8057
f 8017 8058 8057
f 8017 8018 8058
f 8018 8059 8058
f 8018 8019 8059
f 8019 8060 8059
f 8019 8020 8060
f 8020 8061 8060
f 8020 8021 8061
f 8021 8062 8061
f 8021 8022 8062
f 8022 8063 8062
f 8022 8023 8063
f 8023 8064 8063
f 8024 8066 8065
f 8024 8025 8066
f 8025 8067 8066
f 8025 8026 8067
f 8026 8068 8067
f 8026 8027 8068
f 8027 8069 8068
f 8027 8028 8069
f 8028 8070 8069
f 8028 8029 8070
f 8029 8071 8070
f 8029 8030 8071
f 8030 8072 8071
f 8030 8031 8072
f 8031 8073 8072
f 8031 8032 8073
f 8032 8074 8073
f 8032 8033 8074
f 8033 8075 8074
f 8033 8034 8075
f 8034 8076 8075
f 8034 8035 8076
f 8035 8077 8076
f 8035 8036 8077
f 8036 8078 8077
f 8036 8037 8078
f 8037 8079 8078
f 8037 8038 8079
f 8038 8080 8079
f 8038 8039 8080
f 8039 8081 8080
f 8039 8040 8081
f 8040 8082 8081
f 8040 8041 8082
f 8041 8083 8082
f 8041 8042 8083
f 8042 8084 8083
f 8042 8043 8084
f 8043 8085 8084
f 8043 8044 8085
f 8044 8086 8085
f 8044 8045 8086
f 8045 8087 8086
f 8045 8046 8087
f 8046 8088 8087
f 8046 8047 8088
f 8047 8089 8088
f 8047 8048 8089
f 8048 8090 8089
f 8048 8049 8090
f 8049 8091 8090
f 8049 8050 8091
f 8050 8092 8091
f 8050 8051 8092
f 8051 8093 8092
f 8051 8052 8093
f 8052 8094 8093
f 8052 8053 8094
f 8053 8095 8094
f 8053 8054 8095
f 8054 8096 8095
f 8054 8055 8096
f 8055 8097 8096
f 8055 8056 8097
f 8056 8098 8097
f 8056 8057 8098
f 8057 8099 8098
f 8057 8058 8099
f 8058 8100 8099
f 8058 8059 8100
f 8059 8101 8100
f 8059 8060 8101
f 8060 8102 8101
f 8060 8061 8102
f 8061 8103 8102
f 8061 8062 8103
f 8062 8104 8103
f 8062 8063 8104
f 8063 8105 8104
f 8063 8064 8105
f 8064 8106 8105
f 8065 8066 8107
f 8066 8108 8107
f 8066 8067 8108
f 8067 8109 8108
f 8067 8068 8109
f 8068 8110 8109
f 8068 8069 8110
f 8069 8111 8110
f 8069 8070 8111
f 8070 8112 8111
f 8070 8071 8112
f 8071 8113 8112
f 8071 8072 8113
f 8072 8114 8113
f 8072 8073 8114
f 8073 8115 8114
f 8073 8074 8115
f 8074 8116 8115
f 8074 8075 8116
f 8075 8117 8116
f 8075 8076 8117
f 8076 8118 8117
f 8076 8077 8118
f 8077 8119 8118
f 8077 8078 8119
f 8078 8120 8119
f 8078 8079 8120
f 8079 8121 8120
f 8079 8080 8121
f 8080 8122 8121
f 8080 8081 8122
f 8081 8123 8122
f 8081 8082 8123
f 8082 8124 8123
f 8082 8083 8124
f 8083 8125 8124
f 8083 8084 8125
f 8084 8126 8125
f 8084 8085 8126
f 8085 8127 8126
f 8085 8086 8127
f 8086 8128 8127
f 8086 8087 8128
f 8087 8129 8128
f 8087 8088 8129
f 8088 8130 8129
f 8088 8089 8130
f 8089 8131 8130
f 8089 8090 8131
f 8090 8132 8131
f 8090 8091 8132
f 8091 8133 8132
f 8091 8092 8133
f 8092 8134 8133
f 8092 8093 8134
f 8093 8135 8134
f 8093 8094 8135
f 8094 8136 8135
f 8094 8095 8136
f 8095 8137 8136
f 8095 8096 8137
f 8096 8138 8137
f 8096 8097 8138
f 8097 8139 8138
f 8097 8098 8139
f 8098 8140 8139
f 8098 8099 8140
f 8099 8141 8140
f 8099 8100 8141
f 8100 8142 8141
f 8100 8101 8142
f 8101 8143 8142
f 8101 8102 8143
f 8102 8144 8143
f 8102 8103 8144
f 8103 8145 8144
f 8103 8104 8145
f 8104 8146 8145
f 8104 8105 8146
f 8105 8147 8146
f 8105 8106 8147
f 8106 8148 8147
f 8107 8150 8149
f 8107 8108 8150
f 8108 8151 8150
f 8108 8109 8151
f 8109 8152 8151
f 8109 8110 8152
f 8110 8153 8152
f 8110 8111 8153
f 8111 8154 8153
f 8111 8112 8154
f 8112 8155 8154
f 8112 8113 8155
f 8113 8156 8155
f 8113 8114 8156
f 8114 8157 8156
f 8114 8115 8157
f 8115 8158 8157
f 8115 8116 8158
f 8116 8159 8158
f 8116 8117 8159
f 8117 8160 8159
f 8117 8118 8160
f 8118 8161 8160
f 8118 8119 8161
f 8119 8162 8161
f 8119 8120 8162
f 8120 8163 8162
f 8120 8121 8163
f 8121 8164 8163
f 8121 8122 8164
f 8122 8165 8164
f 8122 8123 8165
f 8123 8166 8165
f 8123 8124 8166
f 8124 8167 8166
f 8124 8125 8167
f 8125 8168 8167
f 8125 8126 8168
f 8126 8169 8168
f 8126 8127 8169
f 8127 8170 8169
f 8127 8128 8170
f 8128 8171 8170
f 8128 8129 8171
f 8129 8172 8171
f 8129 8130 8172
f 8130 8173 8172
f 8130 8131 8173
f 8131 8174 8173
f 8131 8132 8174
f 8132 8175 8174
f 8132 8133 8175
f 8133 8176 8175
f 8133 8134 8176
f 8134 8177 8176
f 8134 8135 8177
f 8135 8178 8177
f 8135 8136 8178
f 8136 8179 8178
f 8136 8137 8179
f 8137 8180 8179
f 8137 8138 8180
f 8138 8181 8180
f 8138 8139 8181
f 8139 8182 8181
f 8139 8140 8182
f 8140 8183 8182
f 8140 8141 8183
f 8141 8184 8183
f 8141 8142 8184
f 8142 8185 8184
f 8142 8143 8185
f 8143 8186 8185
f 8143 8144 8186
f 8144 8187 8186
f 8144 8145 8187
f 8145 8188 8187
f 8145 8146 8188
f 8146 8189 8188
f 8146 8147 8189
f 8147 8190 8189
f 8147 8148 8190
f 8149 8150 8191
f 8150 8192 8191
f 8150 8151 8192
f 8151 8193 8192
f 8151 8152 8193
f 8152 8194 8193
f 8152 8153 8194
f 8153 8195 8194
f 8153 8154 8195
f 8154 8196 8195
f 8154 8155 8196
f 8155 8197 8196
f 8155 8156 8197
f 8156 8198 8197
f 8156 8157 8198
f 8157 8199 8198
f 8157 8158 8199
f 8158 8200 8199
f 8158 8159 8200
f 8159 8201 8200
f 8159 8160 8201
f 8160 8202 8201
f 8160 8161 8202
f 8161 8203 8202
f 8161 8162 8203
f 8162 8204 8203
f 8162 8163 8204
f 8163 8205 8204
f 8163 8164 8205
f 8164 8206 8205
f 8164 8165 8206
f 8165 8207 8206
f 8165 8166 8207
f 8166 8208 8207
f 8166 8167 8208
f 8167 8209 8208
f 8167 8168 8209
f 8168 8210 8209
f 8168 8169 8210
f 8169 8211 8210
f 8169 8170 8211
f 8170 8212 8211
f 8170 8171 8212
f 8171 8213 8212
f 8171 8172 8213
f 8172 8214 8213
f 8172 8173 8214
f 8173 8215 8214
f 8173 8174 8215
f 8174 8216 8215
f 8174 8175 8216
f 8175 8217 8216
f 8175 8176 8217
f 8176 8218 8217
f 8176 8177 8218
f 8177 8219 8218
f 8177 8178 8219
f 8178 8220 8219
f 8178 8179 8220
f 8179 8221 8220
f 8179 8180 8221
f 8180 8222 8221
f 8180 8181 8222
f 8181 8223 8222
f 8181 8182 8223
f 8182 8224 8223
f 8182 8183 8224
f 8183 8225 8224
f 8183 8184 8225
f 8184 8226 8225
f 8184 8185 8226
f 8185 8227 8226
f 8185 8186 8227
f 8186 8228 8227
f 8186 8187 8228
f 8187 8229 8228
f 8187 8188 8229
f 8188 8230 8229
f 8188 8189 8230
f 8189 8231 8230
f 8189 8190 8231
f 8190 8232 8231
f 8191 8235 8234
f 8191 8192 8235
f 8192 8236 8235
f 8192 8193 8236
f 8193 8237 8236
f 8193 8194 8237
f 8194 8238 8237
f 8194 8195 8238
f 8195 8239 8238
f 8195 8196 8239
f 8196 8240 8239
f 8196 8197 8240
f 8197 8241 8240
f 8197 8198 8241
f 8198 8242 8241
f 8198 8199 8242
f 8199 8243 8242
f 8199 8200 8243
f 8200 8244 8243
f 8200 8201 8244
f 8201 8245 8244
f 8201 8202 8245
f 8202 8246 8245
f 8202 8203 8246
f 8203 8247 8246
f 8203 8204 8247
f 8204 8248 8247
f 8204 8205 8248
f 8205 8249 8248
f 8205 8206 8249
f 8206 8250 8249
f 8206 8207 8250
f 8207 8251 8250
f 8207 8208 8251
f 8208 8252 8251
f 8208 8209 8252
f 8209 8253 8252
f 8209 8210 8253
f 8210 8254 8253
f 8210 8211 8254
f 8211 8255 8254
f 8211 8212 8255
f 8212 8256 8255
f 8212 8213 8256
f 8213 8257 8256
f 8213 8214 8257
f 8214 8258 8257
f 8214 8215 8258
f 8215 8259 8258
f 8215 8216 8259
f 8216 8260 8259
f 8216 8217 8260
f 8217 8261 8260
f 8217 8218 8261
f 8218 8262 8261
f 8218 8219 8262
f 8219 8263 8262
f 8219 8220 8263
f 8220 8264 8263
f 8220 8221 8264
f 8221 8265 8264
f 8221 8222 8265
f 8222 8266 8265
f 8222 8223 8266
f 8223 8267 8266
f 8223 8224 8267
f 8224 8268 8267
f 8224 8225 8268
f 8225 8269 8268
f 8225 8226 8269
f 8226 8270 8269
f 8226 8227 8270
f 8227 8271 8270
f 8227 8228 8271
f 8228 8272 8271
f 8228 8229 8272
f 8229 8273 8272
f 8229 8230 8273
f 8230 8274 8273
f 8230 8231 8274
f 8234 8235 8275
f 8235 8276 8275
f 8235 8236 8276
f 8236 8277 8276
f 8236 8237 8277
f 8237 8278 8277
f 8237 8238 8278
f 8238 8279 8278
f 8238 8239 8279
f 8239 8280 8279
f 8239 8240 8280
f 8240 8281 8280
f 8240 8241 8281
f 8241 8282 8281
f 8241 8242 8282
f 8242 8283 8282
f 8242 8243 8283
f 8243 8284 8283
f 8243 8244 8284
f 8244 8285 8284
f 8244 8245 8285
f 8245 8286 8285
f 8245 8246 8286
f 8246 8287 8286
f 8246 8247 8287
f 8247 8288 8287
f 8247 8248 8288
f 8248 8289 8288
f 8248 8249 8289
f 8249 8290 8289
f 8249 8250 8290
f 8250 8291 8290
f 8250 8251 8291
f 8251 8292 8291
f 8251 8252 8292
f 8252 8293 8292
f 8252 8253 8293
f 8253 8294 8293
f 8253 8254 8294
f 8254 8295 8294
f 8254 8255 8295
f 8255 8296 8295
f 8255 8256 8296
f 8256 8297 8296
f 8256 8257 8297
f 8257 8298 8297
f 8257 8258 8298
f 8258 8299 8298
f 8258 8259 8299
f 8259 8300 8299
f 8259 8260 8300
f 8260 8301 8300
f 8260 8261 8301
f 8261 8302 8301
f 8261 8262 8302
f 8262 8303 8302
f 8262 8263 8303
f 8263 8304 8303
f 8263 8264 8304
f 8264 8305 8304
f 8264 8265 8305
f 8265 8306 8305
f 8265 8266 8306
f 8266 8307 8306
f 8266 8267 8307
f 8267 8308 8307
f 8267 8268 8308
f 8268 8309 8308
f 8268 8269 8309
f 8269 8310 8309
f 8269 8270 8310
f 8270 8311 8310
f 8270 8271 8311
f 8271 8312 8311
f 8271 8272 8312
f 8272 8313 8312
f 8272 8273 8313
f 8275 8316 8315
f 8275 8276 8316
f 8276 8317 8316
f 8276 8277 8317
f 8277 8318 8317
f 8277 8278 8318
f 8278 8319 8318
f 8278 8279 8319
f 8279 8320 8319
f 8279 8280 8320
f 8280 8321 8320
f 8280 8281 8321
f 8281 8322 8321
f 8281 8282 8322
f 8282 8323 8322
f 8282 8283 8323
f 8283 8324 8323
f 8283 8284 8324
f 8284 8325 8324
f 8284 8285 8325
f 8285 8326 8325
f 8285 8286 8326
f 8286 8327 8326
f 8286 8287 8327
f 8287 8328 8327
f 8287 8288 8328
f 8288 8329 8328
f 8288 8289 8329
f 8289 8330 8329
f 8289 8290 8330
f 8290 8331 8330
f 8290 8291 8331
f 8291 8332 8331
f 8291 8292 8332
f 8292 8333 8332
f 8292 8293 8333
f 8293 8334 8333
f 8293 8294 8334
f 8294 8335 8334
f 8294 8295 8335
f 8295 8336 8335
f 8295 8296 8336
f 8296 8337 8336
f 8296 8297 8337
f 8297 8338 8337
f 8297 8298 8338
f 8298 8339 8338
f 8298 8299 8339
f 8299 8340 8339
f 8299 8300 8340
f 8300 8341 8340
f 8300 8301 8341
f 8301 8342 8341
f 8301 8302 8342
f 8302 8343 8342
f 8302 8303 8343
f 8303 8344 8343
f 8303 8304 8344
f 8304 8345 8344
f 8304 8305 8345
f 8305 8346 8345
f 8305 8306 8346
f 8306 8347 8346
f 8306 8307 8347
f 8307 8348 8347
f 8307 8308 8348
f 8308 8349 8348
f 8308 8309 8349
f 8309 8350 8349
f 8309 8310 8350
f 8310 8351 8350
f 8310 8311 8351
f 8311 8352 8351
f 8311 8312 8352
f 8312 8353 8352
f 8312 8313 8353
f 8313 8354 8353
f 8316 8317 8357
f 8317 8358 8357
f 8317 8318 8358
f 8318 8359 8358
f 8318 8319 8359
f 8319 8360 8359
f 8319 8320 8360
f 8320 8361 8360
f 8320 8321 8361
f 8321 8362 8361
f 8321 8322 8362
f 8322 8363 8362
f 8322 8323 8363
f 8323 8364 8363
f 8323 8324 8364
f 8324 8365 8364
f 8324 8325 8365
f 8325 8366 8365
f 8325 8326 8366
f 8326 8367 8366
f 8326 8327 8367
f 8327 8368 8367
f 8327 8328 8368
f 8328 8369 8368
f 8328 8329 8369
f 8329 8370 8369
f 8329 8330 8370
f 8330 8371 8370
f 8330 8331 8371
f 8331 8372 8371
f 8331 8332 8372
f 8332 8373 8372
f 8332 8333 8373
f 8333 8374 8373
f 8333 8334 8374
f 8334 8375 8374
f 8334 8335 8375
f 8335 8376 8375
f 8335 8336 8376
f 8336 8377 8376
f 8336 8337 8377
f 8337 8378 8377
f 8337 8338 8378
f 8338 8379 8378
f 8338 8339 8379
f 8339 8380 8379
f 8339 8340 8380
f 8340 8381 8380
f 8340 8341 8381
f 8341 8382 8381
f 8341 8342 8382
f 8342 8383 8382
f 8342 8343 8383
f 8343 8384 8383
f 8343 8344 8384
f 8344 8385 8384
f 8344 8345 8385
f 8345 8386 8385
f 8345 8346 8386
f 8346 8387 8386
f 8346 8347 8387
f 8347 8388 8387
f 8347 8348 8388
f 8348 8389 8388
f 8348 8349 8389
f 8349 8390 8389
f 8349 8350 8390
f 8350 8391 8390
f 8350 8351 8391
f 8351 8392 8391
f 8351 8352 8392
f 8352 8393 8392
f 8352 8353 8393
f 8353 8394 8393
f 8353 8354 8394
f 8354 8395 8394
f 8354 8355 8395
f 8355 8396 8395
f 8355 8356 8396
f 8357 8398 8397
f 8357 8358 8398
f 8358 8399 8398
f 8358 8359 8399
f 8359 8400 8399
f 8359 8360 8400
f 8360 8401 8400
f 8360 8361 8401
f 8361 8402 8401
f 8361 8362 8402
f 8362 8403 8402
f 8362 8363 8403
f 8363 8404 8403
f 8363 8364 8404
f 8364 8405 8404
f 8364 8365 8405
f 8365 8406 8405
f 8365 8366 8406
f 8366 8407 8406
f 8366 8367 8407
f 8367 8408 8407
f 8367 8368 8408
f 8368 8409 8408
f 8368 8369 8409
f 8369 8410 8409
f 8369 8370 8410
f 8370 8411 8410
f 8370 8371 8411
f 8371 8412 8411
f 8371 8372 8412
f 8372 8413 8412
f 8372 8373 8413
f 8373 8414 8413
f 8373 8374 8414
f 8374 8415 8414
f 8374 8375 8415
f 8375 8416 8415
f 8375 8376 8416
f 8376 8417 8416
f 8376 8377 8417
f 8377 8418 8417
f 8377 8378 8418
f 8378 8419 8418
f 8378 8379 8419
f 8379 8420 8419
f 8379 8380 8420
f 8380 8421 8420
f 8380 8381 8421
f 8381 8422 8421
f 8381 8382 8422
f 8382 8423 8422
f 8382 8383 8423
f 8383 8424 8423
f 8383 8384 8424
f 8384 8425 8424
f 8384 8385 8425
f 8385 8426 8425
f 8385 8386 8426
f 8386 8427 8426
f 8386 8387 8427
f 8387 8428 8427
f 8387 8388 8428
f 8388 8429 8428
f 8388 8389 8429
f 8389 8430 8429
f 8389 8390 8430
f 8390 8431 8430
f 8390 8391 8431
f 8391 8432 8431
f 8391 8392 8432
f 8392 8433 8432
f 8392 8393 8433
f 8393 8434 8433
f 8393 8394 8434
f 8394 8435 8434
f 8394 8395 8435
f 8395 8436 8435
f 8395 8396 8436
f 8396 8437 8436
f 8397 8398 8439
f 8398 8440 8439
f 8398 8399 8440
f 8399 8441 8440
f 8399 8400 8441
f 8400 8442 8441
f 8400 8401 8442
f 8401 8443 8442
f 8401 8402 8443
f 8402 8444 8443
f 8402 8403 8444
f 8403 8445 8444
f 8403 8404 8445
f 8404 8446 8445
f 8404 8405 8446
f 8405 8447 8446
f 8405 8406 8447
f 8406 8448 8447
f 8406 8407 8448
f 8407 8449 8448
f 8407 8408 8449
f 8408 8450 8449
f 8408 8409 8450
f 8409 8451 8450
f 8409 8410 8451
f 8410 8452 8451
f 8410 8411 8452
f 8411 8453 8452
f 8411 8412 8453
f 8412 8454 8453
f 8412 8413 8454
f 8413 8455 8454
f 8413 8414 8455
f 8414 8456 8455
f 8414 8415 8456
f 8415 8457 8456
f 8415 8416 8457
f 8416 8458 8457
f 8416 8417 8458
f 8417 8459 8458
f 8417 8418 8459
f 8418 8460 8459
f 8418 8419 8460
f 8419 8461 8460
f 8419 8420 8461
f 8420 8462 8461
f 8420 8421 8462
f 8421 8463 8462
f 8421 8422 8463
f 8422 8464 8463
f 8422 8423 8464
f 8423 8465 8464
f 8423 8424 8465
f 8424 8466 8465
f 8424 8425 8466
f 8425 8467 8466
f 8425 8426 8467
f 8426 8468 8467
f 8426 8427 8468
f 8427 8469 8468
f 8427 8428 8469
f 8428 8470 8469
f 8428 8429 8470
f 8429 8471 8470
f 8429 8430 8471
f 8430 8472 8471
f 8430 8431 8472
f 8431 8473 8472
f 8431 8432 8473
f 8432 8474 8473
f 8432 8433 8474
f 8433 8475 8474
f 8433 8434 8475
f 8434 8476 8475
f 8434 8435 8476
f 8435 8477 8476
f 8435 8436 8477
f 8436 8478 8477
f 8436 8437 8478
f 8437 8479 8478
f 8437 8438 8479
f 8438 8480 8479
f 8439 8485 8484
f 8439 8440 8485
f 8440 8486 8485
f 8440 8441 8486
f 8441 8487 8486
f 8441 8442 8487
f 8442 8488 8487
f 8442 8443 8488
f 8443 8489 8488
f 8443 8444 8489
f 8444 8490 8489
f 8444 8445 8490
f 8445 8491 8490
f 8445 8446 8491
f 8446 8492 8491
f 8446 8447 8492
f 8447 8493 8492
f 8447 8448 8493
f 8448 8494 8493
f 8448 8449 8494
f 8449 8495 8494
f 8449 8450 8495
f 8450 8496 8495
f 8450 8451 8496
f 8451 8497 8496
f 8451 8452 8497
f 8452 8498 8497
f 8452 8453 8498
f 8453 8499 8498
f 8453 8454 8499
f 8454 8500 8499
f 8454 8455 8500
f 8455 8501 8500
f 8455 8456 8501
f 8456 8502 8501
f 8456 8457 8502
f 8457 8503 8502
f 8457 8458 8503
f 8458 8504 8503
f 8458 8459 8504
f 8459 8505 8504
f 8459 8460 8505
f 8460 8506 8505
f 8460 8461 8506
f 8461 8507 8506
f 8461 8462 8507
f 8462 8508 8507
f 8462 8463 8508
f 8463 8509 8508
f 8463 8464 8509
f 8464 8510 8509
f 8464 8465 8510
f 8465 8511 8510
f 8465 8466 8511
f 8466 8512 8511
f 8466 8467 8512
f 8467 8513 8512
f 8467 8468 8513
f 8468 8514 8513
f 8468 8469 8514
f 8469 8515 8514
f 8469 8470 8515
f 8470 8516 8515
f 8470 8471 8516
f 8471 8517 8516
f 8471 8472 8517
f 8472 8518 8517
f 8472 8473 8518
f 8473 8519 8518
f 8473 8474 8519
f 8474 8520 8519
f 8474 8475 8520
f 8475 8521 8520
f 8475 8476 8521
f 8476 8522 8521
f 8476 8477 8522
f 8477 8523 8522
f 8477 8478 8523
f 8478 8524 8523
f 8478 8479 8524
f 8479 8525 8524
f 8479 8480 8525
f 8480 8526 8525
f 8480 8481 8526
f 8481 8527 8526
f 8482 8529 8528
f 8482 8483 8529
f 8483 8530 8529
f 8484 8485 8531
f 8485 8532 8531
f 8485 8486 8532
f 8486 8533 8532
f 8486 8487 8533
f 8487 8534 8533
f 8487 8488 8534
f 8488 8535 8534
f 8488 8489 8535
f 8489 8536 8535
f 8489 8490 8536
f 8490 8537 8536
f 8490 8491 8537
f 8491 8538 8537
f 8491 8492 8538
f 8492 8539 8538
f 8492 8493 8539
f 8493 8540 8539
f 8493 8494 8540
f 8494 8541 8540
f 8494 8495 8541
f 8495 8542 8541
f 8495 8496 8542
f 8496 8543 8542
f 8496 8497 8543
f 8497 8544 8543
f 8497 8498 8544
f 8498 8545 8544
f 8498 8499 8545
f 8499 8546 8545
f 8499 8500 8546
f 8500 8547 8546
f 8500 8501 8547
f 8501 8548 8547
f 8501 8502 8548
f 8502 8549 8548
f 8502 8503 8549
f 8503 8550 8549
f 8503 8504 8550
f 8504 8551 8550
f 8504 8505 8551
f 8505 8552 8551
f 8505 8506 8552
f 8506 8553 8552
f 8506 8507 8553
f 8507 8554 8553
f 8507 8508 8554
f 8508 8555 8554
f 8508 8509 8555
f 8509 8556 8555
f 8509 8510 8556
f 8510 8557 8556
f 8510 8511 8557
f 8511 8558 8557
f 8511 8512 8558
f 8512 8559 8558
f 8512 8513 8559
f 8513 8560 8559
f 8513 8514 8560
f 8514 8561 8560
f 8514 8515 8561
f 8515 8562 8561
f 8515 8516 8562
f 8516 8563 8562
f 8516 8517 8563
f 8517 8564 8563
f 8517 8518 8564
f 8518 8565 8564
f 8518 8519 8565
f 8519 8566 8565
f 8519 8520 8566
f 8520 8567 8566
f 8520 8521 8567
f 8521 8568 8567
f 8521 8522 8568
f 8522 8569 8568
f 8522 8523 8569
f 8523 8570 8569
f 8523 8524 8570
f 8524 8571 8570
f 8524 8525 8571
f 8525 8572 8571
f 8525 8526 8572
f 8526 8573 8572
f 8526 8527 8573
f 8527 8574 8573
f 8529 8530 8577
f 8531 8579 8578
f 8531 8532 8579
f 8532 8580 8579
f 8532 8533 8580
f 8533 8581 8580
f 8533 8534 8581
f 8534 8582 8581
f 8534 8535 8582
f 8535 8583 8582
f 8535 8536 8583
f 8536 8584 8583
f 8536 8537 8584
f 8537 8585 8584
f 8537 8538 8585
f 8538 8586 8585
f 8538 8539 8586
f 8539 8587 8586
f 8539 8540 8587
f 8540 8588 8587
f 8540 8541 8588
f 8541 8589 8588
f 8541 8542 8589
f 8542 8590 8589
f 8542 8543 8590
f 8543 8591 8590
f 8543 8544 8591
f 8544 8592 8591
f 8544 8545 8592
f 8545 8593 8592
f 8545 8546 8593
f 8546 8594 8593
f 8546 8547 8594
f 8547 8595 8594
f 8547 8548 8595
f 8548 8596 8595
f 8548 8549 8596
f 8549 8597 8596
f 8549 8550 8597
f 8550 8598 8597
f 8550 8551 8598
f 8551 8599 8598
f 8551 8552 8599
f 8552 8600 8599
f 8552 8553 8600
f 8553 8601 8600
f 8553 8554 8601
f 8554 8602 8601
f 8554 8555 8602
f 8555 8603 8602
f 8555 8556 8603
f 8556 8604 8603
f 8556 8557 8604
f 8557 8605 8604
f 8557 8558 8605
f 8558 8606 8605
f 8558 8559 8606
f 8559 8607 8606
f 8559 8560 8607
f 8560 8608 8607
f 8560 8561 8608
f 8561 8609 8608
f 8561 8562 8609
f 8562 8610 8609
f 8562 8563 8610
f 8563 8611 8610
f 8563 8564 8611
f 8564 8612 8611
f 8564 8565 8612
f 8565 8613 8612
f 8565 8566 8613
f 8566 8614 8613
f 8566 8567 8614
f 8567 8615 8614
f 8567 8568 8615
f 8568 8616 8615
f 8568 8569 8616
f 8569 8617 8616
f 8569 8570 8617
f 8570 8618 8617
f 8570 8571 8618
f 8571 8619 8618
f 8571 8572 8619
f 8572 8620 8619
f 8572 8573 8620
f 8573 8621 8620
f 8573 8574 8621
f 8574 8622 8621
f 8574 8575 8622
f 8575 8623 8622
f 8578 8579 8624
f 8579 8625 8624
f 8579 8580 8625
f 8580 8626 8625
f 8580 8581 8626
f 8581 8627 8626
f 8581 8582 8627
f 8582 8628 8627
f 8582 8583 8628
f 8583 8629 8628
f 8583 8584 8629
f 8584 8630 8629
f 8584 8585 8630
f 8585 8631 8630
f 8585 8586 8631
f 8586 8632 8631
f 8586 8587 8632
f 8587 8633 8632
f 8587 8588 8633
f 8588 8634 8633
f 8588 8589 8634
f 8589 8635 8634
f 8589 8590 8635
f 8590 8636 8635
f 8590 8591 8636
f 8591 8637 8636
f 8591 8592 8637
f 8592 8638 8637
f 8592 8593 8638
f 8593 8639 8638
f 8593 8594 8639
f 8594 8640 8639
f 8594 8595 8640
f 8595 8641 8640
f 8595 8596 8641
f 8596 8642 8641
f 8596 8597 8642
f 8597 8643 8642
f 8597 8598 8643
f 8598 8644 8643
f 8598 8599 8644
f 8599 8645 8644
f 8599 8600 8645
f 8600 8646 8645
f 8600 8601 8646
f 8601 8647 8646
f 8601 8602 8647
f 8602 8648 8647
f 8602 8603 8648
f 8603 8649 8648
f 8603 8604 8649
f 8604 8650 8649
f 8604 8605 8650
f 8605 8651 8650
f 8605 8606 8651
f 8606 8652 8651
f 8606 8607 8652
f 8607 8653 8652
f 8607 8608 8653
f 8608 8654 8653
f 8608 8609 8654
f 8609 8655 8654
f 8609 8610 8655
f 8610 8656 8655
f 8610 8611 8656
f 8611 8657 8656
f 8611 8612 8657
f 8612 8658 8657
f 8612 8613 8658
f 8613 8659 8658
f 8613 8614 8659
f 8614 8660 8659
f 8614 8615 8660
f 8615 8661 8660
f 8615 8616 8661
f 8616 8662 8661
f 8616 8617 8662
f 8617 8663 8662
f 8617 8618 8663
f 8618 8664 8663
f 8618 8619 8664
f 8619 8665 8664
f 8619 8620 8665
f 8620 8666 8665
f 8620 8621 8666
f 8621 8667 8666
f 8621 8622 8667
f 8622 8668 8667
f 8622 8623 8668
f 8623 8669 8668
f 8624 8675 8674
f 8624 8625 8675
f 8625 8676 8675
f 8625 8626 8676
f 8626 8677 8676
f 8626 8627 8677
f 8627 8678 8677
f 8627 8628 8678
f 8628 8679 8678
f 8628 8629 8679
f 8629 8680 8679
f 8629 8630 8680
f 8630 8681 8680
f 8630 8631 8681
f 8631 8682 8681
f 8631 8632 8682
f 8632 8683 8682
f 8632 8633 8683
f 8633 8684 8683
f 8633 8634 8684
f 8634 8685 8684
f 8634 8635 8685
f 8635 8686 8685
f 8635 8636 8686
f 8636 8687 8686
f 8636 8637 8687
f 8637 8688 8687
f 8637 8638 8688
f 8638 8689 8688
f 8638 8639 8689
f 8639 8690 8689
f 8639 8640 8690
f 8640 8691 8690
f 8640 8641 8691
f 8641 8692 8691
f 8641 8642 8692
f 8642 8693 8692
f 8642 8643 8693
f 8643 8694 8693
f 8643 8644 8694
f 8644 8695 8694
f 8644 8645 8695
f 8645 8696 8695
f 8645 8646 8696
f 8646 8697 8696
f 8646 8647 8697
f 8647 8698 8697
f 8647 8648 8698
f 8648 8699 8698
f 8648 8649 8699
f 8649 8700 8699
f 8649 8650 8700
f 8650 8701 8700
f 8650 8651 8701
f 8651 8702 8701
f 8651 8652 8702
f 8652 8703 8702
f 8652 8653 8703
f 8653 8704 8703
f 8653 8654 8704
f 8654 8705 8704
f 8654 8655 8705
f 8655 8706 8705
f 8655 8656 8706
f 8656 8707 8706
f 8656 8657 8707
f 8657 8708 8707
f 8657 8658 8708
f 8658 8709 8708
f 8658 8659 8709
f 8659 8710 8709
f 8659 8660 8710
f 8660 8711 8710
f 8660 8661 8711
f 8661 8712 8711
f 8661 8662 8712
f 8662 8713 8712
f 8662 8663 8713
f 8663 8714 8713
f 8663 8664 8714
f 8664 8715 8714
f 8664 8665 8715
f 8665 8716 8715
f 8665 8666 8716
f 8666 8717 8716
f 8666 8667 8717
f 8667 8718 8717
f 8667 8668 8718
f 8668 8719 8718
f 8668 8669 8719
f 8669 8720 8719
f 8669 8670 8720
f 8670 8721 8720
f 8672 8673 8722
f 8673 8723 8722
f 8674 8675 8727
f 8675 8728 8727
f 8675 8676 8728
f 8676 8729 8728
f 8676 8677 8729
f 8677 8730 8729
f 8677 8678 8730
f 8678 8731 8730
f 8678 8679 8731
f 8679 8732 8731
f 8679 8680 8732
f 8680 8733 8732
f 8680 8681 8733
f 8681 8734 8733
f 8681 8682 8734
f 8682 8735 8734
f 8682 8683 8735
f 8683 8736 8735
f 8683 8684 8736
f 8684 8737 8736
f 8684 8685 8737
f 8685 8738 8737
f 8685 8686 8738
f 8686 8739 8738
f 8686 8687 8739
f 8687 8740 8739
f 8687 8688 8740
f 8688 8741 8740
f 8688 8689 8741
f 8689 8742 8741
f 8689 8690 8742
f 8690 8743 8742
f 8690 8691 8743
f 8691 8744 8743
f 8691 8692 8744
f 8692 8745 8744
f 8692 8693 8745
f 8693 8746 8745
f 8693 8694 8746
f 8694 8747 8746
f 8694 8695 8747
f 8695 8748 8747
f 8695 8696 8748
f 8696 8749 8748
f 8696 8697 8749
f 8697 8750 8749
f 8697 8698 8750
f 8698 8751 8750
f 8698 8699 8751
f 8699 8752 8751
f 8699 8700 8752
f 8700 8753 8752
f 8700 8701 8753
f 8701 8754 8753
f 8701 8702 8754
f 8702 8755 8754
f 8702 8703 8755
f 8703 8756 8755
f 8703 8704 8756
f 8704 8757 8756
f 8704 8705 8757
f 8705 8758 8757
f 8705 8706 8758
f 8706 8759 8758
f 8706 8707 8759
f 8707 8760 8759
f 8707 8708 8760
f 8708 8761 8760
f 8708 8709 8761
f 8709 8762 8761
f 8709 8710 8762
f 8710 8763 8762
f 8710 8711 8763
f 8711 8764 8763
f 8711 8712 8764
f 8712 8765 8764
f 8712 8713 8765
f 8713 8766 8765
f 8713 8714 8766
f 8714 8767 8766
f 8714 8715 8767
f 8715 8768 8767
f 8715 8716 8768
f 8716 8769 8768
f 8716 8717 8769
f 8717 8770 8769
f 8717 8718 8770
f 8718 8771 8770
f 8718 8719 8771
f 8719 8772 8771
f 8719 8720 8772
f 8720 8773 8772
f 8720 8721 8773
f 8721 8774 8773
f 8724 8725 8776
f 8725 8777 8776
f 8725 8726 8777
f 8726 8778 8777
f 8727 8728 8779
f 8728 8780 8779
f 8728 8729 8780
f 8729 8781 8780
f 8729 8730 8781
f 8730 8782 8781
f 8730 8731 8782
f 8731 8783 8782
f 8731 8732 8783
f 8732 8784 8783
f 8732 8733 8784
f 8733 8785 8784
f 8733 8734 8785
f 8734 8786 8785
f 8734 8735 8786
f 8735 8787 8786
f 8735 8736 8787
f 8736 8788 8787
f 8736 8737 8788
f 8737 8789 8788
f 8737 8738 8789
f 8738 8790 8789
f 8738 8739 8790
f 8739 8791 8790
f 8739 8740 8791
f 8740 8792 8791
f 8740 8741 8792
f 8741 8793 8792
f 8741 8742 8793
f 8742 8794 8793
f 8742 8743 8794
f 8743 8795 8794
f 8743 8744 8795
f 8744 8796 8795
f 8744 8745 8796
f 8745 8797 8796
f 8745 8746 8797
f 8746 8798 8797
f 8746 8747 8798
f 8747 8799 8798
f 8747 8748 8799
f 8748 8800 8799
f 8748 8749 8800
f 8749 8801 8800
f 8749 8750 8801
f 8750 8802 8801
f 8750 8751 8802
f 8751 8803 8802
f 8751 8752 8803
f 8752 8804 8803
f 8752 8753 8804
f 8753 8805 8804
f 8753 8754 8805
f 8754 8806 8805
f 8754 8755 8806
f 8755 8807 8806
f 8755 8756 8807
f 8756 8808 8807
f 8756 8757 8808
f 8757 8809 8808
f 8757 8758 8809
f 8758 8810 8809
f 8758 8759 8810
f 8759 8811 8810
f 8759 8760 8811
f 8760 8812 8811
f 8760 8761 8812
f 8761 8813 8812
f 8761 8762 8813
f 8762 8814 8813
f 8762 8763 8814
f 8763 8815 8814
f 8763 8764 8815
f 8764 8816 8815
f 8764 8765 8816
f 8765 8817 8816
f 8765 8766 8817
f 8766 8818 8817
f 8766 8767 8818
f 8767 8819 8818
f 8767 8768 8819
f 8768 8820 8819
f 8768 8769 8820
f 8769 8821 8820
f 8769 8770 8821
f 8770 8822 8821
f 8770 8771 8822
f 8771 8823 8822
f 8771 8772 8823
f 8772 8824 8823
f 8772 8773 8824
f 8773 8825 8824
f 8773 8774 8825
f 8774 8826 8825
f 8774 8775 8826
f 8775 8827 8826
f 8780 8781 8836
f 8781 8837 8836
f 8781 8782 8837
f 8782 8838 8837
f 8782 8783 8838
f 8783 8839 8838
f 8783 8784 8839
f 8784 8840 8839
f 8784 8785 8840
f 8785 8841 8840
f 8785 8786 8841
f 8786 8842 8841
f 8786 8787 8842
f 8787 8843 8842
f 8787 8788 8843
f 8788 8844 8843
f 8788 8789 8844
f 8789 8845 8844
f 8789 8790 8845
f 8790 8846 8845
f 8790 8791 8846
f 8791 8847 8846
f 8791 8792 8847
f 8792 8848 8847
f 8792 8793 8848
f 8793 8849 8848
f 8793 8794 8849
f 8794 8850 8849
f 8794 8795 8850
f 8795 8851 8850
f 8795 8796 8851
f 8796 8852 8851
f 8796 8797 8852
f 8797 8853 8852
f 8797 8798 8853
f 8798 8854 8853
f 8798 8799 8854
f 8799 8855 8854
f 8799 8800 8855
f 8800 8856 8855
f 8800 8801 8856
f 8801 8857 8856
f 8801 8802 8857
f 8802 8858 8857
f 8802 8803 8858
f 8803 8859 8858
f 8803 8804 8859
f 8804 8860 8859
f 8804 8805 8860
f 8805 8861 8860
f 8805 8806 8861
f 8806 8862 8861
f 8806 8807 8862
f 8807 8863 8862
f 8807 8808 8863
f 8808 8864 8863
f 8808 8809 8864
f 8809 8865 8864
f 8809 8810 8865
f 8810 8866 8865
f 8810 8811 8866
f 8811 8867 8866
f 8811 8812 8867
f 8812 8868 8867
f 8812 8813 8868
f 8813 8869 8868
f 8813 8814 8869
f 8814 8870 8869
f 8814 8815 8870
f 8815 8871 8870
f 8815 8816 8871
f 8816 8872 8871
f 8816 8817 8872
f 8817 8873 8872
f 8817 8818 8873
f 8818 8874 8873
f 8818 8819 8874
f 8819 8875 8874
f 8819 8820 8875
f 8820 8876 8875
f 8820 8821 8876
f 8821 8877 8876
f 8821 8822 8877
f 8822 8878 8877
f 8822 8823 8878
f 8823 8879 8878
f 8823 8824 8879
f 8824 8880 8879
f 8824 8825 8880
f 8825 8881 8880
f 8825 8826 8881
f 8826 8882 8881
f 8826 8827 8882
f 8827 8883 8882
f 8828 8886 8885
f 8828 8829 8886
f 8829 8887 8886
f 8829 8830 8887
f 8830 8888 8887
f 8830 8831 8888
f 8831 8889 8888
f 8831 8832 8889
f 8832 8890 8889
f 8832 8833 8890
f 8833 8891 8890
f 8833 8834 8891
f 8834 8892 8891
f 8836 8898 8897
f 8836 8837 8898
f 8837 8899 8898
f 8837 8838 8899
f 8838 8900 8899
f 8838 8839 8900
f 8839 8901 8900
f 8839 8840 8901
f 8840 8902 8901
f 8840 8841 8902
f 8841 8903 8902
f 8841 8842 8903
f 8842 8904 8903
f 8842 8843 8904
f 8843 8905 8904
f 8843 8844 8905
f 8844 8906 8905
f 8844 8845 8906
f 8845 8907 8906
f 8845 8846 8907
f 8846 8908 8907
f 8846 8847 8908
f 8847 8909 8908
f 8847 8848 8909
f 8848 8910 8909
f 8848 8849 8910
f 8849 8911 8910
f 8849 8850 8911
f 8850 8912 8911
f 8850 8851 8912
f 8851 8913 8912
f 8851 8852 8913
f 8852 8914 8913
f 8852 8853 8914
f 8853 8915 8914
f 8853 8854 8915
f 8854 8916 8915
f 8854 8855 8916
f 8855 8917 8916
f 8855 8856 8917
f 8856 8918 8917
f 8856 8857 8918
f 8857 8919 8918
f 8857 8858 8919
f 8858 8920 8919
f 8858 8859 8920
f 8859 8921 8920
f 8859 8860 8921
f 8860 8922 8921
f 8860 8861 8922
f 8861 8923 8922
f 8861 8862 8923
f 8862 8924 8923
f 8862 8863 8924
f 8863 8925 8924
f 8863 8864 8925
f 8864 8926 8925
f 8864 8865 8926
f 8865 8927 8926
f 8865 8866 8927
f 8866 8928 8927
f 8866 8867 8928
f 8867 8929 8928
f 8867 8868 8929
f 8868 8930 8929
f 8868 8869 8930
f 8869 8931 8930
f 8869 8870 8931
f 8870 8932 8931
f 8870 8871 8932
f 8871 8933 8932
f 8871 8872 8933
f 8872 8934 8933
f 8872 8873 8934
f 8873 8935 8934
f 8873 8874 8935
f 8874 8936 8935
f 8874 8875 8936
f 8875 8937 8936
f 8875 8876 8937
f 8876 8938 8937
f 8876 8877 8938
f 8877 8939 8938
f 8877 8878 8939
f 8878 8940 8939
f 8878 8879 8940
f 8879 8941 8940
f 8879 8880 8941
f 8880 8942 8941
f 8880 8881 8942
f 8881 8943 8942
f 8881 8882 8943
f 8882 8944 8943
f 8882 8883 8944
f 8883 8945 8944
f 8883 8884 8945
f 8885 8948 8947
f 8885 8886 8948
f 8886 8949 8948
f 8886 8887 8949
f 8887 8950 8949
f 8887 8888 8950
f 8888 8951 8950
f 8888 8889 8951
f 8889 8952 8951
f 8889 8890 8952
f 8890 8953 8952
f 8890 8891 8953
f 8891 8954 8953
f 8891 8892 8954
f 8892 8955 8954
f 8892 8893 8955
f 8893 8956 8955
f 8893 8894 8956
f 8894 8957 8956
f 8894 8895 8957
f 8897 8898 8959
f 8898 8960 8959
f 8898 8899 8960
f 8899 8961 8960
f 8899 8900 8961
f 8900 8962 8961
f 8900 8901 8962
f 8901 8963 8962
f 8901 8902 8963
f 8902 8964 8963
f 8902 8903 8964
f 8903 8965 8964
f 8903 8904 8965
f 8904 8966 8965
f 8904 8905 8966
f 8905 8967 8966
f 8905 8906 8967
f 8906 8968 8967
f 8906 8907 8968
f 8907 8969 8968
f 8907 8908 8969
f 8908 8970 8969
f 8908 8909 8970
f 8909 8971 8970
f 8909 8910 8971
f 8910 8972 8971
f 8910 8911 8972
f 8911 8973 8972
f 8911 8912 8973
f 8912 8974 8973
f 8912 8913 8974
f 8913 8975 8974
f 8913 8914 8975
f 8914 8976 8975
f 8914 8915 8976
f 8915 8977 8976
f 8915 8916 8977
f 8916 8978 8977
f 8916 8917 8978
f 8917 8979 8978
f 8917 8918 8979
f 8918 8980 8979
f 8918 8919 8980
f 8919 8981 8980
f 8919 8920 8981
f 8920 8982 8981
f 8920 8921 8982
f 8921 8983 8982
f 8921 8922 8983
f 8922 8984 8983
f 8922 8923 8984
f 8923 8985 8984
f 8923 8924 8985
f 8924 8986 8985
f 8924 8925 8986
f 8925 8987 8986
f 8925 8926 8987
f 8926 8988 8987
f 8926 8927 8988
f 8927 8989 8988
f 8927 8928 8989
f 8928 8990 8989
f 8928 8929 8990
f 8929 8991 8990
f 8929 8930 8991
f 8930 8992 8991
f 8930 8931 8992
f 8931 8993 8992
f 8931 8932 8993
f 8932 8994 8993
f 8932 8933 8994
f 8933 8995 8994
f 8933 8934 8995
f 8934 8996 8995
f 8934 8935 8996
f 8935 8997 8996
f 8935 8936 8997
f 8936 8998 8997
f 8936 8937 8998
f 8937 8999 8998
f 8937 8938 8999
f 8938 9000 8999
f 8938 8939 9000
f 8939 9001 9000
f 8939 8940 9001
f 8940 9002 9001
f 8940 8941 9002
f 8941 9003 9002
f 8941 8942 9003
f 8942 9004 9003
f 8942 8943 9004
f 8943 9005 9004
f 8943 8944 9005
f 8944 9006 9005
f 8944 8945 9006
f 8945 9007 9006
f 8946 9012 9011
f 8946 8947 9012
f 8947 9013 9012
f 8947 8948 9013
f 8948 9014 9013
f 8948 8949 9014
f 8949 9015 9014
f 8949 8950 9015
f 8950 9016 9015
f 8950 8951 9016
f 8951 9017 9016
f 8951 8952 9017
f 8952 9018 9017
f 8952 8953 9018
f 8953 9019 9018
f 8953 8954 9019
f 8954 9020 9019
f 8954 8955 9020
f 8955 9021 9020
f 8955 8956 9021
f 8956 9022 9021
f 8956 8957 9022
f 8959 8960 9023
f 8960 9024 9023
f 8960 8961 9024
f 8961 9025 9024
f 8961 8962 9025
f 8962 9026 9025
f 8962 8963 9026
f 8963 9027 9026
f 8963 8964 9027
f 8964 9028 9027
f 8964 8965 9028
f 8965 9029 9028
f 8965 8966 9029
f 8966 9030 9029
f 8966 8967 9030
f 8967 9031 9030
f 8967 8968 9031
f 8968 9032 9031
f 8968 8969 9032
f 8969 9033 9032
f 8969 8970 9033
f 8970 9034 9033
f 8970 8971 9034
f 8971 9035 9034
f 8971 8972 9035
f 8972 9036 9035
f 8972 8973 9036
f 8973 9037 9036
f 8973 8974 9037
f 8974 9038 9037
f 8974 8975 9038
f 8975 9039 9038
f 8975 8976 9039
f 8976 9040 9039
f 8976 8977 9040
f 8977 9041 9040
f 8977 8978 9041
f 8978 9042 9041
f 8978 8979 9042
f 8979 9043 9042
f 8979 8980 9043
f 8980 9044 9043
f 8980 8981 9044
f 8981 9045 9044
f 8981 8982 9045
f 8982 9046 9045
f 8982 8983 9046
f 8983 9047 9046
f 8983 8984 9047
f 8984 9048 9047
f 8984 8985 9048
f 8985 9049 9048
f 8985 8986 9049
f 8986 9050 9049
f 8986 8987 9050
f 8987 9051 9050
f 8987 8988 9051
f 8988 9052 9051
f 8988 8989 9052
f 8989 9053 9052
f 8989 8990 9053
f 8990 9054 9053
f 8990 8991 9054
f 8991 9055 9054
f 8991 8992 9055
f 8992 9056 9055
f 8992 8993 9056
f 8993 9057 9056
f 8993 8994 9057
f 8994 9058 9057
f 8994 8995 9058
f 8995 9059 9058
f 8995 8996 9059
f 8996 9060 9059
f 8996 8997 9060
f 8997 9061 9060
f 8997 8998 9061
f 8998 9062 9061
f 8998 8999 9062
f 8999 9063 9062
f 8999 9000 9063
f 9000 9064 9063
f 9000 9001 9064
f 9001 9065 9064
f 9001 9002 9065
f 9002 9066 9065
f 9002 9003 9066
f 9003 9067 9066
f 9003 9004 9067
f 9004 9068 9067
f 9004 9005 9068
f 9005 9069 9068
f 9005 9006 9069
f 9006 9070 9069
f 9006 9007 9070
f 9009 9074 9073
f 9009 9010 9074
f 9010 9075 9074
f 9010 9011 9075
f 9011 9076 9075
f 9011 9012 9076
f 9012 9077 9076
f 9012 9013 9077
f 9013 9078 9077
f 9013 9014 9078
f 9014 9079 9078
f 9014 9015 9079
f 9015 9080 9079
f 9015 9016 9080
f 9016 9081 9080
f 9016 9017 9081
f 9017 9082 9081
f 9017 9018 9082
f 9018 9083 9082
f 9018 9019 9083
f 9025 9026 9084
f 9026 9085 9084
f 9026 9027 9085
f 9027 9086 9085
f 9027 9028 9086
f 9028 9087 9086
f 9028 9029 9087
f 9029 9088 9087
f 9029 9030 9088
f 9030 9089 9088
f 9030 9031 9089
f 9031 9090 9089
f 9031 9032 9090
f 9032 9091 9090
f 9032 9033 9091
f 9033 9092 9091
f 9033 9034 9092
f 9034 9093 9092
f 9034 9035 9093
f 9035 9094 9093
f 9035 9036 9094
f 9036 9095 9094
f 9036 9037 9095
f 9037 9096 9095
f 9037 9038 9096
f 9038 9097 9096
f 9038 9039 9097
f 9039 9098 9097
f 9039 9040 9098
f 9040 9099 9098
f 9040 9041 9099
f 9041 9100 9099
f 9041 9042 9100
f 9042 9101 9100
f 9042 9043 9101
f 9043 9102 9101
f 9043 9044 9102
f 9044 9103 9102
f 9044 9045 9103
f 9045 9104 9103
f 9045 9046 9104
f 9046 9105 9104
f 9046 9047 9105
f 9047 9106 9105
f 9047 9048 9106
f 9048 9107 9106
f 9048 9049 9107
f 9049 9108 9107
f 9049 9050 9108
f 9050 9109 9108
f 9050 9051 9109
f 9051 9110 9109
f 9051 9052 9110
f 9052 9111 9110
f 9052 9053 9111
f 9053 9112 9111
f 9053 9054 9112
f 9054 9113 9112
f 9054 9055 9113
f 9055 9114 9113
f 9055 9056 9114
f 9056 9115 9114
f 9056 9057 9115
f 9057 9116 9115
f 9057 9058 9116
f 9058 9117 9116
f 9058 9059 9117
f 9059 9118 9117
f 9059 9060 9118
f 9060 9119 9118
f 9060 9061 9119
f 9061 9120 9119
f 9061 9062 9120
f 9062 9121 9120
f 9062 9063 9121
f 9063 9122 9121
f 9063 9064 9122
f 9064 9123 9122
f 9064 9065 9123
f 9065 9124 9123
f 9065 9066 9124
f 9066 9125 9124
f 9066 9067 9125
f 9067 9126 9125
f 9067 9068 9126
f 9068 9127 9126
f 9068 9069 9127
f 9069 9128 9127
f 9069 9070 9128
f 9070 9129 9128
f 9071 9136 9135
f 9071 9072 9136
f 9072 9137 9136
f 9072 9073 9137
f 9073 9138 9137
f 9073 9074 9138
f 9074 9139 9138
f 9074 9075 9139
f 9075 9140 9139
f 9075 9076 9140
f 9076 9141 9140
f 9076 9077 9141
f 9077 9142 9141
f 9077 9078 9142
f 9078 9143 9142
f 9078 9079 9143
f 9079 9144 9143
f 9079 9080 9144
f 9080 9145 9144
f 9080 9081 9145
f 9084 9147 9146
f 9084 9085 9147
f 9085 9148 9147
f 9085 9086 9148
f 9086 9149 9148
f 9086 9087 9149
f 9087 9150 9149
f 9087 9088 9150
f 9088 9151 9150
f 9088 9089 9151
f 9089 9152 9151
f 9089 9090 9152
f 9090 9153 9152
f 9090 9091 9153
f 9091 9154 9153
f 9091 9092 9154
f 9092 9155 9154
f 9092 9093 9155
f 9093 9156 9155
f 9093 9094 9156
f 9094 9157 9156
f 9094 9095 9157
f 9095 9158 9157
f 9095 9096 9158
f 9096 9159 9158
f 9096 9097 9159
f 9097 9160 9159
f 9097 9098 9160
f 9098 9161 9160
f 9098 9099 9161
f 9099 9162 9161
f 9099 9100 9162
f 9100 9163 9162
f 9100 9101 9163
f 9101 9164 9163
f 9101 9102 9164
f 9102 9165 9164
f 9102 9103 9165
f 9103 9166 9165
f 9103 9104 9166
f 9104 9167 9166
f 9104 9105 9167
f 9105 9168 9167
f 9105 9106 9168
f 9106 9169 9168
f 9106 9107 9169
f 9107 9170 9169
f 9107 9108 9170
f 9108 9171 9170
f 9108 9109 9171
f 9109 9172 9171
f 9109 9110 9172
f 9110 9173 9172
f 9110 9111 9173
f 9111 9174 9173
f 9111 9112 9174
f 9112 9175 9174
f 9112 9113 9175
f 9113 9176 9175
f 9113 9114 9176
f 9114 9177 9176
f 9114 9115 9177
f 9115 9178 9177
f 9115 9116 9178
f 9116 9179 9178
f 9116 9117 9179
f 9117 9180 9179
f 9117 9118 9180
f 9118 9181 9180
f 9118 9119 9181
f 9119 9182 9181
f 9119 9120 9182
f 9120 9183 9182
f 9120 9121 9183
f 9121 9184 9183
f 9121 9122 9184
f 9122 9185 9184
f 9122 9123 9185
f 9123 9186 9185
f 9123 9124 9186
f 9124 9187 9186
f 9124 9125 9187
f 9125 9188 9187
f 9125 9126 9188
f 9126 9189 9188
f 9126 9127 9189
f 9127 9190 9189
f 9127 9128 9190
f 9128 9191 9190
f 9128 9129 9191
f 9129 9192 9191
f 9129 9130 9192
f 9131 9194 9193
f 9131 9132 9194
f 9132 9195 9194
f 9132 9133 9195
f 9133 9196 9195
f 9134 9135 9197
f 9135 9198 9197
f 9135 9136 9198
f 9136 9199 9198
f 9136 9137 9199
f 9137 9200 9199
f 9137 9138 9200
f 9138 9201 9200
f 9138 9139 9201
f 9139 9202 9201
f 9139 9140 9202
f 9140 9203 9202
f 9140 9141 9203
f 9141 9204 9203
f 9141 9142 9204
f 9142 9205 9204
f 9142 9143 9205
f 9143 9206 9205
f 9143 9144 9206
f 9144 9207 9206
f 9144 9145 9207
f 9146 9147 9208
f 9147 9209 9208
f 9147 9148 9209
f 9148 9210 9209
f 9148 9149 9210
f 9149 9211 9210
f 9149 9150 9211
f 9150 9212 9211
f 9150 9151 9212
f 9151 9213 9212
f 9151 9152 9213
f 9152 9214 9213
f 9152 9153 9214
f 9153 9215 9214
f 9153 9154 9215
f 9154 9216 9215
f 9154 9155 9216
f 9155 9217 9216
f 9155 9156 9217
f 9156 9218 9217
f 9156 9157 9218
f 9157 9219 9218
f 9157 9158 9219
f 9158 9220 9219
f 9158 9159 9220
f 9159 9221 9220
f 9159 9160 9221
f 9160 9222 9221
f 9160 9161 9222
f 9161 9223 9222
f 9161 9162 9223
f 9162 9224 9223
f 9162 9163 9224
f 9163 9225 9224
f 9163 9164 9225
f 9164 9226 9225
f 9164 9165 9226
f 9165 9227 9226
f 9165 9166 9227
f 9166 9228 9227
f 9166 9167 9228
f 9167 9229 9228
f 9167 9168 9229
f 9168 9230 9229
f 9168 9169 9230
f 9169 9231 9230
f 9169 9170 9231
f 9170 9232 9231
f 9170 9171 9232
f 9171 9233 9232
f 9171 9172 9233
f 9172 9234 9233
f 9172 9173 9234
f 9173 9235 9234
f 9173 9174 9235
f 9174 9236 9235
f 9174 9175 9236
f 9175 9237 9236
f 9175 9176 9237
f 9176 9238 9237
f 9176 9177 9238
f 9177 9239 9238
f 9177 9178 9239
f 9178 9240 9239
f 9178 9179 9240
f 9179 9241 9240
f 9179 9180 9241
f 9180 9242 9241
f 9180 9181 9242
f 9181 9243 9242
f 9181 9182 9243
f 9182 9244 9243
f 9182 9183 9244
f 9183 9245 9244
f 9183 9184 9245
f 9184 9246 9245
f 9184 9185 9246
f 9185 9247 9246
f 9185 9186 9247
f 9186 9248 9247
f 9186 9187 9248
f 9187 9249 9248
f 9187 9188 9249
f 9188 9250 9249
f 9188 9189 9250
f 9189 9251 9250
f 9189 9190 9251
f 9190 9252 9251
f 9190 9191 9252
f 9191 9253 9252
f 9191 9192 9253
f 9193 9257 9256
f 9193 9194 9257
f 9194 9258 9257
f 9194 9195 9258
f 9195 9259 9258
f 9195 9196 9259
f 9197 9261 9260
f 9197 9198 9261
f 9198 9262 9261
f 9198 9199 9262
f 9199 9263 9262
f 9199 9200 9263
f 9201 9202 9264
f 9208 9209 9265
f 9209 9266 9265
f 9209 9210 9266
f 9210 9267 9266
f 9210 9211 9267
f 9211 9268 9267
f 9211 9212 9268
f 9212 9269 9268
f 9212 9213 9269
f 9213 9270 9269
f 9213 9214 9270
f 9214 9271 9270
f 9214 9215 9271
f 9215 9272 9271
f 9215 9216 9272
f 9216 9273 9272
f 9216 9217 9273
f 9217 9274 9273
f 9217 9218 9274
f 9218 9275 9274
f 9218 9219 9275
f 9219 9276 9275
f 9219 9220 9276
f 9220 9277 9276
f 9220 9221 9277
f 9221 9278 9277
f 9221 9222 9278
f 9222 9279 9278
f 9222 9223 9279
f 9223 9280 9279
f 9223 9224 9280
f 9224 9281 9280
f 9224 9225 9281
f 9225 9282 9281
f 9225 9226 9282
f 9226 9283 9282
f 9226 9227 9283
f 9227 9284 9283
f 9227 9228 9284
f 9228 9285 9284
f 9228 9229 9285
f 9229 9286 9285
f 9229 9230 9286
f 9230 9287 9286
f 9230 9231 9287
f 9231 9288 9287
f 9231 9232 9288
f 9232 9289 9288
f 9232 9233 9289
f 9233 9290 9289
f 9233 9234 9290
f 9234 9291 9290
f 9234 9235 9291
f 9235 9292 9291
f 9235 9236 9292
f 9236 9293 9292
f 9236 9237 9293
f 9237 9294 9293
f 9237 9238 9294
f 9238 9295 9294
f 9238 9239 9295
f 9239 9296 9295
f 9239 9240 9296
f 9240 9297 9296
f 9240 9241 9297
f 9241 9298 9297
f 9241 9242 9298
f 9242 9299 9298
f 9242 9243 9299
f 9243 9300 9299
f 9243 9244 9300
f 9244 9301 9300
f 9244 9245 9301
f 9245 9302 9301
f 9245 9246 9302
f 9246 9303 9302
f 9246 9247 9303
f 9247 9304 9303
f 9247 9248 9304
f 9248 9305 9304
f 9248 9249 9305
f 9249 9306 9305
f 9249 9250 9306
f 9250 9307 9306
f 9250 9251 9307
f 9251 9308 9307
f 9251 9252 9308
f 9252 9309 9308
f 9252 9253 9309
f 9254 9255 9310
f 9255 9311 9310
f 9256 9313 9312
f 9256 9257 9313
f 9257 9314 9313
f 9257 9258 9314
f 9258 9315 9314
f 9258 9259 9315
f 9259 9316 9315
f 9265 9266 9319
f 9266 9320 9319
f 9266 9267 9320
f 9267 9321 9320
f 9267 9268 9321
f 9268 9322 9321
f 9268 9269 9322
f 9269 9323 9322
f 9269 9270 9323
f 9270 9324 9323
f 9270 9271 9324
f 9271 9325 9324
f 9271 9272 9325
f 9272 9326 9325
f 9272 9273 9326
f 9273 9327 9326
f 9273 9274 9327
f 9274 9328 9327
f 9274 9275 9328
f 9275 9329 9328
f 9275 9276 9329
f 9276 9330 9329
f 9276 9277 9330
f 9277 9331 9330
f 9277 9278 9331
f 9278 9332 9331
f 9278 9279 9332
f 9279 9333 9332
f 9279 9280 9333
f 9280 9334 9333
f 9280 9281 9334
f 9281 9335 9334
f 9281 9282 9335
f 9282 9336 9335
f 9282 9283 9336
f 9283 9337 9336
f 9283 9284 9337
f 9284 9338 9337
f 9284 9285 9338
f 9285 9339 9338
f 9285 9286 9339
f 9286 9340 9339
f 9286 9287 9340
f 9287 9341 9340
f 9287 9288 9341
f 9288 9342 9341
f 9288 9289 9342
f 9289 9343 9342
f 9289 9290 9343
f 9290 9344 9343
f 9290 9291 9344
f 9291 9345 9344
f 9291 9292 9345
f 9292 9346 9345
f 9292 9293 9346
f 9293 9347 9346
f 9293 9294 9347
f 9294 9348 9347
f 9294 9295 9348
f 9295 9349 9348
f 9295 9296 9349
f 9296 9350 9349
f 9296 9297 9350
f 9297 9351 9350
f 9297 9298 9351
f 9298 9352 9351
f 9298 9299 9352
f 9299 9353 9352
f 9299 9300 9353
f 9300 9354 9353
f 9300 9301 9354
f 9301 9355 9354
f 9301 9302 9355
f 9302 9356 9355
f 9302 9303 9356
f 9303 9357 9356
f 9303 9304 9357
f 9304 9358 9357
f 9304 9305 9358
f 9305 9359 9358
f 9305 9306 9359
f 9306 9360 9359
f 9306 9307 9360
f 9307 9361 9360
f 9307 9308 9361
f 9308 9362 9361
f 9308 9309 9362
f 9309 9363 9362
f 9310 9366 9365
f 9310 9311 9366
f 9311 9367 9366
f 9311 9312 9367
f 9312 9368 9367
f 9312 9313 9368
f 9313 9369 9368
f 9313 9314 9369
f 9314 9370 9369
f 9314 9315 9370
f 9316 9317 9371
f 9317 9372 9371
f 9317 9318 9372
f 9318 9373 9372
f 9319 9375 9374
f 9319 9320 9375
f 9320 9376 9375
f 9320 9321 9376
f 9321 9377 9376
f 9321 9322 9377
f 9322 9378 9377
f 9322 9323 9378
f 9323 9379 9378
f 9323 9324 9379
f 9324 9380 9379
f 9324 9325 9380
f 9325 9381 9380
f 9325 9326 9381
f 9326 9382 9381
f 9326 9327 9382
f 9327 9383 9382
f 9327 9328 9383
f 9328 9384 9383
f 9328 9329 9384
f 9329 9385 9384
f 9329 9330 9385
f 9330 9386 9385
f 9330 9331 9386
f 9331 9387 9386
f 9331 9332 9387
f 9332 9388 9387
f 9332 9333 9388
f 9333 9389 9388
f 9333 9334 9389
f 9334 9390 9389
f 9334 9335 9390
f 9335 9391 9390
f 9335 9336 9391
f 9336 9392 9391
f 9336 9337 9392
f 9337 9393 9392
f 9337 9338 9393
f 9338 9394 9393
f 9338 9339 9394
f 9339 9395 9394
f 9339 9340 9395
f 9340 9396 9395
f 9340 9341 9396
f 9341 9397 9396
f 9341 9342 9397
f 9342 9398 9397
f 9342 9343 9398
f 9343 9399 9398
f 9343 9344 9399
f 9344 9400 9399
f 9344 9345 9400
f 9345 9401 9400
f 9345 9346 9401
f 9346 9402 9401
f 9346 9347 9402
f 9347 9403 9402
f 9347 9348 9403
f 9348 9404 9403
f 9348 9349 9404
f 9349 9405 9404
f 9349 9350 9405
f 9350 9406 9405
f 9350 9351 9406
f 9351 9407 9406
f 9351 9352 9407
f 9352 9408 9407
f 9352 9353 9408
f 9353 9409 9408
f 9353 9354 9409
f 9354 9410 9409
f 9354 9355 9410
f 9355 9411 9410
f 9355 9356 9411
f 9356 9412 9411
f 9356 9357 9412
f 9357 9413 9412
f 9357 9358 9413
f 9358 9414 9413
f 9358 9359 9414
f 9359 9415 9414
f 9359 9360 9415
f 9360 9416 9415
f 9360 9361 9416
f 9361 9417 9416
f 9361 9362 9417
f 9362 9418 9417
f 9362 9363 9418
f 9363 9419 9418
f 9363 9364 9419
f 9364 9420 9419
f 9366 9367 9421
f 9367 9422 9421
f 9367 9368 9422
f 9368 9423 9422
f 9368 9369 9423
f 9369 9424 9423
f 9369 9370 9424
f 9370 9425 9424
f 9371 9427 9426
f 9371 9372 9427
f 9372 9428 9427
f 9372 9373 9428
f 9373 9429 9428
f 9374 9375 9435
f 9375 9436 9435
f 9375 9376 9436
f 9376 9437 9436
f 9376 9377 9437
f 9377 9438 9437
f 9377 9378 9438
f 9378 9439 9438
f 9378 9379 9439
f 9379 9440 9439
f 9379 9380 9440
f 9380 9441 9440
f 9380 9381 9441
f 9381 9442 9441
f 9381 9382 9442
f 9382 9443 9442
f 9382 9383 9443
f 9383 9444 9443
f 9383 9384 9444
f 9384 9445 9444
f 9384 9385 9445
f 9385 9446 9445
f 9385 9386 9446
f 9386 9447 9446
f 9386 9387 9447
f 9387 9448 9447
f 9387 9388 9448
f 9388 9449 9448
f 9388 9389 9449
f 9389 9450 9449
f 9389 9390 9450
f 9390 9451 9450
f 9390 9391 9451
f 9391 9452 9451
f 9391 9392 9452
f 9392 9453 9452
f 9392 9393 9453
f 9393 9454 9453
f 9393 9394 9454
f 9394 9455 9454
f 9394 9395 9455
f 9395 9456 9455
f 9395 9396 9456
f 9396 9457 9456
f 9396 9397 9457
f 9397 9458 9457
f 9397 9398 9458
f 9398 9459 9458
f 9398 9399 9459
f 9399 9460 9459
f 9399 9400 9460
f 9400 9461 9460
f 9400 9401 9461
f 9401 9462 9461
f 9401 9402 9462
f 9402 9463 9462
f 9402 9403 9463
f 9403 9464 9463
f 9403 9404 9464
f 9404 9465 9464
f 9404 9405 9465
f 9405 9466 9465
f 9405 9406 9466
f 9406 9467 9466
f 9406 9407 9467
f 9407 9468 9467
f 9407 9408 9468
f 9408 9469 9468
f 9408 9409 9469
f 9409 9470 9469
f 9409 9410 9470
f 9410 9471 9470
f 9410 9411 9471
f 9411 9472 9471
f 9411 9412 9472
f 9412 9473 9472
f 9412 9413 9473
f 9413 9474 9473
f 9413 9414 9474
f 9414 9475 9474
f 9414 9415 9475
f 9415 9476 9475
f 9415 9416 9476
f 9416 9477 9476
f 9416 9417 9477
f 9417 9478 9477
f 9417 9418 9478
f 9418 9479 9478
f 9418 9419 9479
f 9419 9480 9479
f 9419 9420 9480
f 9420 9481 9480
f 9421 9484 9483
f 9421 9422 9484
f 9422 9485 9484
f 9422 9423 9485
f 9423 9486 9485
f 9423 9424 9486
f 9424 9487 9486
f 9424 9425 9487
f 9425 9488 9487
f 9425 9426 9488
f 9426 9489 9488
f 9426 9427 9489
f 9427 9490 9489
f 9427 9428 9490
f 9428 9491 9490
f 9428 9429 9491
f 9429 9492 9491
f 9429 9430 9492
f 9430 9493 9492
f 9430 9431 9493
f 9431 9494 9493
f 9431 9432 9494
f 9432 9495 9494
f 9432 9433 9495
f 9433 9496 9495
f 9433 9434 9496
f 9434 9497 9496
f 9435 9436 9499
f 9436 9500 9499
f 9436 9437 9500
f 9437 9501 9500
f 9437 9438 9501
f 9438 9502 9501
f 9438 9439 9502
f 9439 9503 9502
f 9439 9440 9503
f 9440 9504 9503
f 9440 9441 9504
f 9441 9505 9504
f 9441 9442 9505
f 9442 9506 9505
f 9442 9443 9506
f 9443 9507 9506
f 9443 9444 9507
f 9444 9508 9507
f 9444 9445 9508
f 9445 9509 9508
f 9445 9446 9509
f 9446 9510 9509
f 9446 9447 9510
f 9447 9511 9510
f 9447 9448 9511
f 9448 9512 9511
f 9448 9449 9512
f 9449 9513 9512
f 9449 9450 9513
f 9450 9514 9513
f 9450 9451 9514
f 9451 9515 9514
f 9451 9452 9515
f 9452 9516 9515
f 9452 9453 9516
f 9453 9517 9516
f 9453 9454 9517
f 9454 9518 9517
f 9454 9455 9518
f 9455 9519 9518
f 9455 9456 9519
f 9456 9520 9519
f 9456 9457 9520
f 9457 9521 9520
f 9457 9458 9521
f 9458 9522 9521
f 9458 9459 9522
f 9459 9523 9522
f 9459 9460 9523
f 9460 9524 9523
f 9460 9461 9524
f 9461 9525 9524
f 9461 9462 9525
f 9462 9526 9525
f 9462 9463 9526
f 9463 9527 9526
f 9463 9464 9527
f 9464 9528 9527
f 9464 9465 9528
f 9465 9529 9528
f 9465 9466 9529
f 9466 9530 9529
f 9466 9467 9530
f 9467 9531 9530
f 9467 9468 9531
f 9468 9532 9531
f 9468 9469 9532
f 9469 9533 9532
f 9469 9470 9533
f 9470 9534 9533
f 9470 9471 9534
f 9471 9535 9534
f 9471 9472 9535
f 9472 9536 9535
f 9472 9473 9536
f 9473 9537 9536
f 9473 9474 9537
f 9474 9538 9537
f 9474 9475 9538
f 9475 9539 9538
f 9475 9476 9539
f 9476 9540 9539
f 9476 9477 9540
f 9477 9541 9540
f 9477 9478 9541
f 9478 9542 9541
f 9478 9479 9542
f 9479 9543 9542
f 9479 9480 9543
f 9480 9544 9543
f 9480 9481 9544
f 9481 9545 9544
f 9481 9482 9545
f 9482 9546 9545
f 9483 9484 9547
f 9484 9548 9547
f 9484 9485 9548
f 9485 9549 9548
f 9485 9486 9549
f 9486 9550 9549
f 9486 9487 9550
f 9487 9551 9550
f 9487 9488 9551
f 9488 9552 9551
f 9488 9489 9552
f 9489 9553 9552
f 9489 9490 9553
f 9490 9554 9553
f 9490 9491 9554
f 9491 9555 9554
f 9491 9492 9555
f 9492 9556 9555
f 9492 9493 9556
f 9493 9557 9556
f 9493 9494 9557
f 9494 9558 9557
f 9494 9495 9558
f 9495 9559 9558
f 9495 9496 9559
f 9496 9560 9559
f 9496 9497 9560
f 9497 9561 9560
f 9497 9498 9561
f 9499 9500 9562
f 9500 9563 9562
f 9500 9501 9563
f 9501 9564 9563
f 9501 9502 9564
f 9502 9565 9564
f 9502 9503 9565
f 9503 9566 9565
f 9503 9504 9566
f 9504 9567 9566
f 9504 9505 9567
f 9505 9568 9567
f 9505 9506 9568
f 9506 9569 9568
f 9506 9507 9569
f 9507 9570 9569
f 9507 9508 9570
f 9508 9571 9570
f 9508 9509 9571
f 9509 9572 9571
f 9509 9510 9572
f 9510 9573 9572
f 9510 9511 9573
f 9511 9574 9573
f 9511 9512 9574
f 9512 9575 9574
f 9512 9513 9575
f 9513 9576 9575
f 9513 9514 9576
f 9514 9577 9576
f 9514 9515 9577
f 9516 9517 9578
f 9517 9579 9578
f 9517 9518 9579
f 9518 9580 9579
f 9518 9519 9580
f 9519 9581 9580
f 9519 9520 9581
f 9520 9582 9581
f 9520 9521 9582
f 9521 9583 9582
f 9521 9522 9583
f 9522 9584 9583
f 9522 9523 9584
f 9523 9585 9584
f 9523 9524 9585
f 9524 9586 9585
f 9524 9525 9586
f 9525 9587 9586
f 9525 9526 9587
f 9526 9588 9587
f 9526 9527 9588
f 9527 9589 9588
f 9527 9528 9589
f 9528 9590 9589
f 9528 9529 9590
f 9529 9591 9590
f 9529 9530 9591
f 9530 9592 9591
f 9530 9531 9592
f 9531 9593 9592
f 9531 9532 9593
f 9532 9594 9593
f 9532 9533 9594
f 9534 9535 9595
f 9535 9596 9595
f 9535 9536 9596
f 9536 9597 9596
f 9536 9537 9597
f 9537 9598 9597
f 9537 9538 9598
f 9538 9599 9598
f 9538 9539 9599
f 9539 9600 9599
f 9539 9540 9600
f 9540 9601 9600
f 9540 9541 9601
f 9541 9602 9601
f 9541 9542 9602
f 9542 9603 9602
f 9542 9543 9603
f 9543 9604 9603
f 9543 9544 9604
f 9544 9605 9604
f 9544 9545 9605
f 9545 9606 9605
f 9545 9546 9606
f 9546 9607 9606
f 9547 9548 9609
f 9548 9610 9609
f 9548 9549 9610
f 9549 9611 9610
f 9549 9550 9611
f 9550 9612 9611
f 9550 9551 9612
f 9551 9613 9612
f 9551 9552 9613
f 9552 9614 9613
f 9552 9553 9614
f 9553 9615 9614
f 9553 9554 9615
f 9554 9616 9615
f 9554 9555 9616
f 9555 9617 9616
f 9555 9556 9617
f 9556 9618 9617
f 9556 9557 9618
f 9557 9619 9618
f 9557 9558 9619
f 9558 9620 9619
f 9558 9559 9620
f 9559 9621 9620
f 9559 9560 9621
f 9562 9623 9622
f 9562 9563 9623
f 9563 9624 9623
f 9563 9564 9624
f 9564 9625 9624
f 9564 9565 9625
f 9565 9626 9625
f 9565 9566 9626
f 9566 9627 9626
f 9566 9567 9627
f 9567 9628 9627
f 9567 9568 9628
f 9568 9629 9628
f 9568 9569 9629
f 9569 9630 9629
f 9569 9570 9630
f 9570 9631 9630
f 9570 9571 9631
f 9571 9632 9631
f 9571 9572 9632
f 9572 9633 9632
f 9572 9573 9633
f 9573 9634 9633
f 9573 9574 9634
f 9574 9635 9634
f 9574 9575 9635
f 9575 9636 9635
f 9575 9576 9636
f 9576 9637 9636
f 9576 9577 9637
f 9577 9638 9637
f 9578 9640 9639
f 9578 9579 9640
f 9579 9641 9640
f 9579 9580 9641
f 9580 9642 9641
f 9580 9581 9642
f 9581 9643 9642
f 9581 9582 9643
f 9582 9644 9643
f 9582 9583 9644
f 9583 9645 9644
f 9583 9584 9645
f 9584 9646 9645
f 9584 9585 9646
f 9585 9647 9646
f 9585 9586 9647
f 9586 9648 9647
f 9586 9587 9648
f 9587 9649 9648
f 9587 9588 9649
f 9588 9650 9649
f 9588 9589 9650
f 9589 9651 9650
f 9589 9590 9651
f 9590 9652 9651
f 9590 9591 9652
f 9591 9653 9652
f 9591 9592 9653
f 9592 9654 9653
f 9592 9593 9654
f 9593 9655 9654
f 9593 9594 9655
f 9594 9656 9655
f 9595 9658 9657
f 9595 9596 9658
f 9596 9659 9658
f 9596 9597 9659
f 9597 9660 9659
f 9597 9598 9660
f 9598 9661 9660
f 9598 9599 9661
f 9599 9662 9661
f 9599 9600 9662
f 9600 9663 9662
f 9600 9601 9663
f 9601 9664 9663
f 9601 9602 9664
f 9602 9665 9664
f 9602 9603 9665
f 9603 9666 9665
f 9603 9604 9666
f 9604 9667 9666
f 9604 9605 9667
f 9605 9668 9667
f 9605 9606 9668
f 9606 9669 9668
f 9606 9607 9669
f 9607 9670 9669
f 9609 9610 9671
f 9610 9672 9671
f 9610 9611 9672
f 9611 9673 9672
f 9611 9612 9673
f 9615 9616 9674
f 9616 9675 9674
f 9616 9617 9675
f 9617 9676 9675
f 9617 9618 9676
f 9618 9677 9676
f 9618 9619 9677
f 9619 9678 9677
f 9619 9620 9678
f 9620 9679 9678
f 9620 9621 9679
f 9622 9623 9680
f 9623 9681 9680
f 9623 9624 9681
f 9624 9682 9681
f 9624 9625 9682
f 9625 9683 9682
f 9625 9626 9683
f 9626 9684 9683
f 9626 9627 9684
f 9627 9685 9684
f 9627 9628 9685
f 9628 9686 9685
f 9628 9629 9686
f 9629 9687 9686
f 9629 9630 9687
f 9630 9688 9687
f 9630 9631 9688
f 9631 9689 9688
f 9631 9632 9689
f 9632 9690 9689
f 9632 9633 9690
f 9633 9691 9690
f 9633 9634 9691
f 9634 9692 9691
f 9634 9635 9692
f 9635 9693 9692
f 9635 9636 9693
f 9636 9694 9693
f 9636 9637 9694
f 9637 9695 9694
f 9637 9638 9695
f 9638 9696 9695
f 9638 9639 9696
f 9640 9641 9697
f 9641 9698 9697
f 9641 9642 9698
f 9642 9699 9698
f 9642 9643 9699
f 9643 9700 9699
f 9643 9644 9700
f 9644 9701 9700
f 9644 9645 9701
f 9645 9702 9701
f 9645 9646 9702
f 9646 9703 9702
f 9646 9647 9703
f 9647 9704 9703
f 9647 9648 9704
f 9648 9705 9704
f 9648 9649 9705
f 9649 9706 9705
f 9649 9650 9706
f 9650 9707 9706
f 9650 9651 9707
f 9651 9708 9707
f 9651 9652 9708
f 9652 9709 9708
f 9652 9653 9709
f 9653 9710 9709
f 9653 9654 9710
f 9654 9711 9710
f 9654 9655 9711
f 9655 9712 9711
f 9655 9656 9712
f 9656 9713 9712
f 9656 9657 9713
f 9657 9714 9713
f 9657 9658 9714
f 9658 9715 9714
f 9658 9659 9715
f 9659 9716 9715
f 9659 9660 9716
f 9660 9717 9716
f 9660 9661 9717
f 9661 9718 9717
f 9661 9662 9718
f 9662 9719 9718
f 9662 9663 9719
f 9663 9720 9719
f 9663 9664 9720
f 9664 9721 9720
f 9664 9665 9721
f 9665 9722 9721
f 9665 9666 9722
f 9666 9723 9722
f 9666 9667 9723
f 9667 9724 9723
f 9667 9668 9724
f 9668 9725 9724
f 9668 9669 9725
f 9669 9726 9725
f 9669 9670 9726
f 9670 9727 9726
f 9671 9672 9728
f 9672 9729 9728
f 9672 9673 9729
f 9673 9730 9729
f 9674 9734 9733
f 9674 9675 9734
f 9675 9735 9734
f 9675 9676 9735
f 9676 9736 9735
f 9676 9677 9736
f 9680 9681 9737
f 9681 9738 9737
f 9681 9682 9738
f 9682 9739 9738
f 9682 9683 9739
f 9683 9740 9739
f 9683 9684 9740
f 9684 9741 9740
f 9684 9685 9741
f 9685 9742 9741
f 9685 9686 9742
f 9686 9743 9742
f 9686 9687 9743
f 9687 9744 9743
f 9687 9688 9744
f 9688 9745 9744
f 9688 9689 9745
f 9689 9746 9745
f 9689 9690 9746
f 9690 9747 9746
f 9690 9691 9747
f 9691 9748 9747
f 9691 9692 9748
f 9692 9749 9748
f 9692 9693 9749
f 9693 9750 9749
f 9693 9694 9750
f 9694 9751 9750
f 9694 9695 9751
f 9695 9752 9751
f 9695 9696 9752
f 9696 9753 9752
f 9697 9755 9754
f 9697 9698 9755
f 9698 9756 9755
f 9698 9699 9756
f 9699 9757 9756
f 9699 9700 9757
f 9700 9758 9757
f 9700 9701 9758
f 9701 9759 9758
f 9701 9702 9759
f 9702 9760 9759
f 9702 9703 9760
f 9703 9761 9760
f 9703 9704 9761
f 9704 9762 9761
f 9704 9705 9762
f 9705 9763 9762
f 9705 9706 9763
f 9706 9764 9763
f 9706 9707 9764
f 9707 9765 9764
f 9707 9708 9765
f 9708 9766 9765
f 9708 9709 9766
f 9709 9767 9766
f 9709 9710 9767
f 9710 9768 9767
f 9710 9711 9768
f 9711 9769 9768
f 9711 9712 9769
f 9712 9770 9769
f 9712 9713 9770
f 9713 9771 9770
f 9713 9714 9771
f 9715 9716 9772
f 9716 9773 9772
f 9716 9717 9773
f 9717 9774 9773
f 9717 9718 9774
f 9718 9775 9774
f 9718 9719 9775
f 9719 9776 9775
f 9719 9720 9776
f 9720 9777 9776
f 9720 9721 9777
f 9721 9778 9777
f 9721 9722 9778
f 9722 9779 9778
f 9722 9723 9779
f 9723 9780 9779
f 9723 9724 9780
f 9724 9781 9780
f 9724 9725 9781
f 9725 9782 9781
f 9725 9726 9782
f 9726 9783 9782
f 9726 9727 9783
f 9728 9729 9784
f 9729 9785 9784
f 9729 9730 9785
f 9730 9786 9785
f 9730 9731 9786
f 9731 9787 9786
f 9731 9732 9787
f 9732 9788 9787
f 9732 9733 9788
f 9733 9789 9788
f 9733 9734 9789
f 9734 9790 9789
f 9734 9735 9790
f 9737 9738 9791
f 9738 9792 9791
f 9738 9739 9792
f 9739 9793 9792
f 9739 9740 9793
f 9740 9794 9793
f 9740 9741 9794
f 9741 9795 9794
f 9741 9742 9795
f 9742 9796 9795
f 9742 9743 9796
f 9743 9797 9796
f 9743 9744 9797
f 9744 9798 9797
f 9744 9745 9798
f 9745 9799 9798
f 9745 9746 9799
f 9746 9800 9799
f 9746 9747 9800
f 9747 9801 9800
f 9747 9748 9801
f 9748 9802 9801
f 9748 9749 9802
f 9749 9803 9802
f 9749 9750 9803
f 9750 9804 9803
f 9750 9751 9804
f 9751 9805 9804
f 9751 9752 9805
f 9752 9806 9805
f 9752 9753 9806
f 9753 9807 9806
f 9753 9754 9807
f 9754 9808 9807
f 9754 9755 9808
f 9755 9809 9808
f 9755 9756 9809
f 9756 9810 9809
f 9756 9757 9810
f 9757 9811 9810
f 9757 9758 9811
f 9758 9812 9811
f 9758 9759 9812
f 9759 9813 9812
f 9759 9760 9813
f 9760 9814 9813
f 9760 9761 9814
f 9761 9815 9814
f 9761 9762 9815
f 9762 9816 9815
f 9762 9763 9816
f 9763 9817 9816
f 9763 9764 9817
f 9764 9818 9817
f 9764 9765 9818
f 9765 9819 9818
f 9765 9766 9819
f 9766 9820 9819
f 9766 9767 9820
f 9767 9821 9820
f 9767 9768 9821
f 9768 9822 9821
f 9768 9769 9822
f 9769 9823 9822
f 9769 9770 9823
f 9770 9824 9823
f 9770 9771 9824
f 9771 9825 9824
f 9773 9774 9827
f 9774 9828 9827
f 9774 9775 9828
f 9775 9829 9828
f 9775 9776 9829
f 9776 9830 9829
f 9776 9777 9830
f 9777 9831 9830
f 9777 9778 9831
f 9778 9832 9831
f 9778 9779 9832
f 9779 9833 9832
f 9779 9780 9833
f 9780 9834 9833
f 9780 9781 9834
f 9781 9835 9834
f 9781 9782 9835
f 9782 9836 9835
f 9782 9783 9836
f 9783 9837 9836
f 9784 9845 9844
f 9784 9785 9845
f 9785 9846 9845
f 9785 9786 9846
f 9786 9847 9846
f 9786 9787 9847
f 9787 9848 9847
f 9787 9788 9848
f 9791 9792 9849
f 9792 9850 9849
f 9792 9793 9850
f 9793 9851 9850
f 9793 9794 9851
f 9794 9852 9851
f 9794 9795 9852
f 9795 9853 9852
f 9795 9796 9853
f 9796 9854 9853
f 9796 9797 9854
f 9797 9855 9854
f 9797 9798 9855
f 9798 9856 9855
f 9798 9799 9856
f 9799 9857 9856
f 9799 9800 9857
f 9800 9858 9857
f 9800 9801 9858
f 9801 9859 9858
f 9801 9802 9859
f 9802 9860 9859
f 9802 9803 9860
f 9803 9861 9860
f 9803 9804 9861
f 9804 9862 9861
f 9804 9805 9862
f 9805 9863 9862
f 9805 9806 9863
f 9806 9864 9863
f 9806 9807 9864
f 9807 9865 9864
f 9807 9808 9865
f 9808 9866 9865
f 9808 9809 9866
f 9809 9867 9866
f 9809 9810 9867
f 9810 9868 9867
f 9810 9811 9868
f 9811 9869 9868
f 9811 9812 9869
f 9812 9870 9869
f 9812 9813 9870
f 9813 9871 9870
f 9813 9814 9871
f 9814 9872 9871
f 9814 9815 9872
f 9815 9873 9872
f 9815 9816 9873
f 9816 9874 9873
f 9816 9817 9874
f 9817 9875 9874
f 9817 9818 9875
f 9818 9876 9875
f 9818 9819 9876
f 9819 9877 9876
f 9819 9820 9877
f 9820 9878 9877
f 9820 9821 9878
f 9821 9879 9878
f 9821 9822 9879
f 9822 9880 9879
f 9822 9823 9880
f 9823 9881 9880
f 9823 9824 9881
f 9824 9882 9881
f 9824 9825 9882
f 9825 9883 9882
f 9825 9826 9883
f 9826 9884 9883
f 9827 9886 9885
f 9827 9828 9886
f 9828 9887 9886
f 9828 9829 9887
f 9829 9888 9887
f 9829 9830 9888
f 9830 9889 9888
f 9830 9831 9889
f 9831 9890 9889
f 9831 9832 9890
f 9832 9891 9890
f 9832 9833 9891
f 9833 9892 9891
f 9833 9834 9892
f 9834 9893 9892
f 9834 9835 9893
f 9835 9894 9893
f 9835 9836 9894
f 9836 9895 9894
f 9836 9837 9895
f 9837 9896 9895
f 9837 9838 9896
f 9839 9898 9897
f 9839 9840 9898
f 9840 9899 9898
f 9841 9842 9901
f 9842 9902 9901
f 9842 9843 9902
f 9843 9903 9902
f 9843 9844 9903
f 9844 9904 9903
f 9844 9845 9904
f 9845 9905 9904
f 9845 9846 9905
f 9849 9850 9906
f 9850 9907 9906
f 9850 9851 9907
f 9851 9908 9907
f 9851 9852 9908
f 9852 9909 9908
f 9852 9853 9909
f 9853 9910 9909
f 9853 9854 9910
f 9854 9911 9910
f 9854 9855 9911
f 9855 9912 9911
f 9855 9856 9912
f 9856 9913 9912
f 9856 9857 9913
f 9857 9914 9913
f 9857 9858 9914
f 9858 9915 9914
f 9858 9859 9915
f 9859 9916 9915
f 9859 9860 9916
f 9860 9917 9916
f 9860 9861 9917
f 9861 9918 9917
f 9861 9862 9918
f 9862 9919 9918
f 9862 9863 9919
f 9863 9920 9919
f 9863 9864 9920
f 9864 9921 9920
f 9864 9865 9921
f 9865 9922 9921
f 9865 9866 9922
f 9866 9923 9922
f 9866 9867 9923
f 9867 9924 9923
f 9867 9868 9924
f 9868 9925 9924
f 9868 9869 9925
f 9869 9926 9925
f 9869 9870 9926
f 9870 9927 9926
f 9870 9871 9927
f 9871 9928 9927
f 9871 9872 9928
f 9872 9929 9928
f 9872 9873 9929
f 9873 9930 9929
f 9873 9874 9930
f 9874 9931 9930
f 9874 9875 9931
f 9875 9932 9931
f 9875 9876 9932
f 9876 9933 9932
f 9876 9877 9933
f 9877 9934 9933
f 9877 9878 9934
f 9878 9935 9934
f 9878 9879 9935
f 9879 9936 9935
f 9879 9880 9936
f 9880 9937 9936
f 9880 9881 9937
f 9881 9938 9937
f 9881 9882 9938
f 9882 9939 9938
f 9882 9883 9939
f 9883 9940 9939
f 9883 9884 9940
f 9884 9941 9940
f 9884 9885 9941
f 9885 9942 9941
f 9885 9886 9942
f 9886 9943 9942
f 9886 9887 9943
f 9887 9944 9943
f 9887 9888 9944
f 9888 9945 9944
f 9888 9889 9945
f 9889 9946 9945
f 9889 9890 9946
f 9890 9947 9946
f 9890 9891 9947
f 9891 9948 9947
f 9891 9892 9948
f 9892 9949 9948
f 9892 9893 9949
f 9893 9950 9949
f 9893 9894 9950
f 9894 9951 9950
f 9894 9895 9951
f 9895 9952 9951
f 9895 9896 9952
f 9896 9953 9952
f 9897 9955 9954
f 9897 9898 9955
f 9898 9956 9955
f 9898 9899 9956
f 9899 9957 9956
f 9899 9900 9957
f 9901 9902 9958
f 9902 9959 9958
f 9902 9903 9959
f 9903 9960 9959
f 9903 9904 9960
f 9906 9962 9961
f 9906 9907 9962
f 9907 9963 9962
f 9907 9908 9963
f 9908 9964 9963
f 9908 9909 9964
f 9909 9965 9964
f 9909 9910 9965
f 9910 9966 9965
f 9910 9911 9966
f 9911 9967 9966
f 9911 9912 9967
f 9912 9968 9967
f 9912 9913 9968
f 9913 9969 9968
f 9913 9914 9969
f 9914 9970 9969
f 9914 9915 9970
f 9915 9971 9970
f 9915 9916 9971
f 9916 9972 9971
f 9916 9917 9972
f 9917 9973 9972
f 9917 9918 9973
f 9918 9974 9973
f 9918 9919 9974
f 9919 9975 9974
f 9919 9920 9975
f 9920 9976 9975
f 9920 9921 9976
f 9921 9977 9976
f 9921 9922 9977
f 9922 9978 9977
f 9922 9923 9978
f 9923 9979 9978
f 9923 9924 9979
f 9924 9980 9979
f 9924 9925 9980
f 9925 9981 9980
f 9925 9926 9981
f 9926 9982 9981
f 9926 9927 9982
f 9927 9983 9982
f 9927 9928 9983
f 9928 9984 9983
f 9928 9929 9984
f 9929 9985 9984
f 9929 9930 9985
f 9930 9986 9985
f 9930 9931 9986
f 9931 9987 9986
f 9931 9932 9987
f 9932 9988 9987
f 9932 9933 9988
f 9933 9989 9988
f 9933 9934 9989
f 9934 9990 9989
f 9934 9935 9990
f 9935 9991 9990
f 9935 9936 9991
f 9936 9992 9991
f 9936 9937 9992
f 9937 9993 9992
f 9937 9938 9993
f 9938 9994 9993
f 9938 9939 9994
f 9939 9995 9994
f 9939 9940 9995
f 9940 9996 9995
f 9940 9941 9996
f 9941 9997 9996
f 9941 9942 9997
f 9942 9998 9997
f 9942 9943 9998
f 9944 9945 9999
f 9945 10000 9999
f 9945 9946 10000
f 9946 10001 10000
f 9946 9947 10001
f 9947 10002 10001
f 9947 9948 10002
f 9948 10003 10002
f 9948 9949 10003
f 9949 10004 10003
f 9949 9950 10004
f 9950 10005 10004
f 9950 9951 10005
f 9951 10006 10005
f 9951 9952 10006
f 9952 10007 10006
f 9952 9953 10007
f 9953 10008 10007
f 9954 9955 10009
f 9955 10010 10009
f 9955 9956 10010
f 9956 10011 10010
f 9956 9957 10011
f 9957 10012 10011
f 9962 9963 10013
f 9963 10014 10013
f 9963 9964 10014
f 9964 10015 10014
f 9964 9965 10015
f 9965 10016 10015
f 9965 9966 10016
f 9966 10017 10016
f 9966 9967 10017
f 9967 10018 10017
f 9967 9968 10018
f 9968 10019 10018
f 9968 9969 10019
f 9969 10020 10019
f 9969 9970 10020
f 9970 10021 10020
f 9970 9971 10021
f 9971 10022 10021
f 9971 9972 10022
f 9972 10023 10022
f 9972 9973 10023
f 9973 10024 10023
f 9973 9974 10024
f 9974 10025 10024
f 9974 9975 10025
f 9975 10026 10025
f 9975 9976 10026
f 9976 10027 10026
f 9976 9977 10027
f 9977 10028 10027
f 9977 9978 10028
f 9978 10029 10028
f 9978 9979 10029
f 9979 10030 10029
f 9979 9980 10030
f 9980 10031 10030
f 9980 9981 10031
f 9981 10032 10031
f 9981 9982 10032
f 9982 10033 10032
f 9982 9983 10033
f 9983 10034 10033
f 9983 9984 10034
f 9984 10035 10034
f 9984 9985 10035
f 9985 10036 10035
f 9985 9986 10036
f 9986 10037 10036
f 9986 9987 10037
f 9987 10038 10037
f 9987 9988 10038
f 9988 10039 10038
f 9988 9989 10039
f 9989 10040 10039
f 9989 9990 10040
f 9990 10041 10040
f 9990 9991 10041
f 9991 10042 10041
f 9991 9992 10042
f 9992 10043 10042
f 9992 9993 10043
f 9993 10044 10043
f 9993 9994 10044
f 9994 10045 10044
f 9994 9995 10045
f 9995 10046 10045
f 9995 9996 10046
f 9996 10047 10046
f 9996 9997 10047
f 9997 10048 10047
f 9997 9998 10048
f 9998 10049 10048
f 10000 10001 10050
f 10001 10051 10050
f 10001 10002 10051
f 10002 10052 10051
f 10002 10003 10052
f 10003 10053 10052
f 10003 10004 10053
f 10004 10054 10053
f 10004 10005 10054
f 10005 10055 10054
f 10005 10006 10055
f 10006 10056 10055
f 10006 10007 10056
f 10007 10057 10056
f 10007 10008 10057
f 10008 10058 10057
f 10009 10010 10059
f 10010 10060 10059
f 10010 10011 10060
f 10011 10061 10060
f 10011 10012 10061
f 10013 10014 10062
f 10014 10063 10062
f 10014 10015 10063
f 10015 10064 10063
f 10015 10016 10064
f 10016 10065 10064
f 10016 10017 10065
f 10017 10066 10065
f 10017 10018 10066
f 10018 10067 10066
f 10018 10019 10067
f 10019 10068 10067
f 10019 10020 10068
f 10020 10069 10068
f 10020 10021 10069
f 10021 10070 10069
f 10021 10022 10070
f 10022 10071 10070
f 10022 10023 10071
f 10023 10072 10071
f 10023 10024 10072
f 10024 10073 10072
f 10024 10025 10073
f 10025 10074 10073
f 10025 10026 10074
f 10026 10075 10074
f 10026 10027 10075
f 10027 10076 10075
f 10027 10028 10076
f 10028 10077 10076
f 10028 10029 10077
f 10029 10078 10077
f 10029 10030 10078
f 10030 10079 10078
f 10030 10031 10079
f 10031 10080 10079
f 10031 10032 10080
f 10032 10081 10080
f 10032 10033 10081
f 10033 10082 10081
f 10033 10034 10082
f 10034 10083 10082
f 10034 10035 10083
f 10035 10084 10083
f 10035 10036 10084
f 10036 10085 10084
f 10036 10037 10085
f 10037 10086 10085
f 10037 10038 10086
f 10038 10087 10086
f 10038 10039 10087
f 10039 10088 10087
f 10039 10040 10088
f 10040 10089 10088
f 10040 10041 10089
f 10041 10090 10089
f 10041 10042 10090
f 10042 10091 10090
f 10042 10043 10091
f 10043 10092 10091
f 10043 10044 10092
f 10044 10093 10092
f 10044 10045 10093
f 10045 10094 10093
f 10045 10046 10094
f 10046 10095 10094
f 10046 10047 10095
f 10047 10096 10095
f 10047 10048 10096
f 10048 10097 10096
f 10048 10049 10097
f 10049 10098 10097
f 10050 10051 10100
f 10051 10101 10100
f 10051 10052 10101
f 10052 10102 10101
f 10052 10053 10102
f 10053 10103 10102
f 10053 10054 10103
f 10054 10104 10103
f 10054 10055 10104
f 10055 10105 10104
f 10055 10056 10105
f 10056 10106 10105
f 10056 10057 10106
f 10057 10107 10106
f 10057 10058 10107
f 10062 10063 10108
f 10063 10109 10108
f 10063 10064 10109
f 10064 10110 10109
f 10064 10065 10110
f 10065 10111 10110
f 10065 10066 10111
f 10066 10112 10111
f 10066 10067 10112
f 10067 10113 10112
f 10067 10068 10113
f 10068 10114 10113
f 10068 10069 10114
f 10069 10115 10114
f 10069 10070 10115
f 10070 10116 10115
f 10070 10071 10116
f 10071 10117 10116
f 10071 10072 10117
f 10072 10118 10117
f 10072 10073 10118
f 10073 10119 10118
f 10073 10074 10119
f 10074 10120 10119
f 10074 10075 10120
f 10075 10121 10120
f 10075 10076 10121
f 10076 10122 10121
f 10076 10077 10122
f 10077 10123 10122
f 10077 10078 10123
f 10078 10124 10123
f 10078 10079 10124
f 10079 10125 10124
f 10079 10080 10125
f 10080 10126 10125
f 10080 10081 10126
f 10081 10127 10126
f 10081 10082 10127
f 10082 10128 10127
f 10082 10083 10128
f 10083 10129 10128
f 10083 10084 10129
f 10084 10130 10129
f 10084 10085 10130
f 10085 10131 10130
f 10085 10086 10131
f 10086 10132 10131
f 10086 10087 10132
f 10087 10133 10132
f 10087 10088 10133
f 10088 10134 10133
f 10088 10089 10134
f 10089 10135 10134
f 10089 10090 10135
f 10090 10136 10135
f 10090 10091 10136
f 10091 10137 10136
f 10091 10092 10137
f 10092 10138 10137
f 10092 10093 10138
f 10093 10139 10138
f 10093 10094 10139
f 10094 10140 10139
f 10094 10095 10140
f 10095 10141 10140
f 10095 10096 10141
f 10096 10142 10141
f 10096 10097 10142
f 10097 10143 10142
f 10097 10098 10143
f 10098 10144 10143
f 10098 10099 10144
f 10099 10145 10144
f 10101 10102 10147
f 10102 10148 10147
f 10102 10103 10148
f 10103 10149 10148
f 10103 10104 10149
f 10104 10150 10149
f 10104 10105 10150
f 10105 10151 10150
f 10105 10106 10151
f 10106 10152 10151
f 10106 10107 10152
f 10107 10153 10152
f 10108 10109 10154
f 10109 10155 10154
f 10109 10110 10155
f 10110 10156 10155
f 10110 10111 10156
f 10111 10157 10156
f 10111 10112 10157
f 10112 10158 10157
f 10112 10113 10158
f 10113 10159 10158
f 10113 10114 10159
f 10114 10160 10159
f 10114 10115 10160
f 10116 10117 10161
f 10117 10162 10161
f 10117 10118 10162
f 10118 10163 10162
f 10118 10119 10163
f 10119 10164 10163
f 10119 10120 10164
f 10120 10165 10164
f 10120 10121 10165
f 10121 10166 10165
f 10121 10122 10166
f 10122 10167 10166
f 10122 10123 10167
f 10123 10168 10167
f 10123 10124 10168
f 10126 10127 10169
f 10127 10170 10169
f 10127 10128 10170
f 10128 10171 10170
f 10128 10129 10171
f 10129 10172 10171
f 10129 10130 10172
f 10130 10173 10172
f 10130 10131 10173
f 10131 10174 10173
f 10131 10132 10174
f 10132 10175 10174
f 10132 10133 10175
f 10133 10176 10175
f 10133 10134 10176
f 10134 10177 10176
f 10134 10135 10177
f 10135 10178 10177
f 10135 10136 10178
f 10136 10179 10178
f 10136 10137 10179
f 10137 10180 10179
f 10137 10138 10180
f 10138 10181 10180
f 10138 10139 10181
f 10139 10182 10181
f 10139 10140 10182
f 10140 10183 10182
f 10140 10141 10183
f 10141 10184 10183
f 10141 10142 10184
f 10142 10185 10184
f 10142 10143 10185
f 10143 10186 10185
f 10143 10144 10186
f 10144 10187 10186
f 10144 10145 10187
f 10148 10149 10188
f 10149 10189 10188
f 10149 10150 10189
f 10150 10190 10189
f 10150 10151 10190
f 10151 10191 10190
f 10151 10152 10191
f 10152 10192 10191
f 10152 10153 10192
f 10155 10156 10193
f 10156 10194 10193
f 10156 10157 10194
f 10157 10195 10194
f 10157 10158 10195
f 10158 10196 10195
f 10158 10159 10196
f 10159 10197 10196
f 10159 10160 10197
f 10163 10164 10199
f 10164 10200 10199
f 10164 10165 10200
f 10165 10201 10200
f 10165 10166 10201
f 10166 10202 10201
f 10166 10167 10202
f 10167 10203 10202
f 10167 10168 10203
f 10168 10204 10203
f 10169 10207 10206
f 10169 10170 10207
f 10170 10208 10207
f 10170 10171 10208
f 10171 10209 10208
f 10171 10172 10209
f 10172 10210 10209
f 10172 10173 10210
f 10173 10211 10210
f 10173 10174 10211
f 10174 10212 10211
f 10174 10175 10212
f 10175 10213 10212
f 10175 10176 10213
f 10176 10214 10213
f 10176 10177 10214
f 10177 10215 10214
f 10177 10178 10215
f 10178 10216 10215
f 10178 10179 10216
f 10179 10217 10216
f 10179 10180 10217
f 10180 10218 10217
f 10180 10181 10218
f 10181 10219 10218
f 10181 10182 10219
f 10182 10220 10219
f 10182 10183 10220
f 10183 10221 10220
f 10183 10184 10221
f 10184 10222 10221
f 10184 10185 10222
f 10185 10223 10222
f 10185 10186 10223
f 10186 10224 10223
f 10186 10187 10224
f 10187 10225 10224
f 10189 10190 10226
f 10190 10227 10226
f 10190 10191 10227
f 10191 10228 10227
f 10191 10192 10228
f 10195 10196 10229
f 10198 10232 10231
f 10199 10235 10234
f 10199 10200 10235
f 10200 10236 10235
f 10200 10201 10236
f 10201 10237 10236
f 10201 10202 10237
f 10202 10238 10237
f 10202 10203 10238
f 10203 10239 10238
f 10203 10204 10239
f 10204 10240 10239
f 10204 10205 10240
f 10205 10241 10240
f 10205 10206 10241
f 10206 10242 10241
f 10206 10207 10242
f 10207 10243 10242
f 10207 10208 10243
f 10208 10244 10243
f 10208 10209 10244
f 10209 10245 10244
f 10209 10210 10245
f 10210 10246 10245
f 10210 10211 10246
f 10211 10247 10246
f 10211 10212 10247
f 10212 10248 10247
f 10212 10213 10248
f 10213 10249 10248
f 10213 10214 10249
f 10214 10250 10249
f 10214 10215 10250
f 10215 10251 10250
f 10215 10216 10251
f 10216 10252 10251
f 10216 10217 10252
f 10217 10253 10252
f 10217 10218 10253
f 10218 10254 10253
f 10218 10219 10254
f 10219 10255 10254
f 10219 10220 10255
f 10220 10256 10255
f 10220 10221 10256
f 10221 10257 10256
f 10221 10222 10257
f 10222 10258 10257
f 10222 10223 10258
f 10223 10259 10258
f 10223 10224 10259
f 10224 10260 10259
f 10224 10225 10260
f 10225 10261 10260
f 10229 10263 10262
f 10230 10265 10264
f 10230 10231 10265
f 10231 10266 10265
f 10231 10232 10266
f 10232 10267 10266
f 10232 10233 10267
f 10233 10268 10267
f 10233 10234 10268
f 10234 10269 10268
f 10234 10235 10269
f 10235 10270 10269
f 10235 10236 10270
f 10236 10271 10270
f 10236 10237 10271
f 10237 10272 10271
f 10237 10238 10272
f 10238 10273 10272
f 10238 10239 10273
f 10239 10274 10273
f 10239 10240 10274
f 10240 10275 10274
f 10240 10241 10275
f 10241 10276 10275
f 10241 10242 10276
f 10242 10277 10276
f 10242 10243 10277
f 10243 10278 10277
f 10243 10244 10278
f 10244 10279 10278
f 10244 10245 10279
f 10245 10280 10279
f 10245 10246 10280
f 10246 10281 10280
f 10246 10247 10281
f 10247 10282 10281
f 10247 10248 10282
f 10248 10283 10282
f 10248 10249 10283
f 10249 10284 10283
f 10249 10250 10284
f 10250 10285 10284
f 10250 10251 10285
f 10251 10286 10285
f 10251 10252 10286
f 10252 10287 10286
f 10252 10253 10287
f 10253 10288 10287
f 10253 10254 10288
f 10254 10289 10288
f 10254 10255 10289
f 10255 10290 10289
f 10255 10256 10290
f 10256 10291 10290
f 10256 10257 10291
f 10257 10292 10291
f 10257 10258 10292
f 10258 10293 10292
f 10258 10259 10293
f 10259 10294 10293
f 10259 10260 10294
f 10260 10295 10294
f 10260 10261 10295
f 10261 10296 10295
f 10262 10298 10297
f 10262 10263 10298
f 10263 10299 10298
f 10263 10264 10299
f 10264 10300 10299
f 10264 10265 10300
f 10265 10301 10300
f 10265 10266 10301
f 10266 10302 10301
f 10266 10267 10302
f 10267 10303 10302
f 10267 10268 10303
f 10268 10304 10303
f 10268 10269 10304
f 10269 10305 10304
f 10269 10270 10305
f 10270 10306 10305
f 10270 10271 10306
f 10271 10307 10306
f 10271 10272 10307
f 10272 10308 10307
f 10272 10273 10308
f 10273 10309 10308
f 10273 10274 10309
f 10274 10310 10309
f 10274 10275 10310
f 10275 10311 10310
f 10275 10276 10311
f 10276 10312 10311
f 10276 10277 10312
f 10277 10313 10312
f 10277 10278 10313
f 10278 10314 10313
f 10278 10279 10314
f 10279 10315 10314
f 10279 10280 10315
f 10280 10316 10315
f 10280 10281 10316
f 10281 10317 10316
f 10281 10282 10317
f 10282 10318 10317
f 10282 10283 10318
f 10283 10319 10318
f 10283 10284 10319
f 10284 10320 10319
f 10284 10285 10320
f 10285 10321 10320
f 10285 10286 10321
f 10286 10322 10321
f 10286 10287 10322
f 10287 10323 10322
f 10287 10288 10323
f 10288 10324 10323
f 10288 10289 10324
f 10289 10325 10324
f 10289 10290 10325
f 10290 10326 10325
f 10290 10291 10326
f 10291 10327 10326
f 10291 10292 10327
f 10292 10328 10327
f 10292 10293 10328
f 10293 10329 10328
f 10293 10294 10329
f 10294 10330 10329
f 10294 10295 10330
f 10295 10331 10330
f 10295 10296 10331
f 10297 10333 10332
f 10297 10298 10333
f 10298 10334 10333
f 10298 10299 10334
f 10299 10335 10334
f 10299 10300 10335
f 10300 10336 10335
f 10300 10301 10336
f 10301 10337 10336
f 10301 10302 10337
f 10302 10338 10337
f 10302 10303 10338
f 10303 10339 10338
f 10303 10304 10339
f 10304 10340 10339
f 10304 10305 10340
f 10305 10341 10340
f 10305 10306 10341
f 10306 10342 10341
f 10306 10307 10342
f 10307 10343 10342
f 10307 10308 10343
f 10308 10344 10343
f 10308 10309 10344
f 10309 10345 10344
f 10309 10310 10345
f 10310 10346 10345
f 10310 10311 10346
f 10311 10347 10346
f 10311 10312 10347
f 10312 10348 10347
f 10312 10313 10348
f 10313 10349 10348
f 10313 10314 10349
f 10314 10350 10349
f 10314 10315 10350
f 10315 10351 10350
f 10315 10316 10351
f 10316 10352 10351
f 10316 10317 10352
f 10317 10353 10352
f 10317 10318 10353
f 10318 10354 10353
f 10318 10319 10354
f 10319 10355 10354
f 10319 10320 10355
f 10320 10356 10355
f 10320 10321 10356
f 10321 10357 10356
f 10321 10322 10357
f 10322 10358 10357
f 10322 10323 10358
f 10323 10359 10358
f 10323 10324 10359
f 10324 10360 10359
f 10324 10325 10360
f 10325 10361 10360
f 10325 10326 10361
f 10326 10362 10361
f 10326 10327 10362
f 10327 10363 10362
f 10327 10328 10363
f 10328 10364 10363
f 10328 10329 10364
f 10329 10365 10364
f 10329 10330 10365
f 10330 10366 10365
f 10330 10331 10366
f 10331 10367 10366
f 10332 10371 10370
f 10332 10333 10371
f 10333 10372 10371
f 10333 10334 10372
f 10334 10373 10372
f 10334 10335 10373
f 10335 10374 10373
f 10335 10336 10374
f 10336 10375 10374
f 10336 10337 10375
f 10337 10376 10375
f 10337 10338 10376
f 10338 10377 10376
f 10338 10339 10377
f 10339 10378 10377
f 10339 10340 10378
f 10340 10379 10378
f 10340 10341 10379
f 10341 10380 10379
f 10341 10342 10380
f 10342 10381 10380
f 10342 10343 10381
f 10343 10382 10381
f 10343 10344 10382
f 10344 10383 10382
f 10344 10345 10383
f 10345 10384 10383
f 10345 10346 10384
f 10346 10385 10384
f 10346 10347 10385
f 10347 10386 10385
f 10347 10348 10386
f 10348 10387 10386
f 10348 10349 10387
f 10349 10388 10387
f 10349 10350 10388
f 10350 10389 10388
f 10350 10351 10389
f 10351 10390 10389
f 10351 10352 10390
f 10352 10391 10390
f 10352 10353 10391
f 10353 10392 10391
f 10353 10354 10392
f 10354 10393 10392
f 10354 10355 10393
f 10355 10394 10393
f 10355 10356 10394
f 10356 10395 10394
f 10356 10357 10395
f 10357 10396 10395
f 10357 10358 10396
f 10358 10397 10396
f 10358 10359 10397
f 10359 10398 10397
f 10359 10360 10398
f 10360 10399 10398
f 10360 10361 10399
f 10361 10400 10399
f 10361 10362 10400
f 10362 10401 10400
f 10362 10363 10401
f 10363 10402 10401
f 10363 10364 10402
f 10364 10403 10402
f 10364 10365 10403
f 10365 10404 10403
f 10365 10366 10404
f 10366 10405 10404
f 10366 10367 10405
f 10367 10406 10405
f 10367 10368 10406
f 10368 10407 10406
f 10368 10369 10407
f 10369 10408 10407
f 10370 10371 10409
f 10371 10410 10409
f 10371 10372 10410
f 10372 10411 10410
f 10372 10373 10411
f 10373 10412 10411
f 10373 10374 10412
f 10374 10413 10412
f 10374 10375 10413
f 10375 10414 10413
f 10375 10376 10414
f 10376 10415 10414
f 10376 10377 10415
f 10377 10416 10415
f 10377 10378 10416
f 10378 10417 10416
f 10378 10379 10417
f 10379 10418 10417
f 10379 10380 10418
f 10380 10419 10418
f 10380 10381 10419
f 10381 10420 10419
f 10381 10382 10420
f 10382 10421 10420
f 10382 10383 10421
f 10383 10422 10421
f 10383 10384 10422
f 10384 10423 10422
f 10384 10385 10423
f 10385 10424 10423
f 10385 10386 10424
f 10386 10425 10424
f 10386 10387 10425
f 10387 10426 10425
f 10387 10388 10426
f 10388 10427 10426
f 10388 10389 10427
f 10389 10428 10427
f 10389 10390 10428
f 10390 10429 10428
f 10390 10391 10429
f 10391 10430 10429
f 10391 10392 10430
f 10392 10431 10430
f 10392 10393 10431
f 10393 10432 10431
f 10393 10394 10432
f 10394 10433 10432
f 10394 10395 10433
f 10395 10434 10433
f 10395 10396 10434
f 10396 10435 10434
f 10396 10397 10435
f 10397 10436 10435
f 10397 10398 10436
f 10398 10437 10436
f 10398 10399 10437
f 10399 10438 10437
f 10399 10400 10438
f 10400 10439 10438
f 10400 10401 10439
f 10401 10440 10439
f 10401 10402 10440
f 10402 10441 10440
f 10402 10403 10441
f 10403 10442 10441
f 10403 10404 10442
f 10404 10443 10442
f 10404 10405 10443
f 10405 10444 10443
f 10405 10406 10444
f 10406 10445 10444
f 10406 10407 10445
f 10407 10446 10445
f 10407 10408 10446
f 10408 10447 10446
f 10409 10451 10450
f 10409 10410 10451
f 10410 10452 10451
f 10410 10411 10452
f 10411 10453 10452
f 10411 10412 10453
f 10412 10454 10453
f 10412 10413 10454
f 10413 10455 10454
f 10413 10414 10455
f 10414 10456 10455
f 10414 10415 10456
f 10415 10457 10456
f 10415 10416 10457
f 10416 10458 10457
f 10416 10417 10458
f 10417 10459 10458
f 10417 10418 10459
f 10418 10460 10459
f 10418 10419 10460
f 10419 10461 10460
f 10419 10420 10461
f 10420 10462 10461
f 10420 10421 10462
f 10421 10463 10462
f 10421 10422 10463
f 10422 10464 10463
f 10422 10423 10464
f 10423 10465 10464
f 10423 10424 10465
f 10424 10466 10465
f 10424 10425 10466
f 10425 10467 10466
f 10425 10426 10467
f 10426 10468 10467
f 10426 10427 10468
f 10427 10469 10468
f 10427 10428 10469
f 10428 10470 10469
f 10428 10429 10470
f 10429 10471 10470
f 10429 10430 10471
f 10430 10472 10471
f 10430 10431 10472
f 10431 10473 10472
f 10431 10432 10473
f 10432 10474 10473
f 10432 10433 10474
f 10433 10475 10474
f 10433 10434 10475
f 10434 10476 10475
f 10434 10435 10476
f 10435 10477 10476
f 10435 10436 10477
f 10436 10478 10477
f 10436 10437 10478
f 10437 10479 10478
f 10437 10438 10479
f 10438 10480 10479
f 10438 10439 10480
f 10439 10481 10480
f 10439 10440 10481
f 10440 10482 10481
f 10440 10441 10482
f 10441 10483 10482
f 10441 10442 10483
f 10442 10484 10483
f 10442 10443 10484
f 10443 10485 10484
f 10443 10444 10485
f 10444 10486 10485
f 10444 10445 10486
f 10445 10487 10486
f 10445 10446 10487
f 10446 10488 10487
f 10446 10447 10488
f 10447 10489 10488
f 10447 10448 10489
f 10448 10490 10489
f 10448 10449 10490
f 10449 10491 10490
f 10450 10451 10492
f 10453 10454 10493
f 10454 10494 10493
f 10454 10455 10494
f 10455 10495 10494
f 10455 10456 10495
f 10456 10496 10495
f 10456 10457 10496
f 10457 10497 10496
f 10457 10458 10497
f 10458 10498 10497
f 10458 10459 10498
f 10459 10499 10498
f 10459 10460 10499
f 10460 10500 10499
f 10460 10461 10500
f 10461 10501 10500
f 10461 10462 10501
f 10462 10502 10501
f 10462 10463 10502
f 10463 10503 10502
f 10463 10464 10503
f 10464 10504 10503
f 10464 10465 10504
f 10465 10505 10504
f 10465 10466 10505
f 10466 10506 10505
f 10466 10467 10506
f 10467 10507 10506
f 10467 10468 10507
f 10468 10508 10507
f 10468 10469 10508
f 10469 10509 10508
f 10469 10470 10509
f 10470 10510 10509
f 10470 10471 10510
f 10471 10511 10510
f 10471 10472 10511
f 10472 10512 10511
f 10472 10473 10512
f 10473 10513 10512
f 10473 10474 10513
f 10474 10514 10513
f 10474 10475 10514
f 10475 10515 10514
f 10475 10476 10515
f 10476 10516 10515
f 10476 10477 10516
f 10477 10517 10516
f 10477 10478 10517
f 10478 10518 10517
f 10478 10479 10518
f 10479 10519 10518
f 10479 10480 10519
f 10480 10520 10519
f 10480 10481 10520
f 10481 10521 10520
f 10481 10482 10521
f 10482 10522 10521
f 10482 10483 10522
f 10483 10523 10522
f 10483 10484 10523
f 10484 10524 10523
f 10484 10485 10524
f 10485 10525 10524
f 10485 10486 10525
f 10486 10526 10525
f 10486 10487 10526
f 10487 10527 10526
f 10487 10488 10527
f 10488 10528 10527
f 10488 10489 10528
f 10489 10529 10528
f 10489 10490 10529
f 10490 10530 10529
f 10490 10491 10530
f 10491 10531 10530
f 10493 10494 10533
f 10494 10534 10533
f 10494 10495 10534
f 10495 10535 10534
f 10495 10496 10535
f 10496 10536 10535
f 10496 10497 10536
f 10497 10537 10536
f 10497 10498 10537
f 10498 10538 10537
f 10498 10499 10538
f 10499 10539 10538
f 10499 10500 10539
f 10500 10540 10539
f 10500 10501 10540
f 10501 10541 10540
f 10501 10502 10541
f 10502 10542 10541
f 10502 10503 10542
f 10503 10543 10542
f 10503 10504 10543
f 10504 10544 10543
f 10504 10505 10544
f 10505 10545 10544
f 10505 10506 10545
f 10506 10546 10545
f 10506 10507 10546
f 10507 10547 10546
f 10507 10508 10547
f 10508 10548 10547
f 10508 10509 10548
f 10509 10549 10548
f 10509 10510 10549
f 10510 10550 10549
f 10510 10511 10550
f 10511 10551 10550
f 10511 10512 10551
f 10512 10552 10551
f 10512 10513 10552
f 10513 10553 10552
f 10513 10514 10553
f 10514 10554 10553
f 10514 10515 10554
f 10515 10555 10554
f 10515 10516 10555
f 10516 10556 10555
f 10516 10517 10556
f 10517 10557 10556
f 10517 10518 10557
f 10518 10558 10557
f 10518 10519 10558
f 10519 10559 10558
f 10519 10520 10559
f 10520 10560 10559
f 10520 10521 10560
f 10521 10561 10560
f 10521 10522 10561
f 10522 10562 10561
f 10522 10523 10562
f 10523 10563 10562
f 10523 10524 10563
f 10524 10564 10563
f 10524 10525 10564
f 10525 10565 10564
f 10525 10526 10565
f 10526 10566 10565
f 10526 10527 10566
f 10527 10567 10566
f 10527 10528 10567
f 10528 10568 10567
f 10528 10529 10568
f 10529 10569 10568
f 10529 10530 10569
f 10530 10570 10569
f 10530 10531 10570
f 10531 10571 10570
f 10531 10532 10571
f 10533 10534 10572
f 10534 10573 10572
f 10534 10535 10573
f 10535 10574 10573
f 10535 10536 10574
f 10536 10575 10574
f 10536 10537 10575
f 10537 10576 10575
f 10537 10538 10576
f 10538 10577 10576
f 10538 10539 10577
f 10539 10578 10577
f 10539 10540 10578
f 10540 10579 10578
f 10540 10541 10579
f 10541 10580 10579
f 10541 10542 10580
f 10542 10581 10580
f 10542 10543 10581
f 10543 10582 10581
f 10543 10544 10582
f 10544 10583 10582
f 10544 10545 10583
f 10545 10584 10583
f 10545 10546 10584
f 10546 10585 10584
f 10546 10547 10585
f 10547 10586 10585
f 10547 10548 10586
f 10548 10587 10586
f 10548 10549 10587
f 10549 10588 10587
f 10549 10550 10588
f 10550 10589 10588
f 10550 10551 10589
f 10551 10590 10589
f 10551 10552 10590
f 10552 10591 10590
f 10552 10553 10591
f 10553 10592 10591
f 10553 10554 10592
f 10554 10593 10592
f 10554 10555 10593
f 10555 10594 10593
f 10555 10556 10594
f 10556 10595 10594
f 10556 10557 10595
f 10557 10596 10595
f 10557 10558 10596
f 10558 10597 10596
f 10558 10559 10597
f 10559 10598 10597
f 10559 10560 10598
f 10560 10599 10598
f 10560 10561 10599
f 10561 10600 10599
f 10561 10562 10600
f 10562 10601 10600
f 10562 10563 10601
f 10563 10602 10601
f 10563 10564 10602
f 10564 10603 10602
f 10564 10565 10603
f 10565 10604 10603
f 10565 10566 10604
f 10566 10605 10604
f 10566 10567 10605
f 10567 10606 10605
f 10567 10568 10606
f 10568 10607 10606
f 10568 10569 10607
f 10569 10608 10607
f 10569 10570 10608
f 10570 10609 10608
f 10570 10571 10609
f 10571 10610 10609
f 10572 10613 10612
f 10572 10573 10613
f 10573 10614 10613
f 10573 10574 10614
f 10574 10615 10614
f 10574 10575 10615
f 10575 10616 10615
f 10575 10576 10616
f 10576 10617 10616
f 10576 10577 10617
f 10577 10618 10617
f 10577 10578 10618
f 10578 10619 10618
f 10578 10579 10619
f 10579 10620 10619
f 10579 10580 10620
f 10580 10621 10620
f 10580 10581 10621
f 10581 10622 10621
f 10581 10582 10622
f 10582 10623 10622
f 10582 10583 10623
f 10583 10624 10623
f 10583 10584 10624
f 10584 10625 10624
f 10584 10585 10625
f 10585 10626 10625
f 10585 10586 10626
f 10586 10627 10626
f 10586 10587 10627
f 10587 10628 10627
f 10587 10588 10628
f 10588 10629 10628
f 10588 10589 10629
f 10589 10630 10629
f 10589 10590 10630
f 10590 10631 10630
f 10590 10591 10631
f 10591 10632 10631
f 10591 10592 10632
f 10592 10633 10632
f 10592 10593 10633
f 10593 10634 10633
f 10593 10594 10634
f 10594 10635 10634
f 10594 10595 10635
f 10595 10636 10635
f 10595 10596 10636
f 10596 10637 10636
f 10596 10597 10637
f 10597 10638 10637
f 10597 10598 10638
f 10598 10639 10638
f 10598 10599 10639
f 10599 10640 10639
f 10599 10600 10640
f 10600 10641 10640
f 10600 10601 10641
f 10601 10642 10641
f 10601 10602 10642
f 10602 10643 10642
f 10602 10603 10643
f 10603 10644 10643
f 10603 10604 10644
f 10604 10645 10644
f 10604 10605 10645
f 10605 10646 10645
f 10605 10606 10646
f 10606 10647 10646
f 10606 10607 10647
f 10607 10648 10647
f 10607 10608 10648
f 10608 10649 10648
f 10608 10609 10649
f 10609 10650 10649
f 10609 10610 10650
f 10610 10651 10650
f 10610 10611 10651
f 10611 10652 10651
f 10612 10613 10654
f 10613 10655 10654
f 10613 10614 10655
f 10614 10656 10655
f 10614 10615 10656
f 10615 10657 10656
f 10615 10616 10657
f 10616 10658 10657
f 10616 10617 10658
f 10617 10659 10658
f 10617 10618 10659
f 10618 10660 10659
f 10618 10619 10660
f 10619 10661 10660
f 10619 10620 10661
f 10620 10662 10661
f 10620 10621 10662
f 10621 10663 10662
f 10621 10622 10663
f 10622 10664 10663
f 10622 10623 10664
f 10623 10665 10664
f 10623 10624 10665
f 10624 10666 10665
f 10624 10625 10666
f 10625 10667 10666
f 10625 10626 10667
f 10626 10668 10667
f 10626 10627 10668
f 10627 10669 10668
f 10627 10628 10669
f 10628 10670 10669
f 10628 10629 10670
f 10629 10671 10670
f 10629 10630 10671
f 10630 10672 10671
f 10630 10631 10672
f 10631 10673 10672
f 10631 10632 10673
f 10632 10674 10673
f 10632 10633 10674
f 10633 10675 10674
f 10633 10634 10675
f 10634 10676 10675
f 10634 10635 10676
f 10635 10677 10676
f 10635 10636 10677
f 10636 10678 10677
f 10636 10637 10678
f 10637 10679 10678
f 10637 10638 10679
f 10638 10680 10679
f 10638 10639 10680
f 10639 10681 10680
f 10639 10640 10681
f 10640 10682 10681
f 10640 10641 10682
f 10641 10683 10682
f 10641 10642 10683
f 10642 10684 10683
f 10642 10643 10684
f 10643 10685 10684
f 10643 10644 10685
f 10644 10686 10685
f 10644 10645 10686
f 10645 10687 10686
f 10645 10646 10687
f 10646 10688 10687
f 10646 10647 10688
f 10647 10689 10688
f 10647 10648 10689
f 10648 10690 10689
f 10648 10649 10690
f 10649 10691 10690
f 10649 10650 10691
f 10650 10692 10691
f 10650 10651 10692
f 10651 10693 10692
f 10651 10652 10693
f 10652 10694 10693
f 10653 10696 10695
f 10654 10655 10698
f 10655 10699 10698
f 10655 10656 10699
f 10656 10700 10699
f 10656 10657 10700
f 10657 10701 10700
f 10657 10658 10701
f 10658 10702 10701
f 10658 10659 10702
f 10659 10703 10702
f 10659 10660 10703
f 10660 10704 10703
f 10660 10661 10704
f 10661 10705 10704
f 10661 10662 10705
f 10662 10706 10705
f 10662 10663 10706
f 10663 10707 10706
f 10663 10664 10707
f 10664 10708 10707
f 10664 10665 10708
f 10665 10709 10708
f 10665 10666 10709
f 10666 10710 10709
f 10666 10667 10710
f 10667 10711 10710
f 10667 10668 10711
f 10668 10712 10711
f 10668 10669 10712
f 10669 10713 10712
f 10669 10670 10713
f 10670 10714 10713
f 10670 10671 10714
f 10671 10715 10714
f 10671 10672 10715
f 10672 10716 10715
f 10672 10673 10716
f 10673 10717 10716
f 10673 10674 10717
f 10674 10718 10717
f 10674 10675 10718
f 10675 10719 10718
f 10675 10676 10719
f 10676 10720 10719
f 10676 10677 10720
f 10677 10721 10720
f 10677 10678 10721
f 10678 10722 10721
f 10678 10679 10722
f 10679 10723 10722
f 10679 10680 10723
f 10680 10724 10723
f 10680 10681 10724
f 10681 10725 10724
f 10681 10682 10725
f 10682 10726 10725
f 10682 10683 10726
f 10683 10727 10726
f 10683 10684 10727
f 10684 10728 10727
f 10684 10685 10728
f 10685 10729 10728
f 10685 10686 10729
f 10686 10730 10729
f 10686 10687 10730
f 10687 10731 10730
f 10687 10688 10731
f 10688 10732 10731
f 10688 10689 10732
f 10689 10733 10732
f 10689 10690 10733
f 10690 10734 10733
f 10690 10691 10734
f 10691 10735 10734
f 10691 10692 10735
f 10692 10736 10735
f 10692 10693 10736
f 10693 10737 10736
f 10693 10694 10737
f 10694 10738 10737
f 10694 10695 10738
f 10695 10739 10738
f 10695 10696 10739
f 10696 10740 10739
f 10696 10697 10740
f 10697 10741 10740
f 10699 10700 10744
f 10700 10745 10744
f 10700 10701 10745
f 10701 10746 10745
f 10701 10702 10746
f 10702 10747 10746
f 10702 10703 10747
f 10703 10748 10747
f 10703 10704 10748
f 10704 10749 10748
f 10704 10705 10749
f 10705 10750 10749
f 10705 10706 10750
f 10706 10751 10750
f 10706 10707 10751
f 10707 10752 10751
f 10707 10708 10752
f 10708 10753 10752
f 10708 10709 10753
f 10709 10754 10753
f 10709 10710 10754
f 10710 10755 10754
f 10710 10711 10755
f 10711 10756 10755
f 10711 10712 10756
f 10712 10757 10756
f 10712 10713 10757
f 10713 10758 10757
f 10713 10714 10758
f 10714 10759 10758
f 10714 10715 10759
f 10715 10760 10759
f 10715 10716 10760
f 10716 10761 10760
f 10716 10717 10761
f 10717 10762 10761
f 10717 10718 10762
f 10718 10763 10762
f 10718 10719 10763
f 10719 10764 10763
f 10719 10720 10764
f 10720 10765 10764
f 10720 10721 10765
f 10721 10766 10765
f 10721 10722 10766
f 10722 10767 10766
f 10722 10723 10767
f 10723 10768 10767
f 10723 10724 10768
f 10724 10769 10768
f 10724 10725 10769
f 10725 10770 10769
f 10725 10726 10770
f 10726 10771 10770
f 10726 10727 10771
f 10727 10772 10771
f 10727 10728 10772
f 10728 10773 10772
f 10728 10729 10773
f 10729 10774 10773
f 10729 10730 10774
f 10730 10775 10774
f 10730 10731 10775
f 10731 10776 10775
f 10731 10732 10776
f 10732 10777 10776
f 10732 10733 10777
f 10733 10778 10777
f 10733 10734 10778
f 10734 10779 10778
f 10734 10735 10779
f 10735 10780 10779
f 10735 10736 10780
f 10736 10781 10780
f 10736 10737 10781
f 10737 10782 10781
f 10737 10738 10782
f 10738 10783 10782
f 10738 10739 10783
f 10739 10784 10783
f 10739 10740 10784
f 10740 10785 10784
f 10740 10741 10785
f 10741 10786 10785
f 10741 10742 10786
f 10742 10787 10786
f 10742 10743 10787
f 10743 10788 10787
f 10744 10745 10789
f 10745 10790 10789
f 10745 10746 10790
f 10746 10791 10790
f 10746 10747 10791
f 10747 10792 10791
f 10747 10748 10792
f 10748 10793 10792
f 10748 10749 10793
f 10749 10794 10793
f 10749 10750 10794
f 10750 10795 10794
f 10750 10751 10795
f 10751 10796 10795
f 10751 10752 10796
f 10752 10797 10796
f 10752 10753 10797
f 10753 10798 10797
f 10753 10754 10798
f 10754 10799 10798
f 10754 10755 10799
f 10755 10800 10799
f 10755 10756 10800
f 10756 10801 10800
f 10756 10757 10801
f 10757 10802 10801
f 10757 10758 10802
f 10758 10803 10802
f 10758 10759 10803
f 10759 10804 10803
f 10759 10760 10804
f 10760 10805 10804
f 10760 10761 10805
f 10761 10806 10805
f 10761 10762 10806
f 10762 10807 10806
f 10762 10763 10807
f 10763 10808 10807
f 10763 10764 10808
f 10764 10809 10808
f 10764 10765 10809
f 10765 10810 10809
f 10765 10766 10810
f 10766 10811 10810
f 10766 10767 10811
f 10767 10812 10811
f 10767 10768 10812
f 10768 10813 10812
f 10768 10769 10813
f 10769 10814 10813
f 10769 10770 10814
f 10770 10815 10814
f 10770 10771 10815
f 10771 10816 10815
f 10771 10772 10816
f 10772 10817 10816
f 10772 10773 10817
f 10773 10818 10817
f 10773 10774 10818
f 10774 10819 10818
f 10774 10775 10819
f 10775 10820 10819
f 10775 10776 10820
f 10776 10821 10820
f 10776 10777 10821
f 10777 10822 10821
f 10777 10778 10822
f 10778 10823 10822
f 10778 10779 10823
f 10779 10824 10823
f 10779 10780 10824
f 10780 10825 10824
f 10780 10781 10825
f 10781 10826 10825
f 10781 10782 10826
f 10782 10827 10826
f 10782 10783 10827
f 10783 10828 10827
f 10783 10784 10828
f 10784 10829 10828
f 10784 10785 10829
f 10785 10830 10829
f 10785 10786 10830
f 10786 10831 10830
f 10786 10787 10831
f 10787 10832 10831
f 10787 10788 10832
f 10788 10833 10832
f 10790 10791 10834
f 10791 10835 10834
f 10791 10792 10835
f 10792 10836 10835
f 10792 10793 10836
f 10793 10837 10836
f 10793 10794 10837
f 10794 10838 10837
f 10794 10795 10838
f 10795 10839 10838
f 10795 10796 10839
f 10796 10840 10839
f 10796 10797 10840
f 10797 10841 10840
f 10797 10798 10841
f 10798 10842 10841
f 10798 10799 10842
f 10799 10843 10842
f 10799 10800 10843
f 10800 10844 10843
f 10800 10801 10844
f 10801 10845 10844
f 10801 10802 10845
f 10802 10846 10845
f 10802 10803 10846
f 10803 10847 10846
f 10803 10804 10847
f 10804 10848 10847
f 10804 10805 10848
f 10805 10849 10848
f 10805 10806 10849
f 10806 10850 10849
f 10806 10807 10850
f 10807 10851 10850
f 10807 10808 10851
f 10808 10852 10851
f 10808 10809 10852
f 10809 10853 10852
f 10809 10810 10853
f 10810 10854 10853
f 10810 10811 10854
f 10811 10855 10854
f 10811 10812 10855
f 10812 10856 10855
f 10812 10813 10856
f 10813 10857 10856
f 10813 10814 10857
f 10814 10858 10857
f 10814 10815 10858
f 10815 10859 10858
f 10815 10816 10859
f 10816 10860 10859
f 10816 10817 10860
f 10817 10861 10860
f 10817 10818 10861
f 10818 10862 10861
f 10818 10819 10862
f 10819 10863 10862
f 10819 10820 10863
f 10820 10864 10863
f 10820 10821 10864
f 10821 10865 10864
f 10821 10822 10865
f 10822 10866 10865
f 10822 10823 10866
f 10823 10867 10866
f 10823 10824 10867
f 10824 10868 10867
f 10824 10825 10868
f 10825 10869 10868
f 10825 10826 10869
f 10826 10870 10869
f 10826 10827 10870
f 10827 10871 10870
f 10827 10828 10871
f 10828 10872 10871
f 10828 10829 10872
f 10829 10873 10872
f 10829 10830 10873
f 10830 10874 10873
f 10830 10831 10874
f 10831 10875 10874
f 10831 10832 10875
f 10832 10876 10875
f 10832 10833 10876
f 10833 10877 10876
f 10834 10880 10879
f 10834 10835 10880
f 10835 10881 10880
f 10835 10836 10881
f 10836 10882 10881
f 10836 10837 10882
f 10837 10883 10882
f 10837 10838 10883
f 10838 10884 10883
f 10838 10839 10884
f 10839 10885 10884
f 10839 10840 10885
f 10840 10886 10885
f 10840 10841 10886
f 10841 10887 10886
f 10841 10842 10887
f 10842 10888 10887
f 10842 10843 10888
f 10843 10889 10888
f 10843 10844 10889
f 10844 10890 10889
f 10844 10845 10890
f 10845 10891 10890
f 10845 10846 10891
f 10846 10892 10891
f 10846 10847 10892
f 10847 10893 10892
f 10847 10848 10893
f 10848 10894 10893
f 10848 10849 10894
f 10849 10895 10894
f 10849 10850 10895
f 10850 10896 10895
f 10850 10851 10896
f 10851 10897 10896
f 10851 10852 10897
f 10852 10898 10897
f 10852 10853 10898
f 10853 10899 10898
f 10853 10854 10899
f 10854 10900 10899
f 10854 10855 10900
f 10855 10901 10900
f 10855 10856 10901
f 10856 10902 10901
f 10856 10857 10902
f 10857 10903 10902
f 10857 10858 10903
f 10858 10904 10903
f 10858 10859 10904
f 10859 10905 10904
f 10859 10860 10905
f 10860 10906 10905
f 10860 10861 10906
f 10861 10907 10906
f 10861 10862 10907
f 10862 10908 10907
f 10862 10863 10908
f 10863 10909 10908
f 10863 10864 10909
f 10864 10910 10909
f 10864 10865 10910
f 10865 10911 10910
f 10865 10866 10911
f 10866 10912 10911
f 10866 10867 10912
f 10867 10913 10912
f 10867 10868 10913
f 10868 10914 10913
f 10868 10869 10914
f 10869 10915 10914
f 10869 10870 10915
f 10870 10916 10915
f 10870 10871 10916
f 10871 10917 10916
f 10871 10872 10917
f 10872 10918 10917
f 10872 10873 10918
f 10873 10919 10918
f 10873 10874 10919
f 10874 10920 10919
f 10874 10875 10920
f 10875 10921 10920
f 10875 10876 10921
f 10876 10922 10921
f 10876 10877 10922
f 10878 10879 10923
f 10879 10924 10923
f 10879 10880 10924
f 10880 10925 10924
f 10880 10881 10925
f 10881 10926 10925
f 10881 10882 10926
f 10882 10927 10926
f 10882 10883 10927
f 10883 10928 10927
f 10883 10884 10928
f 10884 10929 10928
f 10884 10885 10929
f 10885 10930 10929
f 10885 10886 10930
f 10886 10931 10930
f 10886 10887 10931
f 10887 10932 10931
f 10887 10888 10932
f 10888 10933 10932
f 10888 10889 10933
f 10889 10934 10933
f 10889 10890 10934
f 10890 10935 10934
f 10890 10891 10935
f 10891 10936 10935
f 10891 10892 10936
f 10892 10937 10936
f 10892 10893 10937
f 10893 10938 10937
f 10893 10894 10938
f 10894 10939 10938
f 10894 10895 10939
f 10895 10940 10939
f 10895 10896 10940
f 10896 10941 10940
f 10896 10897 10941
f 10897 10942 10941
f 10897 10898 10942
f 10898 10943 10942
f 10898 10899 10943
f 10899 10944 10943
f 10899 10900 10944
f 10900 10945 10944
f 10900 10901 10945
f 10901 10946 10945
f 10901 10902 10946
f 10902 10947 10946
f 10902 10903 10947
f 10903 10948 10947
f 10903 10904 10948
f 10904 10949 10948
f 10904 10905 10949
f 10905 10950 10949
f 10905 10906 10950
f 10906 10951 10950
f 10906 10907 10951
f 10907 10952 10951
f 10907 10908 10952
f 10908 10953 10952
f 10908 10909 10953
f 10909 10954 10953
f 10909 10910 10954
f 10910 10955 10954
f 10910 10911 10955
f 10911 10956 10955
f 10911 10912 10956
f 10912 10957 10956
f 10912 10913 10957
f 10913 10958 10957
f 10913 10914 10958
f 10914 10959 10958
f 10914 10915 10959
f 10915 10960 10959
f 10915 10916 10960
f 10916 10961 10960
f 10916 10917 10961
f 10917 10962 10961
f 10917 10918 10962
f 10918 10963 10962
f 10918 10919 10963
f 10919 10964 10963
f 10919 10920 10964
f 10920 10965 10964
f 10920 10921 10965
f 10921 10966 10965
f 10921 10922 10966
f 10922 10967 10966
f 10923 10924 10968
f 10924 10969 10968
f 10924 10925 10969
f 10925 10970 10969
f 10925 10926 10970
f 10926 10971 10970
f 10926 10927 10971
f 10927 10972 10971
f 10927 10928 10972
f 10928 10973 10972
f 10928 10929 10973
f 10929 10974 10973
f 10929 10930 10974
f 10930 10975 10974
f 10930 10931 10975
f 10931 10976 10975
f 10931 10932 10976
f 10932 10977 10976
f 10932 10933 10977
f 10933 10978 10977
f 10933 10934 10978
f 10934 10979 10978
f 10934 10935 10979
f 10935 10980 10979
f 10935 10936 10980
f 10936 10981 10980
f 10936 10937 10981
f 10937 10982 10981
f 10937 10938 10982
f 10938 10983 10982
f 10938 10939 10983
f 10939 10984 10983
f 10939 10940 10984
f 10940 10985 10984
f 10940 10941 10985
f 10941 10986 10985
f 10941 10942 10986
f 10942 10987 10986
f 10942 10943 10987
f 10943 10988 10987
f 10943 10944 10988
f 10944 10989 10988
f 10944 10945 10989
f 10945 10990 10989
f 10945 10946 10990
f 10946 10991 10990
f 10946 10947 10991
f 10947 10992 10991
f 10947 10948 10992
f 10948 10993 10992
f 10948 10949 10993
f 10949 10994 10993
f 10949 10950 10994
f 10950 10995 10994
f 10950 10951 10995
f 10951 10996 10995
f 10951 10952 10996
f 10952 10997 10996
f 10952 10953 10997
f 10953 10998 10997
f 10953 10954 10998
f 10954 10999 10998
f 10954 10955 10999
f 10955 11000 10999
f 10955 10956 11000
f 10956 11001 11000
f 10956 10957 11001
f 10957 11002 11001
f 10957 10958 11002
f 10958 11003 11002
f 10958 10959 11003
f 10959 11004 11003
f 10959 10960 11004
f 10960 11005 11004
f 10960 10961 11005
f 10961 11006 11005
f 10961 10962 11006
f 10962 11007 11006
f 10962 10963 11007
f 10963 11008 11007
f 10963 10964 11008
f 10964 11009 11008
f 10964 10965 11009
f 10965 11010 11009
f 10965 10966 11010
f 10966 11011 11010
f 10966 10967 11011
f 10968 10969 11012
f 10969 11013 11012
f 10969 10970 11013
f 10970 11014 11013
f 10970 10971 11014
f 10971 11015 11014
f 10971 10972 11015
f 10972 11016 11015
f 10972 10973 11016
f 10973 11017 11016
f 10973 10974 11017
f 10974 11018 11017
f 10974 10975 11018
f 10975 11019 11018
f 10975 10976 11019
f 10976 11020 11019
f 10976 10977 11020
f 10977 11021 11020
f 10977 10978 11021
f 10978 11022 11021
f 10978 10979 11022
f 10979 11023 11022
f 10979 10980 11023
f 10980 11024 11023
f 10980 10981 11024
f 10981 11025 11024
f 10981 10982 11025
f 10982 11026 11025
f 10982 10983 11026
f 10983 11027 11026
f 10983 10984 11027
f 10984 11028 11027
f 10984 10985 11028
f 10985 11029 11028
f 10985 10986 11029
f 10986 11030 11029
f 10986 10987 11030
f 10987 11031 11030
f 10987 10988 11031
f 10988 11032 11031
f 10988 10989 11032
f 10989 11033 11032
f 10989 10990 11033
f 10990 11034 11033
f 10990 10991 11034
f 10991 11035 11034
f 10991 10992 11035
f 10992 11036 11035
f 10992 10993 11036
f 10993 11037 11036
f 10993 10994 11037
f 10994 11038 11037
f 10994 10995 11038
f 10995 11039 11038
f 10995 10996 11039
f 10996 11040 11039
f 10996 10997 11040
f 10997 11041 11040
f 10997 10998 11041
f 10998 11042 11041
f 10998 10999 11042
f 10999 11043 11042
f 10999 11000 11043
f 11000 11044 11043
f 11000 11001 11044
f 11001 11045 11044
f 11001 11002 11045
f 11002 11046 11045
f 11002 11003 11046
f 11003 11047 11046
f 11003 11004 11047
f 11004 11048 11047
f 11004 11005 11048
f 11005 11049 11048
f 11005 11006 11049
f 11006 11050 11049
f 11006 11007 11050
f 11007 11051 11050
f 11007 11008 11051
f 11008 11052 11051
f 11008 11009 11052
f 11009 11053 11052
f 11009 11010 11053
f 11010 11054 11053
f 11010 11011 11054
f 11011 11055 11054
f 11012 11013 11057
f 11013 11058 11057
f 11013 11014 11058
f 11014 11059 11058
f 11014 11015 11059
f 11015 11060 11059
f 11015 11016 11060
f 11016 11061 11060
f 11016 11017 11061
f 11017 11062 11061
f 11017 11018 11062
f 11018 11063 11062
f 11018 11019 11063
f 11019 11064 11063
f 11019 11020 11064
f 11020 11065 11064
f 11020 11021 11065
f 11021 11066 11065
f 11021 11022 11066
f 11022 11067 11066
f 11022 11023 11067
f 11023 11068 11067
f 11023 11024 11068
f 11024 11069 11068
f 11024 11025 11069
f 11025 11070 11069
f 11025 11026 11070
f 11026 11071 11070
f 11026 11027 11071
f 11027 11072 11071
f 11027 11028 11072
f 11028 11073 11072
f 11028 11029 11073
f 11029 11074 11073
f 11029 11030 11074
f 11030 11075 11074
f 11030 11031 11075
f 11031 11076 11075
f 11031 11032 11076
f 11032 11077 11076
f 11032 11033 11077
f 11033 11078 11077
f 11033 11034 11078
f 11034 11079 11078
f 11034 11035 11079
f 11035 11080 11079
f 11035 11036 11080
f 11036 11081 11080
f 11036 11037 11081
f 11037 11082 11081
f 11037 11038 11082
f 11038 11083 11082
f 11038 11039 11083
f 11039 11084 11083
f 11039 11040 11084
f 11040 11085 11084
f 11040 11041 11085
f 11041 11086 11085
f 11041 11042 11086
f 11042 11087 11086
f 11042 11043 11087
f 11043 11088 11087
f 11043 11044 11088
f 11044 11089 11088
f 11044 11045 11089
f 11045 11090 11089
f 11045 11046 11090
f 11046 11091 11090
f 11046 11047 11091
f 11047 11092 11091
f 11047 11048 11092
f 11048 11093 11092
f 11048 11049 11093
f 11049 11094 11093
f 11049 11050 11094
f 11050 11095 11094
f 11050 11051 11095
f 11051 11096 11095
f 11051 11052 11096
f 11052 11097 11096
f 11052 11053 11097
f 11053 11098 11097
f 11053 11054 11098
f 11054 11099 11098
f 11054 11055 11099
f 11055 11100 11099
f 11055 11056 11100
f 11057 11058 11102
f 11058 11103 11102
f 11058 11059 11103
f 11059 11104 11103
f 11059 11060 11104
f 11060 11105 11104
f 11060 11061 11105
f 11061 11106 11105
f 11061 11062 11106
f 11062 11107 11106
f 11062 11063 11107
f 11063 11108 11107
f 11063 11064 11108
f 11064 11109 11108
f 11064 11065 11109
f 11065 11110 11109
f 11065 11066 11110
f 11066 11111 11110
f 11066 11067 11111
f 11067 11112 11111
f 11067 11068 11112
f 11068 11113 11112
f 11068 11069 11113
f 11069 11114 11113
f 11069 11070 11114
f 11070 11115 11114
f 11070 11071 11115
f 11071 11116 11115
f 11071 11072 11116
f 11072 11117 11116
f 11072 11073 11117
f 11073 11118 11117
f 11073 11074 11118
f 11074 11119 11118
f 11074 11075 11119
f 11075 11120 11119
f 11075 11076 11120
f 11076 11121 11120
f 11076 11077 11121
f 11077 11122 11121
f 11077 11078 11122
f 11078 11123 11122
f 11078 11079 11123
f 11079 11124 11123
f 11079 11080 11124
f 11080 11125 11124
f 11080 11081 11125
f 11081 11126 11125
f 11081 11082 11126
f 11082 11127 11126
f 11082 11083 11127
f 11083 11128 11127
f 11083 11084 11128
f 11084 11129 11128
f 11084 11085 11129
f 11085 11130 11129
f 11085 11086 11130
f 11086 11131 11130
f 11086 11087 11131
f 11087 11132 11131
f 11087 11088 11132
f 11088 11133 11132
f 11088 11089 11133
f 11089 11134 11133
f 11089 11090 11134
f 11090 11135 11134
f 11090 11091 11135
f 11091 11136 11135
f 11091 11092 11136
f 11092 11137 11136
f 11092 11093 11137
f 11093 11138 11137
f 11093 11094 11138
f 11094 11139 11138
f 11094 11095 11139
f 11095 11140 11139
f 11095 11096 11140
f 11096 11141 11140
f 11096 11097 11141
f 11097 11142 11141
f 11097 11098 11142
f 11098 11143 11142
f 11098 11099 11143
f 11099 11144 11143
f 11099 11100 11144
f 11100 11145 11144
f 11102 11147 11146
f 11102 11103 11147
f 11103 11148 11147
f 11103 11104 11148
f 11104 11149 11148
f 11104 11105 11149
f 11105 11150 11149
f 11105 11106 11150
f 11106 11151 11150
f 11106 11107 11151
f 11107 11152 11151
f 11107 11108 11152
f 11108 11153 11152
f 11108 11109 11153
f 11109 11154 11153
f 11109 11110 11154
f 11110 11155 11154
f 11110 11111 11155
f 11111 11156 11155
f 11111 11112 11156
f 11112 11157 11156
f 11112 11113 11157
f 11113 11158 11157
f 11113 11114 11158
f 11114 11159 11158
f 11114 11115 11159
f 11115 11160 11159
f 11115 11116 11160
f 11116 11161 11160
f 11116 11117 11161
f 11117 11162 11161
f 11117 11118 11162
f 11118 11163 11162
f 11118 11119 11163
f 11119 11164 11163
f 11119 11120 11164
f 11120 11165 11164
f 11120 11121 11165
f 11121 11166 11165
f 11121 11122 11166
f 11122 11167 11166
f 11122 11123 11167
f 11123 11168 11167
f 11123 11124 11168
f 11124 11169 11168
f 11124 11125 11169
f 11125 11170 11169
f 11125 11126 11170
f 11126 11171 11170
f 11126 11127 11171
f 11127 11172 11171
f 11127 11128 11172
f 11128 11173 11172
f 11128 11129 11173
f 11129 11174 11173
f 11129 11130 11174
f 11130 11175 11174
f 11130 11131 11175
f 11131 11176 11175
f 11131 11132 11176
f 11132 11177 11176
f 11132 11133 11177
f 11133 11178 11177
f 11133 11134 11178
f 11134 11179 11178
f 11134 11135 11179
f 11135 11180 11179
f 11135 11136 11180
f 11136 11181 11180
f 11136 11137 11181
f 11137 11182 11181
f 11137 11138 11182
f 11138 11183 11182
f 11138 11139 11183
f 11139 11184 11183
f 11139 11140 11184
f 11140 11185 11184
f 11140 11141 11185
f 11141 11186 11185
f 11141 11142 11186
f 11142 11187 11186
f 11142 11143 11187
f 11143 11188 11187
f 11143 11144 11188
f 11144 11189 11188
f 11144 11145 11189
f 11146 11147 11190
f 11147 11191 11190
f 11147 11148 11191
f 11148 11192 11191
f 11148 11149 11192
f 11149 11193 11192
f 11149 11150 11193
f 11150 11194 11193
f 11150 11151 11194
f 11151 11195 11194
f 11151 11152 11195
f 11152 11196 11195
f 11152 11153 11196
f 11153 11197 11196
f 11153 11154 11197
f 11154 11198 11197
f 11154 11155 11198
f 11155 11199 11198
f 11155 11156 11199
f 11156 11200 11199
f 11156 11157 11200
f 11157 11201 11200
f 11157 11158 11201
f 11158 11202 11201
f 11158 11159 11202
f 11159 11203 11202
f 11159 11160 11203
f 11160 11204 11203
f 11160 11161 11204
f 11161 11205 11204
f 11161 11162 11205
f 11162 11206 11205
f 11162 11163 11206
f 11163 11207 11206
f 11163 11164 11207
f 11164 11208 11207
f 11164 11165 11208
f 11165 11209 11208
f 11165 11166 11209
f 11166 11210 11209
f 11166 11167 11210
f 11167 11211 11210
f 11167 11168 11211
f 11168 11212 11211
f 11168 11169 11212
f 11169 11213 11212
f 11169 11170 11213
f 11170 11214 11213
f 11170 11171 11214
f 11171 11215 11214
f 11171 11172 11215
f 11172 11216 11215
f 11172 11173 11216
f 11173 11217 11216
f 11173 11174 11217
f 11174 11218 11217
f 11174 11175 11218
f 11175 11219 11218
f 11175 11176 11219
f 11176 11220 11219
f 11176 11177 11220
f 11177 11221 11220
f 11177 11178 11221
f 11178 11222 11221
f 11178 11179 11222
f 11179 11223 11222
f 11179 11180 11223
f 11180 11224 11223
f 11180 11181 11224
f 11181 11225 11224
f 11181 11182 11225
f 11182 11226 11225
f 11182 11183 11226
f 11183 11227 11226
f 11183 11184 11227
f 11184 11228 11227
f 11184 11185 11228
f 11185 11229 11228
f 11185 11186 11229
f 11186 11230 11229
f 11186 11187 11230
f 11187 11231 11230
f 11187 11188 11231
f 11188 11232 11231
f 11188 11189 11232
f 11189 11233 11232
f 11190 11235 11234
f 11190 11191 11235
f 11191 11236 11235
f 11191 11192 11236
f 11192 11237 11236
f 11192 11193 11237
f 11193 11238 11237
f 11193 11194 11238
f 11194 11239 11238
f 11194 11195 11239
f 11195 11240 11239
f 11195 11196 11240
f 11196 11241 11240
f 11196 11197 11241
f 11197 11242 11241
f 11197 11198 11242
f 11198 11243 11242
f 11198 11199 11243
f 11199 11244 11243
f 11199 11200 11244
f 11200 11245 11244
f 11200 11201 11245
f 11201 11246 11245
f 11201 11202 11246
f 11202 11247 11246
f 11202 11203 11247
f 11203 11248 11247
f 11203 11204 11248
f 11204 11249 11248
f 11204 11205 11249
f 11205 11250 11249
f 11205 11206 11250
f 11206 11251 11250
f 11206 11207 11251
f 11207 11252 11251
f 11207 11208 11252
f 11208 11253 11252
f 11208 11209 11253
f 11209 11254 11253
f 11209 11210 11254
f 11210 11255 11254
f 11210 11211 11255
f 11211 11256 11255
f 11211 11212 11256
f 11212 11257 11256
f 11212 11213 11257
f 11213 11258 11257
f 11213 11214 11258
f 11214 11259 11258
f 11214 11215 11259
f 11215 11260 11259
f 11215 11216 11260
f 11216 11261 11260
f 11216 11217 11261
f 11217 11262 11261
f 11217 11218 11262
f 11218 11263 11262
f 11218 11219 11263
f 11219 11264 11263
f 11219 11220 11264
f 11220 11265 11264
f 11220 11221 11265
f 11221 11266 11265
f 11221 11222 11266
f 11222 11267 11266
f 11222 11223 11267
f 11223 11268 11267
f 11223 11224 11268
f 11224 11269 11268
f 11224 11225 11269
f 11225 11270 11269
f 11225 11226 11270
f 11226 11271 11270
f 11226 11227 11271
f 11227 11272 11271
f 11227 11228 11272
f 11228 11273 11272
f 11228 11229 11273
f 11229 11274 11273
f 11229 11230 11274
f 11230 11275 11274
f 11230 11231 11275
f 11231 11276 11275
f 11231 11232 11276
f 11235 11236 11277
f 11236 11278 11277
f 11236 11237 11278
f 11237 11279 11278
f 11237 11238 11279
f 11238 11280 11279
f 11238 11239 11280
f 11239 11281 11280
f 11239 11240 11281
f 11240 11282 11281
f 11240 11241 11282
f 11241 11283 11282
f 11241 11242 11283
f 11242 11284 11283
f 11242 11243 11284
f 11243 11285 11284
f 11243 11244 11285
f 11244 11286 11285
f 11244 11245 11286
f 11245 11287 11286
f 11245 11246 11287
f 11246 11288 11287
f 11246 11247 11288
f 11247 11289 11288
f 11247 11248 11289
f 11248 11290 11289
f 11248 11249 11290
f 11249 11291 11290
f 11249 11250 11291
f 11250 11292 11291
f 11250 11251 11292
f 11251 11293 11292
f 11251 11252 11293
f 11252 11294 11293
f 11252 11253 11294
f 11253 11295 11294
f 11253 11254 11295
f 11254 11296 11295
f 11254 11255 11296
f 11255 11297 11296
f 11255 11256 11297
f 11256 11298 11297
f 11256 11257 11298
f 11257 11299 11298
f 11257 11258 11299
f 11258 11300 11299
f 11258 11259 11300
f 11259 11301 11300
f 11259 11260 11301
f 11260 11302 11301
f 11260 11261 11302
f 11261 11303 11302
f 11261 11262 11303
f 11262 11304 11303
f 11262 11263 11304
f 11263 11305 11304
f 11263 11264 11305
f 11264 11306 11305
f 11264 11265 11306
f 11265 11307 11306
f 11265 11266 11307
f 11266 11308 11307
f 11266 11267 11308
f 11267 11309 11308
f 11267 11268 11309
f 11268 11310 11309
f 11268 11269 11310
f 11269 11311 11310
f 11269 11270 11311
f 11270 11312 11311
f 11270 11271 11312
f 11271 11313 11312
f 11271 11272 11313
f 11272 11314 11313
f 11272 11273 11314
f 11273 11315 11314
f 11273 11274 11315
f 11274 11316 11315
f 11274 11275 11316
f 11275 11317 11316
f 11275 11276 11317
f 11277 11320 11319
f 11277 11278 11320
f 11278 11321 11320
f 11278 11279 11321
f 11279 11322 11321
f 11279 11280 11322
f 11280 11323 11322
f 11280 11281 11323
f 11281 11324 11323
f 11281 11282 11324
f 11282 11325 11324
f 11282 11283 11325
f 11283 11326 11325
f 11283 11284 11326
f 11284 11327 11326
f 11284 11285 11327
f 11285 11328 11327
f 11285 11286 11328
f 11286 11329 11328
f 11286 11287 11329
f 11287 11330 11329
f 11287 11288 11330
f 11288 11331 11330
f 11288 11289 11331
f 11289 11332 11331
f 11289 11290 11332
f 11290 11333 11332
f 11290 11291 11333
f 11291 11334 11333
f 11291 11292 11334
f 11292 11335 11334
f 11292 11293 11335
f 11293 11336 11335
f 11293 11294 11336
f 11294 11337 11336
f 11294 11295 11337
f 11295 11338 11337
f 11295 11296 11338
f 11296 11339 11338
f 11296 11297 11339
f 11297 11340 11339
f 11297 11298 11340
f 11298 11341 11340
f 11298 11299 11341
f 11299 11342 11341
f 11299 11300 11342
f 11300 11343 11342
f 11300 11301 11343
f 11301 11344 11343
f 11301 11302 11344
f 11302 11345 11344
f 11302 11303 11345
f 11303 11346 11345
f 11303 11304 11346
f 11304 11347 11346
f 11304 11305 11347
f 11305 11348 11347
f 11305 11306 11348
f 11306 11349 11348
f 11306 11307 11349
f 11307 11350 11349
f 11307 11308 11350
f 11308 11351 11350
f 11308 11309 11351
f 11309 11352 11351
f 11309 11310 11352
f 11310 11353 11352
f 11310 11311 11353
f 11311 11354 11353
f 11311 11312 11354
f 11312 11355 11354
f 11312 11313 11355
f 11313 11356 11355
f 11313 11314 11356
f 11314 11357 11356
f 11314 11315 11357
f 11315 11358 11357
f 11315 11316 11358
f 11316 11359 11358
f 11316 11317 11359
f 11317 11360 11359
f 11319 11320 11361
f 11320 11362 11361
f 11320 11321 11362
f 11321 11363 11362
f 11321 11322 11363
f 11322 11364 11363
f 11322 11323 11364
f 11323 11365 11364
f 11323 11324 11365
f 11324 11366 11365
f 11324 11325 11366
f 11325 11367 11366
f 11325 11326 11367
f 11326 11368 11367
f 11326 11327 11368
f 11327 11369 11368
f 11327 11328 11369
f 11328 11370 11369
f 11328 11329 11370
f 11329 11371 11370
f 11329 11330 11371
f 11330 11372 11371
f 11330 11331 11372
f 11331 11373 11372
f 11331 11332 11373
f 11332 11374 11373
f 11332 11333 11374
f 11333 11375 11374
f 11333 11334 11375
f 11334 11376 11375
f 11334 11335 11376
f 11335 11377 11376
f 11335 11336 11377
f 11336 11378 11377
f 11336 11337 11378
f 11337 11379 11378
f 11337 11338 11379
f 11338 11380 11379
f 11338 11339 11380
f 11339 11381 11380
f 11339 11340 11381
f 11340 11382 11381
f 11340 11341 11382
f 11341 11383 11382
f 11341 11342 11383
f 11342 11384 11383
f 11342 11343 11384
f 11343 11385 11384
f 11343 11344 11385
f 11344 11386 11385
f 11344 11345 11386
f 11345 11387 11386
f 11345 11346 11387
f 11346 11388 11387
f 11346 11347 11388
f 11347 11389 11388
f 11347 11348 11389
f 11348 11390 11389
f 11348 11349 11390
f 11349 11391 11390
f 11349 11350 11391
f 11350 11392 11391
f 11350 11351 11392
f 11351 11393 11392
f 11351 11352 11393
f 11352 11394 11393
f 11352 11353 11394
f 11353 11395 11394
f 11353 11354 11395
f 11354 11396 11395
f 11354 11355 11396
f 11355 11397 11396
f 11355 11356 11397
f 11356 11398 11397
f 11356 11357 11398
f 11357 11399 11398
f 11357 11358 11399
f 11358 11400 11399
f 11358 11359 11400
f 11359 11401 11400
f 11359 11360 11401
f 11360 11402 11401
f 11361 11404 11403
f 11361 11362 11404
f 11362 11405 11404
f 11362 11363 11405
f 11363 11406 11405
f 11363 11364 11406
f 11364 11407 11406
f 11364 11365 11407
f 11365 11408 11407
f 11365 11366 11408
f 11366 11409 11408
f 11366 11367 11409
f 11367 11410 11409
f 11367 11368 11410
f 11368 11411 11410
f 11368 11369 11411
f 11369 11412 11411
f 11369 11370 11412
f 11370 11413 11412
f 11370 11371 11413
f 11371 11414 11413
f 11371 11372 11414
f 11372 11415 11414
f 11372 11373 11415
f 11373 11416 11415
f 11373 11374 11416
f 11374 11417 11416
f 11374 11375 11417
f 11375 11418 11417
f 11375 11376 11418
f 11376 11419 11418
f 11376 11377 11419
f 11377 11420 11419
f 11377 11378 11420
f 11378 11421 11420
f 11378 11379 11421
f 11379 11422 11421
f 11379 11380 11422
f 11380 11423 11422
f 11380 11381 11423
f 11381 11424 11423
f 11381 11382 11424
f 11382 11425 11424
f 11382 11383 11425
f 11383 11426 11425
f 11383 11384 11426
f 11384 11427 11426
f 11384 11385 11427
f 11385 11428 11427
f 11385 11386 11428
f 11386 11429 11428
f 11386 11387 11429
f 11387 11430 11429
f 11387 11388 11430
f 11388 11431 11430
f 11388 11389 11431
f 11389 11432 11431
f 11389 11390 11432
f 11390 11433 11432
f 11390 11391 11433
f 11391 11434 11433
f 11391 11392 11434
f 11392 11435 11434
f 11392 11393 11435
f 11393 11436 11435
f 11393 11394 11436
f 11394 11437 11436
f 11394 11395 11437
f 11395 11438 11437
f 11395 11396 11438
f 11396 11439 11438
f 11396 11397 11439
f 11397 11440 11439
f 11397 11398 11440
f 11398 11441 11440
f 11398 11399 11441
f 11399 11442 11441
f 11399 11400 11442
f 11400 11443 11442
f 11400 11401 11443
f 11401 11444 11443
f 11401 11402 11444
f 11403 11404 11445
f 11404 11446 11445
f 11404 11405 11446
f 11405 11447 11446
f 11405 11406 11447
f 11406 11448 11447
f 11406 11407 11448
f 11407 11449 11448
f 11407 11408 11449
f 11408 11450 11449
f 11408 11409 11450
f 11409 11451 11450
f 11409 11410 11451
f 11410 11452 11451
f 11410 11411 11452
f 11411 11453 11452
f 11411 11412 11453
f 11412 11454 11453
f 11412 11413 11454
f 11413 11455 11454
f 11413 11414 11455
f 11414 11456 11455
f 11414 11415 11456
f 11415 11457 11456
f 11415 11416 11457
f 11416 11458 11457
f 11416 11417 11458
f 11417 11459 11458
f 11417 11418 11459
f 11418 11460 11459
f 11418 11419 11460
f 11419 11461 11460
f 11419 11420 11461
f 11420 11462 11461
f 11420 11421 11462
f 11421 11463 11462
f 11421 11422 11463
f 11422 11464 11463
f 11422 11423 11464
f 11423 11465 11464
f 11423 11424 11465
f 11424 11466 11465
f 11424 11425 11466
f 11425 11467 11466
f 11425 11426 11467
f 11426 11468 11467
f 11426 11427 11468
f 11427 11469 11468
f 11427 11428 11469
f 11428 11470 11469
f 11428 11429 11470
f 11429 11471 11470
f 11429 11430 11471
f 11430 11472 11471
f 11430 11431 11472
f 11431 11473 11472
f 11431 11432 11473
f 11432 11474 11473
f 11432 11433 11474
f 11433 11475 11474
f 11433 11434 11475
f 11434 11476 11475
f 11434 11435 11476
f 11435 11477 11476
f 11435 11436 11477
f 11436 11478 11477
f 11436 11437 11478
f 11437 11479 11478
f 11437 11438 11479
f 11438 11480 11479
f 11438 11439 11480
f 11439 11481 11480
f 11439 11440 11481
f 11441 11442 11482
f 11442 11483 11482
f 11442 11443 11483
f 11445 11446 11486
f 11446 11487 11486
f 11446 11447 11487
f 11447 11488 11487
f 11447 11448 11488
f 11448 11489 11488
f 11448 11449 11489
f 11449 11490 11489
f 11449 11450 11490
f 11450 11491 11490
f 11450 11451 11491
f 11451 11492 11491
f 11451 11452 11492
f 11452 11493 11492
f 11452 11453 11493
f 11453 11494 11493
f 11453 11454 11494
f 11454 11495 11494
f 11454 11455 11495
f 11455 11496 11495
f 11455 11456 11496
f 11456 11497 11496
f 11456 11457 11497
f 11457 11498 11497
f 11457 11458 11498
f 11458 11499 11498
f 11458 11459 11499
f 11459 11500 11499
f 11459 11460 11500
f 11460 11501 11500
f 11460 11461 11501
f 11461 11502 11501
f 11461 11462 11502
f 11462 11503 11502
f 11462 11463 11503
f 11463 11504 11503
f 11463 11464 11504
f 11464 11505 11504
f 11464 11465 11505
f 11465 11506 11505
f 11465 11466 11506
f 11466 11507 11506
f 11466 11467 11507
f 11467 11508 11507
f 11467 11468 11508
f 11468 11509 11508
f 11468 11469 11509
f 11469 11510 11509
f 11469 11470 11510
f 11470 11511 11510
f 11470 11471 11511
f 11471 11512 11511
f 11471 11472 11512
f 11472 11513 11512
f 11472 11473 11513
f 11473 11514 11513
f 11473 11474 11514
f 11474 11515 11514
f 11474 11475 11515
f 11475 11516 11515
f 11475 11476 11516
f 11476 11517 11516
f 11476 11477 11517
f 11477 11518 11517
f 11477 11478 11518
f 11478 11519 11518
f 11478 11479 11519
f 11480 11481 11520
f 11487 11488 11521
f 11488 11522 11521
f 11488 11489 11522
f 11489 11523 11522
f 11489 11490 11523
f 11490 11524 11523
f 11490 11491 11524
f 11491 11525 11524
f 11491 11492 11525
f 11492 11526 11525
f 11492 11493 11526
f 11493 11527 11526
f 11493 11494 11527
f 11494 11528 11527
f 11494 11495 11528
f 11495 11529 11528
f 11495 11496 11529
f 11496 11530 11529
f 11496 11497 11530
f 11497 11531 11530
f 11497 11498 11531
f 11498 11532 11531
f 11498 11499 11532
f 11499 11533 11532
f 11499 11500 11533
f 11500 11534 11533
f 11500 11501 11534
f 11501 11535 11534
f 11501 11502 11535
f 11502 11536 11535
f 11502 11503 11536
f 11503 11537 11536
f 11503 11504 11537
f 11504 11538 11537
f 11504 11505 11538
f 11505 11539 11538
f 11505 11506 11539
f 11506 11540 11539
f 11506 11507 11540
f 11507 11541 11540
f 11507 11508 11541
f 11508 11542 11541
f 11508 11509 11542
f 11509 11543 11542
f 11509 11510 11543
f 11510 11544 11543
f 11510 11511 11544
f 11511 11545 11544
f 11511 11512 11545
f 11512 11546 11545
f 11512 11513 11546
f 11513 11547 11546
f 11513 11514 11547
f 11514 11548 11547
f 11514 11515 11548
f 11515 11549 11548
f 11515 11516 11549
f 11516 11550 11549
f 11516 11517 11550
f 11517 11551 11550
f 11517 11518 11551
f 11518 11552 11551
f 11518 11519 11552
f 11520 11554 11553
f 11522 11523 11557
f 11523 11558 11557
f 11523 11524 11558
f 11524 11559 11558
f 11524 11525 11559
f 11525 11560 11559
f 11525 11526 11560
f 11526 11561 11560
f 11526 11527 11561
f 11527 11562 11561
f 11527 11528 11562
f 11528 11563 11562
f 11528 11529 11563
f 11529 11564 11563
f 11529 11530 11564
f 11530 11565 11564
f 11530 11531 11565
f 11531 11566 11565
f 11531 11532 11566
f 11532 11567 11566
f 11532 11533 11567
f 11533 11568 11567
f 11533 11534 11568
f 11534 11569 11568
f 11534 11535 11569
f 11535 11570 11569
f 11535 11536 11570
f 11536 11571 11570
f 11536 11537 11571
f 11537 11572 11571
f 11537 11538 11572
f 11538 11573 11572
f 11538 11539 11573
f 11539 11574 11573
f 11539 11540 11574
f 11540 11575 11574
f 11540 11541 11575
f 11541 11576 11575
f 11541 11542 11576
f 11542 11577 11576
f 11542 11543 11577
f 11543 11578 11577
f 11543 11544 11578
f 11544 11579 11578
f 11544 11545 11579
f 11545 11580 11579
f 11545 11546 11580
f 11546 11581 11580
f 11546 11547 11581
f 11547 11582 11581
f 11547 11548 11582
f 11548 11583 11582
f 11548 11549 11583
f 11549 11584 11583
f 11549 11550 11584
f 11550 11585 11584
f 11550 11551 11585
f 11551 11586 11585
f 11551 11552 11586
f 11553 11554 11587
f 11554 11588 11587
f 11554 11555 11588
f 11558 11559 11589
f 11559 11590 11589
f 11559 11560 11590
f 11562 11563 11591
f 11563 11592 11591
f 11563 11564 11592
f 11564 11593 11592
f 11564 11565 11593
f 11565 11594 11593
f 11565 11566 11594
f 11566 11595 11594
f 11566 11567 11595
f 11567 11596 11595
f 11567 11568 11596
f 11568 11597 11596
f 11568 11569 11597
f 11569 11598 11597
f 11569 11570 11598
f 11570 11599 11598
f 11570 11571 11599
f 11571 11600 11599
f 11571 11572 11600
f 11572 11601 11600
f 11572 11573 11601
f 11573 11602 11601
f 11573 11574 11602
f 11574 11603 11602
f 11574 11575 11603
f 11575 11604 11603
f 11575 11576 11604
f 11576 11605 11604
f 11576 11577 11605
f 11577 11606 11605
f 11577 11578 11606
f 11578 11607 11606
f 11578 11579 11607
f 11579 11608 11607
f 11579 11580 11608
f 11580 11609 11608
f 11580 11581 11609
f 11581 11610 11609
f 11581 11582 11610
f 11582 11611 11610
f 11582 11583 11611
f 11583 11612 11611
f 11583 11584 11612
f 11584 11613 11612
f 11584 11585 11613
f 11585 11614 11613
f 11585 11586 11614
f 11591 11592 11615
f 11592 11616 11615
f 11592 11593 11616
f 11593 11617 11616
f 11593 11594 11617
f 11594 11618 11617
f 11594 11595 11618
f 11595 11619 11618
f 11595 11596 11619
f 11596 11620 11619
f 11596 11597 11620
f 11597 11621 11620
f 11597 11598 11621
f 11598 11622 11621
f 11598 11599 11622
f 11599 11623 11622
f 11599 11600 11623
f 11600 11624 11623
f 11600 11601 11624
f 11601 11625 11624
f 11601 11602 11625
f 11602 11626 11625
f 11602 11603 11626
f 11603 11627 11626
f 11603 11604 11627
f 11604 11628 11627
f 11604 11605 11628
f 11605 11629 11628
f 11605 11606 11629
f 11606 11630 11629
f 11606 11607 11630
f 11607 11631 11630
f 11607 11608 11631
f 11608 11632 11631
f 11608 11609 11632
f 11609 11633 11632
f 11609 11610 11633
f 11610 11634 11633
f 11610 11611 11634
f 11611 11635 11634
f 11611 11612 11635
f 11612 11636 11635
f 11612 11613 11636
f 11615 11642 11641
f 11615 11616 11642
f 11616 11643 11642
f 11616 11617 11643
f 11617 11644 11643
f 11617 11618 11644
f 11618 11645 11644
f 11618 11619 11645
f 11622 11623 11646
f 11623 11647 11646
f 11623 11624 11647
f 11624 11648 11647
f 11624 11625 11648
f 11625 11649 11648
f 11625 11626 11649
f 11626 11650 11649
f 11626 11627 11650
f 11629 11630 11651
f 11630 11652 11651
f 11630 11631 11652
f 11631 11653 11652
f 11631 11632 11653
f 11632 11654 11653
f 11632 11633 11654
f 11633 11655 11654
f 11633 11634 11655
f 11634 11656 11655
f 11634 11635 11656
f 11637 11660 11659
f 11637 11638 11660
f 11638 11661 11660
f 11638 11639 11661
f 11639 11662 11661
f 11639 11640 11662
f 11640 11663 11662
f 11640 11641 11663
f 11641 11664 11663
f 11641 11642 11664
f 11642 11665 11664
f 11642 11643 11665
f 11643 11666 11665
f 11643 11644 11666
f 11644 11667 11666
f 11644 11645 11667
f 11645 11668 11667
f 11646 11672 11671
f 11646 11647 11672
f 11647 11673 11672
f 11647 11648 11673
f 11648 11674 11673
f 11648 11649 11674
f 11649 11675 11674
f 11649 11650 11675
f 11651 11677 11676
f 11651 11652 11677
f 11652 11678 11677
f 11652 11653 11678
f 11653 11679 11678
f 11653 11654 11679
f 11659 11660 11680
f 11660 11681 11680
f 11660 11661 11681
f 11661 11682 11681
f 11661 11662 11682
f 11662 11683 11682
f 11662 11663 11683
f 11663 11684 11683
f 11663 11664 11684
f 11664 11685 11684
f 11664 11665 11685
f 11665 11686 11685
f 11665 11666 11686
f 11666 11687 11686
f 11666 11667 11687
f 11667 11688 11687
f 11667 11668 11688
f 11668 11689 11688
f 11668 11669 11689
f 11669 11690 11689
f 11669 11670 11690
f 11670 11691 11690
f 11670 11671 11691
f 11671 11692 11691
f 11671 11672 11692
f 11672 11693 11692
f 11672 11673 11693
f 11673 11694 11693
f 11673 11674 11694
f 11674 11695 11694
f 11674 11675 11695
f 11675 11696 11695
f 11680 11681 11698
f 11681 11699 11698
f 11681 11682 11699
f 11682 11700 11699
f 11682 11683 11700
f 11683 11701 11700
f 11683 11684 11701
f 11684 11702 11701
f 11684 11685 11702
f 11685 11703 11702
f 11685 11686 11703
f 11686 11704 11703
f 11686 11687 11704
f 11687 11705 11704
f 11687 11688 11705
f 11688 11706 11705
f 11688 11689 11706
f 11689 11707 11706
f 11689 11690 11707
f 11690 11708 11707
f 11690 11691 11708
f 11691 11709 11708
f 11691 11692 11709
f 11692 11710 11709
f 11692 11693 11710
f 11693 11711 11710
f 11693 11694 11711
f 11694 11712 11711
f 11694 11695 11712
f 11695 11713 11712
f 11695 11696 11713
f 11696 11714 11713
f 11696 11697 11714
f 11697 11715 11714
f 11698 11720 11719
f 11698 11699 11720
f 11699 11721 11720
f 11699 11700 11721
f 11700 11722 11721
f 11700 11701 11722
f 11701 11723 11722
f 11701 11702 11723
f 11702 11724 11723
f 11702 11703 11724
f 11703 11725 11724
f 11703 11704 11725
f 11704 11726 11725
f 11704 11705 11726
f 11705 11727 11726
f 11705 11706 11727
f 11706 11728 11727
f 11706 11707 11728
f 11707 11729 11728
f 11707 11708 11729
f 11708 11730 11729
f 11708 11709 11730
f 11709 11731 11730
f 11709 11710 11731
f 11710 11732 11731
f 11710 11711 11732
f 11711 11733 11732
f 11711 11712 11733
f 11712 11734 11733
f 11712 11713 11734
f 11713 11735 11734
f 11713 11714 11735
f 11714 11736 11735
f 11714 11715 11736
f 11715 11737 11736
f 11715 11716 11737
f 11716 11738 11737
f 11716 11717 11738
f 11717 11739 11738
f 11717 11718 11739
f 11718 11740 11739
f 11719 11743 11742
f 11719 11720 11743
f 11720 11744 11743
f 11720 11721 11744
f 11721 11745 11744
f 11721 11722 11745
f 11722 11746 11745
f 11722 11723 11746
f 11723 11747 11746
f 11723 11724 11747
f 11724 11748 11747
f 11724 11725 11748
f 11725 11749 11748
f 11725 11726 11749
f 11726 11750 11749
f 11726 11727 11750
f 11727 11751 11750
f 11727 11728 11751
f 11728 11752 11751
f 11728 11729 11752
f 11729 11753 11752
f 11729 11730 11753
f 11730 11754 11753
f 11730 11731 11754
f 11731 11755 11754
f 11731 11732 11755
f 11732 11756 11755
f 11732 11733 11756
f 11733 11757 11756
f 11733 11734 11757
f 11734 11758 11757
f 11734 11735 11758
f 11735 11759 11758
f 11735 11736 11759
f 11736 11760 11759
f 11736 11737 11760
f 11737 11761 11760
f 11737 11738 11761
f 11739 11740 11762
f 11742 11743 11763
f 11743 11764 11763
f 11743 11744 11764
f 11744 11765 11764
f 11744 11745 11765
f 11745 11766 11765
f 11745 11746 11766
f 11746 11767 11766
f 11746 11747 11767
f 11747 11768 11767
f 11747 11748 11768
f 11748 11769 11768
f 11748 11749 11769
f 11749 11770 11769
f 11749 11750 11770
f 11750 11771 11770
f 11750 11751 11771
f 11751 11772 11771
f 11751 11752 11772
f 11752 11773 11772
f 11752 11753 11773
f 11753 11774 11773
f 11753 11754 11774
f 11754 11775 11774
f 11754 11755 11775
f 11755 11776 11775
f 11755 11756 11776
f 11756 11777 11776
f 11756 11757 11777
f 11757 11778 11777
f 11757 11758 11778
f 11758 11779 11778
f 11758 11759 11779
f 11759 11780 11779
f 11759 11760 11780
f 11760 11781 11780
f 11760 11761 11781
f 11761 11782 11781
f 11763 11786 11785
f 11763 11764 11786
f 11764 11787 11786
f 11764 11765 11787
f 11765 11788 11787
f 11765 11766 11788
f 11766 11789 11788
f 11766 11767 11789
f 11767 11790 11789
f 11767 11768 11790
f 11768 11791 11790
f 11768 11769 11791
f 11769 11792 11791
f 11769 11770 11792
f 11770 11793 11792
f 11770 11771 11793
f 11771 11794 11793
f 11771 11772 11794
f 11772 11795 11794
f 11772 11773 11795
f 11773 11796 11795
f 11773 11774 11796
f 11774 11797 11796
f 11774 11775 11797
f 11775 11798 11797
f 11775 11776 11798
f 11776 11799 11798
f 11776 11777 11799
f 11777 11800 11799
f 11777 11778 11800
f 11778 11801 11800
f 11778 11779 11801
f 11779 11802 11801
f 11779 11780 11802
f 11780 11803 11802
f 11780 11781 11803
f 11781 11804 11803
f 11781 11782 11804
f 11782 11805 11804
f 11782 11783 11805
f 11783 11806 11805
f 11784 11785 11807
f 11785 11808 11807
f 11785 11786 11808
f 11786 11809 11808
f 11786 11787 11809
f 11787 11810 11809
f 11787 11788 11810
f 11788 11811 11810
f 11788 11789 11811
f 11789 11812 11811
f 11789 11790 11812
f 11790 11813 11812
f 11790 11791 11813
f 11791 11814 11813
f 11791 11792 11814
f 11792 11815 11814
f 11792 11793 11815
f 11793 11816 11815
f 11793 11794 11816
f 11794 11817 11816
f 11794 11795 11817
f 11795 11818 11817
f 11795 11796 11818
f 11796 11819 11818
f 11796 11797 11819
f 11797 11820 11819
f 11797 11798 11820
f 11798 11821 11820
f 11798 11799 11821
f 11799 11822 11821
f 11799 11800 11822
f 11800 11823 11822
f 11800 11801 11823
f 11801 11824 11823
f 11801 11802 11824
f 11802 11825 11824
f 11802 11803 11825
f 11803 11826 11825
f 11803 11804 11826
f 11804 11827 11826
f 11804 11805 11827
f 11805 11828 11827
f 11805 11806 11828
f 11806 11829 11828
f 11807 11832 11831
f 11807 11808 11832
f 11808 11833 11832
f 11808 11809 11833
f 11809 11834 11833
f 11809 11810 11834
f 11810 11835 11834
f 11810 11811 11835
f 11811 11836 11835
f 11811 11812 11836
f 11812 11837 11836
f 11812 11813 11837
f 11813 11838 11837
f 11813 11814 11838
f 11814 11839 11838
f 11814 11815 11839
f 11815 11840 11839
f 11815 11816 11840
f 11816 11841 11840
f 11816 11817 11841
f 11817 11842 11841
f 11817 11818 11842
f 11818 11843 11842
f 11818 11819 11843
f 11819 11844 11843
f 11819 11820 11844
f 11820 11845 11844
f 11820 11821 11845
f 11821 11846 11845
f 11821 11822 11846
f 11822 11847 11846
f 11822 11823 11847
f 11823 11848 11847
f 11823 11824 11848
f 11824 11849 11848
f 11824 11825 11849
f 11825 11850 11849
f 11825 11826 11850
f 11826 11851 11850
f 11826 11827 11851
f 11830 11831 11852
f 11831 11853 11852
f 11831 11832 11853
f 11832 11854 11853
f 11832 11833 11854
f 11833 11855 11854
f 11833 11834 11855
f 11834 11856 11855
f 11834 11835 11856
f 11835 11857 11856
f 11835 11836 11857
f 11836 11858 11857
f 11836 11837 11858
f 11837 11859 11858
f 11837 11838 11859
f 11838 11860 11859
f 11838 11839 11860
f 11839 11861 11860
f 11839 11840 11861
f 11840 11862 11861
f 11840 11841 11862
f 11841 11863 11862
f 11841 11842 11863
f 11842 11864 11863
f 11842 11843 11864
f 11843 11865 11864
f 11843 11844 11865
f 11844 11866 11865
f 11844 11845 11866
f 11845 11867 11866
f 11845 11846 11867
f 11846 11868 11867
f 11846 11847 11868
f 11847 11869 11868
f 11847 11848 11869
f 11848 11870 11869
f 11848 11849 11870
f 11849 11871 11870
f 11849 11850 11871
f 11850 11872 11871
f 11850 11851 11872
f 11851 11873 11872
f 11852 11875 11874
f 11852 11853 11875
f 11853 11876 11875
f 11853 11854 11876
f 11854 11877 11876
f 11854 11855 11877
f 11855 11878 11877
f 11855 11856 11878
f 11856 11879 11878
f 11856 11857 11879
f 11857 11880 11879
f 11857 11858 11880
f 11858 11881 11880
f 11858 11859 11881
f 11859 11882 11881
f 11859 11860 11882
f 11860 11883 11882
f 11860 11861 11883
f 11861 11884 11883
f 11861 11862 11884
f 11862 11885 11884
f 11862 11863 11885
f 11863 11886 11885
f 11863 11864 11886
f 11864 11887 11886
f 11864 11865 11887
f 11865 11888 11887
f 11865 11866 11888
f 11866 11889 11888
f 11866 11867 11889
f 11867 11890 11889
f 11867 11868 11890
f 11868 11891 11890
f 11868 11869 11891
f 11869 11892 11891
f 11869 11870 11892
f 11870 11893 11892
f 11870 11871 11893
f 11871 11894 11893
f 11871 11872 11894
f 11872 11895 11894
f 11872 11873 11895
f 11874 11875 11896
f 11875 11897 11896
f 11875 11876 11897
f 11876 11898 11897
f 11876 11877 11898
f 11877 11899 11898
f 11877 11878 11899
f 11878 11900 11899
f 11878 11879 11900
f 11879 11901 11900
f 11879 11880 11901
f 11880 11902 11901
f 11880 11881 11902
f 11881 11903 11902
f 11881 11882 11903
f 11882 11904 11903
f 11882 11883 11904
f 11883 11905 11904
f 11883 11884 11905
f 11884 11906 11905
f 11884 11885 11906
f 11885 11907 11906
f 11885 11886 11907
f 11886 11908 11907
f 11886 11887 11908
f 11887 11909 11908
f 11887 11888 11909
f 11888 11910 11909
f 11888 11889 11910
f 11889 11911 11910
f 11889 11890 11911
f 11890 11912 11911
f 11890 11891 11912
f 11891 11913 11912
f 11891 11892 11913
f 11892 11914 11913
f 11892 11893 11914
f 11893 11915 11914
f 11893 11894 11915
f 11894 11916 11915
f 11894 11895 11916
f 11895 11917 11916
f 11896 11920 11919
f 11896 11897 11920
f 11897 11921 11920
f 11897 11898 11921
f 11898 11922 11921
f 11898 11899 11922
f 11899 11923 11922
f 11899 11900 11923
f 11900 11924 11923
f 11900 11901 11924
f 11901 11925 11924
f 11901 11902 11925
f 11902 11926 11925
f 11902 11903 11926
f 11903 11927 11926
f 11903 11904 11927
f 11904 11928 11927
f 11904 11905 11928
f 11905 11929 11928
f 11905 11906 11929
f 11906 11930 11929
f 11906 11907 11930
f 11907 11931 11930
f 11907 11908 11931
f 11908 11932 11931
f 11908 11909 11932
f 11909 11933 11932
f 11909 11910 11933
f 11910 11934 11933
f 11910 11911 11934
f 11911 11935 11934
f 11911 11912 11935
f 11912 11936 11935
f 11912 11913 11936
f 11913 11937 11936
f 11913 11914 11937
f 11914 11938 11937
f 11914 11915 11938
f 11916 11917 11939
f 11918 11919 11940
f 11919 11941 11940
f 11919 11920 11941
f 11920 11942 11941
f 11920 11921 11942
f 11921 11943 11942
f 11921 11922 11943
f 11922 11944 11943
f 11922 11923 11944
f 11923 11945 11944
f 11923 11924 11945
f 11924 11946 11945
f 11924 11925 11946
f 11925 11947 11946
f 11925 11926 11947
f 11926 11948 11947
f 11926 11927 11948
f 11927 11949 11948
f 11927 11928 11949
f 11928 11950 11949
f 11928 11929 11950
f 11929 11951 11950
f 11929 11930 11951
f 11930 11952 11951
f 11930 11931 11952
f 11931 11953 11952
f 11931 11932 11953
f 11932 11954 11953
f 11932 11933 11954
f 11933 11955 11954
f 11933 11934 11955
f 11934 11956 11955
f 11934 11935 11956
f 11935 11957 11956
f 11935 11936 11957
f 11936 11958 11957
f 11936 11937 11958
f 11937 11959 11958
f 11937 11938 11959
f 11938 11960 11959
f 11940 11963 11962
f 11940 11941 11963
f 11941 11964 11963
f 11941 11942 11964
f 11942 11965 11964
f 11942 11943 11965
f 11943 11966 11965
f 11943 11944 11966
f 11944 11967 11966
f 11944 11945 11967
f 11945 11968 11967
f 11945 11946 11968
f 11946 11969 11968
f 11946 11947 11969
f 11947 11970 11969
f 11947 11948 11970
f 11948 11971 11970
f 11948 11949 11971
f 11949 11972 11971
f 11949 11950 11972
f 11950 11973 11972
f 11950 11951 11973
f 11951 11974 11973
f 11951 11952 11974
f 11952 11975 11974
f 11952 11953 11975
f 11953 11976 11975
f 11953 11954 11976
f 11954 11977 11976
f 11954 11955 11977
f 11955 11978 11977
f 11955 11956 11978
f 11961 11962 11979
f 11962 11980 11979
f 11962 11963 11980
f 11963 11981 11980
f 11963 11964 11981
f 11964 11982 11981
f 11964 11965 11982
f 11965 11983 11982
f 11965 11966 11983
f 11966 11984 11983
f 11966 11967 11984
f 11967 11985 11984
f 11967 11968 11985
f 11968 11986 11985
f 11968 11969 11986
f 11969 11987 11986
f 11969 11970 11987
f 11970 11988 11987
f 11970 11971 11988
f 11971 11989 11988
f 11971 11972 11989
f 11972 11990 11989
f 11972 11973 11990
f 11973 11991 11990
f 11973 11974 11991
f 11974 11992 11991
f 11974 11975 11992
f 11975 11993 11992
f 11975 11976 11993
f 11976 11994 11993
f 11976 11977 11994
f 11977 11995 11994
f 11977 11978 11995
f 11978 11996 11995
f 11979 11999 11998
f 11979 11980 11999
f 11980 12000 11999
f 11980 11981 12000
f 11981 12001 12000
f 11981 11982 12001
f 11982 12002 12001
f 11982 11983 12002
f 11983 12003 12002
f 11983 11984 12003
f 11984 12004 12003
f 11984 11985 12004
f 11985 12005 12004
f 11985 11986 12005
f 11986 12006 12005
f 11986 11987 12006
f 11987 12007 12006
f 11987 11988 12007
f 11988 12008 12007
f 11988 11989 12008
f 11989 12009 12008
f 11989 11990 12009
f 11990 12010 12009
f 11990 11991 12010
f 11991 12011 12010
f 11991 11992 12011
f 11992 12012 12011
f 11992 11993 12012
f 11993 12013 12012
f 11993 11994 12013
f 11994 12014 12013
f 11994 11995 12014
f 11995 12015 12014
f 11995 11996 12015
f 11997 12017 12016
f 11997 11998 12017
f 11998 12018 12017
f 11998 11999 12018
f 11999 12019 12018
f 11999 12000 12019
f 12000 12020 12019
f 12000 12001 12020
f 12001 12021 12020
f 12001 12002 12021
f 12002 12022 12021
f 12002 12003 12022
f 12003 12023 12022
f 12003 12004 12023
f 12004 12024 12023
f 12004 12005 12024
f 12005 12025 12024
f 12005 12006 12025
f 12006 12026 12025
f 12006 12007 12026
f 12007 12027 12026
f 12007 12008 12027
f 12008 12028 12027
f 12008 12009 12028
f 12009 12029 12028
f 12009 12010 12029
f 12010 12030 12029
f 12010 12011 12030
f 12011 12031 12030
f 12011 12012 12031
f 12012 12032 12031
f 12012 12013 12032
f 12013 12033 12032
f 12013 12014 12033
f 12014 12034 12033
f 12014 12015 12034
f 12016 12036 12035
f 12016 12017 12036
f 12017 12037 12036
f 12017 12018 12037
f 12018 12038 12037
f 12018 12019 12038
f 12019 12039 12038
f 12019 12020 12039
f 12020 12040 12039
f 12020 12021 12040
f 12021 12041 12040
f 12021 12022 12041
f 12022 12042 12041
f 12022 12023 12042
f 12023 12043 12042
f 12023 12024 12043
f 12024 12044 12043
f 12024 12025 12044
f 12025 12045 12044
f 12025 12026 12045
f 12026 12046 12045
f 12026 12027 12046
f 12027 12047 12046
f 12027 12028 12047
f 12028 12048 12047
f 12028 12029 12048
f 12029 12049 12048
f 12029 12030 12049
f 12030 12050 12049
f 12030 12031 12050
f 12031 12051 12050
f 12031 12032 12051
f 12035 12055 12054
f 12035 12036 12055
f 12036 12056 12055
f 12036 12037 12056
f 12037 12057 12056
f 12037 12038 12057
f 12038 12058 12057
f 12038 12039 12058
f 12039 12059 12058
f 12039 12040 12059
f 12040 12060 12059
f 12040 12041 12060
f 12041 12061 12060
f 12041 12042 12061
f 12042 12062 12061
f 12042 12043 12062
f 12043 12063 12062
f 12043 12044 12063
f 12044 12064 12063
f 12044 12045 12064
f 12045 12065 12064
f 12045 12046 12065
f 12046 12066 12065
f 12046 12047 12066
f 12047 12067 12066
f 12047 12048 12067
f 12049 12050 12068
f 12050 12069 12068
f 12050 12051 12069
f 12051 12070 12069
f 12052 12074 12073
f 12052 12053 12074
f 12053 12075 12074
f 12054 12077 12076
f 12054 12055 12077
f 12055 12078 12077
f 12055 12056 12078
f 12056 12079 12078
f 12056 12057 12079
f 12057 12080 12079
f 12057 12058 12080
f 12058 12081 12080
f 12058 12059 12081
f 12059 12082 12081
f 12059 12060 12082
f 12060 12083 12082
f 12060 12061 12083
f 12061 12084 12083
f 12061 12062 12084
f 12062 12085 12084
f 12062 12063 12085
f 12063 12086 12085
f 12063 12064 12086
f 12064 12087 12086
f 12064 12065 12087
f 12065 12088 12087
f 12065 12066 12088
f 12066 12089 12088
f 12066 12067 12089
f 12071 12072 12090
f 12072 12091 12090
f 12072 12073 12091
f 12073 12092 12091
f 12073 12074 12092
f 12074 12093 12092
f 12074 12075 12093
f 12076 12096 12095
f 12076 12077 12096
f 12077 12097 12096
f 12077 12078 12097
f 12078 12098 12097
f 12078 12079 12098
f 12079 12099 12098
f 12079 12080 12099
f 12080 12100 12099
f 12080 12081 12100
f 12081 12101 12100
f 12081 12082 12101
f 12082 12102 12101
f 12082 12083 12102
f 12083 12103 12102
f 12083 12084 12103
f 12084 12104 12103
f 12084 12085 12104
f 12085 12105 12104
f 12085 12086 12105
f 12086 12106 12105
f 12086 12087 12106
f 12087 12107 12106
f 12087 12088 12107
f 12088 12108 12107
f 12088 12089 12108
f 12094 12111 12110
f 12094 12095 12111
f 12095 12112 12111
f 12095 12096 12112
f 12096 12113 12112
f 12096 12097 12113
f 12097 12114 12113
f 12097 12098 12114
f 12098 12115 12114
f 12098 12099 12115
f 12099 12116 12115
f 12099 12100 12116
f 12100 12117 12116
f 12100 12101 12117
f 12101 12118 12117
f 12101 12102 12118
f 12102 12119 12118
f 12102 12103 12119
f 12103 12120 12119
f 12103 12104 12120
f 12104 12121 12120
f 12104 12105 12121
f 12105 12122 12121
f 12105 12106 12122
f 12109 12110 12123
f 12110 12124 12123
f 12110 12111 12124
f 12111 12125 12124
f 12111 12112 12125
f 12112 12126 12125
f 12112 12113 12126
f 12113 12127 12126
f 12113 12114 12127
f 12114 12128 12127
f 12114 12115 12128
f 12115 12129 12128
f 12115 12116 12129
f 12116 12130 12129
f 12116 12117 12130
f 12117 12131 12130
f 12117 12118 12131
f 12118 12132 12131
f 12118 12119 12132
f 12119 12133 12132
f 12119 12120 12133
f 12120 12134 12133
f 12120 12121 12134
f 12123 12136 12135
f 12123 12124 12136
f 12124 12137 12136
f 12124 12125 12137
f 12125 12138 12137
f 12125 12126 12138
f 12126 12139 12138
f 12126 12127 12139
f 12127 12140 12139
f 12127 12128 12140
f 12128 12141 12140
f 12128 12129 12141
f 12129 12142 12141
f 12129 12130 12142
f 12130 12143 12142
f 12130 12131 12143
f 12131 12144 12143
f 12131 12132 12144
f 12137 12138 12145
f 12138 12146 12145
f 12138 12139 12146
f 12139 12147 12146
f 12139 12140 12147
